Time,NetEnergy,DiffEnergy
1.7856e-05,0.0662636,0.0662636
0.00025,0.166434,0.10017
0.000267856,0.232697,0.0662636
0.0005,0.332868,0.10017
0.000517856,0.399131,0.0662636
0.00075,0.499301,0.10017
0.000767856,0.565565,0.0662636
0.001,0.665735,0.10017
0.00101786,0.731999,0.0662636
0.00125,0.832169,0.10017
0.00126786,0.898432,0.0662636
0.0015,0.998603,0.10017
0.00151786,1.06487,0.0662636
0.00175,1.16504,0.10017
0.00176786,1.2313,0.0662636
0.002,1.33147,0.10017
0.00201786,1.39773,0.0662636
0.00225,1.4979,0.10017
0.00226786,1.56417,0.0662636
0.0025,1.66434,0.10017
0.00251786,1.7306,0.0662636
0.00275,1.83077,0.10017
0.00276786,1.89703,0.0662636
0.003,1.99721,0.10017
0.00301786,2.06347,0.0662636
0.00325,2.16364,0.10017
0.00326786,2.2299,0.0662636
0.0035,2.33007,0.10017
0.00351786,2.39634,0.0662636
0.00375,2.49651,0.10017
0.00376786,2.56277,0.0662636
0.004,2.66294,0.10017
0.00401786,2.7292,0.0662636
0.00425,2.82937,0.10017
0.00426786,2.89564,0.0662636
0.0045,2.99581,0.10017
0.00451786,3.06207,0.0662636
0.00475,3.16224,0.10017
0.00476786,3.2285,0.0662636
0.005,3.32868,0.10017
0.00501786,3.39494,0.0662636
0.00525,3.49511,0.10017
0.00526786,3.56137,0.0662636
0.0055,3.66154,0.10017
0.00551786,3.72781,0.0662636
0.00575,3.82798,0.10017
0.00576786,3.89424,0.0662636
0.006,3.99441,0.10017
0.00601786,4.06067,0.0662636
0.00625,4.16084,0.10017
0.00626786,4.22711,0.0662636
0.0065,4.32728,0.10017
0.00651786,4.39354,0.0662636
0.00675,4.49371,0.10017
0.00676786,4.55997,0.0662636
0.007,4.66015,0.10017
0.00701786,4.72641,0.0662636
0.00725,4.82658,0.10017
0.00726786,4.89284,0.0662636
0.0075,4.99301,0.10017
0.00751786,5.05928,0.0662636
0.00775,5.15945,0.10017
0.00776786,5.22571,0.0662636
0.008,5.32588,0.10017
0.00801786,5.39214,0.0662636
0.00825,5.49231,0.10017
0.00826786,5.55858,0.0662636
0.0085,5.65875,0.10017
0.00851786,5.72501,0.0662636
0.00875,5.82518,0.10017
0.00876786,5.89144,0.0662636
0.009,5.99162,0.10017
0.00901786,6.05788,0.0662636
0.00925,6.15805,0.10017
0.00926786,6.22431,0.0662636
0.0095,6.32448,0.10017
0.00951786,6.39075,0.0662636
0.00975,6.49092,0.10017
0.00976786,6.55718,0.0662636
0.01,6.65735,0.10017
0.0100179,6.72361,0.0662636
0.01025,6.82378,0.10017
0.0102679,6.89005,0.0662636
0.0105,6.99022,0.10017
0.0105179,7.05648,0.0662636
0.01075,7.15665,0.10017
0.0107679,7.22291,0.0662636
0.011,7.32309,0.10017
0.0110179,7.38935,0.0662636
0.01125,7.48952,0.10017
0.0112679,7.55578,0.0662636
0.0115,7.65595,0.10017
0.0115179,7.72222,0.0662636
0.01175,7.82239,0.10017
0.0117679,7.88865,0.0662636
0.012,7.98882,0.10017
0.0120179,8.05508,0.0662636
0.01225,8.15525,0.10017
0.0122679,8.22152,0.0662636
0.0125,8.32169,0.10017
0.0125179,8.38795,0.0662636
0.01275,8.48812,0.10017
0.0127679,8.55438,0.0662636
0.013,8.65456,0.10017
0.0130179,8.72082,0.0662636
0.01325,8.82099,0.10017
0.0132679,8.88725,0.0662636
0.0135,8.98742,0.10017
0.0135179,9.05369,0.0662636
0.01375,9.15386,0.10017
0.0137679,9.22012,0.0662636
0.014,9.32029,0.10017
0.0140179,9.38655,0.0662636
0.01425,9.48672,0.10017
0.0142679,9.55299,0.0662636
0.0145,9.65316,0.10017
0.0145179,9.71942,0.0662636
0.01475,9.81959,0.10017
0.0147679,9.88585,0.0662636
0.015,9.98603,0.10017
0.0150179,10.0523,0.0662636
0.01525,10.1525,0.10017
0.0152679,10.2187,0.0662636
0.0155,10.3189,0.10017
0.0155179,10.3852,0.0662636
0.01575,10.4853,0.10017
0.0157679,10.5516,0.0662636
0.016,10.6518,0.10017
0.0160179,10.718,0.0662636
0.01625,10.8182,0.10017
0.0162679,10.8845,0.0662636
0.0165,10.9846,0.10017
0.0165179,11.0509,0.0662636
0.01675,11.1511,0.10017
0.0167679,11.2173,0.0662636
0.017,11.3175,0.10017
0.0170179,11.3838,0.0662636
0.01725,11.4839,0.10017
0.0172679,11.5502,0.0662636
0.0175,11.6504,0.10017
0.0175179,11.7166,0.0662636
0.01775,11.8168,0.10017
0.0177679,11.8831,0.0662636
0.018,11.9832,0.10017
0.0180179,12.0495,0.0662636
0.01825,12.1497,0.10017
0.0182679,12.2159,0.0662636
0.0185,12.3161,0.10017
0.0185179,12.3824,0.0662636
0.01875,12.4825,0.10017
0.0187679,12.5488,0.0662636
0.019,12.649,0.10017
0.0190179,12.7152,0.0662636
0.01925,12.8154,0.10017
0.0192679,12.8817,0.0662636
0.0195,12.9818,0.10017
0.0195179,13.0481,0.0662636
0.01975,13.1483,0.10017
0.0197679,13.2145,0.0662636
0.02,13.3147,0.10017
0.0200179,13.381,0.0662636
0.02025,13.4811,0.10017
0.0202679,13.5474,0.0662636
0.0205,13.6476,0.10017
0.0205179,13.7138,0.0662636
0.02075,13.814,0.10017
0.0207679,13.8803,0.0662636
0.021,13.9804,0.10017
0.0210179,14.0467,0.0662636
0.02125,14.1469,0.10017
0.0212679,14.2131,0.0662636
0.0215,14.3133,0.10017
0.0215179,14.3796,0.0662636
0.02175,14.4797,0.10017
0.0217679,14.546,0.0662636
0.022,14.6462,0.10017
0.0220179,14.7124,0.0662636
0.02225,14.8126,0.10017
0.0222679,14.8789,0.0662636
0.0225,14.979,0.10017
0.0225179,15.0453,0.0662636
0.02275,15.1455,0.10017
0.0227679,15.2117,0.0662636
0.023,15.3119,0.10017
0.0230179,15.3782,0.0662636
0.02325,15.4783,0.10017
0.0232679,15.5446,0.0662636
0.0235,15.6448,0.10017
0.0235179,15.711,0.0662636
0.02375,15.8112,0.10017
0.0237679,15.8775,0.0662636
0.024,15.9776,0.10017
0.0240179,16.0439,0.0662636
0.02425,16.1441,0.10017
0.0242679,16.2103,0.0662636
0.0245,16.3105,0.10017
0.0245179,16.3768,0.0662636
0.02475,16.4769,0.10017
0.0247679,16.5432,0.0662636
0.025,16.6434,0.10017
0.0250179,16.7096,0.0662636
0.02525,16.8098,0.10017
0.0252679,16.8761,0.0662636
0.0255,16.9762,0.10017
0.0255179,17.0425,0.0662636
0.02575,17.1427,0.10017
0.0257679,17.2089,0.0662636
0.026,17.3091,0.10017
0.0260179,17.3754,0.0662636
0.02625,17.4755,0.10017
0.0262679,17.5418,0.0662636
0.0265,17.642,0.10017
0.0265179,17.7082,0.0662636
0.02675,17.8084,0.10017
0.0267679,17.8747,0.0662636
0.027,17.9748,0.10017
0.0270179,18.0411,0.0662636
0.02725,18.1413,0.10017
0.0272679,18.2075,0.0662636
0.0275,18.3077,0.10017
0.0275179,18.374,0.0662636
0.02775,18.4741,0.10017
0.0277679,18.5404,0.0662636
0.028,18.6406,0.10017
0.0280179,18.7068,0.0662636
0.02825,18.807,0.10017
0.0282679,18.8733,0.0662636
0.0285,18.9734,0.10017
0.0285179,19.0397,0.0662636
0.02875,19.1399,0.10017
0.0287679,19.2061,0.0662636
0.029,19.3063,0.10017
0.0290179,19.3726,0.0662636
0.02925,19.4727,0.10017
0.0292679,19.539,0.0662636
0.0295,19.6392,0.10017
0.0295179,19.7054,0.0662636
0.02975,19.8056,0.10017
0.0297679,19.8719,0.0662636
0.03,19.9721,0.10017
0.0300179,20.0383,0.0662636
0.03025,20.1385,0.10017
0.0302679,20.2047,0.0662636
0.0305,20.3049,0.10017
0.0305179,20.3712,0.0662636
0.03075,20.4714,0.10017
0.0307679,20.5376,0.0662636
0.031,20.6378,0.10017
0.0310179,20.704,0.0662636
0.03125,20.8042,0.10017
0.0312679,20.8705,0.0662636
0.0315,20.9707,0.10017
0.0315179,21.0369,0.0662636
0.03175,21.1371,0.10017
0.0317679,21.2034,0.0662636
0.032,21.3035,0.10017
0.0320179,21.3698,0.0662636
0.03225,21.47,0.10017
0.0322679,21.5362,0.0662636
0.0325,21.6364,0.10017
0.0325179,21.7027,0.0662636
0.03275,21.8028,0.10017
0.0327679,21.8691,0.0662636
0.033,21.9693,0.10017
0.0330179,22.0355,0.0662636
0.03325,22.1357,0.10017
0.0332679,22.202,0.0662636
0.0335,22.3021,0.10017
0.0335179,22.3684,0.0662636
0.03375,22.4686,0.10017
0.0337679,22.5348,0.0662636
0.034,22.635,0.10017
0.0340179,22.7013,0.0662636
0.03425,22.8014,0.10017
0.0342679,22.8677,0.0662636
0.0345,22.9679,0.10017
0.0345179,23.0341,0.0662636
0.03475,23.1343,0.10017
0.0347679,23.2006,0.0662636
0.035,23.3007,0.10017
0.0350179,23.367,0.0662636
0.03525,23.4672,0.10017
0.0352679,23.5334,0.0662636
0.0355,23.6336,0.10017
0.0355179,23.6999,0.0662636
0.03575,23.8,0.10017
0.0357679,23.8663,0.0662636
0.036,23.9665,0.10017
0.0360179,24.0327,0.0662636
0.03625,24.1329,0.10017
0.0362679,24.1992,0.0662636
0.0365,24.2993,0.10017
0.0365179,24.3656,0.0662636
0.03675,24.4658,0.10017
0.0367679,24.532,0.0662636
0.037,24.6322,0.10017
0.0370179,24.6985,0.0662636
0.03725,24.7986,0.10017
0.0372679,24.8649,0.0662636
0.0375,24.9651,0.10017
0.0375179,25.0313,0.0662636
0.03775,25.1315,0.10017
0.0377679,25.1978,0.0662636
0.038,25.2979,0.10017
0.0380179,25.3642,0.0662636
0.03825,25.4644,0.10017
0.0382679,25.5306,0.0662636
0.0385,25.6308,0.10017
0.0385179,25.6971,0.0662636
0.03875,25.7972,0.10017
0.0387679,25.8635,0.0662636
0.039,25.9637,0.10017
0.0390179,26.0299,0.0662636
0.03925,26.1301,0.10017
0.0392679,26.1964,0.0662636
0.0395,26.2965,0.10017
0.0395179,26.3628,0.0662636
0.03975,26.463,0.10017
0.0397679,26.5292,0.0662636
0.04,26.6294,0.10017
0.0400179,26.6957,0.0662636
0.04025,26.7958,0.10017
0.0402679,26.8621,0.0662636
0.0405,26.9623,0.10017
0.0405179,27.0285,0.0662636
0.04075,27.1287,0.10017
0.0407679,27.195,0.0662636
0.041,27.2951,0.10017
0.0410179,27.3614,0.0662636
0.04125,27.4616,0.10017
0.0412679,27.5278,0.0662636
0.0415,27.628,0.10017
0.0415179,27.6943,0.0662636
0.04175,27.7944,0.10017
0.0417679,27.8607,0.0662636
0.042,27.9609,0.10017
0.0420179,28.0271,0.0662636
0.04225,28.1273,0.10017
0.0422679,28.1936,0.0662636
0.0425,28.2937,0.10017
0.0425179,28.36,0.0662636
0.04275,28.4602,0.10017
0.0427679,28.5264,0.0662636
0.043,28.6266,0.10017
0.0430179,28.6929,0.0662636
0.04325,28.793,0.10017
0.0432679,28.8593,0.0662636
0.0435,28.9595,0.10017
0.0435179,29.0257,0.0662636
0.04375,29.1259,0.10017
0.0437679,29.1922,0.0662636
0.044,29.2923,0.10017
0.0440179,29.3586,0.0662636
0.04425,29.4588,0.10017
0.0442679,29.525,0.0662636
0.0445,29.6252,0.10017
0.0445179,29.6915,0.0662636
0.04475,29.7916,0.10017
0.0447679,29.8579,0.0662636
0.045,29.9581,0.10017
0.0450179,30.0243,0.0662636
0.04525,30.1245,0.10017
0.0452679,30.1908,0.0662636
0.0455,30.2909,0.10017
0.0455179,30.3572,0.0662636
0.04575,30.4574,0.10017
0.0457679,30.5236,0.0662636
0.046,30.6238,0.10017
0.0460179,30.6901,0.0662636
0.04625,30.7902,0.10017
0.0462679,30.8565,0.0662636
0.0465,30.9567,0.10017
0.0465179,31.0229,0.0662636
0.04675,31.1231,0.10017
0.0467679,31.1894,0.0662636
0.047,31.2895,0.10017
0.0470179,31.3558,0.0662636
0.04725,31.456,0.10017
0.0472679,31.5222,0.0662636
0.0475,31.6224,0.10017
0.0475179,31.6887,0.0662636
0.04775,31.7888,0.10017
0.0477679,31.8551,0.0662636
0.048,31.9553,0.10017
0.0480179,32.0215,0.0662636
0.04825,32.1217,0.10017
0.0482679,32.188,0.0662636
0.0485,32.2881,0.10017
0.0485179,32.3544,0.0662636
0.04875,32.4546,0.10017
0.0487679,32.5208,0.0662636
0.049,32.621,0.10017
0.0490179,32.6873,0.0662636
0.04925,32.7874,0.10017
0.0492679,32.8537,0.0662636
0.0495,32.9539,0.10017
0.0495179,33.0201,0.0662636
0.04975,33.1203,0.10017
0.0497679,33.1866,0.0662636
0.05,33.2868,0.10017
0.0500179,33.353,0.0662636
0.05025,33.4532,0.10017
0.0502679,33.5194,0.0662636
0.0505,33.6196,0.10017
0.0505179,33.6859,0.0662636
0.05075,33.7861,0.10017
0.0507679,33.8523,0.0662636
0.051,33.9525,0.10017
0.0510179,34.0187,0.0662636
0.05125,34.1189,0.10017
0.0512679,34.1852,0.0662636
0.0515,34.2854,0.10017
0.0515179,34.3516,0.0662636
0.05175,34.4518,0.10017
0.0517679,34.5181,0.0662636
0.052,34.6182,0.10017
0.0520179,34.6845,0.0662636
0.05225,34.7847,0.10017
0.0522679,34.8509,0.0662636
0.0525,34.9511,0.10017
0.0525179,35.0174,0.0662636
0.05275,35.1175,0.10017
0.0527679,35.1838,0.0662636
0.053,35.284,0.10017
0.0530179,35.3502,0.0662636
0.05325,35.4504,0.10017
0.0532679,35.5167,0.0662636
0.0535,35.6168,0.10017
0.0535179,35.6831,0.0662636
0.05375,35.7833,0.10017
0.0537679,35.8495,0.0662636
0.054,35.9497,0.10017
0.0540179,36.016,0.0662636
0.05425,36.1161,0.10017
0.0542679,36.1824,0.0662636
0.0545,36.2826,0.10017
0.0545179,36.3488,0.0662636
0.05475,36.449,0.10017
0.0547679,36.5153,0.0662636
0.055,36.6154,0.10017
0.0550179,36.6817,0.0662636
0.05525,36.7819,0.10017
0.0552679,36.8481,0.0662636
0.0555,36.9483,0.10017
0.0555179,37.0146,0.0662636
0.05575,37.1147,0.10017
0.0557679,37.181,0.0662636
0.056,37.2812,0.10017
0.0560179,37.3474,0.0662636
0.05625,37.4476,0.10017
0.0562679,37.5139,0.0662636
0.0565,37.614,0.10017
0.0565179,37.6803,0.0662636
0.05675,37.7805,0.10017
0.0567679,37.8467,0.0662636
0.057,37.9469,0.10017
0.0570179,38.0132,0.0662636
0.05725,38.1133,0.10017
0.0572679,38.1796,0.0662636
0.0575,38.2798,0.10017
0.0575179,38.346,0.0662636
0.05775,38.4462,0.10017
0.0577679,38.5125,0.0662636
0.058,38.6126,0.10017
0.0580179,38.6789,0.0662636
0.05825,38.7791,0.10017
0.0582679,38.8453,0.0662636
0.0585,38.9455,0.10017
0.0585179,39.0118,0.0662636
0.05875,39.1119,0.10017
0.0587679,39.1782,0.0662636
0.059,39.2784,0.10017
0.0590179,39.3446,0.0662636
0.05925,39.4448,0.10017
0.0592679,39.5111,0.0662636
0.0595,39.6112,0.10017
0.0595179,39.6775,0.0662636
0.05975,39.7777,0.10017
0.0597679,39.8439,0.0662636
0.06,39.9441,0.10017
0.0600179,40.0104,0.0662636
0.06025,40.1105,0.10017
0.0602679,40.1768,0.0662636
0.0605,40.277,0.10017
0.0605179,40.3432,0.0662636
0.06075,40.4434,0.10017
0.0607679,40.5097,0.0662636
0.061,40.6098,0.10017
0.0610179,40.6761,0.0662636
0.06125,40.7763,0.10017
0.0612679,40.8425,0.0662636
0.0615,40.9427,0.10017
0.0615179,41.009,0.0662636
0.06175,41.1091,0.10017
0.0617679,41.1754,0.0662636
0.062,41.2756,0.10017
0.0620179,41.3418,0.0662636
0.06225,41.442,0.10017
0.0622679,41.5083,0.0662636
0.0625,41.6084,0.10017
0.0625179,41.6747,0.0662636
0.06275,41.7749,0.10017
0.0627679,41.8411,0.0662636
0.063,41.9413,0.10017
0.0630179,42.0076,0.0662636
0.06325,42.1077,0.10017
0.0632679,42.174,0.0662636
0.0635,42.2742,0.10017
0.0635179,42.3404,0.0662636
0.06375,42.4406,0.10017
0.0637679,42.5069,0.0662636
0.064,42.607,0.10017
0.0640179,42.6733,0.0662636
0.06425,42.7735,0.10017
0.0642679,42.8397,0.0662636
0.0645,42.9399,0.10017
0.0645179,43.0062,0.0662636
0.06475,43.1063,0.10017
0.0647679,43.1726,0.0662636
0.065,43.2728,0.10017
0.0650179,43.339,0.0662636
0.06525,43.4392,0.10017
0.0652679,43.5055,0.0662636
0.0655,43.6056,0.10017
0.0655179,43.6719,0.0662636
0.06575,43.7721,0.10017
0.0657679,43.8383,0.0662636
0.066,43.9385,0.10017
0.0660179,44.0048,0.0662636
0.06625,44.1049,0.10017
0.0662679,44.1712,0.0662636
0.0665,44.2714,0.10017
0.0665179,44.3376,0.0662636
0.06675,44.4378,0.10017
0.0667679,44.5041,0.0662636
0.067,44.6042,0.10017
0.0670179,44.6705,0.0662636
0.06725,44.7707,0.10017
0.0672679,44.8369,0.0662636
0.0675,44.9371,0.10017
0.0675179,45.0034,0.0662636
0.06775,45.1035,0.10017
0.0677679,45.1698,0.0662636
0.068,45.27,0.10017
0.0680179,45.3362,0.0662636
0.06825,45.4364,0.10017
0.0682679,45.5027,0.0662636
0.0685,45.6028,0.10017
0.0685179,45.6691,0.0662636
0.06875,45.7693,0.10017
0.0687679,45.8355,0.0662636
0.069,45.9357,0.10017
0.0690179,46.002,0.0662636
0.06925,46.1021,0.10017
0.0692679,46.1684,0.0662636
0.0695,46.2686,0.10017
0.0695179,46.3348,0.0662636
0.06975,46.435,0.10017
0.0697679,46.5013,0.0662636
0.07,46.6015,0.10017
0.0700179,46.6677,0.0662636
0.07025,46.7679,0.10017
0.0702679,46.8341,0.0662636
0.0705,46.9343,0.10017
0.0705179,47.0006,0.0662636
0.07075,47.1008,0.10017
0.0707679,47.167,0.0662636
0.071,47.2672,0.10017
0.0710179,47.3334,0.0662636
0.07125,47.4336,0.10017
0.0712679,47.4999,0.0662636
0.0715,47.6001,0.10017
0.0715179,47.6663,0.0662636
0.07175,47.7665,0.10017
0.0717679,47.8328,0.0662636
0.072,47.9329,0.10017
0.0720179,47.9992,0.0662636
0.07225,48.0994,0.10017
0.0722679,48.1656,0.0662636
0.0725,48.2658,0.10017
0.0725179,48.3321,0.0662636
0.07275,48.4322,0.10017
0.0727679,48.4985,0.0662636
0.073,48.5987,0.10017
0.0730179,48.6649,0.0662636
0.07325,48.7651,0.10017
0.0732679,48.8314,0.0662636
0.0735,48.9315,0.10017
0.0735179,48.9978,0.0662636
0.07375,49.098,0.10017
0.0737679,49.1642,0.0662636
0.074,49.2644,0.10017
0.0740179,49.3307,0.0662636
0.07425,49.4308,0.10017
0.0742679,49.4971,0.0662636
0.0745,49.5973,0.10017
0.0745179,49.6635,0.0662636
0.07475,49.7637,0.10017
0.0747679,49.83,0.0662636
0.075,49.9301,0.10017
0.0750179,49.9964,0.0662636
0.07525,50.0966,0.10017
0.0752679,50.1628,0.0662636
0.0755,50.263,0.10017
0.0755179,50.3293,0.0662636
0.07575,50.4294,0.10017
0.0757679,50.4957,0.0662636
0.076,50.5959,0.10017
0.0760179,50.6621,0.0662636
0.07625,50.7623,0.10017
0.0762679,50.8286,0.0662636
0.0765,50.9287,0.10017
0.0765179,50.995,0.0662636
0.07675,51.0952,0.10017
0.0767679,51.1614,0.0662636
0.077,51.2616,0.10017
0.0770179,51.3279,0.0662636
0.07725,51.428,0.10017
0.0772679,51.4943,0.0662636
0.0775,51.5945,0.10017
0.0775179,51.6607,0.0662636
0.07775,51.7609,0.10017
0.0777679,51.8272,0.0662636
0.078,51.9273,0.10017
0.0780179,51.9936,0.0662636
0.07825,52.0938,0.10017
0.0782679,52.16,0.0662636
0.0785,52.2602,0.10017
0.0785179,52.3265,0.0662636
0.07875,52.4266,0.10017
0.0787679,52.4929,0.0662636
0.079,52.5931,0.10017
0.0790179,52.6593,0.0662636
0.07925,52.7595,0.10017
0.0792679,52.8258,0.0662636
0.0795,52.9259,0.10017
0.0795179,52.9922,0.0662636
0.07975,53.0924,0.10017
0.0797679,53.1586,0.0662636
0.08,53.2588,0.10017
0.0800179,53.3251,0.0662636
0.08025,53.4252,0.10017
0.0802679,53.4915,0.0662636
0.0805,53.5917,0.10017
0.0805179,53.6579,0.0662636
0.08075,53.7581,0.10017
0.0807679,53.8244,0.0662636
0.081,53.9245,0.10017
0.0810179,53.9908,0.0662636
0.08125,54.091,0.10017
0.0812679,54.1572,0.0662636
0.0815,54.2574,0.10017
0.0815179,54.3237,0.0662636
0.08175,54.4238,0.10017
0.0817679,54.4901,0.0662636
0.082,54.5903,0.10017
0.0820179,54.6565,0.0662636
0.08225,54.7567,0.10017
0.0822679,54.823,0.0662636
0.0825,54.9231,0.10017
0.0825179,54.9894,0.0662636
0.08275,55.0896,0.10017
0.0827679,55.1558,0.0662636
0.083,55.256,0.10017
0.0830179,55.3223,0.0662636
0.08325,55.4224,0.10017
0.0832679,55.4887,0.0662636
0.0835,55.5889,0.10017
0.0835179,55.6551,0.0662636
0.08375,55.7553,0.10017
0.0837679,55.8216,0.0662636
0.084,55.9217,0.10017
0.0840179,55.988,0.0662636
0.08425,56.0882,0.10017
0.0842679,56.1544,0.0662636
0.0845,56.2546,0.10017
0.0845179,56.3209,0.0662636
0.08475,56.421,0.10017
0.0847679,56.4873,0.0662636
0.085,56.5875,0.10017
0.0850179,56.6537,0.0662636
0.08525,56.7539,0.10017
0.0852679,56.8202,0.0662636
0.0855,56.9203,0.10017
0.0855179,56.9866,0.0662636
0.08575,57.0868,0.10017
0.0857679,57.153,0.0662636
0.086,57.2532,0.10017
0.0860179,57.3195,0.0662636
0.08625,57.4196,0.10017
0.0862679,57.4859,0.0662636
0.0865,57.5861,0.10017
0.0865179,57.6523,0.0662636
0.08675,57.7525,0.10017
0.0867679,57.8188,0.0662636
0.087,57.9189,0.10017
0.0870179,57.9852,0.0662636
0.08725,58.0854,0.10017
0.0872679,58.1516,0.0662636
0.0875,58.2518,0.10017
0.0875179,58.3181,0.0662636
0.08775,58.4182,0.10017
0.0877679,58.4845,0.0662636
0.088,58.5847,0.10017
0.0880179,58.6509,0.0662636
0.08825,58.7511,0.10017
0.0882679,58.8174,0.0662636
0.0885,58.9175,0.10017
0.0885179,58.9838,0.0662636
0.08875,59.084,0.10017
0.0887679,59.1502,0.0662636
0.089,59.2504,0.10017
0.0890179,59.3167,0.0662636
0.08925,59.4168,0.10017
0.0892679,59.4831,0.0662636
0.0895,59.5833,0.10017
0.0895179,59.6495,0.0662636
0.08975,59.7497,0.10017
0.0897679,59.816,0.0662636
0.09,59.9162,0.10017
0.0900179,59.9824,0.0662636
0.09025,60.0826,0.10017
0.0902679,60.1488,0.0662636
0.0905,60.249,0.10017
0.0905179,60.3153,0.0662636
0.09075,60.4155,0.10017
0.0907679,60.4817,0.0662636
0.091,60.5819,0.10017
0.0910179,60.6481,0.0662636
0.09125,60.7483,0.10017
0.0912679,60.8146,0.0662636
0.0915,60.9148,0.10017
0.0915179,60.981,0.0662636
0.09175,61.0812,0.10017
0.0917679,61.1475,0.0662636
0.092,61.2476,0.10017
0.0920179,61.3139,0.0662636
0.09225,61.4141,0.10017
0.0922679,61.4803,0.0662636
0.0925,61.5805,0.10017
0.0925179,61.6468,0.0662636
0.09275,61.7469,0.10017
0.0927679,61.8132,0.0662636
0.093,61.9134,0.10017
0.0930179,61.9796,0.0662636
0.09325,62.0798,0.10017
0.0932679,62.1461,0.0662636
0.0935,62.2462,0.10017
0.0935179,62.3125,0.0662636
0.09375,62.4127,0.10017
0.0937679,62.4789,0.0662636
0.094,62.5791,0.10017
0.0940179,62.6454,0.0662636
0.09425,62.7455,0.10017
0.0942679,62.8118,0.0662636
0.0945,62.912,0.10017
0.0945179,62.9782,0.0662636
0.09475,63.0784,0.10017
0.0947679,63.1447,0.0662636
0.095,63.2448,0.10017
0.0950179,63.3111,0.0662636
0.09525,63.4113,0.10017
0.0952679,63.4775,0.0662636
0.0955,63.5777,0.10017
0.0955179,63.644,0.0662636
0.09575,63.7441,0.10017
0.0957679,63.8104,0.0662636
0.096,63.9106,0.10017
0.0960179,63.9768,0.0662636
0.09625,64.077,0.10017
0.0962679,64.1433,0.0662636
0.0965,64.2434,0.10017
0.0965179,64.3097,0.0662636
0.09675,64.4099,0.10017
0.0967679,64.4761,0.0662636
0.097,64.5763,0.10017
0.0970179,64.6426,0.0662636
0.09725,64.7427,0.10017
0.0972679,64.809,0.0662636
0.0975,64.9092,0.10017
0.0975179,64.9754,0.0662636
0.09775,65.0756,0.10017
0.0977679,65.1419,0.0662636
0.098,65.242,0.10017
0.0980179,65.3083,0.0662636
0.09825,65.4085,0.10017
0.0982679,65.4747,0.0662636
0.0985,65.5749,0.10017
0.0985179,65.6412,0.0662636
0.09875,65.7413,0.10017
0.0987679,65.8076,0.0662636
0.099,65.9078,0.10017
0.0990179,65.974,0.0662636
0.09925,66.0742,0.10017
0.0992679,66.1405,0.0662636
0.0995,66.2406,0.10017
0.0995179,66.3069,0.0662636
0.09975,66.4071,0.10017
0.0997679,66.4733,0.0662636
0.1,66.5735,0.10017
0.100018,66.6398,0.0662636
0.10025,66.7399,0.10017
0.100268,66.8062,0.0662636
0.1005,66.9064,0.10017
0.100518,66.9726,0.0662636
0.10075,67.0728,0.10017
0.100768,67.1391,0.0662636
0.101,67.2392,0.10017
0.101018,67.3055,0.0662636
0.10125,67.4057,0.10017
0.101268,67.4719,0.0662636
0.1015,67.5721,0.10017
0.101518,67.6384,0.0662636
0.10175,67.7385,0.10017
0.101768,67.8048,0.0662636
0.102,67.905,0.10017
0.102018,67.9712,0.0662636
0.10225,68.0714,0.10017
0.102268,68.1377,0.0662636
0.1025,68.2378,0.10017
0.102518,68.3041,0.0662636
0.10275,68.4043,0.10017
0.102768,68.4705,0.0662636
0.103,68.5707,0.10017
0.103018,68.637,0.0662636
0.10325,68.7371,0.10017
0.103268,68.8034,0.0662636
0.1035,68.9036,0.10017
0.103518,68.9698,0.0662636
0.10375,69.07,0.10017
0.103768,69.1363,0.0662636
0.104,69.2364,0.10017
0.104018,69.3027,0.0662636
0.10425,69.4029,0.10017
0.104268,69.4691,0.0662636
0.1045,69.5693,0.10017
0.104518,69.6356,0.0662636
0.10475,69.7357,0.10017
0.104768,69.802,0.0662636
0.105,69.9022,0.10017
0.105018,69.9684,0.0662636
0.10525,70.0686,0.10017
0.105268,70.1349,0.0662636
0.1055,70.235,0.10017
0.105518,70.3013,0.0662636
0.10575,70.4015,0.10017
0.105768,70.4677,0.0662636
0.106,70.5679,0.10017
0.106018,70.6342,0.0662636
0.10625,70.7343,0.10017
0.106268,70.8006,0.0662636
0.1065,70.9008,0.10017
0.106518,70.967,0.0662636
0.10675,71.0672,0.10017
0.106768,71.1335,0.0662636
0.107,71.2336,0.10017
0.107018,71.2999,0.0662636
0.10725,71.4001,0.10017
0.107268,71.4663,0.0662636
0.1075,71.5665,0.10017
0.107518,71.6328,0.0662636
0.10775,71.7329,0.10017
0.107768,71.7992,0.0662636
0.108,71.8994,0.10017
0.108018,71.9656,0.0662636
0.10825,72.0658,0.10017
0.108268,72.1321,0.0662636
0.1085,72.2322,0.10017
0.108518,72.2985,0.0662636
0.10875,72.3987,0.10017
0.108768,72.4649,0.0662636
0.109,72.5651,0.10017
0.109018,72.6314,0.0662636
0.10925,72.7315,0.10017
0.109268,72.7978,0.0662636
0.1095,72.898,0.10017
0.109518,72.9642,0.0662636
0.10975,73.0644,0.10017
0.109768,73.1307,0.0662636
0.11,73.2309,0.10017
0.110018,73.2971,0.0662636
0.11025,73.3973,0.10017
0.110268,73.4635,0.0662636
0.1105,73.5637,0.10017
0.110518,73.63,0.0662636
0.11075,73.7302,0.10017
0.110768,73.7964,0.0662636
0.111,73.8966,0.10017
0.111018,73.9628,0.0662636
0.11125,74.063,0.10017
0.111268,74.1293,0.0662636
0.1115,74.2295,0.10017
0.111518,74.2957,0.0662636
0.11175,74.3959,0.10017
0.111768,74.4622,0.0662636
0.112,74.5623,0.10017
0.112018,74.6286,0.0662636
0.11225,74.7288,0.10017
0.112268,74.795,0.0662636
0.1125,74.8952,0.10017
0.112518,74.9615,0.0662636
0.11275,75.0616,0.10017
0.112768,75.1279,0.0662636
0.113,75.2281,0.10017
0.113018,75.2943,0.0662636
0.11325,75.3945,0.10017
0.113268,75.4608,0.0662636
0.1135,75.5609,0.10017
0.113518,75.6272,0.0662636
0.11375,75.7274,0.10017
0.113768,75.7936,0.0662636
0.114,75.8938,0.10017
0.114018,75.9601,0.0662636
0.11425,76.0602,0.10017
0.114268,76.1265,0.0662636
0.1145,76.2267,0.10017
0.114518,76.2929,0.0662636
0.11475,76.3931,0.10017
0.114768,76.4594,0.0662636
0.115,76.5595,0.10017
0.115018,76.6258,0.0662636
0.11525,76.726,0.10017
0.115268,76.7922,0.0662636
0.1155,76.8924,0.10017
0.115518,76.9587,0.0662636
0.11575,77.0588,0.10017
0.115768,77.1251,0.0662636
0.116,77.2253,0.10017
0.116018,77.2915,0.0662636
0.11625,77.3917,0.10017
0.116268,77.458,0.0662636
0.1165,77.5581,0.10017
0.116518,77.6244,0.0662636
0.11675,77.7246,0.10017
0.116768,77.7908,0.0662636
0.117,77.891,0.10017
0.117018,77.9573,0.0662636
0.11725,78.0574,0.10017
0.117268,78.1237,0.0662636
0.1175,78.2239,0.10017
0.117518,78.2901,0.0662636
0.11775,78.3903,0.10017
0.117768,78.4566,0.0662636
0.118,78.5567,0.10017
0.118018,78.623,0.0662636
0.11825,78.7232,0.10017
0.118268,78.7894,0.0662636
0.1185,78.8896,0.10017
0.118518,78.9559,0.0662636
0.11875,79.056,0.10017
0.118768,79.1223,0.0662636
0.119,79.2225,0.10017
0.119018,79.2887,0.0662636
0.11925,79.3889,0.10017
0.119268,79.4552,0.0662636
0.1195,79.5553,0.10017
0.119518,79.6216,0.0662636
0.11975,79.7218,0.10017
0.119768,79.788,0.0662636
0.12,79.8882,0.10017
0.120018,79.9545,0.0662636
0.12025,80.0546,0.10017
0.120268,80.1209,0.0662636
0.1205,80.2211,0.10017
0.120518,80.2873,0.0662636
0.12075,80.3875,0.10017
0.120768,80.4538,0.0662636
0.121,80.5539,0.10017
0.121018,80.6202,0.0662636
0.12125,80.7204,0.10017
0.121268,80.7866,0.0662636
0.1215,80.8868,0.10017
0.121518,80.9531,0.0662636
0.12175,81.0532,0.10017
0.121768,81.1195,0.0662636
0.122,81.2197,0.10017
0.122018,81.2859,0.0662636
0.12225,81.3861,0.10017
0.122268,81.4524,0.0662636
0.1225,81.5525,0.10017
0.122518,81.6188,0.0662636
0.12275,81.719,0.10017
0.122768,81.7852,0.0662636
0.123,81.8854,0.10017
0.123018,81.9517,0.0662636
0.12325,82.0518,0.10017
0.123268,82.1181,0.0662636
0.1235,82.2183,0.10017
0.123518,82.2845,0.0662636
0.12375,82.3847,0.10017
0.123768,82.451,0.0662636
0.124,82.5511,0.10017
0.124018,82.6174,0.0662636
0.12425,82.7176,0.10017
0.124268,82.7838,0.0662636
0.1245,82.884,0.10017
0.124518,82.9503,0.0662636
0.12475,83.0504,0.10017
0.124768,83.1167,0.0662636
0.125,83.2169,0.10017
0.125018,83.2831,0.0662636
0.12525,83.3833,0.10017
0.125268,83.4496,0.0662636
0.1255,83.5497,0.10017
0.125518,83.616,0.0662636
0.12575,83.7162,0.10017
0.125768,83.7824,0.0662636
0.126,83.8826,0.10017
0.126018,83.9489,0.0662636
0.12625,84.049,0.10017
0.126268,84.1153,0.0662636
0.1265,84.2155,0.10017
0.126518,84.2817,0.0662636
0.12675,84.3819,0.10017
0.126768,84.4482,0.0662636
0.127,84.5483,0.10017
0.127018,84.6146,0.0662636
0.12725,84.7148,0.10017
0.127268,84.781,0.0662636
0.1275,84.8812,0.10017
0.127518,84.9475,0.0662636
0.12775,85.0476,0.10017
0.127768,85.1139,0.0662636
0.128,85.2141,0.10017
0.128018,85.2803,0.0662636
0.12825,85.3805,0.10017
0.128268,85.4468,0.0662636
0.1285,85.5469,0.10017
0.128518,85.6132,0.0662636
0.12875,85.7134,0.10017
0.128768,85.7796,0.0662636
0.129,85.8798,0.10017
0.129018,85.9461,0.0662636
0.12925,86.0462,0.10017
0.129268,86.1125,0.0662636
0.1295,86.2127,0.10017
0.129518,86.2789,0.0662636
0.12975,86.3791,0.10017
0.129768,86.4454,0.0662636
0.13,86.5456,0.10017
0.130018,86.6118,0.0662636
0.13025,86.712,0.10017
0.130268,86.7782,0.0662636
0.1305,86.8784,0.10017
0.130518,86.9447,0.0662636
0.13075,87.0449,0.10017
0.130768,87.1111,0.0662636
0.131,87.2113,0.10017
0.131018,87.2775,0.0662636
0.13125,87.3777,0.10017
0.131268,87.444,0.0662636
0.1315,87.5442,0.10017
0.131518,87.6104,0.0662636
0.13175,87.7106,0.10017
0.131768,87.7769,0.0662636
0.132,87.877,0.10017
0.132018,87.9433,0.0662636
0.13225,88.0435,0.10017
0.132268,88.1097,0.0662636
0.1325,88.2099,0.10017
0.132518,88.2762,0.0662636
0.13275,88.3763,0.10017
0.132768,88.4426,0.0662636
0.133,88.5428,0.10017
0.133018,88.609,0.0662636
0.13325,88.7092,0.10017
0.133268,88.7755,0.0662636
0.1335,88.8756,0.10017
0.133518,88.9419,0.0662636
0.13375,89.0421,0.10017
0.133768,89.1083,0.0662636
0.134,89.2085,0.10017
0.134018,89.2748,0.0662636
0.13425,89.3749,0.10017
0.134268,89.4412,0.0662636
0.1345,89.5414,0.10017
0.134518,89.6076,0.0662636
0.13475,89.7078,0.10017
0.134768,89.7741,0.0662636
0.135,89.8742,0.10017
0.135018,89.9405,0.0662636
0.13525,90.0407,0.10017
0.135268,90.1069,0.0662636
0.1355,90.2071,0.10017
0.135518,90.2734,0.0662636
0.13575,90.3735,0.10017
0.135768,90.4398,0.0662636
0.136,90.54,0.10017
0.136018,90.6062,0.0662636
0.13625,90.7064,0.10017
0.136268,90.7727,0.0662636
0.1365,90.8728,0.10017
0.136518,90.9391,0.0662636
0.13675,91.0393,0.10017
0.136768,91.1055,0.0662636
0.137,91.2057,0.10017
0.137018,91.272,0.0662636
0.13725,91.3721,0.10017
0.137268,91.4384,0.0662636
0.1375,91.5386,0.10017
0.137518,91.6048,0.0662636
0.13775,91.705,0.10017
0.137768,91.7713,0.0662636
0.138,91.8714,0.10017
0.138018,91.9377,0.0662636
0.13825,92.0379,0.10017
0.138268,92.1041,0.0662636
0.1385,92.2043,0.10017
0.138518,92.2706,0.0662636
0.13875,92.3707,0.10017
0.138768,92.437,0.0662636
0.139,92.5372,0.10017
0.139018,92.6034,0.0662636
0.13925,92.7036,0.10017
0.139268,92.7699,0.0662636
0.1395,92.87,0.10017
0.139518,92.9363,0.0662636
0.13975,93.0365,0.10017
0.139768,93.1027,0.0662636
0.14,93.2029,0.10017
0.140018,93.2692,0.0662636
0.14025,93.3693,0.10017
0.140268,93.4356,0.0662636
0.1405,93.5358,0.10017
0.140518,93.602,0.0662636
0.14075,93.7022,0.10017
0.140768,93.7685,0.0662636
0.141,93.8686,0.10017
0.141018,93.9349,0.0662636
0.14125,94.0351,0.10017
0.141268,94.1013,0.0662636
0.1415,94.2015,0.10017
0.141518,94.2678,0.0662636
0.14175,94.3679,0.10017
0.141768,94.4342,0.0662636
0.142,94.5344,0.10017
0.142018,94.6006,0.0662636
0.14225,94.7008,0.10017
0.142268,94.7671,0.0662636
0.1425,94.8672,0.10017
0.142518,94.9335,0.0662636
0.14275,95.0337,0.10017
0.142768,95.0999,0.0662636
0.143,95.2001,0.10017
0.143018,95.2664,0.0662636
0.14325,95.3665,0.10017
0.143268,95.4328,0.0662636
0.1435,95.533,0.10017
0.143518,95.5992,0.0662636
0.14375,95.6994,0.10017
0.143768,95.7657,0.0662636
0.144,95.8658,0.10017
0.144018,95.9321,0.0662636
0.14425,96.0323,0.10017
0.144268,96.0985,0.0662636
0.1445,96.1987,0.10017
0.144518,96.265,0.0662636
0.14475,96.3651,0.10017
0.144768,96.4314,0.0662636
0.145,96.5316,0.10017
0.145018,96.5978,0.0662636
0.14525,96.698,0.10017
0.145268,96.7643,0.0662636
0.1455,96.8644,0.10017
0.145518,96.9307,0.0662636
0.14575,97.0309,0.10017
0.145768,97.0971,0.0662636
0.146,97.1973,0.10017
0.146018,97.2636,0.0662636
0.14625,97.3637,0.10017
0.146268,97.43,0.0662636
0.1465,97.5302,0.10017
0.146518,97.5964,0.0662636
0.14675,97.6966,0.10017
0.146768,97.7629,0.0662636
0.147,97.863,0.10017
0.147018,97.9293,0.0662636
0.14725,98.0295,0.10017
0.147268,98.0957,0.0662636
0.1475,98.1959,0.10017
0.147518,98.2622,0.0662636
0.14775,98.3623,0.10017
0.147768,98.4286,0.0662636
0.148,98.5288,0.10017
0.148018,98.595,0.0662636
0.14825,98.6952,0.10017
0.148268,98.7615,0.0662636
0.1485,98.8616,0.10017
0.148518,98.9279,0.0662636
0.14875,99.0281,0.10017
0.148768,99.0943,0.0662636
0.149,99.1945,0.10017
0.149018,99.2608,0.0662636
0.14925,99.3609,0.10017
0.149268,99.4272,0.0662636
0.1495,99.5274,0.10017
0.149518,99.5936,0.0662636
0.14975,99.6938,0.10017
0.149768,99.7601,0.0662636
0.15,99.8603,0.10017
0.150018,99.9265,0.0662636
0.15025,100.027,0.10017
0.150268,100.093,0.0662636
0.1505,100.193,0.10017
0.150518,100.259,0.0662636
0.15075,100.36,0.10017
0.150768,100.426,0.0662636
0.151,100.526,0.10017
0.151018,100.592,0.0662636
0.15125,100.692,0.10017
0.151268,100.759,0.0662636
0.1515,100.859,0.10017
0.151518,100.925,0.0662636
0.15175,101.025,0.10017
0.151768,101.092,0.0662636
0.152,101.192,0.10017
0.152018,101.258,0.0662636
0.15225,101.358,0.10017
0.152268,101.424,0.0662636
0.1525,101.525,0.10017
0.152518,101.591,0.0662636
0.15275,101.691,0.10017
0.152768,101.757,0.0662636
0.153,101.857,0.10017
0.153018,101.924,0.0662636
0.15325,102.024,0.10017
0.153268,102.09,0.0662636
0.1535,102.19,0.10017
0.153518,102.257,0.0662636
0.15375,102.357,0.10017
0.153768,102.423,0.0662636
0.154,102.523,0.10017
0.154018,102.589,0.0662636
0.15425,102.69,0.10017
0.154268,102.756,0.0662636
0.1545,102.856,0.10017
0.154518,102.922,0.0662636
0.15475,103.022,0.10017
0.154768,103.089,0.0662636
0.155,103.189,0.10017
0.155018,103.255,0.0662636
0.15525,103.355,0.10017
0.155268,103.422,0.0662636
0.1555,103.522,0.10017
0.155518,103.588,0.0662636
0.15575,103.688,0.10017
0.155768,103.754,0.0662636
0.156,103.855,0.10017
0.156018,103.921,0.0662636
0.15625,104.021,0.10017
0.156268,104.087,0.0662636
0.1565,104.188,0.10017
0.156518,104.254,0.0662636
0.15675,104.354,0.10017
0.156768,104.42,0.0662636
0.157,104.52,0.10017
0.157018,104.587,0.0662636
0.15725,104.687,0.10017
0.157268,104.753,0.0662636
0.1575,104.853,0.10017
0.157518,104.92,0.0662636
0.15775,105.02,0.10017
0.157768,105.086,0.0662636
0.158,105.186,0.10017
0.158018,105.252,0.0662636
0.15825,105.353,0.10017
0.158268,105.419,0.0662636
0.1585,105.519,0.10017
0.158518,105.585,0.0662636
0.15875,105.685,0.10017
0.158768,105.752,0.0662636
0.159,105.852,0.10017
0.159018,105.918,0.0662636
0.15925,106.018,0.10017
0.159268,106.085,0.0662636
0.1595,106.185,0.10017
0.159518,106.251,0.0662636
0.15975,106.351,0.10017
0.159768,106.417,0.0662636
0.16,106.518,0.10017
0.160018,106.584,0.0662636
0.16025,106.684,0.10017
0.160268,106.75,0.0662636
0.1605,106.85,0.10017
0.160518,106.917,0.0662636
0.16075,107.017,0.10017
0.160768,107.083,0.0662636
0.161,107.183,0.10017
0.161018,107.25,0.0662636
0.16125,107.35,0.10017
0.161268,107.416,0.0662636
0.1615,107.516,0.10017
0.161518,107.582,0.0662636
0.16175,107.683,0.10017
0.161768,107.749,0.0662636
0.162,107.849,0.10017
0.162018,107.915,0.0662636
0.16225,108.016,0.10017
0.162268,108.082,0.0662636
0.1625,108.182,0.10017
0.162518,108.248,0.0662636
0.16275,108.348,0.10017
0.162768,108.415,0.0662636
0.163,108.515,0.10017
0.163018,108.581,0.0662636
0.16325,108.681,0.10017
0.163268,108.748,0.0662636
0.1635,108.848,0.10017
0.163518,108.914,0.0662636
0.16375,109.014,0.10017
0.163768,109.08,0.0662636
0.164,109.181,0.10017
0.164018,109.247,0.0662636
0.16425,109.347,0.10017
0.164268,109.413,0.0662636
0.1645,109.513,0.10017
0.164518,109.58,0.0662636
0.16475,109.68,0.10017
0.164768,109.746,0.0662636
0.165,109.846,0.10017
0.165018,109.913,0.0662636
0.16525,110.013,0.10017
0.165268,110.079,0.0662636
0.1655,110.179,0.10017
0.165518,110.245,0.0662636
0.16575,110.346,0.10017
0.165768,110.412,0.0662636
0.166,110.512,0.10017
0.166018,110.578,0.0662636
0.16625,110.678,0.10017
0.166268,110.745,0.0662636
0.1665,110.845,0.10017
0.166518,110.911,0.0662636
0.16675,111.011,0.10017
0.166768,111.078,0.0662636
0.167,111.178,0.10017
0.167018,111.244,0.0662636
0.16725,111.344,0.10017
0.167268,111.41,0.0662636
0.1675,111.511,0.10017
0.167518,111.577,0.0662636
0.16775,111.677,0.10017
0.167768,111.743,0.0662636
0.168,111.843,0.10017
0.168018,111.91,0.0662636
0.16825,112.01,0.10017
0.168268,112.076,0.0662636
0.1685,112.176,0.10017
0.168518,112.243,0.0662636
0.16875,112.343,0.10017
0.168768,112.409,0.0662636
0.169,112.509,0.10017
0.169018,112.575,0.0662636
0.16925,112.676,0.10017
0.169268,112.742,0.0662636
0.1695,112.842,0.10017
0.169518,112.908,0.0662636
0.16975,113.009,0.10017
0.169768,113.075,0.0662636
0.17,113.175,0.10017
0.170018,113.241,0.0662636
0.17025,113.341,0.10017
0.170268,113.408,0.0662636
0.1705,113.508,0.10017
0.170518,113.574,0.0662636
0.17075,113.674,0.10017
0.170768,113.741,0.0662636
0.171,113.841,0.10017
0.171018,113.907,0.0662636
0.17125,114.007,0.10017
0.171268,114.073,0.0662636
0.1715,114.174,0.10017
0.171518,114.24,0.0662636
0.17175,114.34,0.10017
0.171768,114.406,0.0662636
0.172,114.506,0.10017
0.172018,114.573,0.0662636
0.17225,114.673,0.10017
0.172268,114.739,0.0662636
0.1725,114.839,0.10017
0.172518,114.906,0.0662636
0.17275,115.006,0.10017
0.172768,115.072,0.0662636
0.173,115.172,0.10017
0.173018,115.238,0.0662636
0.17325,115.339,0.10017
0.173268,115.405,0.0662636
0.1735,115.505,0.10017
0.173518,115.571,0.0662636
0.17375,115.671,0.10017
0.173768,115.738,0.0662636
0.174,115.838,0.10017
0.174018,115.904,0.0662636
0.17425,116.004,0.10017
0.174268,116.071,0.0662636
0.1745,116.171,0.10017
0.174518,116.237,0.0662636
0.17475,116.337,0.10017
0.174768,116.403,0.0662636
0.175,116.504,0.10017
0.175018,116.57,0.0662636
0.17525,116.67,0.10017
0.175268,116.736,0.0662636
0.1755,116.836,0.10017
0.175518,116.903,0.0662636
0.17575,117.003,0.10017
0.175768,117.069,0.0662636
0.176,117.169,0.10017
0.176018,117.236,0.0662636
0.17625,117.336,0.10017
0.176268,117.402,0.0662636
0.1765,117.502,0.10017
0.176518,117.568,0.0662636
0.17675,117.669,0.10017
0.176768,117.735,0.0662636
0.177,117.835,0.10017
0.177018,117.901,0.0662636
0.17725,118.002,0.10017
0.177268,118.068,0.0662636
0.1775,118.168,0.10017
0.177518,118.234,0.0662636
0.17775,118.334,0.10017
0.177768,118.401,0.0662636
0.178,118.501,0.10017
0.178018,118.567,0.0662636
0.17825,118.667,0.10017
0.178268,118.734,0.0662636
0.1785,118.834,0.10017
0.178518,118.9,0.0662636
0.17875,119,0.10017
0.178768,119.066,0.0662636
0.179,119.167,0.10017
0.179018,119.233,0.0662636
0.17925,119.333,0.10017
0.179268,119.399,0.0662636
0.1795,119.499,0.10017
0.179518,119.566,0.0662636
0.17975,119.666,0.10017
0.179768,119.732,0.0662636
0.18,119.832,0.10017
0.180018,119.899,0.0662636
0.18025,119.999,0.10017
0.180268,120.065,0.0662636
0.1805,120.165,0.10017
0.180518,120.231,0.0662636
0.18075,120.332,0.10017
0.180768,120.398,0.0662636
0.181,120.498,0.10017
0.181018,120.564,0.0662636
0.18125,120.664,0.10017
0.181268,120.731,0.0662636
0.1815,120.831,0.10017
0.181518,120.897,0.0662636
0.18175,120.997,0.10017
0.181768,121.064,0.0662636
0.182,121.164,0.10017
0.182018,121.23,0.0662636
0.18225,121.33,0.10017
0.182268,121.396,0.0662636
0.1825,121.497,0.10017
0.182518,121.563,0.0662636
0.18275,121.663,0.10017
0.182768,121.729,0.0662636
0.183,121.83,0.10017
0.183018,121.896,0.0662636
0.18325,121.996,0.10017
0.183268,122.062,0.0662636
0.1835,122.162,0.10017
0.183518,122.229,0.0662636
0.18375,122.329,0.10017
0.183768,122.395,0.0662636
0.184,122.495,0.10017
0.184018,122.562,0.0662636
0.18425,122.662,0.10017
0.184268,122.728,0.0662636
0.1845,122.828,0.10017
0.184518,122.894,0.0662636
0.18475,122.995,0.10017
0.184768,123.061,0.0662636
0.185,123.161,0.10017
0.185018,123.227,0.0662636
0.18525,123.327,0.10017
0.185268,123.394,0.0662636
0.1855,123.494,0.10017
0.185518,123.56,0.0662636
0.18575,123.66,0.10017
0.185768,123.727,0.0662636
0.186,123.827,0.10017
0.186018,123.893,0.0662636
0.18625,123.993,0.10017
0.186268,124.059,0.0662636
0.1865,124.16,0.10017
0.186518,124.226,0.0662636
0.18675,124.326,0.10017
0.186768,124.392,0.0662636
0.187,124.492,0.10017
0.187018,124.559,0.0662636
0.18725,124.659,0.10017
0.187268,124.725,0.0662636
0.1875,124.825,0.10017
0.187518,124.892,0.0662636
0.18775,124.992,0.10017
0.187768,125.058,0.0662636
0.188,125.158,0.10017
0.188018,125.224,0.0662636
0.18825,125.325,0.10017
0.188268,125.391,0.0662636
0.1885,125.491,0.10017
0.188518,125.557,0.0662636
0.18875,125.657,0.10017
0.188768,125.724,0.0662636
0.189,125.824,0.10017
0.189018,125.89,0.0662636
0.18925,125.99,0.10017
0.189268,126.057,0.0662636
0.1895,126.157,0.10017
0.189518,126.223,0.0662636
0.18975,126.323,0.10017
0.189768,126.389,0.0662636
0.19,126.49,0.10017
0.190018,126.556,0.0662636
0.19025,126.656,0.10017
0.190268,126.722,0.0662636
0.1905,126.823,0.10017
0.190518,126.889,0.0662636
0.19075,126.989,0.10017
0.190768,127.055,0.0662636
0.191,127.155,0.10017
0.191018,127.222,0.0662636
0.19125,127.322,0.10017
0.191268,127.388,0.0662636
0.1915,127.488,0.10017
0.191518,127.555,0.0662636
0.19175,127.655,0.10017
0.191768,127.721,0.0662636
0.192,127.821,0.10017
0.192018,127.887,0.0662636
0.19225,127.988,0.10017
0.192268,128.054,0.0662636
0.1925,128.154,0.10017
0.192518,128.22,0.0662636
0.19275,128.32,0.10017
0.192768,128.387,0.0662636
0.193,128.487,0.10017
0.193018,128.553,0.0662636
0.19325,128.653,0.10017
0.193268,128.72,0.0662636
0.1935,128.82,0.10017
0.193518,128.886,0.0662636
0.19375,128.986,0.10017
0.193768,129.052,0.0662636
0.194,129.153,0.10017
0.194018,129.219,0.0662636
0.19425,129.319,0.10017
0.194268,129.385,0.0662636
0.1945,129.485,0.10017
0.194518,129.552,0.0662636
0.19475,129.652,0.10017
0.194768,129.718,0.0662636
0.195,129.818,0.10017
0.195018,129.885,0.0662636
0.19525,129.985,0.10017
0.195268,130.051,0.0662636
0.1955,130.151,0.10017
0.195518,130.217,0.0662636
0.19575,130.318,0.10017
0.195768,130.384,0.0662636
0.196,130.484,0.10017
0.196018,130.55,0.0662636
0.19625,130.65,0.10017
0.196268,130.717,0.0662636
0.1965,130.817,0.10017
0.196518,130.883,0.0662636
0.19675,130.983,0.10017
0.196768,131.05,0.0662636
0.197,131.15,0.10017
0.197018,131.216,0.0662636
0.19725,131.316,0.10017
0.197268,131.382,0.0662636
0.1975,131.483,0.10017
0.197518,131.549,0.0662636
0.19775,131.649,0.10017
0.197768,131.715,0.0662636
0.198,131.816,0.10017
0.198018,131.882,0.0662636
0.19825,131.982,0.10017
0.198268,132.048,0.0662636
0.1985,132.148,0.10017
0.198518,132.215,0.0662636
0.19875,132.315,0.10017
0.198768,132.381,0.0662636
0.199,132.481,0.10017
0.199018,132.548,0.0662636
0.19925,132.648,0.10017
0.199268,132.714,0.0662636
0.1995,132.814,0.10017
0.199518,132.88,0.0662636
0.19975,132.981,0.10017
0.199768,133.047,0.0662636
0.2,133.147,0.10017
0.200018,133.213,0.0662636
0.20025,133.313,0.10017
0.200268,133.38,0.0662636
0.2005,133.48,0.10017
0.200518,133.546,0.0662636
0.20075,133.646,0.10017
0.200768,133.713,0.0662636
0.201,133.813,0.10017
0.201018,133.879,0.0662636
0.20125,133.979,0.10017
0.201268,134.045,0.0662636
0.2015,134.146,0.10017
0.201518,134.212,0.0662636
0.20175,134.312,0.10017
0.201768,134.378,0.0662636
0.202,134.478,0.10017
0.202018,134.545,0.0662636
0.20225,134.645,0.10017
0.202268,134.711,0.0662636
0.2025,134.811,0.10017
0.202518,134.878,0.0662636
0.20275,134.978,0.10017
0.202768,135.044,0.0662636
0.203,135.144,0.10017
0.203018,135.21,0.0662636
0.20325,135.311,0.10017
0.203268,135.377,0.0662636
0.2035,135.477,0.10017
0.203518,135.543,0.0662636
0.20375,135.644,0.10017
0.203768,135.71,0.0662636
0.204,135.81,0.10017
0.204018,135.876,0.0662636
0.20425,135.976,0.10017
0.204268,136.043,0.0662636
0.2045,136.143,0.10017
0.204518,136.209,0.0662636
0.20475,136.309,0.10017
0.204768,136.376,0.0662636
0.205,136.476,0.10017
0.205018,136.542,0.0662636
0.20525,136.642,0.10017
0.205268,136.708,0.0662636
0.2055,136.809,0.10017
0.205518,136.875,0.0662636
0.20575,136.975,0.10017
0.205768,137.041,0.0662636
0.206,137.141,0.10017
0.206018,137.208,0.0662636
0.20625,137.308,0.10017
0.206268,137.374,0.0662636
0.2065,137.474,0.10017
0.206518,137.541,0.0662636
0.20675,137.641,0.10017
0.206768,137.707,0.0662636
0.207,137.807,0.10017
0.207018,137.873,0.0662636
0.20725,137.974,0.10017
0.207268,138.04,0.0662636
0.2075,138.14,0.10017
0.207518,138.206,0.0662636
0.20775,138.306,0.10017
0.207768,138.373,0.0662636
0.208,138.473,0.10017
0.208018,138.539,0.0662636
0.20825,138.639,0.10017
0.208268,138.706,0.0662636
0.2085,138.806,0.10017
0.208518,138.872,0.0662636
0.20875,138.972,0.10017
0.208768,139.038,0.0662636
0.209,139.139,0.10017
0.209018,139.205,0.0662636
0.20925,139.305,0.10017
0.209268,139.371,0.0662636
0.2095,139.471,0.10017
0.209518,139.538,0.0662636
0.20975,139.638,0.10017
0.209768,139.704,0.0662636
0.21,139.804,0.10017
0.210018,139.871,0.0662636
0.21025,139.971,0.10017
0.210268,140.037,0.0662636
0.2105,140.137,0.10017
0.210518,140.203,0.0662636
0.21075,140.304,0.10017
0.210768,140.37,0.0662636
0.211,140.47,0.10017
0.211018,140.536,0.0662636
0.21125,140.637,0.10017
0.211268,140.703,0.0662636
0.2115,140.803,0.10017
0.211518,140.869,0.0662636
0.21175,140.969,0.10017
0.211768,141.036,0.0662636
0.212,141.136,0.10017
0.212018,141.202,0.0662636
0.21225,141.302,0.10017
0.212268,141.369,0.0662636
0.2125,141.469,0.10017
0.212518,141.535,0.0662636
0.21275,141.635,0.10017
0.212768,141.701,0.0662636
0.213,141.802,0.10017
0.213018,141.868,0.0662636
0.21325,141.968,0.10017
0.213268,142.034,0.0662636
0.2135,142.134,0.10017
0.213518,142.201,0.0662636
0.21375,142.301,0.10017
0.213768,142.367,0.0662636
0.214,142.467,0.10017
0.214018,142.534,0.0662636
0.21425,142.634,0.10017
0.214268,142.7,0.0662636
0.2145,142.8,0.10017
0.214518,142.866,0.0662636
0.21475,142.967,0.10017
0.214768,143.033,0.0662636
0.215,143.133,0.10017
0.215018,143.199,0.0662636
0.21525,143.299,0.10017
0.215268,143.366,0.0662636
0.2155,143.466,0.10017
0.215518,143.532,0.0662636
0.21575,143.632,0.10017
0.215768,143.699,0.0662636
0.216,143.799,0.10017
0.216018,143.865,0.0662636
0.21625,143.965,0.10017
0.216268,144.031,0.0662636
0.2165,144.132,0.10017
0.216518,144.198,0.0662636
0.21675,144.298,0.10017
0.216768,144.364,0.0662636
0.217,144.464,0.10017
0.217018,144.531,0.0662636
0.21725,144.631,0.10017
0.217268,144.697,0.0662636
0.2175,144.797,0.10017
0.217518,144.864,0.0662636
0.21775,144.964,0.10017
0.217768,145.03,0.0662636
0.218,145.13,0.10017
0.218018,145.196,0.0662636
0.21825,145.297,0.10017
0.218268,145.363,0.0662636
0.2185,145.463,0.10017
0.218518,145.529,0.0662636
0.21875,145.63,0.10017
0.218768,145.696,0.0662636
0.219,145.796,0.10017
0.219018,145.862,0.0662636
0.21925,145.962,0.10017
0.219268,146.029,0.0662636
0.2195,146.129,0.10017
0.219518,146.195,0.0662636
0.21975,146.295,0.10017
0.219768,146.362,0.0662636
0.22,146.462,0.10017
0.220018,146.528,0.0662636
0.22025,146.628,0.10017
0.220268,146.694,0.0662636
0.2205,146.795,0.10017
0.220518,146.861,0.0662636
0.22075,146.961,0.10017
0.220768,147.027,0.0662636
0.221,147.127,0.10017
0.221018,147.194,0.0662636
0.22125,147.294,0.10017
0.221268,147.36,0.0662636
0.2215,147.46,0.10017
0.221518,147.527,0.0662636
0.22175,147.627,0.10017
0.221768,147.693,0.0662636
0.222,147.793,0.10017
0.222018,147.859,0.0662636
0.22225,147.96,0.10017
0.222268,148.026,0.0662636
0.2225,148.126,0.10017
0.222518,148.192,0.0662636
0.22275,148.292,0.10017
0.222768,148.359,0.0662636
0.223,148.459,0.10017
0.223018,148.525,0.0662636
0.22325,148.625,0.10017
0.223268,148.692,0.0662636
0.2235,148.792,0.10017
0.223518,148.858,0.0662636
0.22375,148.958,0.10017
0.223768,149.024,0.0662636
0.224,149.125,0.10017
0.224018,149.191,0.0662636
0.22425,149.291,0.10017
0.224268,149.357,0.0662636
0.2245,149.458,0.10017
0.224518,149.524,0.0662636
0.22475,149.624,0.10017
0.224768,149.69,0.0662636
0.225,149.79,0.10017
0.225018,149.857,0.0662636
0.22525,149.957,0.10017
0.225268,150.023,0.0662636
0.2255,150.123,0.10017
0.225518,150.19,0.0662636
0.22575,150.29,0.10017
0.225768,150.356,0.0662636
0.226,150.456,0.10017
0.226018,150.522,0.0662636
0.22625,150.623,0.10017
0.226268,150.689,0.0662636
0.2265,150.789,0.10017
0.226518,150.855,0.0662636
0.22675,150.955,0.10017
0.226768,151.022,0.0662636
0.227,151.122,0.10017
0.227018,151.188,0.0662636
0.22725,151.288,0.10017
0.227268,151.355,0.0662636
0.2275,151.455,0.10017
0.227518,151.521,0.0662636
0.22775,151.621,0.10017
0.227768,151.687,0.0662636
0.228,151.788,0.10017
0.228018,151.854,0.0662636
0.22825,151.954,0.10017
0.228268,152.02,0.0662636
0.2285,152.12,0.10017
0.228518,152.187,0.0662636
0.22875,152.287,0.10017
0.228768,152.353,0.0662636
0.229,152.453,0.10017
0.229018,152.52,0.0662636
0.22925,152.62,0.10017
0.229268,152.686,0.0662636
0.2295,152.786,0.10017
0.229518,152.852,0.0662636
0.22975,152.953,0.10017
0.229768,153.019,0.0662636
0.23,153.119,0.10017
0.230018,153.185,0.0662636
0.23025,153.285,0.10017
0.230268,153.352,0.0662636
0.2305,153.452,0.10017
0.230518,153.518,0.0662636
0.23075,153.618,0.10017
0.230768,153.685,0.0662636
0.231,153.785,0.10017
0.231018,153.851,0.0662636
0.23125,153.951,0.10017
0.231268,154.017,0.0662636
0.2315,154.118,0.10017
0.231518,154.184,0.0662636
0.23175,154.284,0.10017
0.231768,154.35,0.0662636
0.232,154.451,0.10017
0.232018,154.517,0.0662636
0.23225,154.617,0.10017
0.232268,154.683,0.0662636
0.2325,154.783,0.10017
0.232518,154.85,0.0662636
0.23275,154.95,0.10017
0.232768,155.016,0.0662636
0.233,155.116,0.10017
0.233018,155.183,0.0662636
0.23325,155.283,0.10017
0.233268,155.349,0.0662636
0.2335,155.449,0.10017
0.233518,155.515,0.0662636
0.23375,155.616,0.10017
0.233768,155.682,0.0662636
0.234,155.782,0.10017
0.234018,155.848,0.0662636
0.23425,155.948,0.10017
0.234268,156.015,0.0662636
0.2345,156.115,0.10017
0.234518,156.181,0.0662636
0.23475,156.281,0.10017
0.234768,156.348,0.0662636
0.235,156.448,0.10017
0.235018,156.514,0.0662636
0.23525,156.614,0.10017
0.235268,156.68,0.0662636
0.2355,156.781,0.10017
0.235518,156.847,0.0662636
0.23575,156.947,0.10017
0.235768,157.013,0.0662636
0.236,157.113,0.10017
0.236018,157.18,0.0662636
0.23625,157.28,0.10017
0.236268,157.346,0.0662636
0.2365,157.446,0.10017
0.236518,157.513,0.0662636
0.23675,157.613,0.10017
0.236768,157.679,0.0662636
0.237,157.779,0.10017
0.237018,157.845,0.0662636
0.23725,157.946,0.10017
0.237268,158.012,0.0662636
0.2375,158.112,0.10017
0.237518,158.178,0.0662636
0.23775,158.278,0.10017
0.237768,158.345,0.0662636
0.238,158.445,0.10017
0.238018,158.511,0.0662636
0.23825,158.611,0.10017
0.238268,158.678,0.0662636
0.2385,158.778,0.10017
0.238518,158.844,0.0662636
0.23875,158.944,0.10017
0.238768,159.01,0.0662636
0.239,159.111,0.10017
0.239018,159.177,0.0662636
0.23925,159.277,0.10017
0.239268,159.343,0.0662636
0.2395,159.444,0.10017
0.239518,159.51,0.0662636
0.23975,159.61,0.10017
0.239768,159.676,0.0662636
0.24,159.776,0.10017
0.240018,159.843,0.0662636
0.24025,159.943,0.10017
0.240268,160.009,0.0662636
0.2405,160.109,0.10017
0.240518,160.176,0.0662636
0.24075,160.276,0.10017
0.240768,160.342,0.0662636
0.241,160.442,0.10017
0.241018,160.508,0.0662636
0.24125,160.609,0.10017
0.241268,160.675,0.0662636
0.2415,160.775,0.10017
0.241518,160.841,0.0662636
0.24175,160.941,0.10017
0.241768,161.008,0.0662636
0.242,161.108,0.10017
0.242018,161.174,0.0662636
0.24225,161.274,0.10017
0.242268,161.341,0.0662636
0.2425,161.441,0.10017
0.242518,161.507,0.0662636
0.24275,161.607,0.10017
0.242768,161.673,0.0662636
0.243,161.774,0.10017
0.243018,161.84,0.0662636
0.24325,161.94,0.10017
0.243268,162.006,0.0662636
0.2435,162.106,0.10017
0.243518,162.173,0.0662636
0.24375,162.273,0.10017
0.243768,162.339,0.0662636
0.244,162.439,0.10017
0.244018,162.506,0.0662636
0.24425,162.606,0.10017
0.244268,162.672,0.0662636
0.2445,162.772,0.10017
0.244518,162.838,0.0662636
0.24475,162.939,0.10017
0.244768,163.005,0.0662636
0.245,163.105,0.10017
0.245018,163.171,0.0662636
0.24525,163.272,0.10017
0.245268,163.338,0.0662636
0.2455,163.438,0.10017
0.245518,163.504,0.0662636
0.24575,163.604,0.10017
0.245768,163.671,0.0662636
0.246,163.771,0.10017
0.246018,163.837,0.0662636
0.24625,163.937,0.10017
0.246268,164.004,0.0662636
0.2465,164.104,0.10017
0.246518,164.17,0.0662636
0.24675,164.27,0.10017
0.246768,164.336,0.0662636
0.247,164.437,0.10017
0.247018,164.503,0.0662636
0.24725,164.603,0.10017
0.247268,164.669,0.0662636
0.2475,164.769,0.10017
0.247518,164.836,0.0662636
0.24775,164.936,0.10017
0.247768,165.002,0.0662636
0.248,165.102,0.10017
0.248018,165.169,0.0662636
0.24825,165.269,0.10017
0.248268,165.335,0.0662636
0.2485,165.435,0.10017
0.248518,165.501,0.0662636
0.24875,165.602,0.10017
0.248768,165.668,0.0662636
0.249,165.768,0.10017
0.249018,165.834,0.0662636
0.24925,165.934,0.10017
0.249268,166.001,0.0662636
0.2495,166.101,0.10017
0.249518,166.167,0.0662636
0.24975,166.267,0.10017
0.249768,166.334,0.0662636
0.25,166.434,0.10017
0.250018,166.5,0.0662636
0.25025,166.6,0.10017
0.250268,166.666,0.0662636
0.2505,166.767,0.10017
0.250518,166.833,0.0662636
0.25075,166.933,0.10017
0.250768,166.999,0.0662636
0.251,167.099,0.10017
0.251018,167.166,0.0662636
0.25125,167.266,0.10017
0.251268,167.332,0.0662636
0.2515,167.432,0.10017
0.251518,167.499,0.0662636
0.25175,167.599,0.10017
0.251768,167.665,0.0662636
0.252,167.765,0.10017
0.252018,167.831,0.0662636
0.25225,167.932,0.10017
0.252268,167.998,0.0662636
0.2525,168.098,0.10017
0.252518,168.164,0.0662636
0.25275,168.265,0.10017
0.252768,168.331,0.0662636
0.253,168.431,0.10017
0.253018,168.497,0.0662636
0.25325,168.597,0.10017
0.253268,168.664,0.0662636
0.2535,168.764,0.10017
0.253518,168.83,0.0662636
0.25375,168.93,0.10017
0.253768,168.997,0.0662636
0.254,169.097,0.10017
0.254018,169.163,0.0662636
0.25425,169.263,0.10017
0.254268,169.329,0.0662636
0.2545,169.43,0.10017
0.254518,169.496,0.0662636
0.25475,169.596,0.10017
0.254768,169.662,0.0662636
0.255,169.762,0.10017
0.255018,169.829,0.0662636
0.25525,169.929,0.10017
0.255268,169.995,0.0662636
0.2555,170.095,0.10017
0.255518,170.162,0.0662636
0.25575,170.262,0.10017
0.255768,170.328,0.0662636
0.256,170.428,0.10017
0.256018,170.494,0.0662636
0.25625,170.595,0.10017
0.256268,170.661,0.0662636
0.2565,170.761,0.10017
0.256518,170.827,0.0662636
0.25675,170.927,0.10017
0.256768,170.994,0.0662636
0.257,171.094,0.10017
0.257018,171.16,0.0662636
0.25725,171.26,0.10017
0.257268,171.327,0.0662636
0.2575,171.427,0.10017
0.257518,171.493,0.0662636
0.25775,171.593,0.10017
0.257768,171.659,0.0662636
0.258,171.76,0.10017
0.258018,171.826,0.0662636
0.25825,171.926,0.10017
0.258268,171.992,0.0662636
0.2585,172.092,0.10017
0.258518,172.159,0.0662636
0.25875,172.259,0.10017
0.258768,172.325,0.0662636
0.259,172.425,0.10017
0.259018,172.492,0.0662636
0.25925,172.592,0.10017
0.259268,172.658,0.0662636
0.2595,172.758,0.10017
0.259518,172.824,0.0662636
0.25975,172.925,0.10017
0.259768,172.991,0.0662636
0.26,173.091,0.10017
0.260018,173.157,0.0662636
0.26025,173.258,0.10017
0.260268,173.324,0.0662636
0.2605,173.424,0.10017
0.260518,173.49,0.0662636
0.26075,173.59,0.10017
0.260768,173.657,0.0662636
0.261,173.757,0.10017
0.261018,173.823,0.0662636
0.26125,173.923,0.10017
0.261268,173.99,0.0662636
0.2615,174.09,0.10017
0.261518,174.156,0.0662636
0.26175,174.256,0.10017
0.261768,174.322,0.0662636
0.262,174.423,0.10017
0.262018,174.489,0.0662636
0.26225,174.589,0.10017
0.262268,174.655,0.0662636
0.2625,174.755,0.10017
0.262518,174.822,0.0662636
0.26275,174.922,0.10017
0.262768,174.988,0.0662636
0.263,175.088,0.10017
0.263018,175.155,0.0662636
0.26325,175.255,0.10017
0.263268,175.321,0.0662636
0.2635,175.421,0.10017
0.263518,175.487,0.0662636
0.26375,175.588,0.10017
0.263768,175.654,0.0662636
0.264,175.754,0.10017
0.264018,175.82,0.0662636
0.26425,175.92,0.10017
0.264268,175.987,0.0662636
0.2645,176.087,0.10017
0.264518,176.153,0.0662636
0.26475,176.253,0.10017
0.264768,176.32,0.0662636
0.265,176.42,0.10017
0.265018,176.486,0.0662636
0.26525,176.586,0.10017
0.265268,176.652,0.0662636
0.2655,176.753,0.10017
0.265518,176.819,0.0662636
0.26575,176.919,0.10017
0.265768,176.985,0.0662636
0.266,177.086,0.10017
0.266018,177.152,0.0662636
0.26625,177.252,0.10017
0.266268,177.318,0.0662636
0.2665,177.418,0.10017
0.266518,177.485,0.0662636
0.26675,177.585,0.10017
0.266768,177.651,0.0662636
0.267,177.751,0.10017
0.267018,177.818,0.0662636
0.26725,177.918,0.10017
0.267268,177.984,0.0662636
0.2675,178.084,0.10017
0.267518,178.15,0.0662636
0.26775,178.251,0.10017
0.267768,178.317,0.0662636
0.268,178.417,0.10017
0.268018,178.483,0.0662636
0.26825,178.583,0.10017
0.268268,178.65,0.0662636
0.2685,178.75,0.10017
0.268518,178.816,0.0662636
0.26875,178.916,0.10017
0.268768,178.983,0.0662636
0.269,179.083,0.10017
0.269018,179.149,0.0662636
0.26925,179.249,0.10017
0.269268,179.315,0.0662636
0.2695,179.416,0.10017
0.269518,179.482,0.0662636
0.26975,179.582,0.10017
0.269768,179.648,0.0662636
0.27,179.748,0.10017
0.270018,179.815,0.0662636
0.27025,179.915,0.10017
0.270268,179.981,0.0662636
0.2705,180.081,0.10017
0.270518,180.148,0.0662636
0.27075,180.248,0.10017
0.270768,180.314,0.0662636
0.271,180.414,0.10017
0.271018,180.48,0.0662636
0.27125,180.581,0.10017
0.271268,180.647,0.0662636
0.2715,180.747,0.10017
0.271518,180.813,0.0662636
0.27175,180.913,0.10017
0.271768,180.98,0.0662636
0.272,181.08,0.10017
0.272018,181.146,0.0662636
0.27225,181.246,0.10017
0.272268,181.313,0.0662636
0.2725,181.413,0.10017
0.272518,181.479,0.0662636
0.27275,181.579,0.10017
0.272768,181.645,0.0662636
0.273,181.746,0.10017
0.273018,181.812,0.0662636
0.27325,181.912,0.10017
0.273268,181.978,0.0662636
0.2735,182.079,0.10017
0.273518,182.145,0.0662636
0.27375,182.245,0.10017
0.273768,182.311,0.0662636
0.274,182.411,0.10017
0.274018,182.478,0.0662636
0.27425,182.578,0.10017
0.274268,182.644,0.0662636
0.2745,182.744,0.10017
0.274518,182.811,0.0662636
0.27475,182.911,0.10017
0.274768,182.977,0.0662636
0.275,183.077,0.10017
0.275018,183.143,0.0662636
0.27525,183.244,0.10017
0.275268,183.31,0.0662636
0.2755,183.41,0.10017
0.275518,183.476,0.0662636
0.27575,183.576,0.10017
0.275768,183.643,0.0662636
0.276,183.743,0.10017
0.276018,183.809,0.0662636
0.27625,183.909,0.10017
0.276268,183.976,0.0662636
0.2765,184.076,0.10017
0.276518,184.142,0.0662636
0.27675,184.242,0.10017
0.276768,184.308,0.0662636
0.277,184.409,0.10017
0.277018,184.475,0.0662636
0.27725,184.575,0.10017
0.277268,184.641,0.0662636
0.2775,184.741,0.10017
0.277518,184.808,0.0662636
0.27775,184.908,0.10017
0.277768,184.974,0.0662636
0.278,185.074,0.10017
0.278018,185.141,0.0662636
0.27825,185.241,0.10017
0.278268,185.307,0.0662636
0.2785,185.407,0.10017
0.278518,185.473,0.0662636
0.27875,185.574,0.10017
0.278768,185.64,0.0662636
0.279,185.74,0.10017
0.279018,185.806,0.0662636
0.27925,185.907,0.10017
0.279268,185.973,0.0662636
0.2795,186.073,0.10017
0.279518,186.139,0.0662636
0.27975,186.239,0.10017
0.279768,186.306,0.0662636
0.28,186.406,0.10017
0.280018,186.472,0.0662636
0.28025,186.572,0.10017
0.280268,186.638,0.0662636
0.2805,186.739,0.10017
0.280518,186.805,0.0662636
0.28075,186.905,0.10017
0.280768,186.971,0.0662636
0.281,187.072,0.10017
0.281018,187.138,0.0662636
0.28125,187.238,0.10017
0.281268,187.304,0.0662636
0.2815,187.404,0.10017
0.281518,187.471,0.0662636
0.28175,187.571,0.10017
0.281768,187.637,0.0662636
0.282,187.737,0.10017
0.282018,187.804,0.0662636
0.28225,187.904,0.10017
0.282268,187.97,0.0662636
0.2825,188.07,0.10017
0.282518,188.136,0.0662636
0.28275,188.237,0.10017
0.282768,188.303,0.0662636
0.283,188.403,0.10017
0.283018,188.469,0.0662636
0.28325,188.569,0.10017
0.283268,188.636,0.0662636
0.2835,188.736,0.10017
0.283518,188.802,0.0662636
0.28375,188.902,0.10017
0.283768,188.969,0.0662636
0.284,189.069,0.10017
0.284018,189.135,0.0662636
0.28425,189.235,0.10017
0.284268,189.301,0.0662636
0.2845,189.402,0.10017
0.284518,189.468,0.0662636
0.28475,189.568,0.10017
0.284768,189.634,0.0662636
0.285,189.734,0.10017
0.285018,189.801,0.0662636
0.28525,189.901,0.10017
0.285268,189.967,0.0662636
0.2855,190.067,0.10017
0.285518,190.134,0.0662636
0.28575,190.234,0.10017
0.285768,190.3,0.0662636
0.286,190.4,0.10017
0.286018,190.466,0.0662636
0.28625,190.567,0.10017
0.286268,190.633,0.0662636
0.2865,190.733,0.10017
0.286518,190.799,0.0662636
0.28675,190.9,0.10017
0.286768,190.966,0.0662636
0.287,191.066,0.10017
0.287018,191.132,0.0662636
0.28725,191.232,0.10017
0.287268,191.299,0.0662636
0.2875,191.399,0.10017
0.287518,191.465,0.0662636
0.28775,191.565,0.10017
0.287768,191.632,0.0662636
0.288,191.732,0.10017
0.288018,191.798,0.0662636
0.28825,191.898,0.10017
0.288268,191.964,0.0662636
0.2885,192.065,0.10017
0.288518,192.131,0.0662636
0.28875,192.231,0.10017
0.288768,192.297,0.0662636
0.289,192.397,0.10017
0.289018,192.464,0.0662636
0.28925,192.564,0.10017
0.289268,192.63,0.0662636
0.2895,192.73,0.10017
0.289518,192.797,0.0662636
0.28975,192.897,0.10017
0.289768,192.963,0.0662636
0.29,193.063,0.10017
0.290018,193.129,0.0662636
0.29025,193.23,0.10017
0.290268,193.296,0.0662636
0.2905,193.396,0.10017
0.290518,193.462,0.0662636
0.29075,193.562,0.10017
0.290768,193.629,0.0662636
0.291,193.729,0.10017
0.291018,193.795,0.0662636
0.29125,193.895,0.10017
0.291268,193.962,0.0662636
0.2915,194.062,0.10017
0.291518,194.128,0.0662636
0.29175,194.228,0.10017
0.291768,194.294,0.0662636
0.292,194.395,0.10017
0.292018,194.461,0.0662636
0.29225,194.561,0.10017
0.292268,194.627,0.0662636
0.2925,194.727,0.10017
0.292518,194.794,0.0662636
0.29275,194.894,0.10017
0.292768,194.96,0.0662636
0.293,195.06,0.10017
0.293018,195.127,0.0662636
0.29325,195.227,0.10017
0.293268,195.293,0.0662636
0.2935,195.393,0.10017
0.293518,195.459,0.0662636
0.29375,195.56,0.10017
0.293768,195.626,0.0662636
0.294,195.726,0.10017
0.294018,195.792,0.0662636
0.29425,195.893,0.10017
0.294268,195.959,0.0662636
0.2945,196.059,0.10017
0.294518,196.125,0.0662636
0.29475,196.225,0.10017
0.294768,196.292,0.0662636
0.295,196.392,0.10017
0.295018,196.458,0.0662636
0.29525,196.558,0.10017
0.295268,196.625,0.0662636
0.2955,196.725,0.10017
0.295518,196.791,0.0662636
0.29575,196.891,0.10017
0.295768,196.957,0.0662636
0.296,197.058,0.10017
0.296018,197.124,0.0662636
0.29625,197.224,0.10017
0.296268,197.29,0.0662636
0.2965,197.39,0.10017
0.296518,197.457,0.0662636
0.29675,197.557,0.10017
0.296768,197.623,0.0662636
0.297,197.723,0.10017
0.297018,197.79,0.0662636
0.29725,197.89,0.10017
0.297268,197.956,0.0662636
0.2975,198.056,0.10017
0.297518,198.122,0.0662636
0.29775,198.223,0.10017
0.297768,198.289,0.0662636
0.298,198.389,0.10017
0.298018,198.455,0.0662636
0.29825,198.555,0.10017
0.298268,198.622,0.0662636
0.2985,198.722,0.10017
0.298518,198.788,0.0662636
0.29875,198.888,0.10017
0.298768,198.955,0.0662636
0.299,199.055,0.10017
0.299018,199.121,0.0662636
0.29925,199.221,0.10017
0.299268,199.287,0.0662636
0.2995,199.388,0.10017
0.299518,199.454,0.0662636
0.29975,199.554,0.10017
0.299768,199.62,0.0662636
0.3,199.721,0.10017
0.300018,199.787,0.0662636
0.30025,199.887,0.10017
0.300268,199.953,0.0662636
0.3005,200.053,0.10017
0.300518,200.12,0.0662636
0.30075,200.22,0.10017
0.300768,200.286,0.0662636
0.301,200.386,0.10017
0.301018,200.453,0.0662636
0.30125,200.553,0.10017
0.301268,200.619,0.0662636
0.3015,200.719,0.10017
0.301518,200.785,0.0662636
0.30175,200.886,0.10017
0.301768,200.952,0.0662636
0.302,201.052,0.10017
0.302018,201.118,0.0662636
0.30225,201.218,0.10017
0.302268,201.285,0.0662636
0.3025,201.385,0.10017
0.302518,201.451,0.0662636
0.30275,201.551,0.10017
0.302768,201.618,0.0662636
0.303,201.718,0.10017
0.303018,201.784,0.0662636
0.30325,201.884,0.10017
0.303268,201.95,0.0662636
0.3035,202.051,0.10017
0.303518,202.117,0.0662636
0.30375,202.217,0.10017
0.303768,202.283,0.0662636
0.304,202.383,0.10017
0.304018,202.45,0.0662636
0.30425,202.55,0.10017
0.304268,202.616,0.0662636
0.3045,202.716,0.10017
0.304518,202.783,0.0662636
0.30475,202.883,0.10017
0.304768,202.949,0.0662636
0.305,203.049,0.10017
0.305018,203.115,0.0662636
0.30525,203.216,0.10017
0.305268,203.282,0.0662636
0.3055,203.382,0.10017
0.305518,203.448,0.0662636
0.30575,203.548,0.10017
0.305768,203.615,0.0662636
0.306,203.715,0.10017
0.306018,203.781,0.0662636
0.30625,203.881,0.10017
0.306268,203.948,0.0662636
0.3065,204.048,0.10017
0.306518,204.114,0.0662636
0.30675,204.214,0.10017
0.306768,204.28,0.0662636
0.307,204.381,0.10017
0.307018,204.447,0.0662636
0.30725,204.547,0.10017
0.307268,204.613,0.0662636
0.3075,204.714,0.10017
0.307518,204.78,0.0662636
0.30775,204.88,0.10017
0.307768,204.946,0.0662636
0.308,205.046,0.10017
0.308018,205.113,0.0662636
0.30825,205.213,0.10017
0.308268,205.279,0.0662636
0.3085,205.379,0.10017
0.308518,205.446,0.0662636
0.30875,205.546,0.10017
0.308768,205.612,0.0662636
0.309,205.712,0.10017
0.309018,205.778,0.0662636
0.30925,205.879,0.10017
0.309268,205.945,0.0662636
0.3095,206.045,0.10017
0.309518,206.111,0.0662636
0.30975,206.211,0.10017
0.309768,206.278,0.0662636
0.31,206.378,0.10017
0.310018,206.444,0.0662636
0.31025,206.544,0.10017
0.310268,206.611,0.0662636
0.3105,206.711,0.10017
0.310518,206.777,0.0662636
0.31075,206.877,0.10017
0.310768,206.943,0.0662636
0.311,207.044,0.10017
0.311018,207.11,0.0662636
0.31125,207.21,0.10017
0.311268,207.276,0.0662636
0.3115,207.376,0.10017
0.311518,207.443,0.0662636
0.31175,207.543,0.10017
0.311768,207.609,0.0662636
0.312,207.709,0.10017
0.312018,207.776,0.0662636
0.31225,207.876,0.10017
0.312268,207.942,0.0662636
0.3125,208.042,0.10017
0.312518,208.108,0.0662636
0.31275,208.209,0.10017
0.312768,208.275,0.0662636
0.313,208.375,0.10017
0.313018,208.441,0.0662636
0.31325,208.541,0.10017
0.313268,208.608,0.0662636
0.3135,208.708,0.10017
0.313518,208.774,0.0662636
0.31375,208.874,0.10017
0.313768,208.941,0.0662636
0.314,209.041,0.10017
0.314018,209.107,0.0662636
0.31425,209.207,0.10017
0.314268,209.273,0.0662636
0.3145,209.374,0.10017
0.314518,209.44,0.0662636
0.31475,209.54,0.10017
0.314768,209.606,0.0662636
0.315,209.707,0.10017
0.315018,209.773,0.0662636
0.31525,209.873,0.10017
0.315268,209.939,0.0662636
0.3155,210.039,0.10017
0.315518,210.106,0.0662636
0.31575,210.206,0.10017
0.315768,210.272,0.0662636
0.316,210.372,0.10017
0.316018,210.439,0.0662636
0.31625,210.539,0.10017
0.316268,210.605,0.0662636
0.3165,210.705,0.10017
0.316518,210.771,0.0662636
0.31675,210.872,0.10017
0.316768,210.938,0.0662636
0.317,211.038,0.10017
0.317018,211.104,0.0662636
0.31725,211.204,0.10017
0.317268,211.271,0.0662636
0.3175,211.371,0.10017
0.317518,211.437,0.0662636
0.31775,211.537,0.10017
0.317768,211.604,0.0662636
0.318,211.704,0.10017
0.318018,211.77,0.0662636
0.31825,211.87,0.10017
0.318268,211.936,0.0662636
0.3185,212.037,0.10017
0.318518,212.103,0.0662636
0.31875,212.203,0.10017
0.318768,212.269,0.0662636
0.319,212.369,0.10017
0.319018,212.436,0.0662636
0.31925,212.536,0.10017
0.319268,212.602,0.0662636
0.3195,212.702,0.10017
0.319518,212.769,0.0662636
0.31975,212.869,0.10017
0.319768,212.935,0.0662636
0.32,213.035,0.10017
0.320018,213.101,0.0662636
0.32025,213.202,0.10017
0.320268,213.268,0.0662636
0.3205,213.368,0.10017
0.320518,213.434,0.0662636
0.32075,213.535,0.10017
0.320768,213.601,0.0662636
0.321,213.701,0.10017
0.321018,213.767,0.0662636
0.32125,213.867,0.10017
0.321268,213.934,0.0662636
0.3215,214.034,0.10017
0.321518,214.1,0.0662636
0.32175,214.2,0.10017
0.321768,214.267,0.0662636
0.322,214.367,0.10017
0.322018,214.433,0.0662636
0.32225,214.533,0.10017
0.322268,214.599,0.0662636
0.3225,214.7,0.10017
0.322518,214.766,0.0662636
0.32275,214.866,0.10017
0.322768,214.932,0.0662636
0.323,215.032,0.10017
0.323018,215.099,0.0662636
0.32325,215.199,0.10017
0.323268,215.265,0.0662636
0.3235,215.365,0.10017
0.323518,215.432,0.0662636
0.32375,215.532,0.10017
0.323768,215.598,0.0662636
0.324,215.698,0.10017
0.324018,215.764,0.0662636
0.32425,215.865,0.10017
0.324268,215.931,0.0662636
0.3245,216.031,0.10017
0.324518,216.097,0.0662636
0.32475,216.197,0.10017
0.324768,216.264,0.0662636
0.325,216.364,0.10017
0.325018,216.43,0.0662636
0.32525,216.53,0.10017
0.325268,216.597,0.0662636
0.3255,216.697,0.10017
0.325518,216.763,0.0662636
0.32575,216.863,0.10017
0.325768,216.929,0.0662636
0.326,217.03,0.10017
0.326018,217.096,0.0662636
0.32625,217.196,0.10017
0.326268,217.262,0.0662636
0.3265,217.362,0.10017
0.326518,217.429,0.0662636
0.32675,217.529,0.10017
0.326768,217.595,0.0662636
0.327,217.695,0.10017
0.327018,217.762,0.0662636
0.32725,217.862,0.10017
0.327268,217.928,0.0662636
0.3275,218.028,0.10017
0.327518,218.094,0.0662636
0.32775,218.195,0.10017
0.327768,218.261,0.0662636
0.328,218.361,0.10017
0.328018,218.427,0.0662636
0.32825,218.528,0.10017
0.328268,218.594,0.0662636
0.3285,218.694,0.10017
0.328518,218.76,0.0662636
0.32875,218.86,0.10017
0.328768,218.927,0.0662636
0.329,219.027,0.10017
0.329018,219.093,0.0662636
0.32925,219.193,0.10017
0.329268,219.26,0.0662636
0.3295,219.36,0.10017
0.329518,219.426,0.0662636
0.32975,219.526,0.10017
0.329768,219.592,0.0662636
0.33,219.693,0.10017
0.330018,219.759,0.0662636
0.33025,219.859,0.10017
0.330268,219.925,0.0662636
0.3305,220.025,0.10017
0.330518,220.092,0.0662636
0.33075,220.192,0.10017
0.330768,220.258,0.0662636
0.331,220.358,0.10017
0.331018,220.425,0.0662636
0.33125,220.525,0.10017
0.331268,220.591,0.0662636
0.3315,220.691,0.10017
0.331518,220.757,0.0662636
0.33175,220.858,0.10017
0.331768,220.924,0.0662636
0.332,221.024,0.10017
0.332018,221.09,0.0662636
0.33225,221.19,0.10017
0.332268,221.257,0.0662636
0.3325,221.357,0.10017
0.332518,221.423,0.0662636
0.33275,221.523,0.10017
0.332768,221.59,0.0662636
0.333,221.69,0.10017
0.333018,221.756,0.0662636
0.33325,221.856,0.10017
0.333268,221.922,0.0662636
0.3335,222.023,0.10017
0.333518,222.089,0.0662636
0.33375,222.189,0.10017
0.333768,222.255,0.0662636
0.334,222.355,0.10017
0.334018,222.422,0.0662636
0.33425,222.522,0.10017
0.334268,222.588,0.0662636
0.3345,222.688,0.10017
0.334518,222.755,0.0662636
0.33475,222.855,0.10017
0.334768,222.921,0.0662636
0.335,223.021,0.10017
0.335018,223.087,0.0662636
0.33525,223.188,0.10017
0.335268,223.254,0.0662636
0.3355,223.354,0.10017
0.335518,223.42,0.0662636
0.33575,223.521,0.10017
0.335768,223.587,0.0662636
0.336,223.687,0.10017
0.336018,223.753,0.0662636
0.33625,223.853,0.10017
0.336268,223.92,0.0662636
0.3365,224.02,0.10017
0.336518,224.086,0.0662636
0.33675,224.186,0.10017
0.336768,224.253,0.0662636
0.337,224.353,0.10017
0.337018,224.419,0.0662636
0.33725,224.519,0.10017
0.337268,224.585,0.0662636
0.3375,224.686,0.10017
0.337518,224.752,0.0662636
0.33775,224.852,0.10017
0.337768,224.918,0.0662636
0.338,225.018,0.10017
0.338018,225.085,0.0662636
0.33825,225.185,0.10017
0.338268,225.251,0.0662636
0.3385,225.351,0.10017
0.338518,225.418,0.0662636
0.33875,225.518,0.10017
0.338768,225.584,0.0662636
0.339,225.684,0.10017
0.339018,225.75,0.0662636
0.33925,225.851,0.10017
0.339268,225.917,0.0662636
0.3395,226.017,0.10017
0.339518,226.083,0.0662636
0.33975,226.183,0.10017
0.339768,226.25,0.0662636
0.34,226.35,0.10017
0.340018,226.416,0.0662636
0.34025,226.516,0.10017
0.340268,226.583,0.0662636
0.3405,226.683,0.10017
0.340518,226.749,0.0662636
0.34075,226.849,0.10017
0.340768,226.915,0.0662636
0.341,227.016,0.10017
0.341018,227.082,0.0662636
0.34125,227.182,0.10017
0.341268,227.248,0.0662636
0.3415,227.349,0.10017
0.341518,227.415,0.0662636
0.34175,227.515,0.10017
0.341768,227.581,0.0662636
0.342,227.681,0.10017
0.342018,227.748,0.0662636
0.34225,227.848,0.10017
0.342268,227.914,0.0662636
0.3425,228.014,0.10017
0.342518,228.081,0.0662636
0.34275,228.181,0.10017
0.342768,228.247,0.0662636
0.343,228.347,0.10017
0.343018,228.413,0.0662636
0.34325,228.514,0.10017
0.343268,228.58,0.0662636
0.3435,228.68,0.10017
0.343518,228.746,0.0662636
0.34375,228.846,0.10017
0.343768,228.913,0.0662636
0.344,229.013,0.10017
0.344018,229.079,0.0662636
0.34425,229.179,0.10017
0.344268,229.246,0.0662636
0.3445,229.346,0.10017
0.344518,229.412,0.0662636
0.34475,229.512,0.10017
0.344768,229.578,0.0662636
0.345,229.679,0.10017
0.345018,229.745,0.0662636
0.34525,229.845,0.10017
0.345268,229.911,0.0662636
0.3455,230.011,0.10017
0.345518,230.078,0.0662636
0.34575,230.178,0.10017
0.345768,230.244,0.0662636
0.346,230.344,0.10017
0.346018,230.411,0.0662636
0.34625,230.511,0.10017
0.346268,230.577,0.0662636
0.3465,230.677,0.10017
0.346518,230.743,0.0662636
0.34675,230.844,0.10017
0.346768,230.91,0.0662636
0.347,231.01,0.10017
0.347018,231.076,0.0662636
0.34725,231.176,0.10017
0.347268,231.243,0.0662636
0.3475,231.343,0.10017
0.347518,231.409,0.0662636
0.34775,231.509,0.10017
0.347768,231.576,0.0662636
0.348,231.676,0.10017
0.348018,231.742,0.0662636
0.34825,231.842,0.10017
0.348268,231.908,0.0662636
0.3485,232.009,0.10017
0.348518,232.075,0.0662636
0.34875,232.175,0.10017
0.348768,232.241,0.0662636
0.349,232.342,0.10017
0.349018,232.408,0.0662636
0.34925,232.508,0.10017
0.349268,232.574,0.0662636
0.3495,232.674,0.10017
0.349518,232.741,0.0662636
0.34975,232.841,0.10017
0.349768,232.907,0.0662636
0.35,233.007,0.10017
0.350018,233.074,0.0662636
0.35025,233.174,0.10017
0.350268,233.24,0.0662636
0.3505,233.34,0.10017
0.350518,233.406,0.0662636
0.35075,233.507,0.10017
0.350768,233.573,0.0662636
0.351,233.673,0.10017
0.351018,233.739,0.0662636
0.35125,233.839,0.10017
0.351268,233.906,0.0662636
0.3515,234.006,0.10017
0.351518,234.072,0.0662636
0.35175,234.172,0.10017
0.351768,234.239,0.0662636
0.352,234.339,0.10017
0.352018,234.405,0.0662636
0.35225,234.505,0.10017
0.352268,234.571,0.0662636
0.3525,234.672,0.10017
0.352518,234.738,0.0662636
0.35275,234.838,0.10017
0.352768,234.904,0.0662636
0.353,235.004,0.10017
0.353018,235.071,0.0662636
0.35325,235.171,0.10017
0.353268,235.237,0.0662636
0.3535,235.337,0.10017
0.353518,235.404,0.0662636
0.35375,235.504,0.10017
0.353768,235.57,0.0662636
0.354,235.67,0.10017
0.354018,235.736,0.0662636
0.35425,235.837,0.10017
0.354268,235.903,0.0662636
0.3545,236.003,0.10017
0.354518,236.069,0.0662636
0.35475,236.169,0.10017
0.354768,236.236,0.0662636
0.355,236.336,0.10017
0.355018,236.402,0.0662636
0.35525,236.502,0.10017
0.355268,236.569,0.0662636
0.3555,236.669,0.10017
0.355518,236.735,0.0662636
0.35575,236.835,0.10017
0.355768,236.901,0.0662636
0.356,237.002,0.10017
0.356018,237.068,0.0662636
0.35625,237.168,0.10017
0.356268,237.234,0.0662636
0.3565,237.335,0.10017
0.356518,237.401,0.0662636
0.35675,237.501,0.10017
0.356768,237.567,0.0662636
0.357,237.667,0.10017
0.357018,237.734,0.0662636
0.35725,237.834,0.10017
0.357268,237.9,0.0662636
0.3575,238,0.10017
0.357518,238.067,0.0662636
0.35775,238.167,0.10017
0.357768,238.233,0.0662636
0.358,238.333,0.10017
0.358018,238.399,0.0662636
0.35825,238.5,0.10017
0.358268,238.566,0.0662636
0.3585,238.666,0.10017
0.358518,238.732,0.0662636
0.35875,238.832,0.10017
0.358768,238.899,0.0662636
0.359,238.999,0.10017
0.359018,239.065,0.0662636
0.35925,239.165,0.10017
0.359268,239.232,0.0662636
0.3595,239.332,0.10017
0.359518,239.398,0.0662636
0.35975,239.498,0.10017
0.359768,239.564,0.0662636
0.36,239.665,0.10017
0.360018,239.731,0.0662636
0.36025,239.831,0.10017
0.360268,239.897,0.0662636
0.3605,239.997,0.10017
0.360518,240.064,0.0662636
0.36075,240.164,0.10017
0.360768,240.23,0.0662636
0.361,240.33,0.10017
0.361018,240.397,0.0662636
0.36125,240.497,0.10017
0.361268,240.563,0.0662636
0.3615,240.663,0.10017
0.361518,240.729,0.0662636
0.36175,240.83,0.10017
0.361768,240.896,0.0662636
0.362,240.996,0.10017
0.362018,241.062,0.0662636
0.36225,241.163,0.10017
0.362268,241.229,0.0662636
0.3625,241.329,0.10017
0.362518,241.395,0.0662636
0.36275,241.495,0.10017
0.362768,241.562,0.0662636
0.363,241.662,0.10017
0.363018,241.728,0.0662636
0.36325,241.828,0.10017
0.363268,241.895,0.0662636
0.3635,241.995,0.10017
0.363518,242.061,0.0662636
0.36375,242.161,0.10017
0.363768,242.227,0.0662636
0.364,242.328,0.10017
0.364018,242.394,0.0662636
0.36425,242.494,0.10017
0.364268,242.56,0.0662636
0.3645,242.66,0.10017
0.364518,242.727,0.0662636
0.36475,242.827,0.10017
0.364768,242.893,0.0662636
0.365,242.993,0.10017
0.365018,243.06,0.0662636
0.36525,243.16,0.10017
0.365268,243.226,0.0662636
0.3655,243.326,0.10017
0.365518,243.392,0.0662636
0.36575,243.493,0.10017
0.365768,243.559,0.0662636
0.366,243.659,0.10017
0.366018,243.725,0.0662636
0.36625,243.825,0.10017
0.366268,243.892,0.0662636
0.3665,243.992,0.10017
0.366518,244.058,0.0662636
0.36675,244.158,0.10017
0.366768,244.225,0.0662636
0.367,244.325,0.10017
0.367018,244.391,0.0662636
0.36725,244.491,0.10017
0.367268,244.557,0.0662636
0.3675,244.658,0.10017
0.367518,244.724,0.0662636
0.36775,244.824,0.10017
0.367768,244.89,0.0662636
0.368,244.99,0.10017
0.368018,245.057,0.0662636
0.36825,245.157,0.10017
0.368268,245.223,0.0662636
0.3685,245.323,0.10017
0.368518,245.39,0.0662636
0.36875,245.49,0.10017
0.368768,245.556,0.0662636
0.369,245.656,0.10017
0.369018,245.722,0.0662636
0.36925,245.823,0.10017
0.369268,245.889,0.0662636
0.3695,245.989,0.10017
0.369518,246.055,0.0662636
0.36975,246.156,0.10017
0.369768,246.222,0.0662636
0.37,246.322,0.10017
0.370018,246.388,0.0662636
0.37025,246.488,0.10017
0.370268,246.555,0.0662636
0.3705,246.655,0.10017
0.370518,246.721,0.0662636
0.37075,246.821,0.10017
0.370768,246.888,0.0662636
0.371,246.988,0.10017
0.371018,247.054,0.0662636
0.37125,247.154,0.10017
0.371268,247.22,0.0662636
0.3715,247.321,0.10017
0.371518,247.387,0.0662636
0.37175,247.487,0.10017
0.371768,247.553,0.0662636
0.372,247.653,0.10017
0.372018,247.72,0.0662636
0.37225,247.82,0.10017
0.372268,247.886,0.0662636
0.3725,247.986,0.10017
0.372518,248.053,0.0662636
0.37275,248.153,0.10017
0.372768,248.219,0.0662636
0.373,248.319,0.10017
0.373018,248.385,0.0662636
0.37325,248.486,0.10017
0.373268,248.552,0.0662636
0.3735,248.652,0.10017
0.373518,248.718,0.0662636
0.37375,248.818,0.10017
0.373768,248.885,0.0662636
0.374,248.985,0.10017
0.374018,249.051,0.0662636
0.37425,249.151,0.10017
0.374268,249.218,0.0662636
0.3745,249.318,0.10017
0.374518,249.384,0.0662636
0.37475,249.484,0.10017
0.374768,249.55,0.0662636
0.375,249.651,0.10017
0.375018,249.717,0.0662636
0.37525,249.817,0.10017
0.375268,249.883,0.0662636
0.3755,249.983,0.10017
0.375518,250.05,0.0662636
0.37575,250.15,0.10017
0.375768,250.216,0.0662636
0.376,250.316,0.10017
0.376018,250.383,0.0662636
0.37625,250.483,0.10017
0.376268,250.549,0.0662636
0.3765,250.649,0.10017
0.376518,250.715,0.0662636
0.37675,250.816,0.10017
0.376768,250.882,0.0662636
0.377,250.982,0.10017
0.377018,251.048,0.0662636
0.37725,251.149,0.10017
0.377268,251.215,0.0662636
0.3775,251.315,0.10017
0.377518,251.381,0.0662636
0.37775,251.481,0.10017
0.377768,251.548,0.0662636
0.378,251.648,0.10017
0.378018,251.714,0.0662636
0.37825,251.814,0.10017
0.378268,251.881,0.0662636
0.3785,251.981,0.10017
0.378518,252.047,0.0662636
0.37875,252.147,0.10017
0.378768,252.213,0.0662636
0.379,252.314,0.10017
0.379018,252.38,0.0662636
0.37925,252.48,0.10017
0.379268,252.546,0.0662636
0.3795,252.646,0.10017
0.379518,252.713,0.0662636
0.37975,252.813,0.10017
0.379768,252.879,0.0662636
0.38,252.979,0.10017
0.380018,253.046,0.0662636
0.38025,253.146,0.10017
0.380268,253.212,0.0662636
0.3805,253.312,0.10017
0.380518,253.378,0.0662636
0.38075,253.479,0.10017
0.380768,253.545,0.0662636
0.381,253.645,0.10017
0.381018,253.711,0.0662636
0.38125,253.811,0.10017
0.381268,253.878,0.0662636
0.3815,253.978,0.10017
0.381518,254.044,0.0662636
0.38175,254.144,0.10017
0.381768,254.211,0.0662636
0.382,254.311,0.10017
0.382018,254.377,0.0662636
0.38225,254.477,0.10017
0.382268,254.543,0.0662636
0.3825,254.644,0.10017
0.382518,254.71,0.0662636
0.38275,254.81,0.10017
0.382768,254.876,0.0662636
0.383,254.977,0.10017
0.383018,255.043,0.0662636
0.38325,255.143,0.10017
0.383268,255.209,0.0662636
0.3835,255.309,0.10017
0.383518,255.376,0.0662636
0.38375,255.476,0.10017
0.383768,255.542,0.0662636
0.384,255.642,0.10017
0.384018,255.709,0.0662636
0.38425,255.809,0.10017
0.384268,255.875,0.0662636
0.3845,255.975,0.10017
0.384518,256.041,0.0662636
0.38475,256.142,0.10017
0.384768,256.208,0.0662636
0.385,256.308,0.10017
0.385018,256.374,0.0662636
0.38525,256.474,0.10017
0.385268,256.541,0.0662636
0.3855,256.641,0.10017
0.385518,256.707,0.0662636
0.38575,256.807,0.10017
0.385768,256.874,0.0662636
0.386,256.974,0.10017
0.386018,257.04,0.0662636
0.38625,257.14,0.10017
0.386268,257.206,0.0662636
0.3865,257.307,0.10017
0.386518,257.373,0.0662636
0.38675,257.473,0.10017
0.386768,257.539,0.0662636
0.387,257.639,0.10017
0.387018,257.706,0.0662636
0.38725,257.806,0.10017
0.387268,257.872,0.0662636
0.3875,257.972,0.10017
0.387518,258.039,0.0662636
0.38775,258.139,0.10017
0.387768,258.205,0.0662636
0.388,258.305,0.10017
0.388018,258.371,0.0662636
0.38825,258.472,0.10017
0.388268,258.538,0.0662636
0.3885,258.638,0.10017
0.388518,258.704,0.0662636
0.38875,258.804,0.10017
0.388768,258.871,0.0662636
0.389,258.971,0.10017
0.389018,259.037,0.0662636
0.38925,259.137,0.10017
0.389268,259.204,0.0662636
0.3895,259.304,0.10017
0.389518,259.37,0.0662636
0.38975,259.47,0.10017
0.389768,259.536,0.0662636
0.39,259.637,0.10017
0.390018,259.703,0.0662636
0.39025,259.803,0.10017
0.390268,259.869,0.0662636
0.3905,259.97,0.10017
0.390518,260.036,0.0662636
0.39075,260.136,0.10017
0.390768,260.202,0.0662636
0.391,260.302,0.10017
0.391018,260.369,0.0662636
0.39125,260.469,0.10017
0.391268,260.535,0.0662636
0.3915,260.635,0.10017
0.391518,260.702,0.0662636
0.39175,260.802,0.10017
0.391768,260.868,0.0662636
0.392,260.968,0.10017
0.392018,261.034,0.0662636
0.39225,261.135,0.10017
0.392268,261.201,0.0662636
0.3925,261.301,0.10017
0.392518,261.367,0.0662636
0.39275,261.467,0.10017
0.392768,261.534,0.0662636
0.393,261.634,0.10017
0.393018,261.7,0.0662636
0.39325,261.8,0.10017
0.393268,261.867,0.0662636
0.3935,261.967,0.10017
0.393518,262.033,0.0662636
0.39375,262.133,0.10017
0.393768,262.199,0.0662636
0.394,262.3,0.10017
0.394018,262.366,0.0662636
0.39425,262.466,0.10017
0.394268,262.532,0.0662636
0.3945,262.632,0.10017
0.394518,262.699,0.0662636
0.39475,262.799,0.10017
0.394768,262.865,0.0662636
0.395,262.965,0.10017
0.395018,263.032,0.0662636
0.39525,263.132,0.10017
0.395268,263.198,0.0662636
0.3955,263.298,0.10017
0.395518,263.364,0.0662636
0.39575,263.465,0.10017
0.395768,263.531,0.0662636
0.396,263.631,0.10017
0.396018,263.697,0.0662636
0.39625,263.797,0.10017
0.396268,263.864,0.0662636
0.3965,263.964,0.10017
0.396518,264.03,0.0662636
0.39675,264.13,0.10017
0.396768,264.197,0.0662636
0.397,264.297,0.10017
0.397018,264.363,0.0662636
0.39725,264.463,0.10017
0.397268,264.529,0.0662636
0.3975,264.63,0.10017
0.397518,264.696,0.0662636
0.39775,264.796,0.10017
0.397768,264.862,0.0662636
0.398,264.963,0.10017
0.398018,265.029,0.0662636
0.39825,265.129,0.10017
0.398268,265.195,0.0662636
0.3985,265.295,0.10017
0.398518,265.362,0.0662636
0.39875,265.462,0.10017
0.398768,265.528,0.0662636
0.399,265.628,0.10017
0.399018,265.695,0.0662636
0.39925,265.795,0.10017
0.399268,265.861,0.0662636
0.3995,265.961,0.10017
0.399518,266.027,0.0662636
0.39975,266.128,0.10017
0.399768,266.194,0.0662636
0.4,266.294,0.10017
0.400018,266.36,0.0662636
0.40025,266.46,0.10017
0.400268,266.527,0.0662636
0.4005,266.627,0.10017
0.400518,266.693,0.0662636
0.40075,266.793,0.10017
0.400768,266.86,0.0662636
0.401,266.96,0.10017
0.401018,267.026,0.0662636
0.40125,267.126,0.10017
0.401268,267.192,0.0662636
0.4015,267.293,0.10017
0.401518,267.359,0.0662636
0.40175,267.459,0.10017
0.401768,267.525,0.0662636
0.402,267.625,0.10017
0.402018,267.692,0.0662636
0.40225,267.792,0.10017
0.402268,267.858,0.0662636
0.4025,267.958,0.10017
0.402518,268.025,0.0662636
0.40275,268.125,0.10017
0.402768,268.191,0.0662636
0.403,268.291,0.10017
0.403018,268.357,0.0662636
0.40325,268.458,0.10017
0.403268,268.524,0.0662636
0.4035,268.624,0.10017
0.403518,268.69,0.0662636
0.40375,268.791,0.10017
0.403768,268.857,0.0662636
0.404,268.957,0.10017
0.404018,269.023,0.0662636
0.40425,269.123,0.10017
0.404268,269.19,0.0662636
0.4045,269.29,0.10017
0.404518,269.356,0.0662636
0.40475,269.456,0.10017
0.404768,269.523,0.0662636
0.405,269.623,0.10017
0.405018,269.689,0.0662636
0.40525,269.789,0.10017
0.405268,269.855,0.0662636
0.4055,269.956,0.10017
0.405518,270.022,0.0662636
0.40575,270.122,0.10017
0.405768,270.188,0.0662636
0.406,270.288,0.10017
0.406018,270.355,0.0662636
0.40625,270.455,0.10017
0.406268,270.521,0.0662636
0.4065,270.621,0.10017
0.406518,270.688,0.0662636
0.40675,270.788,0.10017
0.406768,270.854,0.0662636
0.407,270.954,0.10017
0.407018,271.02,0.0662636
0.40725,271.121,0.10017
0.407268,271.187,0.0662636
0.4075,271.287,0.10017
0.407518,271.353,0.0662636
0.40775,271.453,0.10017
0.407768,271.52,0.0662636
0.408,271.62,0.10017
0.408018,271.686,0.0662636
0.40825,271.786,0.10017
0.408268,271.853,0.0662636
0.4085,271.953,0.10017
0.408518,272.019,0.0662636
0.40875,272.119,0.10017
0.408768,272.185,0.0662636
0.409,272.286,0.10017
0.409018,272.352,0.0662636
0.40925,272.452,0.10017
0.409268,272.518,0.0662636
0.4095,272.618,0.10017
0.409518,272.685,0.0662636
0.40975,272.785,0.10017
0.409768,272.851,0.0662636
0.41,272.951,0.10017
0.410018,273.018,0.0662636
0.41025,273.118,0.10017
0.410268,273.184,0.0662636
0.4105,273.284,0.10017
0.410518,273.35,0.0662636
0.41075,273.451,0.10017
0.410768,273.517,0.0662636
0.411,273.617,0.10017
0.411018,273.683,0.0662636
0.41125,273.784,0.10017
0.411268,273.85,0.0662636
0.4115,273.95,0.10017
0.411518,274.016,0.0662636
0.41175,274.116,0.10017
0.411768,274.183,0.0662636
0.412,274.283,0.10017
0.412018,274.349,0.0662636
0.41225,274.449,0.10017
0.412268,274.516,0.0662636
0.4125,274.616,0.10017
0.412518,274.682,0.0662636
0.41275,274.782,0.10017
0.412768,274.848,0.0662636
0.413,274.949,0.10017
0.413018,275.015,0.0662636
0.41325,275.115,0.10017
0.413268,275.181,0.0662636
0.4135,275.281,0.10017
0.413518,275.348,0.0662636
0.41375,275.448,0.10017
0.413768,275.514,0.0662636
0.414,275.614,0.10017
0.414018,275.681,0.0662636
0.41425,275.781,0.10017
0.414268,275.847,0.0662636
0.4145,275.947,0.10017
0.414518,276.013,0.0662636
0.41475,276.114,0.10017
0.414768,276.18,0.0662636
0.415,276.28,0.10017
0.415018,276.346,0.0662636
0.41525,276.446,0.10017
0.415268,276.513,0.0662636
0.4155,276.613,0.10017
0.415518,276.679,0.0662636
0.41575,276.779,0.10017
0.415768,276.846,0.0662636
0.416,276.946,0.10017
0.416018,277.012,0.0662636
0.41625,277.112,0.10017
0.416268,277.178,0.0662636
0.4165,277.279,0.10017
0.416518,277.345,0.0662636
0.41675,277.445,0.10017
0.416768,277.511,0.0662636
0.417,277.611,0.10017
0.417018,277.678,0.0662636
0.41725,277.778,0.10017
0.417268,277.844,0.0662636
0.4175,277.944,0.10017
0.417518,278.011,0.0662636
0.41775,278.111,0.10017
0.417768,278.177,0.0662636
0.418,278.277,0.10017
0.418018,278.343,0.0662636
0.41825,278.444,0.10017
0.418268,278.51,0.0662636
0.4185,278.61,0.10017
0.418518,278.676,0.0662636
0.41875,278.777,0.10017
0.418768,278.843,0.0662636
0.419,278.943,0.10017
0.419018,279.009,0.0662636
0.41925,279.109,0.10017
0.419268,279.176,0.0662636
0.4195,279.276,0.10017
0.419518,279.342,0.0662636
0.41975,279.442,0.10017
0.419768,279.509,0.0662636
0.42,279.609,0.10017
0.420018,279.675,0.0662636
0.42025,279.775,0.10017
0.420268,279.841,0.0662636
0.4205,279.942,0.10017
0.420518,280.008,0.0662636
0.42075,280.108,0.10017
0.420768,280.174,0.0662636
0.421,280.274,0.10017
0.421018,280.341,0.0662636
0.42125,280.441,0.10017
0.421268,280.507,0.0662636
0.4215,280.607,0.10017
0.421518,280.674,0.0662636
0.42175,280.774,0.10017
0.421768,280.84,0.0662636
0.422,280.94,0.10017
0.422018,281.006,0.0662636
0.42225,281.107,0.10017
0.422268,281.173,0.0662636
0.4225,281.273,0.10017
0.422518,281.339,0.0662636
0.42275,281.439,0.10017
0.422768,281.506,0.0662636
0.423,281.606,0.10017
0.423018,281.672,0.0662636
0.42325,281.772,0.10017
0.423268,281.839,0.0662636
0.4235,281.939,0.10017
0.423518,282.005,0.0662636
0.42375,282.105,0.10017
0.423768,282.171,0.0662636
0.424,282.272,0.10017
0.424018,282.338,0.0662636
0.42425,282.438,0.10017
0.424268,282.504,0.0662636
0.4245,282.605,0.10017
0.424518,282.671,0.0662636
0.42475,282.771,0.10017
0.424768,282.837,0.0662636
0.425,282.937,0.10017
0.425018,283.004,0.0662636
0.42525,283.104,0.10017
0.425268,283.17,0.0662636
0.4255,283.27,0.10017
0.425518,283.337,0.0662636
0.42575,283.437,0.10017
0.425768,283.503,0.0662636
0.426,283.603,0.10017
0.426018,283.669,0.0662636
0.42625,283.77,0.10017
0.426268,283.836,0.0662636
0.4265,283.936,0.10017
0.426518,284.002,0.0662636
0.42675,284.102,0.10017
0.426768,284.169,0.0662636
0.427,284.269,0.10017
0.427018,284.335,0.0662636
0.42725,284.435,0.10017
0.427268,284.502,0.0662636
0.4275,284.602,0.10017
0.427518,284.668,0.0662636
0.42775,284.768,0.10017
0.427768,284.834,0.0662636
0.428,284.935,0.10017
0.428018,285.001,0.0662636
0.42825,285.101,0.10017
0.428268,285.167,0.0662636
0.4285,285.267,0.10017
0.428518,285.334,0.0662636
0.42875,285.434,0.10017
0.428768,285.5,0.0662636
0.429,285.6,0.10017
0.429018,285.667,0.0662636
0.42925,285.767,0.10017
0.429268,285.833,0.0662636
0.4295,285.933,0.10017
0.429518,285.999,0.0662636
0.42975,286.1,0.10017
0.429768,286.166,0.0662636
0.43,286.266,0.10017
0.430018,286.332,0.0662636
0.43025,286.432,0.10017
0.430268,286.499,0.0662636
0.4305,286.599,0.10017
0.430518,286.665,0.0662636
0.43075,286.765,0.10017
0.430768,286.832,0.0662636
0.431,286.932,0.10017
0.431018,286.998,0.0662636
0.43125,287.098,0.10017
0.431268,287.164,0.0662636
0.4315,287.265,0.10017
0.431518,287.331,0.0662636
0.43175,287.431,0.10017
0.431768,287.497,0.0662636
0.432,287.598,0.10017
0.432018,287.664,0.0662636
0.43225,287.764,0.10017
0.432268,287.83,0.0662636
0.4325,287.93,0.10017
0.432518,287.997,0.0662636
0.43275,288.097,0.10017
0.432768,288.163,0.0662636
0.433,288.263,0.10017
0.433018,288.33,0.0662636
0.43325,288.43,0.10017
0.433268,288.496,0.0662636
0.4335,288.596,0.10017
0.433518,288.662,0.0662636
0.43375,288.763,0.10017
0.433768,288.829,0.0662636
0.434,288.929,0.10017
0.434018,288.995,0.0662636
0.43425,289.095,0.10017
0.434268,289.162,0.0662636
0.4345,289.262,0.10017
0.434518,289.328,0.0662636
0.43475,289.428,0.10017
0.434768,289.495,0.0662636
0.435,289.595,0.10017
0.435018,289.661,0.0662636
0.43525,289.761,0.10017
0.435268,289.827,0.0662636
0.4355,289.928,0.10017
0.435518,289.994,0.0662636
0.43575,290.094,0.10017
0.435768,290.16,0.0662636
0.436,290.26,0.10017
0.436018,290.327,0.0662636
0.43625,290.427,0.10017
0.436268,290.493,0.0662636
0.4365,290.593,0.10017
0.436518,290.66,0.0662636
0.43675,290.76,0.10017
0.436768,290.826,0.0662636
0.437,290.926,0.10017
0.437018,290.992,0.0662636
0.43725,291.093,0.10017
0.437268,291.159,0.0662636
0.4375,291.259,0.10017
0.437518,291.325,0.0662636
0.43775,291.425,0.10017
0.437768,291.492,0.0662636
0.438,291.592,0.10017
0.438018,291.658,0.0662636
0.43825,291.758,0.10017
0.438268,291.825,0.0662636
0.4385,291.925,0.10017
0.438518,291.991,0.0662636
0.43875,292.091,0.10017
0.438768,292.157,0.0662636
0.439,292.258,0.10017
0.439018,292.324,0.0662636
0.43925,292.424,0.10017
0.439268,292.49,0.0662636
0.4395,292.591,0.10017
0.439518,292.657,0.0662636
0.43975,292.757,0.10017
0.439768,292.823,0.0662636
0.44,292.923,0.10017
0.440018,292.99,0.0662636
0.44025,293.09,0.10017
0.440268,293.156,0.0662636
0.4405,293.256,0.10017
0.440518,293.323,0.0662636
0.44075,293.423,0.10017
0.440768,293.489,0.0662636
0.441,293.589,0.10017
0.441018,293.655,0.0662636
0.44125,293.756,0.10017
0.441268,293.822,0.0662636
0.4415,293.922,0.10017
0.441518,293.988,0.0662636
0.44175,294.088,0.10017
0.441768,294.155,0.0662636
0.442,294.255,0.10017
0.442018,294.321,0.0662636
0.44225,294.421,0.10017
0.442268,294.488,0.0662636
0.4425,294.588,0.10017
0.442518,294.654,0.0662636
0.44275,294.754,0.10017
0.442768,294.82,0.0662636
0.443,294.921,0.10017
0.443018,294.987,0.0662636
0.44325,295.087,0.10017
0.443268,295.153,0.0662636
0.4435,295.253,0.10017
0.443518,295.32,0.0662636
0.44375,295.42,0.10017
0.443768,295.486,0.0662636
0.444,295.586,0.10017
0.444018,295.653,0.0662636
0.44425,295.753,0.10017
0.444268,295.819,0.0662636
0.4445,295.919,0.10017
0.444518,295.985,0.0662636
0.44475,296.086,0.10017
0.444768,296.152,0.0662636
0.445,296.252,0.10017
0.445018,296.318,0.0662636
0.44525,296.419,0.10017
0.445268,296.485,0.0662636
0.4455,296.585,0.10017
0.445518,296.651,0.0662636
0.44575,296.751,0.10017
0.445768,296.818,0.0662636
0.446,296.918,0.10017
0.446018,296.984,0.0662636
0.44625,297.084,0.10017
0.446268,297.151,0.0662636
0.4465,297.251,0.10017
0.446518,297.317,0.0662636
0.44675,297.417,0.10017
0.446768,297.483,0.0662636
0.447,297.584,0.10017
0.447018,297.65,0.0662636
0.44725,297.75,0.10017
0.447268,297.816,0.0662636
0.4475,297.916,0.10017
0.447518,297.983,0.0662636
0.44775,298.083,0.10017
0.447768,298.149,0.0662636
0.448,298.249,0.10017
0.448018,298.316,0.0662636
0.44825,298.416,0.10017
0.448268,298.482,0.0662636
0.4485,298.582,0.10017
0.448518,298.648,0.0662636
0.44875,298.749,0.10017
0.448768,298.815,0.0662636
0.449,298.915,0.10017
0.449018,298.981,0.0662636
0.44925,299.081,0.10017
0.449268,299.148,0.0662636
0.4495,299.248,0.10017
0.449518,299.314,0.0662636
0.44975,299.414,0.10017
0.449768,299.481,0.0662636
0.45,299.581,0.10017
0.450018,299.647,0.0662636
0.45025,299.747,0.10017
0.450268,299.813,0.0662636
0.4505,299.914,0.10017
0.450518,299.98,0.0662636
0.45075,300.08,0.10017
0.450768,300.146,0.0662636
0.451,300.246,0.10017
0.451018,300.313,0.0662636
0.45125,300.413,0.10017
0.451268,300.479,0.0662636
0.4515,300.579,0.10017
0.451518,300.646,0.0662636
0.45175,300.746,0.10017
0.451768,300.812,0.0662636
0.452,300.912,0.10017
0.452018,300.978,0.0662636
0.45225,301.079,0.10017
0.452268,301.145,0.0662636
0.4525,301.245,0.10017
0.452518,301.311,0.0662636
0.45275,301.412,0.10017
0.452768,301.478,0.0662636
0.453,301.578,0.10017
0.453018,301.644,0.0662636
0.45325,301.744,0.10017
0.453268,301.811,0.0662636
0.4535,301.911,0.10017
0.453518,301.977,0.0662636
0.45375,302.077,0.10017
0.453768,302.144,0.0662636
0.454,302.244,0.10017
0.454018,302.31,0.0662636
0.45425,302.41,0.10017
0.454268,302.476,0.0662636
0.4545,302.577,0.10017
0.454518,302.643,0.0662636
0.45475,302.743,0.10017
0.454768,302.809,0.0662636
0.455,302.909,0.10017
0.455018,302.976,0.0662636
0.45525,303.076,0.10017
0.455268,303.142,0.0662636
0.4555,303.242,0.10017
0.455518,303.309,0.0662636
0.45575,303.409,0.10017
0.455768,303.475,0.0662636
0.456,303.575,0.10017
0.456018,303.641,0.0662636
0.45625,303.742,0.10017
0.456268,303.808,0.0662636
0.4565,303.908,0.10017
0.456518,303.974,0.0662636
0.45675,304.074,0.10017
0.456768,304.141,0.0662636
0.457,304.241,0.10017
0.457018,304.307,0.0662636
0.45725,304.407,0.10017
0.457268,304.474,0.0662636
0.4575,304.574,0.10017
0.457518,304.64,0.0662636
0.45775,304.74,0.10017
0.457768,304.806,0.0662636
0.458,304.907,0.10017
0.458018,304.973,0.0662636
0.45825,305.073,0.10017
0.458268,305.139,0.0662636
0.4585,305.24,0.10017
0.458518,305.306,0.0662636
0.45875,305.406,0.10017
0.458768,305.472,0.0662636
0.459,305.572,0.10017
0.459018,305.639,0.0662636
0.45925,305.739,0.10017
0.459268,305.805,0.0662636
0.4595,305.905,0.10017
0.459518,305.971,0.0662636
0.45975,306.072,0.10017
0.459768,306.138,0.0662636
0.46,306.238,0.10017
0.460018,306.304,0.0662636
0.46025,306.405,0.10017
0.460268,306.471,0.0662636
0.4605,306.571,0.10017
0.460518,306.637,0.0662636
0.46075,306.737,0.10017
0.460768,306.804,0.0662636
0.461,306.904,0.10017
0.461018,306.97,0.0662636
0.46125,307.07,0.10017
0.461268,307.137,0.0662636
0.4615,307.237,0.10017
0.461518,307.303,0.0662636
0.46175,307.403,0.10017
0.461768,307.469,0.0662636
0.462,307.57,0.10017
0.462018,307.636,0.0662636
0.46225,307.736,0.10017
0.462268,307.802,0.0662636
0.4625,307.902,0.10017
0.462518,307.969,0.0662636
0.46275,308.069,0.10017
0.462768,308.135,0.0662636
0.463,308.235,0.10017
0.463018,308.302,0.0662636
0.46325,308.402,0.10017
0.463268,308.468,0.0662636
0.4635,308.568,0.10017
0.463518,308.634,0.0662636
0.46375,308.735,0.10017
0.463768,308.801,0.0662636
0.464,308.901,0.10017
0.464018,308.967,0.0662636
0.46425,309.067,0.10017
0.464268,309.134,0.0662636
0.4645,309.234,0.10017
0.464518,309.3,0.0662636
0.46475,309.4,0.10017
0.464768,309.467,0.0662636
0.465,309.567,0.10017
0.465018,309.633,0.0662636
0.46525,309.733,0.10017
0.465268,309.799,0.0662636
0.4655,309.9,0.10017
0.465518,309.966,0.0662636
0.46575,310.066,0.10017
0.465768,310.132,0.0662636
0.466,310.233,0.10017
0.466018,310.299,0.0662636
0.46625,310.399,0.10017
0.466268,310.465,0.0662636
0.4665,310.565,0.10017
0.466518,310.632,0.0662636
0.46675,310.732,0.10017
0.466768,310.798,0.0662636
0.467,310.898,0.10017
0.467018,310.965,0.0662636
0.46725,311.065,0.10017
0.467268,311.131,0.0662636
0.4675,311.231,0.10017
0.467518,311.297,0.0662636
0.46775,311.398,0.10017
0.467768,311.464,0.0662636
0.468,311.564,0.10017
0.468018,311.63,0.0662636
0.46825,311.73,0.10017
0.468268,311.797,0.0662636
0.4685,311.897,0.10017
0.468518,311.963,0.0662636
0.46875,312.063,0.10017
0.468768,312.13,0.0662636
0.469,312.23,0.10017
0.469018,312.296,0.0662636
0.46925,312.396,0.10017
0.469268,312.462,0.0662636
0.4695,312.563,0.10017
0.469518,312.629,0.0662636
0.46975,312.729,0.10017
0.469768,312.795,0.0662636
0.47,312.895,0.10017
0.470018,312.962,0.0662636
0.47025,313.062,0.10017
0.470268,313.128,0.0662636
0.4705,313.228,0.10017
0.470518,313.295,0.0662636
0.47075,313.395,0.10017
0.470768,313.461,0.0662636
0.471,313.561,0.10017
0.471018,313.627,0.0662636
0.47125,313.728,0.10017
0.471268,313.794,0.0662636
0.4715,313.894,0.10017
0.471518,313.96,0.0662636
0.47175,314.06,0.10017
0.471768,314.127,0.0662636
0.472,314.227,0.10017
0.472018,314.293,0.0662636
0.47225,314.393,0.10017
0.472268,314.46,0.0662636
0.4725,314.56,0.10017
0.472518,314.626,0.0662636
0.47275,314.726,0.10017
0.472768,314.792,0.0662636
0.473,314.893,0.10017
0.473018,314.959,0.0662636
0.47325,315.059,0.10017
0.473268,315.125,0.0662636
0.4735,315.226,0.10017
0.473518,315.292,0.0662636
0.47375,315.392,0.10017
0.473768,315.458,0.0662636
0.474,315.558,0.10017
0.474018,315.625,0.0662636
0.47425,315.725,0.10017
0.474268,315.791,0.0662636
0.4745,315.891,0.10017
0.474518,315.958,0.0662636
0.47475,316.058,0.10017
0.474768,316.124,0.0662636
0.475,316.224,0.10017
0.475018,316.29,0.0662636
0.47525,316.391,0.10017
0.475268,316.457,0.0662636
0.4755,316.557,0.10017
0.475518,316.623,0.0662636
0.47575,316.723,0.10017
0.475768,316.79,0.0662636
0.476,316.89,0.10017
0.476018,316.956,0.0662636
0.47625,317.056,0.10017
0.476268,317.123,0.0662636
0.4765,317.223,0.10017
0.476518,317.289,0.0662636
0.47675,317.389,0.10017
0.476768,317.455,0.0662636
0.477,317.556,0.10017
0.477018,317.622,0.0662636
0.47725,317.722,0.10017
0.477268,317.788,0.0662636
0.4775,317.888,0.10017
0.477518,317.955,0.0662636
0.47775,318.055,0.10017
0.477768,318.121,0.0662636
0.478,318.221,0.10017
0.478018,318.288,0.0662636
0.47825,318.388,0.10017
0.478268,318.454,0.0662636
0.4785,318.554,0.10017
0.478518,318.62,0.0662636
0.47875,318.721,0.10017
0.478768,318.787,0.0662636
0.479,318.887,0.10017
0.479018,318.953,0.0662636
0.47925,319.054,0.10017
0.479268,319.12,0.0662636
0.4795,319.22,0.10017
0.479518,319.286,0.0662636
0.47975,319.386,0.10017
0.479768,319.453,0.0662636
0.48,319.553,0.10017
0.480018,319.619,0.0662636
0.48025,319.719,0.10017
0.480268,319.786,0.0662636
0.4805,319.886,0.10017
0.480518,319.952,0.0662636
0.48075,320.052,0.10017
0.480768,320.118,0.0662636
0.481,320.219,0.10017
0.481018,320.285,0.0662636
0.48125,320.385,0.10017
0.481268,320.451,0.0662636
0.4815,320.551,0.10017
0.481518,320.618,0.0662636
0.48175,320.718,0.10017
0.481768,320.784,0.0662636
0.482,320.884,0.10017
0.482018,320.951,0.0662636
0.48225,321.051,0.10017
0.482268,321.117,0.0662636
0.4825,321.217,0.10017
0.482518,321.283,0.0662636
0.48275,321.384,0.10017
0.482768,321.45,0.0662636
0.483,321.55,0.10017
0.483018,321.616,0.0662636
0.48325,321.716,0.10017
0.483268,321.783,0.0662636
0.4835,321.883,0.10017
0.483518,321.949,0.0662636
0.48375,322.049,0.10017
0.483768,322.116,0.0662636
0.484,322.216,0.10017
0.484018,322.282,0.0662636
0.48425,322.382,0.10017
0.484268,322.448,0.0662636
0.4845,322.549,0.10017
0.484518,322.615,0.0662636
0.48475,322.715,0.10017
0.484768,322.781,0.0662636
0.485,322.881,0.10017
0.485018,322.948,0.0662636
0.48525,323.048,0.10017
0.485268,323.114,0.0662636
0.4855,323.214,0.10017
0.485518,323.281,0.0662636
0.48575,323.381,0.10017
0.485768,323.447,0.0662636
0.486,323.547,0.10017
0.486018,323.613,0.0662636
0.48625,323.714,0.10017
0.486268,323.78,0.0662636
0.4865,323.88,0.10017
0.486518,323.946,0.0662636
0.48675,324.047,0.10017
0.486768,324.113,0.0662636
0.487,324.213,0.10017
0.487018,324.279,0.0662636
0.48725,324.379,0.10017
0.487268,324.446,0.0662636
0.4875,324.546,0.10017
0.487518,324.612,0.0662636
0.48775,324.712,0.10017
0.487768,324.779,0.0662636
0.488,324.879,0.10017
0.488018,324.945,0.0662636
0.48825,325.045,0.10017
0.488268,325.111,0.0662636
0.4885,325.212,0.10017
0.488518,325.278,0.0662636
0.48875,325.378,0.10017
0.488768,325.444,0.0662636
0.489,325.544,0.10017
0.489018,325.611,0.0662636
0.48925,325.711,0.10017
0.489268,325.777,0.0662636
0.4895,325.877,0.10017
0.489518,325.944,0.0662636
0.48975,326.044,0.10017
0.489768,326.11,0.0662636
0.49,326.21,0.10017
0.490018,326.276,0.0662636
0.49025,326.377,0.10017
0.490268,326.443,0.0662636
0.4905,326.543,0.10017
0.490518,326.609,0.0662636
0.49075,326.709,0.10017
0.490768,326.776,0.0662636
0.491,326.876,0.10017
0.491018,326.942,0.0662636
0.49125,327.042,0.10017
0.491268,327.109,0.0662636
0.4915,327.209,0.10017
0.491518,327.275,0.0662636
0.49175,327.375,0.10017
0.491768,327.441,0.0662636
0.492,327.542,0.10017
0.492018,327.608,0.0662636
0.49225,327.708,0.10017
0.492268,327.774,0.0662636
0.4925,327.874,0.10017
0.492518,327.941,0.0662636
0.49275,328.041,0.10017
0.492768,328.107,0.0662636
0.493,328.207,0.10017
0.493018,328.274,0.0662636
0.49325,328.374,0.10017
0.493268,328.44,0.0662636
0.4935,328.54,0.10017
0.493518,328.606,0.0662636
0.49375,328.707,0.10017
0.493768,328.773,0.0662636
0.494,328.873,0.10017
0.494018,328.939,0.0662636
0.49425,329.04,0.10017
0.494268,329.106,0.0662636
0.4945,329.206,0.10017
0.494518,329.272,0.0662636
0.49475,329.372,0.10017
0.494768,329.439,0.0662636
0.495,329.539,0.10017
0.495018,329.605,0.0662636
0.49525,329.705,0.10017
0.495268,329.772,0.0662636
0.4955,329.872,0.10017
0.495518,329.938,0.0662636
0.49575,330.038,0.10017
0.495768,330.104,0.0662636
0.496,330.205,0.10017
0.496018,330.271,0.0662636
0.49625,330.371,0.10017
0.496268,330.437,0.0662636
0.4965,330.537,0.10017
0.496518,330.604,0.0662636
0.49675,330.704,0.10017
0.496768,330.77,0.0662636
0.497,330.87,0.10017
0.497018,330.937,0.0662636
0.49725,331.037,0.10017
0.497268,331.103,0.0662636
0.4975,331.203,0.10017
0.497518,331.269,0.0662636
0.49775,331.37,0.10017
0.497768,331.436,0.0662636
0.498,331.536,0.10017
0.498018,331.602,0.0662636
0.49825,331.702,0.10017
0.498268,331.769,0.0662636
0.4985,331.869,0.10017
0.498518,331.935,0.0662636
0.49875,332.035,0.10017
0.498768,332.102,0.0662636
0.499,332.202,0.10017
0.499018,332.268,0.0662636
0.49925,332.368,0.10017
0.499268,332.434,0.0662636
0.4995,332.535,0.10017
0.499518,332.601,0.0662636
0.49975,332.701,0.10017
0.499768,332.767,0.0662636
0.5,332.868,0.10017
0.500018,332.934,0.0662636
0.50025,333.034,0.10017
0.500268,333.1,0.0662636
0.5005,333.2,0.10017
0.500518,333.267,0.0662636
0.50075,333.367,0.10017
0.500768,333.433,0.0662636
0.501,333.533,0.10017
0.501018,333.6,0.0662636
0.50125,333.7,0.10017
0.501268,333.766,0.0662636
0.5015,333.866,0.10017
0.501518,333.932,0.0662636
0.50175,334.033,0.10017
0.501768,334.099,0.0662636
0.502,334.199,0.10017
0.502018,334.265,0.0662636
0.50225,334.365,0.10017
0.502268,334.432,0.0662636
0.5025,334.532,0.10017
0.502518,334.598,0.0662636
0.50275,334.698,0.10017
0.502768,334.765,0.0662636
0.503,334.865,0.10017
0.503018,334.931,0.0662636
0.50325,335.031,0.10017
0.503268,335.097,0.0662636
0.5035,335.198,0.10017
0.503518,335.264,0.0662636
0.50375,335.364,0.10017
0.503768,335.43,0.0662636
0.504,335.53,0.10017
0.504018,335.597,0.0662636
0.50425,335.697,0.10017
0.504268,335.763,0.0662636
0.5045,335.863,0.10017
0.504518,335.93,0.0662636
0.50475,336.03,0.10017
0.504768,336.096,0.0662636
0.505,336.196,0.10017
0.505018,336.262,0.0662636
0.50525,336.363,0.10017
0.505268,336.429,0.0662636
0.5055,336.529,0.10017
0.505518,336.595,0.0662636
0.50575,336.695,0.10017
0.505768,336.762,0.0662636
0.506,336.862,0.10017
0.506018,336.928,0.0662636
0.50625,337.028,0.10017
0.506268,337.095,0.0662636
0.5065,337.195,0.10017
0.506518,337.261,0.0662636
0.50675,337.361,0.10017
0.506768,337.427,0.0662636
0.507,337.528,0.10017
0.507018,337.594,0.0662636
0.50725,337.694,0.10017
0.507268,337.76,0.0662636
0.5075,337.861,0.10017
0.507518,337.927,0.0662636
0.50775,338.027,0.10017
0.507768,338.093,0.0662636
0.508,338.193,0.10017
0.508018,338.26,0.0662636
0.50825,338.36,0.10017
0.508268,338.426,0.0662636
0.5085,338.526,0.10017
0.508518,338.593,0.0662636
0.50875,338.693,0.10017
0.508768,338.759,0.0662636
0.509,338.859,0.10017
0.509018,338.925,0.0662636
0.50925,339.026,0.10017
0.509268,339.092,0.0662636
0.5095,339.192,0.10017
0.509518,339.258,0.0662636
0.50975,339.358,0.10017
0.509768,339.425,0.0662636
0.51,339.525,0.10017
0.510018,339.591,0.0662636
0.51025,339.691,0.10017
0.510268,339.758,0.0662636
0.5105,339.858,0.10017
0.510518,339.924,0.0662636
0.51075,340.024,0.10017
0.510768,340.09,0.0662636
0.511,340.191,0.10017
0.511018,340.257,0.0662636
0.51125,340.357,0.10017
0.511268,340.423,0.0662636
0.5115,340.523,0.10017
0.511518,340.59,0.0662636
0.51175,340.69,0.10017
0.511768,340.756,0.0662636
0.512,340.856,0.10017
0.512018,340.923,0.0662636
0.51225,341.023,0.10017
0.512268,341.089,0.0662636
0.5125,341.189,0.10017
0.512518,341.255,0.0662636
0.51275,341.356,0.10017
0.512768,341.422,0.0662636
0.513,341.522,0.10017
0.513018,341.588,0.0662636
0.51325,341.688,0.10017
0.513268,341.755,0.0662636
0.5135,341.855,0.10017
0.513518,341.921,0.0662636
0.51375,342.021,0.10017
0.513768,342.088,0.0662636
0.514,342.188,0.10017
0.514018,342.254,0.0662636
0.51425,342.354,0.10017
0.514268,342.42,0.0662636
0.5145,342.521,0.10017
0.514518,342.587,0.0662636
0.51475,342.687,0.10017
0.514768,342.753,0.0662636
0.515,342.854,0.10017
0.515018,342.92,0.0662636
0.51525,343.02,0.10017
0.515268,343.086,0.0662636
0.5155,343.186,0.10017
0.515518,343.253,0.0662636
0.51575,343.353,0.10017
0.515768,343.419,0.0662636
0.516,343.519,0.10017
0.516018,343.586,0.0662636
0.51625,343.686,0.10017
0.516268,343.752,0.0662636
0.5165,343.852,0.10017
0.516518,343.918,0.0662636
0.51675,344.019,0.10017
0.516768,344.085,0.0662636
0.517,344.185,0.10017
0.517018,344.251,0.0662636
0.51725,344.351,0.10017
0.517268,344.418,0.0662636
0.5175,344.518,0.10017
0.517518,344.584,0.0662636
0.51775,344.684,0.10017
0.517768,344.751,0.0662636
0.518,344.851,0.10017
0.518018,344.917,0.0662636
0.51825,345.017,0.10017
0.518268,345.083,0.0662636
0.5185,345.184,0.10017
0.518518,345.25,0.0662636
0.51875,345.35,0.10017
0.518768,345.416,0.0662636
0.519,345.516,0.10017
0.519018,345.583,0.0662636
0.51925,345.683,0.10017
0.519268,345.749,0.0662636
0.5195,345.849,0.10017
0.519518,345.916,0.0662636
0.51975,346.016,0.10017
0.519768,346.082,0.0662636
0.52,346.182,0.10017
0.520018,346.248,0.0662636
0.52025,346.349,0.10017
0.520268,346.415,0.0662636
0.5205,346.515,0.10017
0.520518,346.581,0.0662636
0.52075,346.682,0.10017
0.520768,346.748,0.0662636
0.521,346.848,0.10017
0.521018,346.914,0.0662636
0.52125,347.014,0.10017
0.521268,347.081,0.0662636
0.5215,347.181,0.10017
0.521518,347.247,0.0662636
0.52175,347.347,0.10017
0.521768,347.414,0.0662636
0.522,347.514,0.10017
0.522018,347.58,0.0662636
0.52225,347.68,0.10017
0.522268,347.746,0.0662636
0.5225,347.847,0.10017
0.522518,347.913,0.0662636
0.52275,348.013,0.10017
0.522768,348.079,0.0662636
0.523,348.179,0.10017
0.523018,348.246,0.0662636
0.52325,348.346,0.10017
0.523268,348.412,0.0662636
0.5235,348.512,0.10017
0.523518,348.579,0.0662636
0.52375,348.679,0.10017
0.523768,348.745,0.0662636
0.524,348.845,0.10017
0.524018,348.911,0.0662636
0.52425,349.012,0.10017
0.524268,349.078,0.0662636
0.5245,349.178,0.10017
0.524518,349.244,0.0662636
0.52475,349.344,0.10017
0.524768,349.411,0.0662636
0.525,349.511,0.10017
0.525018,349.577,0.0662636
0.52525,349.677,0.10017
0.525268,349.744,0.0662636
0.5255,349.844,0.10017
0.525518,349.91,0.0662636
0.52575,350.01,0.10017
0.525768,350.076,0.0662636
0.526,350.177,0.10017
0.526018,350.243,0.0662636
0.52625,350.343,0.10017
0.526268,350.409,0.0662636
0.5265,350.509,0.10017
0.526518,350.576,0.0662636
0.52675,350.676,0.10017
0.526768,350.742,0.0662636
0.527,350.842,0.10017
0.527018,350.909,0.0662636
0.52725,351.009,0.10017
0.527268,351.075,0.0662636
0.5275,351.175,0.10017
0.527518,351.241,0.0662636
0.52775,351.342,0.10017
0.527768,351.408,0.0662636
0.528,351.508,0.10017
0.528018,351.574,0.0662636
0.52825,351.675,0.10017
0.528268,351.741,0.0662636
0.5285,351.841,0.10017
0.528518,351.907,0.0662636
0.52875,352.007,0.10017
0.528768,352.074,0.0662636
0.529,352.174,0.10017
0.529018,352.24,0.0662636
0.52925,352.34,0.10017
0.529268,352.407,0.0662636
0.5295,352.507,0.10017
0.529518,352.573,0.0662636
0.52975,352.673,0.10017
0.529768,352.739,0.0662636
0.53,352.84,0.10017
0.530018,352.906,0.0662636
0.53025,353.006,0.10017
0.530268,353.072,0.0662636
0.5305,353.172,0.10017
0.530518,353.239,0.0662636
0.53075,353.339,0.10017
0.530768,353.405,0.0662636
0.531,353.505,0.10017
0.531018,353.572,0.0662636
0.53125,353.672,0.10017
0.531268,353.738,0.0662636
0.5315,353.838,0.10017
0.531518,353.904,0.0662636
0.53175,354.005,0.10017
0.531768,354.071,0.0662636
0.532,354.171,0.10017
0.532018,354.237,0.0662636
0.53225,354.337,0.10017
0.532268,354.404,0.0662636
0.5325,354.504,0.10017
0.532518,354.57,0.0662636
0.53275,354.67,0.10017
0.532768,354.737,0.0662636
0.533,354.837,0.10017
0.533018,354.903,0.0662636
0.53325,355.003,0.10017
0.533268,355.069,0.0662636
0.5335,355.17,0.10017
0.533518,355.236,0.0662636
0.53375,355.336,0.10017
0.533768,355.402,0.0662636
0.534,355.502,0.10017
0.534018,355.569,0.0662636
0.53425,355.669,0.10017
0.534268,355.735,0.0662636
0.5345,355.835,0.10017
0.534518,355.902,0.0662636
0.53475,356.002,0.10017
0.534768,356.068,0.0662636
0.535,356.168,0.10017
0.535018,356.234,0.0662636
0.53525,356.335,0.10017
0.535268,356.401,0.0662636
0.5355,356.501,0.10017
0.535518,356.567,0.0662636
0.53575,356.668,0.10017
0.535768,356.734,0.0662636
0.536,356.834,0.10017
0.536018,356.9,0.0662636
0.53625,357,0.10017
0.536268,357.067,0.0662636
0.5365,357.167,0.10017
0.536518,357.233,0.0662636
0.53675,357.333,0.10017
0.536768,357.4,0.0662636
0.537,357.5,0.10017
0.537018,357.566,0.0662636
0.53725,357.666,0.10017
0.537268,357.732,0.0662636
0.5375,357.833,0.10017
0.537518,357.899,0.0662636
0.53775,357.999,0.10017
0.537768,358.065,0.0662636
0.538,358.165,0.10017
0.538018,358.232,0.0662636
0.53825,358.332,0.10017
0.538268,358.398,0.0662636
0.5385,358.498,0.10017
0.538518,358.565,0.0662636
0.53875,358.665,0.10017
0.538768,358.731,0.0662636
0.539,358.831,0.10017
0.539018,358.897,0.0662636
0.53925,358.998,0.10017
0.539268,359.064,0.0662636
0.5395,359.164,0.10017
0.539518,359.23,0.0662636
0.53975,359.33,0.10017
0.539768,359.397,0.0662636
0.54,359.497,0.10017
0.540018,359.563,0.0662636
0.54025,359.663,0.10017
0.540268,359.73,0.0662636
0.5405,359.83,0.10017
0.540518,359.896,0.0662636
0.54075,359.996,0.10017
0.540768,360.062,0.0662636
0.541,360.163,0.10017
0.541018,360.229,0.0662636
0.54125,360.329,0.10017
0.541268,360.395,0.0662636
0.5415,360.496,0.10017
0.541518,360.562,0.0662636
0.54175,360.662,0.10017
0.541768,360.728,0.0662636
0.542,360.828,0.10017
0.542018,360.895,0.0662636
0.54225,360.995,0.10017
0.542268,361.061,0.0662636
0.5425,361.161,0.10017
0.542518,361.228,0.0662636
0.54275,361.328,0.10017
0.542768,361.394,0.0662636
0.543,361.494,0.10017
0.543018,361.56,0.0662636
0.54325,361.661,0.10017
0.543268,361.727,0.0662636
0.5435,361.827,0.10017
0.543518,361.893,0.0662636
0.54375,361.993,0.10017
0.543768,362.06,0.0662636
0.544,362.16,0.10017
0.544018,362.226,0.0662636
0.54425,362.326,0.10017
0.544268,362.393,0.0662636
0.5445,362.493,0.10017
0.544518,362.559,0.0662636
0.54475,362.659,0.10017
0.544768,362.725,0.0662636
0.545,362.826,0.10017
0.545018,362.892,0.0662636
0.54525,362.992,0.10017
0.545268,363.058,0.0662636
0.5455,363.158,0.10017
0.545518,363.225,0.0662636
0.54575,363.325,0.10017
0.545768,363.391,0.0662636
0.546,363.491,0.10017
0.546018,363.558,0.0662636
0.54625,363.658,0.10017
0.546268,363.724,0.0662636
0.5465,363.824,0.10017
0.546518,363.89,0.0662636
0.54675,363.991,0.10017
0.546768,364.057,0.0662636
0.547,364.157,0.10017
0.547018,364.223,0.0662636
0.54725,364.323,0.10017
0.547268,364.39,0.0662636
0.5475,364.49,0.10017
0.547518,364.556,0.0662636
0.54775,364.656,0.10017
0.547768,364.723,0.0662636
0.548,364.823,0.10017
0.548018,364.889,0.0662636
0.54825,364.989,0.10017
0.548268,365.055,0.0662636
0.5485,365.156,0.10017
0.548518,365.222,0.0662636
0.54875,365.322,0.10017
0.548768,365.388,0.0662636
0.549,365.489,0.10017
0.549018,365.555,0.0662636
0.54925,365.655,0.10017
0.549268,365.721,0.0662636
0.5495,365.821,0.10017
0.549518,365.888,0.0662636
0.54975,365.988,0.10017
0.549768,366.054,0.0662636
0.55,366.154,0.10017
0.550018,366.221,0.0662636
0.55025,366.321,0.10017
0.550268,366.387,0.0662636
0.5505,366.487,0.10017
0.550518,366.553,0.0662636
0.55075,366.654,0.10017
0.550768,366.72,0.0662636
0.551,366.82,0.10017
0.551018,366.886,0.0662636
0.55125,366.986,0.10017
0.551268,367.053,0.0662636
0.5515,367.153,0.10017
0.551518,367.219,0.0662636
0.55175,367.319,0.10017
0.551768,367.386,0.0662636
0.552,367.486,0.10017
0.552018,367.552,0.0662636
0.55225,367.652,0.10017
0.552268,367.718,0.0662636
0.5525,367.819,0.10017
0.552518,367.885,0.0662636
0.55275,367.985,0.10017
0.552768,368.051,0.0662636
0.553,368.151,0.10017
0.553018,368.218,0.0662636
0.55325,368.318,0.10017
0.553268,368.384,0.0662636
0.5535,368.484,0.10017
0.553518,368.551,0.0662636
0.55375,368.651,0.10017
0.553768,368.717,0.0662636
0.554,368.817,0.10017
0.554018,368.883,0.0662636
0.55425,368.984,0.10017
0.554268,369.05,0.0662636
0.5545,369.15,0.10017
0.554518,369.216,0.0662636
0.55475,369.316,0.10017
0.554768,369.383,0.0662636
0.555,369.483,0.10017
0.555018,369.549,0.0662636
0.55525,369.649,0.10017
0.555268,369.716,0.0662636
0.5555,369.816,0.10017
0.555518,369.882,0.0662636
0.55575,369.982,0.10017
0.555768,370.048,0.0662636
0.556,370.149,0.10017
0.556018,370.215,0.0662636
0.55625,370.315,0.10017
0.556268,370.381,0.0662636
0.5565,370.482,0.10017
0.556518,370.548,0.0662636
0.55675,370.648,0.10017
0.556768,370.714,0.0662636
0.557,370.814,0.10017
0.557018,370.881,0.0662636
0.55725,370.981,0.10017
0.557268,371.047,0.0662636
0.5575,371.147,0.10017
0.557518,371.214,0.0662636
0.55775,371.314,0.10017
0.557768,371.38,0.0662636
0.558,371.48,0.10017
0.558018,371.546,0.0662636
0.55825,371.647,0.10017
0.558268,371.713,0.0662636
0.5585,371.813,0.10017
0.558518,371.879,0.0662636
0.55875,371.979,0.10017
0.558768,372.046,0.0662636
0.559,372.146,0.10017
0.559018,372.212,0.0662636
0.55925,372.312,0.10017
0.559268,372.379,0.0662636
0.5595,372.479,0.10017
0.559518,372.545,0.0662636
0.55975,372.645,0.10017
0.559768,372.711,0.0662636
0.56,372.812,0.10017
0.560018,372.878,0.0662636
0.56025,372.978,0.10017
0.560268,373.044,0.0662636
0.5605,373.144,0.10017
0.560518,373.211,0.0662636
0.56075,373.311,0.10017
0.560768,373.377,0.0662636
0.561,373.477,0.10017
0.561018,373.544,0.0662636
0.56125,373.644,0.10017
0.561268,373.71,0.0662636
0.5615,373.81,0.10017
0.561518,373.876,0.0662636
0.56175,373.977,0.10017
0.561768,374.043,0.0662636
0.562,374.143,0.10017
0.562018,374.209,0.0662636
0.56225,374.31,0.10017
0.562268,374.376,0.0662636
0.5625,374.476,0.10017
0.562518,374.542,0.0662636
0.56275,374.642,0.10017
0.562768,374.709,0.0662636
0.563,374.809,0.10017
0.563018,374.875,0.0662636
0.56325,374.975,0.10017
0.563268,375.042,0.0662636
0.5635,375.142,0.10017
0.563518,375.208,0.0662636
0.56375,375.308,0.10017
0.563768,375.374,0.0662636
0.564,375.475,0.10017
0.564018,375.541,0.0662636
0.56425,375.641,0.10017
0.564268,375.707,0.0662636
0.5645,375.807,0.10017
0.564518,375.874,0.0662636
0.56475,375.974,0.10017
0.564768,376.04,0.0662636
0.565,376.14,0.10017
0.565018,376.207,0.0662636
0.56525,376.307,0.10017
0.565268,376.373,0.0662636
0.5655,376.473,0.10017
0.565518,376.539,0.0662636
0.56575,376.64,0.10017
0.565768,376.706,0.0662636
0.566,376.806,0.10017
0.566018,376.872,0.0662636
0.56625,376.972,0.10017
0.566268,377.039,0.0662636
0.5665,377.139,0.10017
0.566518,377.205,0.0662636
0.56675,377.305,0.10017
0.566768,377.372,0.0662636
0.567,377.472,0.10017
0.567018,377.538,0.0662636
0.56725,377.638,0.10017
0.567268,377.704,0.0662636
0.5675,377.805,0.10017
0.567518,377.871,0.0662636
0.56775,377.971,0.10017
0.567768,378.037,0.0662636
0.568,378.137,0.10017
0.568018,378.204,0.0662636
0.56825,378.304,0.10017
0.568268,378.37,0.0662636
0.5685,378.47,0.10017
0.568518,378.537,0.0662636
0.56875,378.637,0.10017
0.568768,378.703,0.0662636
0.569,378.803,0.10017
0.569018,378.869,0.0662636
0.56925,378.97,0.10017
0.569268,379.036,0.0662636
0.5695,379.136,0.10017
0.569518,379.202,0.0662636
0.56975,379.303,0.10017
0.569768,379.369,0.0662636
0.57,379.469,0.10017
0.570018,379.535,0.0662636
0.57025,379.635,0.10017
0.570268,379.702,0.0662636
0.5705,379.802,0.10017
0.570518,379.868,0.0662636
0.57075,379.968,0.10017
0.570768,380.035,0.0662636
0.571,380.135,0.10017
0.571018,380.201,0.0662636
0.57125,380.301,0.10017
0.571268,380.367,0.0662636
0.5715,380.468,0.10017
0.571518,380.534,0.0662636
0.57175,380.634,0.10017
0.571768,380.7,0.0662636
0.572,380.8,0.10017
0.572018,380.867,0.0662636
0.57225,380.967,0.10017
0.572268,381.033,0.0662636
0.5725,381.133,0.10017
0.572518,381.2,0.0662636
0.57275,381.3,0.10017
0.572768,381.366,0.0662636
0.573,381.466,0.10017
0.573018,381.532,0.0662636
0.57325,381.633,0.10017
0.573268,381.699,0.0662636
0.5735,381.799,0.10017
0.573518,381.865,0.0662636
0.57375,381.965,0.10017
0.573768,382.032,0.0662636
0.574,382.132,0.10017
0.574018,382.198,0.0662636
0.57425,382.298,0.10017
0.574268,382.365,0.0662636
0.5745,382.465,0.10017
0.574518,382.531,0.0662636
0.57475,382.631,0.10017
0.574768,382.697,0.0662636
0.575,382.798,0.10017
0.575018,382.864,0.0662636
0.57525,382.964,0.10017
0.575268,383.03,0.0662636
0.5755,383.13,0.10017
0.575518,383.197,0.0662636
0.57575,383.297,0.10017
0.575768,383.363,0.0662636
0.576,383.463,0.10017
0.576018,383.53,0.0662636
0.57625,383.63,0.10017
0.576268,383.696,0.0662636
0.5765,383.796,0.10017
0.576518,383.862,0.0662636
0.57675,383.963,0.10017
0.576768,384.029,0.0662636
0.577,384.129,0.10017
0.577018,384.195,0.0662636
0.57725,384.296,0.10017
0.577268,384.362,0.0662636
0.5775,384.462,0.10017
0.577518,384.528,0.0662636
0.57775,384.628,0.10017
0.577768,384.695,0.0662636
0.578,384.795,0.10017
0.578018,384.861,0.0662636
0.57825,384.961,0.10017
0.578268,385.028,0.0662636
0.5785,385.128,0.10017
0.578518,385.194,0.0662636
0.57875,385.294,0.10017
0.578768,385.36,0.0662636
0.579,385.461,0.10017
0.579018,385.527,0.0662636
0.57925,385.627,0.10017
0.579268,385.693,0.0662636
0.5795,385.793,0.10017
0.579518,385.86,0.0662636
0.57975,385.96,0.10017
0.579768,386.026,0.0662636
0.58,386.126,0.10017
0.580018,386.193,0.0662636
0.58025,386.293,0.10017
0.580268,386.359,0.0662636
0.5805,386.459,0.10017
0.580518,386.525,0.0662636
0.58075,386.626,0.10017
0.580768,386.692,0.0662636
0.581,386.792,0.10017
0.581018,386.858,0.0662636
0.58125,386.958,0.10017
0.581268,387.025,0.0662636
0.5815,387.125,0.10017
0.581518,387.191,0.0662636
0.58175,387.291,0.10017
0.581768,387.358,0.0662636
0.582,387.458,0.10017
0.582018,387.524,0.0662636
0.58225,387.624,0.10017
0.582268,387.69,0.0662636
0.5825,387.791,0.10017
0.582518,387.857,0.0662636
0.58275,387.957,0.10017
0.582768,388.023,0.0662636
0.583,388.124,0.10017
0.583018,388.19,0.0662636
0.58325,388.29,0.10017
0.583268,388.356,0.0662636
0.5835,388.456,0.10017
0.583518,388.523,0.0662636
0.58375,388.623,0.10017
0.583768,388.689,0.0662636
0.584,388.789,0.10017
0.584018,388.856,0.0662636
0.58425,388.956,0.10017
0.584268,389.022,0.0662636
0.5845,389.122,0.10017
0.584518,389.188,0.0662636
0.58475,389.289,0.10017
0.584768,389.355,0.0662636
0.585,389.455,0.10017
0.585018,389.521,0.0662636
0.58525,389.621,0.10017
0.585268,389.688,0.0662636
0.5855,389.788,0.10017
0.585518,389.854,0.0662636
0.58575,389.954,0.10017
0.585768,390.021,0.0662636
0.586,390.121,0.10017
0.586018,390.187,0.0662636
0.58625,390.287,0.10017
0.586268,390.353,0.0662636
0.5865,390.454,0.10017
0.586518,390.52,0.0662636
0.58675,390.62,0.10017
0.586768,390.686,0.0662636
0.587,390.786,0.10017
0.587018,390.853,0.0662636
0.58725,390.953,0.10017
0.587268,391.019,0.0662636
0.5875,391.119,0.10017
0.587518,391.186,0.0662636
0.58775,391.286,0.10017
0.587768,391.352,0.0662636
0.588,391.452,0.10017
0.588018,391.518,0.0662636
0.58825,391.619,0.10017
0.588268,391.685,0.0662636
0.5885,391.785,0.10017
0.588518,391.851,0.0662636
0.58875,391.951,0.10017
0.588768,392.018,0.0662636
0.589,392.118,0.10017
0.589018,392.184,0.0662636
0.58925,392.284,0.10017
0.589268,392.351,0.0662636
0.5895,392.451,0.10017
0.589518,392.517,0.0662636
0.58975,392.617,0.10017
0.589768,392.683,0.0662636
0.59,392.784,0.10017
0.590018,392.85,0.0662636
0.59025,392.95,0.10017
0.590268,393.016,0.0662636
0.5905,393.117,0.10017
0.590518,393.183,0.0662636
0.59075,393.283,0.10017
0.590768,393.349,0.0662636
0.591,393.449,0.10017
0.591018,393.516,0.0662636
0.59125,393.616,0.10017
0.591268,393.682,0.0662636
0.5915,393.782,0.10017
0.591518,393.849,0.0662636
0.59175,393.949,0.10017
0.591768,394.015,0.0662636
0.592,394.115,0.10017
0.592018,394.181,0.0662636
0.59225,394.282,0.10017
0.592268,394.348,0.0662636
0.5925,394.448,0.10017
0.592518,394.514,0.0662636
0.59275,394.614,0.10017
0.592768,394.681,0.0662636
0.593,394.781,0.10017
0.593018,394.847,0.0662636
0.59325,394.947,0.10017
0.593268,395.014,0.0662636
0.5935,395.114,0.10017
0.593518,395.18,0.0662636
0.59375,395.28,0.10017
0.593768,395.346,0.0662636
0.594,395.447,0.10017
0.594018,395.513,0.0662636
0.59425,395.613,0.10017
0.594268,395.679,0.0662636
0.5945,395.779,0.10017
0.594518,395.846,0.0662636
0.59475,395.946,0.10017
0.594768,396.012,0.0662636
0.595,396.112,0.10017
0.595018,396.179,0.0662636
0.59525,396.279,0.10017
0.595268,396.345,0.0662636
0.5955,396.445,0.10017
0.595518,396.511,0.0662636
0.59575,396.612,0.10017
0.595768,396.678,0.0662636
0.596,396.778,0.10017
0.596018,396.844,0.0662636
0.59625,396.944,0.10017
0.596268,397.011,0.0662636
0.5965,397.111,0.10017
0.596518,397.177,0.0662636
0.59675,397.277,0.10017
0.596768,397.344,0.0662636
0.597,397.444,0.10017
0.597018,397.51,0.0662636
0.59725,397.61,0.10017
0.597268,397.676,0.0662636
0.5975,397.777,0.10017
0.597518,397.843,0.0662636
0.59775,397.943,0.10017
0.597768,398.009,0.0662636
0.598,398.11,0.10017
0.598018,398.176,0.0662636
0.59825,398.276,0.10017
0.598268,398.342,0.0662636
0.5985,398.442,0.10017
0.598518,398.509,0.0662636
0.59875,398.609,0.10017
0.598768,398.675,0.0662636
0.599,398.775,0.10017
0.599018,398.842,0.0662636
0.59925,398.942,0.10017
0.599268,399.008,0.0662636
0.5995,399.108,0.10017
0.599518,399.174,0.0662636
0.59975,399.275,0.10017
0.599768,399.341,0.0662636
0.6,399.441,0.10017
0.600018,399.507,0.0662636
0.60025,399.607,0.10017
0.600268,399.674,0.0662636
0.6005,399.774,0.10017
0.600518,399.84,0.0662636
0.60075,399.94,0.10017
0.600768,400.007,0.0662636
0.601,400.107,0.10017
0.601018,400.173,0.0662636
0.60125,400.273,0.10017
0.601268,400.339,0.0662636
0.6015,400.44,0.10017
0.601518,400.506,0.0662636
0.60175,400.606,0.10017
0.601768,400.672,0.0662636
0.602,400.772,0.10017
0.602018,400.839,0.0662636
0.60225,400.939,0.10017
0.602268,401.005,0.0662636
0.6025,401.105,0.10017
0.602518,401.172,0.0662636
0.60275,401.272,0.10017
0.602768,401.338,0.0662636
0.603,401.438,0.10017
0.603018,401.504,0.0662636
0.60325,401.605,0.10017
0.603268,401.671,0.0662636
0.6035,401.771,0.10017
0.603518,401.837,0.0662636
0.60375,401.938,0.10017
0.603768,402.004,0.0662636
0.604,402.104,0.10017
0.604018,402.17,0.0662636
0.60425,402.27,0.10017
0.604268,402.337,0.0662636
0.6045,402.437,0.10017
0.604518,402.503,0.0662636
0.60475,402.603,0.10017
0.604768,402.67,0.0662636
0.605,402.77,0.10017
0.605018,402.836,0.0662636
0.60525,402.936,0.10017
0.605268,403.002,0.0662636
0.6055,403.103,0.10017
0.605518,403.169,0.0662636
0.60575,403.269,0.10017
0.605768,403.335,0.0662636
0.606,403.435,0.10017
0.606018,403.502,0.0662636
0.60625,403.602,0.10017
0.606268,403.668,0.0662636
0.6065,403.768,0.10017
0.606518,403.835,0.0662636
0.60675,403.935,0.10017
0.606768,404.001,0.0662636
0.607,404.101,0.10017
0.607018,404.167,0.0662636
0.60725,404.268,0.10017
0.607268,404.334,0.0662636
0.6075,404.434,0.10017
0.607518,404.5,0.0662636
0.60775,404.6,0.10017
0.607768,404.667,0.0662636
0.608,404.767,0.10017
0.608018,404.833,0.0662636
0.60825,404.933,0.10017
0.608268,405,0.0662636
0.6085,405.1,0.10017
0.608518,405.166,0.0662636
0.60875,405.266,0.10017
0.608768,405.332,0.0662636
0.609,405.433,0.10017
0.609018,405.499,0.0662636
0.60925,405.599,0.10017
0.609268,405.665,0.0662636
0.6095,405.765,0.10017
0.609518,405.832,0.0662636
0.60975,405.932,0.10017
0.609768,405.998,0.0662636
0.61,406.098,0.10017
0.610018,406.165,0.0662636
0.61025,406.265,0.10017
0.610268,406.331,0.0662636
0.6105,406.431,0.10017
0.610518,406.497,0.0662636
0.61075,406.598,0.10017
0.610768,406.664,0.0662636
0.611,406.764,0.10017
0.611018,406.83,0.0662636
0.61125,406.931,0.10017
0.611268,406.997,0.0662636
0.6115,407.097,0.10017
0.611518,407.163,0.0662636
0.61175,407.263,0.10017
0.611768,407.33,0.0662636
0.612,407.43,0.10017
0.612018,407.496,0.0662636
0.61225,407.596,0.10017
0.612268,407.663,0.0662636
0.6125,407.763,0.10017
0.612518,407.829,0.0662636
0.61275,407.929,0.10017
0.612768,407.995,0.0662636
0.613,408.096,0.10017
0.613018,408.162,0.0662636
0.61325,408.262,0.10017
0.613268,408.328,0.0662636
0.6135,408.428,0.10017
0.613518,408.495,0.0662636
0.61375,408.595,0.10017
0.613768,408.661,0.0662636
0.614,408.761,0.10017
0.614018,408.828,0.0662636
0.61425,408.928,0.10017
0.614268,408.994,0.0662636
0.6145,409.094,0.10017
0.614518,409.16,0.0662636
0.61475,409.261,0.10017
0.614768,409.327,0.0662636
0.615,409.427,0.10017
0.615018,409.493,0.0662636
0.61525,409.593,0.10017
0.615268,409.66,0.0662636
0.6155,409.76,0.10017
0.615518,409.826,0.0662636
0.61575,409.926,0.10017
0.615768,409.993,0.0662636
0.616,410.093,0.10017
0.616018,410.159,0.0662636
0.61625,410.259,0.10017
0.616268,410.325,0.0662636
0.6165,410.426,0.10017
0.616518,410.492,0.0662636
0.61675,410.592,0.10017
0.616768,410.658,0.0662636
0.617,410.758,0.10017
0.617018,410.825,0.0662636
0.61725,410.925,0.10017
0.617268,410.991,0.0662636
0.6175,411.091,0.10017
0.617518,411.158,0.0662636
0.61775,411.258,0.10017
0.617768,411.324,0.0662636
0.618,411.424,0.10017
0.618018,411.49,0.0662636
0.61825,411.591,0.10017
0.618268,411.657,0.0662636
0.6185,411.757,0.10017
0.618518,411.823,0.0662636
0.61875,411.924,0.10017
0.618768,411.99,0.0662636
0.619,412.09,0.10017
0.619018,412.156,0.0662636
0.61925,412.256,0.10017
0.619268,412.323,0.0662636
0.6195,412.423,0.10017
0.619518,412.489,0.0662636
0.61975,412.589,0.10017
0.619768,412.656,0.0662636
0.62,412.756,0.10017
0.620018,412.822,0.0662636
0.62025,412.922,0.10017
0.620268,412.988,0.0662636
0.6205,413.089,0.10017
0.620518,413.155,0.0662636
0.62075,413.255,0.10017
0.620768,413.321,0.0662636
0.621,413.421,0.10017
0.621018,413.488,0.0662636
0.62125,413.588,0.10017
0.621268,413.654,0.0662636
0.6215,413.754,0.10017
0.621518,413.821,0.0662636
0.62175,413.921,0.10017
0.621768,413.987,0.0662636
0.622,414.087,0.10017
0.622018,414.153,0.0662636
0.62225,414.254,0.10017
0.622268,414.32,0.0662636
0.6225,414.42,0.10017
0.622518,414.486,0.0662636
0.62275,414.586,0.10017
0.622768,414.653,0.0662636
0.623,414.753,0.10017
0.623018,414.819,0.0662636
0.62325,414.919,0.10017
0.623268,414.986,0.0662636
0.6235,415.086,0.10017
0.623518,415.152,0.0662636
0.62375,415.252,0.10017
0.623768,415.318,0.0662636
0.624,415.419,0.10017
0.624018,415.485,0.0662636
0.62425,415.585,0.10017
0.624268,415.651,0.0662636
0.6245,415.752,0.10017
0.624518,415.818,0.0662636
0.62475,415.918,0.10017
0.624768,415.984,0.0662636
0.625,416.084,0.10017
0.625018,416.151,0.0662636
0.62525,416.251,0.10017
0.625268,416.317,0.0662636
0.6255,416.417,0.10017
0.625518,416.484,0.0662636
0.62575,416.584,0.10017
0.625768,416.65,0.0662636
0.626,416.75,0.10017
0.626018,416.816,0.0662636
0.62625,416.917,0.10017
0.626268,416.983,0.0662636
0.6265,417.083,0.10017
0.626518,417.149,0.0662636
0.62675,417.249,0.10017
0.626768,417.316,0.0662636
0.627,417.416,0.10017
0.627018,417.482,0.0662636
0.62725,417.582,0.10017
0.627268,417.649,0.0662636
0.6275,417.749,0.10017
0.627518,417.815,0.0662636
0.62775,417.915,0.10017
0.627768,417.981,0.0662636
0.628,418.082,0.10017
0.628018,418.148,0.0662636
0.62825,418.248,0.10017
0.628268,418.314,0.0662636
0.6285,418.414,0.10017
0.628518,418.481,0.0662636
0.62875,418.581,0.10017
0.628768,418.647,0.0662636
0.629,418.747,0.10017
0.629018,418.814,0.0662636
0.62925,418.914,0.10017
0.629268,418.98,0.0662636
0.6295,419.08,0.10017
0.629518,419.146,0.0662636
0.62975,419.247,0.10017
0.629768,419.313,0.0662636
0.63,419.413,0.10017
0.630018,419.479,0.0662636
0.63025,419.579,0.10017
0.630268,419.646,0.0662636
0.6305,419.746,0.10017
0.630518,419.812,0.0662636
0.63075,419.912,0.10017
0.630768,419.979,0.0662636
0.631,420.079,0.10017
0.631018,420.145,0.0662636
0.63125,420.245,0.10017
0.631268,420.311,0.0662636
0.6315,420.412,0.10017
0.631518,420.478,0.0662636
0.63175,420.578,0.10017
0.631768,420.644,0.0662636
0.632,420.745,0.10017
0.632018,420.811,0.0662636
0.63225,420.911,0.10017
0.632268,420.977,0.0662636
0.6325,421.077,0.10017
0.632518,421.144,0.0662636
0.63275,421.244,0.10017
0.632768,421.31,0.0662636
0.633,421.41,0.10017
0.633018,421.477,0.0662636
0.63325,421.577,0.10017
0.633268,421.643,0.0662636
0.6335,421.743,0.10017
0.633518,421.809,0.0662636
0.63375,421.91,0.10017
0.633768,421.976,0.0662636
0.634,422.076,0.10017
0.634018,422.142,0.0662636
0.63425,422.242,0.10017
0.634268,422.309,0.0662636
0.6345,422.409,0.10017
0.634518,422.475,0.0662636
0.63475,422.575,0.10017
0.634768,422.642,0.0662636
0.635,422.742,0.10017
0.635018,422.808,0.0662636
0.63525,422.908,0.10017
0.635268,422.974,0.0662636
0.6355,423.075,0.10017
0.635518,423.141,0.0662636
0.63575,423.241,0.10017
0.635768,423.307,0.0662636
0.636,423.407,0.10017
0.636018,423.474,0.0662636
0.63625,423.574,0.10017
0.636268,423.64,0.0662636
0.6365,423.74,0.10017
0.636518,423.807,0.0662636
0.63675,423.907,0.10017
0.636768,423.973,0.0662636
0.637,424.073,0.10017
0.637018,424.139,0.0662636
0.63725,424.24,0.10017
0.637268,424.306,0.0662636
0.6375,424.406,0.10017
0.637518,424.472,0.0662636
0.63775,424.573,0.10017
0.637768,424.639,0.0662636
0.638,424.739,0.10017
0.638018,424.805,0.0662636
0.63825,424.905,0.10017
0.638268,424.972,0.0662636
0.6385,425.072,0.10017
0.638518,425.138,0.0662636
0.63875,425.238,0.10017
0.638768,425.304,0.0662636
0.639,425.405,0.10017
0.639018,425.471,0.0662636
0.63925,425.571,0.10017
0.639268,425.637,0.0662636
0.6395,425.738,0.10017
0.639518,425.804,0.0662636
0.63975,425.904,0.10017
0.639768,425.97,0.0662636
0.64,426.07,0.10017
0.640018,426.137,0.0662636
0.64025,426.237,0.10017
0.640268,426.303,0.0662636
0.6405,426.403,0.10017
0.640518,426.47,0.0662636
0.64075,426.57,0.10017
0.640768,426.636,0.0662636
0.641,426.736,0.10017
0.641018,426.802,0.0662636
0.64125,426.903,0.10017
0.641268,426.969,0.0662636
0.6415,427.069,0.10017
0.641518,427.135,0.0662636
0.64175,427.235,0.10017
0.641768,427.302,0.0662636
0.642,427.402,0.10017
0.642018,427.468,0.0662636
0.64225,427.568,0.10017
0.642268,427.635,0.0662636
0.6425,427.735,0.10017
0.642518,427.801,0.0662636
0.64275,427.901,0.10017
0.642768,427.967,0.0662636
0.643,428.068,0.10017
0.643018,428.134,0.0662636
0.64325,428.234,0.10017
0.643268,428.3,0.0662636
0.6435,428.4,0.10017
0.643518,428.467,0.0662636
0.64375,428.567,0.10017
0.643768,428.633,0.0662636
0.644,428.733,0.10017
0.644018,428.8,0.0662636
0.64425,428.9,0.10017
0.644268,428.966,0.0662636
0.6445,429.066,0.10017
0.644518,429.132,0.0662636
0.64475,429.233,0.10017
0.644768,429.299,0.0662636
0.645,429.399,0.10017
0.645018,429.465,0.0662636
0.64525,429.566,0.10017
0.645268,429.632,0.0662636
0.6455,429.732,0.10017
0.645518,429.798,0.0662636
0.64575,429.898,0.10017
0.645768,429.965,0.0662636
0.646,430.065,0.10017
0.646018,430.131,0.0662636
0.64625,430.231,0.10017
0.646268,430.298,0.0662636
0.6465,430.398,0.10017
0.646518,430.464,0.0662636
0.64675,430.564,0.10017
0.646768,430.63,0.0662636
0.647,430.731,0.10017
0.647018,430.797,0.0662636
0.64725,430.897,0.10017
0.647268,430.963,0.0662636
0.6475,431.063,0.10017
0.647518,431.13,0.0662636
0.64775,431.23,0.10017
0.647768,431.296,0.0662636
0.648,431.396,0.10017
0.648018,431.463,0.0662636
0.64825,431.563,0.10017
0.648268,431.629,0.0662636
0.6485,431.729,0.10017
0.648518,431.795,0.0662636
0.64875,431.896,0.10017
0.648768,431.962,0.0662636
0.649,432.062,0.10017
0.649018,432.128,0.0662636
0.64925,432.228,0.10017
0.649268,432.295,0.0662636
0.6495,432.395,0.10017
0.649518,432.461,0.0662636
0.64975,432.561,0.10017
0.649768,432.628,0.0662636
0.65,432.728,0.10017
0.650018,432.794,0.0662636
0.65025,432.894,0.10017
0.650268,432.96,0.0662636
0.6505,433.061,0.10017
0.650518,433.127,0.0662636
0.65075,433.227,0.10017
0.650768,433.293,0.0662636
0.651,433.393,0.10017
0.651018,433.46,0.0662636
0.65125,433.56,0.10017
0.651268,433.626,0.0662636
0.6515,433.726,0.10017
0.651518,433.793,0.0662636
0.65175,433.893,0.10017
0.651768,433.959,0.0662636
0.652,434.059,0.10017
0.652018,434.125,0.0662636
0.65225,434.226,0.10017
0.652268,434.292,0.0662636
0.6525,434.392,0.10017
0.652518,434.458,0.0662636
0.65275,434.559,0.10017
0.652768,434.625,0.0662636
0.653,434.725,0.10017
0.653018,434.791,0.0662636
0.65325,434.891,0.10017
0.653268,434.958,0.0662636
0.6535,435.058,0.10017
0.653518,435.124,0.0662636
0.65375,435.224,0.10017
0.653768,435.291,0.0662636
0.654,435.391,0.10017
0.654018,435.457,0.0662636
0.65425,435.557,0.10017
0.654268,435.623,0.0662636
0.6545,435.724,0.10017
0.654518,435.79,0.0662636
0.65475,435.89,0.10017
0.654768,435.956,0.0662636
0.655,436.056,0.10017
0.655018,436.123,0.0662636
0.65525,436.223,0.10017
0.655268,436.289,0.0662636
0.6555,436.389,0.10017
0.655518,436.456,0.0662636
0.65575,436.556,0.10017
0.655768,436.622,0.0662636
0.656,436.722,0.10017
0.656018,436.788,0.0662636
0.65625,436.889,0.10017
0.656268,436.955,0.0662636
0.6565,437.055,0.10017
0.656518,437.121,0.0662636
0.65675,437.221,0.10017
0.656768,437.288,0.0662636
0.657,437.388,0.10017
0.657018,437.454,0.0662636
0.65725,437.554,0.10017
0.657268,437.621,0.0662636
0.6575,437.721,0.10017
0.657518,437.787,0.0662636
0.65775,437.887,0.10017
0.657768,437.953,0.0662636
0.658,438.054,0.10017
0.658018,438.12,0.0662636
0.65825,438.22,0.10017
0.658268,438.286,0.0662636
0.6585,438.387,0.10017
0.658518,438.453,0.0662636
0.65875,438.553,0.10017
0.658768,438.619,0.0662636
0.659,438.719,0.10017
0.659018,438.786,0.0662636
0.65925,438.886,0.10017
0.659268,438.952,0.0662636
0.6595,439.052,0.10017
0.659518,439.119,0.0662636
0.65975,439.219,0.10017
0.659768,439.285,0.0662636
0.66,439.385,0.10017
0.660018,439.451,0.0662636
0.66025,439.552,0.10017
0.660268,439.618,0.0662636
0.6605,439.718,0.10017
0.660518,439.784,0.0662636
0.66075,439.884,0.10017
0.660768,439.951,0.0662636
0.661,440.051,0.10017
0.661018,440.117,0.0662636
0.66125,440.217,0.10017
0.661268,440.284,0.0662636
0.6615,440.384,0.10017
0.661518,440.45,0.0662636
0.66175,440.55,0.10017
0.661768,440.616,0.0662636
0.662,440.717,0.10017
0.662018,440.783,0.0662636
0.66225,440.883,0.10017
0.662268,440.949,0.0662636
0.6625,441.049,0.10017
0.662518,441.116,0.0662636
0.66275,441.216,0.10017
0.662768,441.282,0.0662636
0.663,441.382,0.10017
0.663018,441.449,0.0662636
0.66325,441.549,0.10017
0.663268,441.615,0.0662636
0.6635,441.715,0.10017
0.663518,441.781,0.0662636
0.66375,441.882,0.10017
0.663768,441.948,0.0662636
0.664,442.048,0.10017
0.664018,442.114,0.0662636
0.66425,442.214,0.10017
0.664268,442.281,0.0662636
0.6645,442.381,0.10017
0.664518,442.447,0.0662636
0.66475,442.547,0.10017
0.664768,442.614,0.0662636
0.665,442.714,0.10017
0.665018,442.78,0.0662636
0.66525,442.88,0.10017
0.665268,442.946,0.0662636
0.6655,443.047,0.10017
0.665518,443.113,0.0662636
0.66575,443.213,0.10017
0.665768,443.279,0.0662636
0.666,443.38,0.10017
0.666018,443.446,0.0662636
0.66625,443.546,0.10017
0.666268,443.612,0.0662636
0.6665,443.712,0.10017
0.666518,443.779,0.0662636
0.66675,443.879,0.10017
0.666768,443.945,0.0662636
0.667,444.045,0.10017
0.667018,444.112,0.0662636
0.66725,444.212,0.10017
0.667268,444.278,0.0662636
0.6675,444.378,0.10017
0.667518,444.444,0.0662636
0.66775,444.545,0.10017
0.667768,444.611,0.0662636
0.668,444.711,0.10017
0.668018,444.777,0.0662636
0.66825,444.877,0.10017
0.668268,444.944,0.0662636
0.6685,445.044,0.10017
0.668518,445.11,0.0662636
0.66875,445.21,0.10017
0.668768,445.277,0.0662636
0.669,445.377,0.10017
0.669018,445.443,0.0662636
0.66925,445.543,0.10017
0.669268,445.609,0.0662636
0.6695,445.71,0.10017
0.669518,445.776,0.0662636
0.66975,445.876,0.10017
0.669768,445.942,0.0662636
0.67,446.042,0.10017
0.670018,446.109,0.0662636
0.67025,446.209,0.10017
0.670268,446.275,0.0662636
0.6705,446.375,0.10017
0.670518,446.442,0.0662636
0.67075,446.542,0.10017
0.670768,446.608,0.0662636
0.671,446.708,0.10017
0.671018,446.774,0.0662636
0.67125,446.875,0.10017
0.671268,446.941,0.0662636
0.6715,447.041,0.10017
0.671518,447.107,0.0662636
0.67175,447.207,0.10017
0.671768,447.274,0.0662636
0.672,447.374,0.10017
0.672018,447.44,0.0662636
0.67225,447.54,0.10017
0.672268,447.607,0.0662636
0.6725,447.707,0.10017
0.672518,447.773,0.0662636
0.67275,447.873,0.10017
0.672768,447.939,0.0662636
0.673,448.04,0.10017
0.673018,448.106,0.0662636
0.67325,448.206,0.10017
0.673268,448.272,0.0662636
0.6735,448.373,0.10017
0.673518,448.439,0.0662636
0.67375,448.539,0.10017
0.673768,448.605,0.0662636
0.674,448.705,0.10017
0.674018,448.772,0.0662636
0.67425,448.872,0.10017
0.674268,448.938,0.0662636
0.6745,449.038,0.10017
0.674518,449.105,0.0662636
0.67475,449.205,0.10017
0.674768,449.271,0.0662636
0.675,449.371,0.10017
0.675018,449.437,0.0662636
0.67525,449.538,0.10017
0.675268,449.604,0.0662636
0.6755,449.704,0.10017
0.675518,449.77,0.0662636
0.67575,449.87,0.10017
0.675768,449.937,0.0662636
0.676,450.037,0.10017
0.676018,450.103,0.0662636
0.67625,450.203,0.10017
0.676268,450.27,0.0662636
0.6765,450.37,0.10017
0.676518,450.436,0.0662636
0.67675,450.536,0.10017
0.676768,450.602,0.0662636
0.677,450.703,0.10017
0.677018,450.769,0.0662636
0.67725,450.869,0.10017
0.677268,450.935,0.0662636
0.6775,451.035,0.10017
0.677518,451.102,0.0662636
0.67775,451.202,0.10017
0.677768,451.268,0.0662636
0.678,451.368,0.10017
0.678018,451.435,0.0662636
0.67825,451.535,0.10017
0.678268,451.601,0.0662636
0.6785,451.701,0.10017
0.678518,451.767,0.0662636
0.67875,451.868,0.10017
0.678768,451.934,0.0662636
0.679,452.034,0.10017
0.679018,452.1,0.0662636
0.67925,452.201,0.10017
0.679268,452.267,0.0662636
0.6795,452.367,0.10017
0.679518,452.433,0.0662636
0.67975,452.533,0.10017
0.679768,452.6,0.0662636
0.68,452.7,0.10017
0.680018,452.766,0.0662636
0.68025,452.866,0.10017
0.680268,452.933,0.0662636
0.6805,453.033,0.10017
0.680518,453.099,0.0662636
0.68075,453.199,0.10017
0.680768,453.265,0.0662636
0.681,453.366,0.10017
0.681018,453.432,0.0662636
0.68125,453.532,0.10017
0.681268,453.598,0.0662636
0.6815,453.698,0.10017
0.681518,453.765,0.0662636
0.68175,453.865,0.10017
0.681768,453.931,0.0662636
0.682,454.031,0.10017
0.682018,454.098,0.0662636
0.68225,454.198,0.10017
0.682268,454.264,0.0662636
0.6825,454.364,0.10017
0.682518,454.43,0.0662636
0.68275,454.531,0.10017
0.682768,454.597,0.0662636
0.683,454.697,0.10017
0.683018,454.763,0.0662636
0.68325,454.863,0.10017
0.683268,454.93,0.0662636
0.6835,455.03,0.10017
0.683518,455.096,0.0662636
0.68375,455.196,0.10017
0.683768,455.263,0.0662636
0.684,455.363,0.10017
0.684018,455.429,0.0662636
0.68425,455.529,0.10017
0.684268,455.595,0.0662636
0.6845,455.696,0.10017
0.684518,455.762,0.0662636
0.68475,455.862,0.10017
0.684768,455.928,0.0662636
0.685,456.028,0.10017
0.685018,456.095,0.0662636
0.68525,456.195,0.10017
0.685268,456.261,0.0662636
0.6855,456.361,0.10017
0.685518,456.428,0.0662636
0.68575,456.528,0.10017
0.685768,456.594,0.0662636
0.686,456.694,0.10017
0.686018,456.76,0.0662636
0.68625,456.861,0.10017
0.686268,456.927,0.0662636
0.6865,457.027,0.10017
0.686518,457.093,0.0662636
0.68675,457.194,0.10017
0.686768,457.26,0.0662636
0.687,457.36,0.10017
0.687018,457.426,0.0662636
0.68725,457.526,0.10017
0.687268,457.593,0.0662636
0.6875,457.693,0.10017
0.687518,457.759,0.0662636
0.68775,457.859,0.10017
0.687768,457.926,0.0662636
0.688,458.026,0.10017
0.688018,458.092,0.0662636
0.68825,458.192,0.10017
0.688268,458.258,0.0662636
0.6885,458.359,0.10017
0.688518,458.425,0.0662636
0.68875,458.525,0.10017
0.688768,458.591,0.0662636
0.689,458.691,0.10017
0.689018,458.758,0.0662636
0.68925,458.858,0.10017
0.689268,458.924,0.0662636
0.6895,459.024,0.10017
0.689518,459.091,0.0662636
0.68975,459.191,0.10017
0.689768,459.257,0.0662636
0.69,459.357,0.10017
0.690018,459.423,0.0662636
0.69025,459.524,0.10017
0.690268,459.59,0.0662636
0.6905,459.69,0.10017
0.690518,459.756,0.0662636
0.69075,459.856,0.10017
0.690768,459.923,0.0662636
0.691,460.023,0.10017
0.691018,460.089,0.0662636
0.69125,460.189,0.10017
0.691268,460.256,0.0662636
0.6915,460.356,0.10017
0.691518,460.422,0.0662636
0.69175,460.522,0.10017
0.691768,460.588,0.0662636
0.692,460.689,0.10017
0.692018,460.755,0.0662636
0.69225,460.855,0.10017
0.692268,460.921,0.0662636
0.6925,461.021,0.10017
0.692518,461.088,0.0662636
0.69275,461.188,0.10017
0.692768,461.254,0.0662636
0.693,461.354,0.10017
0.693018,461.421,0.0662636
0.69325,461.521,0.10017
0.693268,461.587,0.0662636
0.6935,461.687,0.10017
0.693518,461.753,0.0662636
0.69375,461.854,0.10017
0.693768,461.92,0.0662636
0.694,462.02,0.10017
0.694018,462.086,0.0662636
0.69425,462.187,0.10017
0.694268,462.253,0.0662636
0.6945,462.353,0.10017
0.694518,462.419,0.0662636
0.69475,462.519,0.10017
0.694768,462.586,0.0662636
0.695,462.686,0.10017
0.695018,462.752,0.0662636
0.69525,462.852,0.10017
0.695268,462.919,0.0662636
0.6955,463.019,0.10017
0.695518,463.085,0.0662636
0.69575,463.185,0.10017
0.695768,463.251,0.0662636
0.696,463.352,0.10017
0.696018,463.418,0.0662636
0.69625,463.518,0.10017
0.696268,463.584,0.0662636
0.6965,463.684,0.10017
0.696518,463.751,0.0662636
0.69675,463.851,0.10017
0.696768,463.917,0.0662636
0.697,464.017,0.10017
0.697018,464.084,0.0662636
0.69725,464.184,0.10017
0.697268,464.25,0.0662636
0.6975,464.35,0.10017
0.697518,464.416,0.0662636
0.69775,464.517,0.10017
0.697768,464.583,0.0662636
0.698,464.683,0.10017
0.698018,464.749,0.0662636
0.69825,464.849,0.10017
0.698268,464.916,0.0662636
0.6985,465.016,0.10017
0.698518,465.082,0.0662636
0.69875,465.182,0.10017
0.698768,465.249,0.0662636
0.699,465.349,0.10017
0.699018,465.415,0.0662636
0.69925,465.515,0.10017
0.699268,465.581,0.0662636
0.6995,465.682,0.10017
0.699518,465.748,0.0662636
0.69975,465.848,0.10017
0.699768,465.914,0.0662636
0.7,466.015,0.10017
0.700018,466.081,0.0662636
0.70025,466.181,0.10017
0.700268,466.247,0.0662636
0.7005,466.347,0.10017
0.700518,466.414,0.0662636
0.70075,466.514,0.10017
0.700768,466.58,0.0662636
0.701,466.68,0.10017
0.701018,466.747,0.0662636
0.70125,466.847,0.10017
0.701268,466.913,0.0662636
0.7015,467.013,0.10017
0.701518,467.079,0.0662636
0.70175,467.18,0.10017
0.701768,467.246,0.0662636
0.702,467.346,0.10017
0.702018,467.412,0.0662636
0.70225,467.512,0.10017
0.702268,467.579,0.0662636
0.7025,467.679,0.10017
0.702518,467.745,0.0662636
0.70275,467.845,0.10017
0.702768,467.912,0.0662636
0.703,468.012,0.10017
0.703018,468.078,0.0662636
0.70325,468.178,0.10017
0.703268,468.244,0.0662636
0.7035,468.345,0.10017
0.703518,468.411,0.0662636
0.70375,468.511,0.10017
0.703768,468.577,0.0662636
0.704,468.677,0.10017
0.704018,468.744,0.0662636
0.70425,468.844,0.10017
0.704268,468.91,0.0662636
0.7045,469.01,0.10017
0.704518,469.077,0.0662636
0.70475,469.177,0.10017
0.704768,469.243,0.0662636
0.705,469.343,0.10017
0.705018,469.409,0.0662636
0.70525,469.51,0.10017
0.705268,469.576,0.0662636
0.7055,469.676,0.10017
0.705518,469.742,0.0662636
0.70575,469.842,0.10017
0.705768,469.909,0.0662636
0.706,470.009,0.10017
0.706018,470.075,0.0662636
0.70625,470.175,0.10017
0.706268,470.242,0.0662636
0.7065,470.342,0.10017
0.706518,470.408,0.0662636
0.70675,470.508,0.10017
0.706768,470.574,0.0662636
0.707,470.675,0.10017
0.707018,470.741,0.0662636
0.70725,470.841,0.10017
0.707268,470.907,0.0662636
0.7075,471.008,0.10017
0.707518,471.074,0.0662636
0.70775,471.174,0.10017
0.707768,471.24,0.0662636
0.708,471.34,0.10017
0.708018,471.407,0.0662636
0.70825,471.507,0.10017
0.708268,471.573,0.0662636
0.7085,471.673,0.10017
0.708518,471.74,0.0662636
0.70875,471.84,0.10017
0.708768,471.906,0.0662636
0.709,472.006,0.10017
0.709018,472.072,0.0662636
0.70925,472.173,0.10017
0.709268,472.239,0.0662636
0.7095,472.339,0.10017
0.709518,472.405,0.0662636
0.70975,472.505,0.10017
0.709768,472.572,0.0662636
0.71,472.672,0.10017
0.710018,472.738,0.0662636
0.71025,472.838,0.10017
0.710268,472.905,0.0662636
0.7105,473.005,0.10017
0.710518,473.071,0.0662636
0.71075,473.171,0.10017
0.710768,473.237,0.0662636
0.711,473.338,0.10017
0.711018,473.404,0.0662636
0.71125,473.504,0.10017
0.711268,473.57,0.0662636
0.7115,473.67,0.10017
0.711518,473.737,0.0662636
0.71175,473.837,0.10017
0.711768,473.903,0.0662636
0.712,474.003,0.10017
0.712018,474.07,0.0662636
0.71225,474.17,0.10017
0.712268,474.236,0.0662636
0.7125,474.336,0.10017
0.712518,474.402,0.0662636
0.71275,474.503,0.10017
0.712768,474.569,0.0662636
0.713,474.669,0.10017
0.713018,474.735,0.0662636
0.71325,474.835,0.10017
0.713268,474.902,0.0662636
0.7135,475.002,0.10017
0.713518,475.068,0.0662636
0.71375,475.168,0.10017
0.713768,475.235,0.0662636
0.714,475.335,0.10017
0.714018,475.401,0.0662636
0.71425,475.501,0.10017
0.714268,475.567,0.0662636
0.7145,475.668,0.10017
0.714518,475.734,0.0662636
0.71475,475.834,0.10017
0.714768,475.9,0.0662636
0.715,476.001,0.10017
0.715018,476.067,0.0662636
0.71525,476.167,0.10017
0.715268,476.233,0.0662636
0.7155,476.333,0.10017
0.715518,476.4,0.0662636
0.71575,476.5,0.10017
0.715768,476.566,0.0662636
0.716,476.666,0.10017
0.716018,476.733,0.0662636
0.71625,476.833,0.10017
0.716268,476.899,0.0662636
0.7165,476.999,0.10017
0.716518,477.065,0.0662636
0.71675,477.166,0.10017
0.716768,477.232,0.0662636
0.717,477.332,0.10017
0.717018,477.398,0.0662636
0.71725,477.498,0.10017
0.717268,477.565,0.0662636
0.7175,477.665,0.10017
0.717518,477.731,0.0662636
0.71775,477.831,0.10017
0.717768,477.898,0.0662636
0.718,477.998,0.10017
0.718018,478.064,0.0662636
0.71825,478.164,0.10017
0.718268,478.23,0.0662636
0.7185,478.331,0.10017
0.718518,478.397,0.0662636
0.71875,478.497,0.10017
0.718768,478.563,0.0662636
0.719,478.663,0.10017
0.719018,478.73,0.0662636
0.71925,478.83,0.10017
0.719268,478.896,0.0662636
0.7195,478.996,0.10017
0.719518,479.063,0.0662636
0.71975,479.163,0.10017
0.719768,479.229,0.0662636
0.72,479.329,0.10017
0.720018,479.395,0.0662636
0.72025,479.496,0.10017
0.720268,479.562,0.0662636
0.7205,479.662,0.10017
0.720518,479.728,0.0662636
0.72075,479.829,0.10017
0.720768,479.895,0.0662636
0.721,479.995,0.10017
0.721018,480.061,0.0662636
0.72125,480.161,0.10017
0.721268,480.228,0.0662636
0.7215,480.328,0.10017
0.721518,480.394,0.0662636
0.72175,480.494,0.10017
0.721768,480.561,0.0662636
0.722,480.661,0.10017
0.722018,480.727,0.0662636
0.72225,480.827,0.10017
0.722268,480.893,0.0662636
0.7225,480.994,0.10017
0.722518,481.06,0.0662636
0.72275,481.16,0.10017
0.722768,481.226,0.0662636
0.723,481.326,0.10017
0.723018,481.393,0.0662636
0.72325,481.493,0.10017
0.723268,481.559,0.0662636
0.7235,481.659,0.10017
0.723518,481.726,0.0662636
0.72375,481.826,0.10017
0.723768,481.892,0.0662636
0.724,481.992,0.10017
0.724018,482.058,0.0662636
0.72425,482.159,0.10017
0.724268,482.225,0.0662636
0.7245,482.325,0.10017
0.724518,482.391,0.0662636
0.72475,482.491,0.10017
0.724768,482.558,0.0662636
0.725,482.658,0.10017
0.725018,482.724,0.0662636
0.72525,482.824,0.10017
0.725268,482.891,0.0662636
0.7255,482.991,0.10017
0.725518,483.057,0.0662636
0.72575,483.157,0.10017
0.725768,483.223,0.0662636
0.726,483.324,0.10017
0.726018,483.39,0.0662636
0.72625,483.49,0.10017
0.726268,483.556,0.0662636
0.7265,483.656,0.10017
0.726518,483.723,0.0662636
0.72675,483.823,0.10017
0.726768,483.889,0.0662636
0.727,483.989,0.10017
0.727018,484.056,0.0662636
0.72725,484.156,0.10017
0.727268,484.222,0.0662636
0.7275,484.322,0.10017
0.727518,484.388,0.0662636
0.72775,484.489,0.10017
0.727768,484.555,0.0662636
0.728,484.655,0.10017
0.728018,484.721,0.0662636
0.72825,484.822,0.10017
0.728268,484.888,0.0662636
0.7285,484.988,0.10017
0.728518,485.054,0.0662636
0.72875,485.154,0.10017
0.728768,485.221,0.0662636
0.729,485.321,0.10017
0.729018,485.387,0.0662636
0.72925,485.487,0.10017
0.729268,485.554,0.0662636
0.7295,485.654,0.10017
0.729518,485.72,0.0662636
0.72975,485.82,0.10017
0.729768,485.886,0.0662636
0.73,485.987,0.10017
0.730018,486.053,0.0662636
0.73025,486.153,0.10017
0.730268,486.219,0.0662636
0.7305,486.319,0.10017
0.730518,486.386,0.0662636
0.73075,486.486,0.10017
0.730768,486.552,0.0662636
0.731,486.652,0.10017
0.731018,486.719,0.0662636
0.73125,486.819,0.10017
0.731268,486.885,0.0662636
0.7315,486.985,0.10017
0.731518,487.051,0.0662636
0.73175,487.152,0.10017
0.731768,487.218,0.0662636
0.732,487.318,0.10017
0.732018,487.384,0.0662636
0.73225,487.484,0.10017
0.732268,487.551,0.0662636
0.7325,487.651,0.10017
0.732518,487.717,0.0662636
0.73275,487.817,0.10017
0.732768,487.884,0.0662636
0.733,487.984,0.10017
0.733018,488.05,0.0662636
0.73325,488.15,0.10017
0.733268,488.216,0.0662636
0.7335,488.317,0.10017
0.733518,488.383,0.0662636
0.73375,488.483,0.10017
0.733768,488.549,0.0662636
0.734,488.649,0.10017
0.734018,488.716,0.0662636
0.73425,488.816,0.10017
0.734268,488.882,0.0662636
0.7345,488.982,0.10017
0.734518,489.049,0.0662636
0.73475,489.149,0.10017
0.734768,489.215,0.0662636
0.735,489.315,0.10017
0.735018,489.381,0.0662636
0.73525,489.482,0.10017
0.735268,489.548,0.0662636
0.7355,489.648,0.10017
0.735518,489.714,0.0662636
0.73575,489.815,0.10017
0.735768,489.881,0.0662636
0.736,489.981,0.10017
0.736018,490.047,0.0662636
0.73625,490.147,0.10017
0.736268,490.214,0.0662636
0.7365,490.314,0.10017
0.736518,490.38,0.0662636
0.73675,490.48,0.10017
0.736768,490.547,0.0662636
0.737,490.647,0.10017
0.737018,490.713,0.0662636
0.73725,490.813,0.10017
0.737268,490.879,0.0662636
0.7375,490.98,0.10017
0.737518,491.046,0.0662636
0.73775,491.146,0.10017
0.737768,491.212,0.0662636
0.738,491.312,0.10017
0.738018,491.379,0.0662636
0.73825,491.479,0.10017
0.738268,491.545,0.0662636
0.7385,491.645,0.10017
0.738518,491.712,0.0662636
0.73875,491.812,0.10017
0.738768,491.878,0.0662636
0.739,491.978,0.10017
0.739018,492.044,0.0662636
0.73925,492.145,0.10017
0.739268,492.211,0.0662636
0.7395,492.311,0.10017
0.739518,492.377,0.0662636
0.73975,492.477,0.10017
0.739768,492.544,0.0662636
0.74,492.644,0.10017
0.740018,492.71,0.0662636
0.74025,492.81,0.10017
0.740268,492.877,0.0662636
0.7405,492.977,0.10017
0.740518,493.043,0.0662636
0.74075,493.143,0.10017
0.740768,493.209,0.0662636
0.741,493.31,0.10017
0.741018,493.376,0.0662636
0.74125,493.476,0.10017
0.741268,493.542,0.0662636
0.7415,493.643,0.10017
0.741518,493.709,0.0662636
0.74175,493.809,0.10017
0.741768,493.875,0.0662636
0.742,493.975,0.10017
0.742018,494.042,0.0662636
0.74225,494.142,0.10017
0.742268,494.208,0.0662636
0.7425,494.308,0.10017
0.742518,494.375,0.0662636
0.74275,494.475,0.10017
0.742768,494.541,0.0662636
0.743,494.641,0.10017
0.743018,494.707,0.0662636
0.74325,494.808,0.10017
0.743268,494.874,0.0662636
0.7435,494.974,0.10017
0.743518,495.04,0.0662636
0.74375,495.14,0.10017
0.743768,495.207,0.0662636
0.744,495.307,0.10017
0.744018,495.373,0.0662636
0.74425,495.473,0.10017
0.744268,495.54,0.0662636
0.7445,495.64,0.10017
0.744518,495.706,0.0662636
0.74475,495.806,0.10017
0.744768,495.872,0.0662636
0.745,495.973,0.10017
0.745018,496.039,0.0662636
0.74525,496.139,0.10017
0.745268,496.205,0.0662636
0.7455,496.305,0.10017
0.745518,496.372,0.0662636
0.74575,496.472,0.10017
0.745768,496.538,0.0662636
0.746,496.638,0.10017
0.746018,496.705,0.0662636
0.74625,496.805,0.10017
0.746268,496.871,0.0662636
0.7465,496.971,0.10017
0.746518,497.037,0.0662636
0.74675,497.138,0.10017
0.746768,497.204,0.0662636
0.747,497.304,0.10017
0.747018,497.37,0.0662636
0.74725,497.47,0.10017
0.747268,497.537,0.0662636
0.7475,497.637,0.10017
0.747518,497.703,0.0662636
0.74775,497.803,0.10017
0.747768,497.87,0.0662636
0.748,497.97,0.10017
0.748018,498.036,0.0662636
0.74825,498.136,0.10017
0.748268,498.202,0.0662636
0.7485,498.303,0.10017
0.748518,498.369,0.0662636
0.74875,498.469,0.10017
0.748768,498.535,0.0662636
0.749,498.636,0.10017
0.749018,498.702,0.0662636
0.74925,498.802,0.10017
0.749268,498.868,0.0662636
0.7495,498.968,0.10017
0.749518,499.035,0.0662636
0.74975,499.135,0.10017
0.749768,499.201,0.0662636
0.75,499.301,0.10017
0.750018,499.368,0.0662636
0.75025,499.468,0.10017
0.750268,499.534,0.0662636
0.7505,499.634,0.10017
0.750518,499.7,0.0662636
0.75075,499.801,0.10017
0.750768,499.867,0.0662636
0.751,499.967,0.10017
0.751018,500.033,0.0662636
0.75125,500.133,0.10017
0.751268,500.2,0.0662636
0.7515,500.3,0.10017
0.751518,500.366,0.0662636
0.75175,500.466,0.10017
0.751768,500.533,0.0662636
0.752,500.633,0.10017
0.752018,500.699,0.0662636
0.75225,500.799,0.10017
0.752268,500.865,0.0662636
0.7525,500.966,0.10017
0.752518,501.032,0.0662636
0.75275,501.132,0.10017
0.752768,501.198,0.0662636
0.753,501.298,0.10017
0.753018,501.365,0.0662636
0.75325,501.465,0.10017
0.753268,501.531,0.0662636
0.7535,501.631,0.10017
0.753518,501.698,0.0662636
0.75375,501.798,0.10017
0.753768,501.864,0.0662636
0.754,501.964,0.10017
0.754018,502.03,0.0662636
0.75425,502.131,0.10017
0.754268,502.197,0.0662636
0.7545,502.297,0.10017
0.754518,502.363,0.0662636
0.75475,502.463,0.10017
0.754768,502.53,0.0662636
0.755,502.63,0.10017
0.755018,502.696,0.0662636
0.75525,502.796,0.10017
0.755268,502.863,0.0662636
0.7555,502.963,0.10017
0.755518,503.029,0.0662636
0.75575,503.129,0.10017
0.755768,503.195,0.0662636
0.756,503.296,0.10017
0.756018,503.362,0.0662636
0.75625,503.462,0.10017
0.756268,503.528,0.0662636
0.7565,503.629,0.10017
0.756518,503.695,0.0662636
0.75675,503.795,0.10017
0.756768,503.861,0.0662636
0.757,503.961,0.10017
0.757018,504.028,0.0662636
0.75725,504.128,0.10017
0.757268,504.194,0.0662636
0.7575,504.294,0.10017
0.757518,504.361,0.0662636
0.75775,504.461,0.10017
0.757768,504.527,0.0662636
0.758,504.627,0.10017
0.758018,504.693,0.0662636
0.75825,504.794,0.10017
0.758268,504.86,0.0662636
0.7585,504.96,0.10017
0.758518,505.026,0.0662636
0.75875,505.126,0.10017
0.758768,505.193,0.0662636
0.759,505.293,0.10017
0.759018,505.359,0.0662636
0.75925,505.459,0.10017
0.759268,505.526,0.0662636
0.7595,505.626,0.10017
0.759518,505.692,0.0662636
0.75975,505.792,0.10017
0.759768,505.858,0.0662636
0.76,505.959,0.10017
0.760018,506.025,0.0662636
0.76025,506.125,0.10017
0.760268,506.191,0.0662636
0.7605,506.291,0.10017
0.760518,506.358,0.0662636
0.76075,506.458,0.10017
0.760768,506.524,0.0662636
0.761,506.624,0.10017
0.761018,506.691,0.0662636
0.76125,506.791,0.10017
0.761268,506.857,0.0662636
0.7615,506.957,0.10017
0.761518,507.023,0.0662636
0.76175,507.124,0.10017
0.761768,507.19,0.0662636
0.762,507.29,0.10017
0.762018,507.356,0.0662636
0.76225,507.457,0.10017
0.762268,507.523,0.0662636
0.7625,507.623,0.10017
0.762518,507.689,0.0662636
0.76275,507.789,0.10017
0.762768,507.856,0.0662636
0.763,507.956,0.10017
0.763018,508.022,0.0662636
0.76325,508.122,0.10017
0.763268,508.189,0.0662636
0.7635,508.289,0.10017
0.763518,508.355,0.0662636
0.76375,508.455,0.10017
0.763768,508.521,0.0662636
0.764,508.622,0.10017
0.764018,508.688,0.0662636
0.76425,508.788,0.10017
0.764268,508.854,0.0662636
0.7645,508.954,0.10017
0.764518,509.021,0.0662636
0.76475,509.121,0.10017
0.764768,509.187,0.0662636
0.765,509.287,0.10017
0.765018,509.354,0.0662636
0.76525,509.454,0.10017
0.765268,509.52,0.0662636
0.7655,509.62,0.10017
0.765518,509.686,0.0662636
0.76575,509.787,0.10017
0.765768,509.853,0.0662636
0.766,509.953,0.10017
0.766018,510.019,0.0662636
0.76625,510.119,0.10017
0.766268,510.186,0.0662636
0.7665,510.286,0.10017
0.766518,510.352,0.0662636
0.76675,510.452,0.10017
0.766768,510.519,0.0662636
0.767,510.619,0.10017
0.767018,510.685,0.0662636
0.76725,510.785,0.10017
0.767268,510.851,0.0662636
0.7675,510.952,0.10017
0.767518,511.018,0.0662636
0.76775,511.118,0.10017
0.767768,511.184,0.0662636
0.768,511.284,0.10017
0.768018,511.351,0.0662636
0.76825,511.451,0.10017
0.768268,511.517,0.0662636
0.7685,511.617,0.10017
0.768518,511.684,0.0662636
0.76875,511.784,0.10017
0.768768,511.85,0.0662636
0.769,511.95,0.10017
0.769018,512.016,0.0662636
0.76925,512.117,0.10017
0.769268,512.183,0.0662636
0.7695,512.283,0.10017
0.769518,512.349,0.0662636
0.76975,512.45,0.10017
0.769768,512.516,0.0662636
0.77,512.616,0.10017
0.770018,512.682,0.0662636
0.77025,512.782,0.10017
0.770268,512.849,0.0662636
0.7705,512.949,0.10017
0.770518,513.015,0.0662636
0.77075,513.115,0.10017
0.770768,513.182,0.0662636
0.771,513.282,0.10017
0.771018,513.348,0.0662636
0.77125,513.448,0.10017
0.771268,513.514,0.0662636
0.7715,513.615,0.10017
0.771518,513.681,0.0662636
0.77175,513.781,0.10017
0.771768,513.847,0.0662636
0.772,513.947,0.10017
0.772018,514.014,0.0662636
0.77225,514.114,0.10017
0.772268,514.18,0.0662636
0.7725,514.28,0.10017
0.772518,514.347,0.0662636
0.77275,514.447,0.10017
0.772768,514.513,0.0662636
0.773,514.613,0.10017
0.773018,514.679,0.0662636
0.77325,514.78,0.10017
0.773268,514.846,0.0662636
0.7735,514.946,0.10017
0.773518,515.012,0.0662636
0.77375,515.112,0.10017
0.773768,515.179,0.0662636
0.774,515.279,0.10017
0.774018,515.345,0.0662636
0.77425,515.445,0.10017
0.774268,515.512,0.0662636
0.7745,515.612,0.10017
0.774518,515.678,0.0662636
0.77475,515.778,0.10017
0.774768,515.844,0.0662636
0.775,515.945,0.10017
0.775018,516.011,0.0662636
0.77525,516.111,0.10017
0.775268,516.177,0.0662636
0.7755,516.277,0.10017
0.775518,516.344,0.0662636
0.77575,516.444,0.10017
0.775768,516.51,0.0662636
0.776,516.61,0.10017
0.776018,516.677,0.0662636
0.77625,516.777,0.10017
0.776268,516.843,0.0662636
0.7765,516.943,0.10017
0.776518,517.009,0.0662636
0.77675,517.11,0.10017
0.776768,517.176,0.0662636
0.777,517.276,0.10017
0.777018,517.342,0.0662636
0.77725,517.443,0.10017
0.777268,517.509,0.0662636
0.7775,517.609,0.10017
0.777518,517.675,0.0662636
0.77775,517.775,0.10017
0.777768,517.842,0.0662636
0.778,517.942,0.10017
0.778018,518.008,0.0662636
0.77825,518.108,0.10017
0.778268,518.175,0.0662636
0.7785,518.275,0.10017
0.778518,518.341,0.0662636
0.77875,518.441,0.10017
0.778768,518.507,0.0662636
0.779,518.608,0.10017
0.779018,518.674,0.0662636
0.77925,518.774,0.10017
0.779268,518.84,0.0662636
0.7795,518.94,0.10017
0.779518,519.007,0.0662636
0.77975,519.107,0.10017
0.779768,519.173,0.0662636
0.78,519.273,0.10017
0.780018,519.34,0.0662636
0.78025,519.44,0.10017
0.780268,519.506,0.0662636
0.7805,519.606,0.10017
0.780518,519.672,0.0662636
0.78075,519.773,0.10017
0.780768,519.839,0.0662636
0.781,519.939,0.10017
0.781018,520.005,0.0662636
0.78125,520.105,0.10017
0.781268,520.172,0.0662636
0.7815,520.272,0.10017
0.781518,520.338,0.0662636
0.78175,520.438,0.10017
0.781768,520.505,0.0662636
0.782,520.605,0.10017
0.782018,520.671,0.0662636
0.78225,520.771,0.10017
0.782268,520.837,0.0662636
0.7825,520.938,0.10017
0.782518,521.004,0.0662636
0.78275,521.104,0.10017
0.782768,521.17,0.0662636
0.783,521.271,0.10017
0.783018,521.337,0.0662636
0.78325,521.437,0.10017
0.783268,521.503,0.0662636
0.7835,521.603,0.10017
0.783518,521.67,0.0662636
0.78375,521.77,0.10017
0.783768,521.836,0.0662636
0.784,521.936,0.10017
0.784018,522.003,0.0662636
0.78425,522.103,0.10017
0.784268,522.169,0.0662636
0.7845,522.269,0.10017
0.784518,522.335,0.0662636
0.78475,522.436,0.10017
0.784768,522.502,0.0662636
0.785,522.602,0.10017
0.785018,522.668,0.0662636
0.78525,522.768,0.10017
0.785268,522.835,0.0662636
0.7855,522.935,0.10017
0.785518,523.001,0.0662636
0.78575,523.101,0.10017
0.785768,523.168,0.0662636
0.786,523.268,0.10017
0.786018,523.334,0.0662636
0.78625,523.434,0.10017
0.786268,523.5,0.0662636
0.7865,523.601,0.10017
0.786518,523.667,0.0662636
0.78675,523.767,0.10017
0.786768,523.833,0.0662636
0.787,523.933,0.10017
0.787018,524,0.0662636
0.78725,524.1,0.10017
0.787268,524.166,0.0662636
0.7875,524.266,0.10017
0.787518,524.333,0.0662636
0.78775,524.433,0.10017
0.787768,524.499,0.0662636
0.788,524.599,0.10017
0.788018,524.665,0.0662636
0.78825,524.766,0.10017
0.788268,524.832,0.0662636
0.7885,524.932,0.10017
0.788518,524.998,0.0662636
0.78875,525.098,0.10017
0.788768,525.165,0.0662636
0.789,525.265,0.10017
0.789018,525.331,0.0662636
0.78925,525.431,0.10017
0.789268,525.498,0.0662636
0.7895,525.598,0.10017
0.789518,525.664,0.0662636
0.78975,525.764,0.10017
0.789768,525.83,0.0662636
0.79,525.931,0.10017
0.790018,525.997,0.0662636
0.79025,526.097,0.10017
0.790268,526.163,0.0662636
0.7905,526.264,0.10017
0.790518,526.33,0.0662636
0.79075,526.43,0.10017
0.790768,526.496,0.0662636
0.791,526.596,0.10017
0.791018,526.663,0.0662636
0.79125,526.763,0.10017
0.791268,526.829,0.0662636
0.7915,526.929,0.10017
0.791518,526.996,0.0662636
0.79175,527.096,0.10017
0.791768,527.162,0.0662636
0.792,527.262,0.10017
0.792018,527.328,0.0662636
0.79225,527.429,0.10017
0.792268,527.495,0.0662636
0.7925,527.595,0.10017
0.792518,527.661,0.0662636
0.79275,527.761,0.10017
0.792768,527.828,0.0662636
0.793,527.928,0.10017
0.793018,527.994,0.0662636
0.79325,528.094,0.10017
0.793268,528.161,0.0662636
0.7935,528.261,0.10017
0.793518,528.327,0.0662636
0.79375,528.427,0.10017
0.793768,528.493,0.0662636
0.794,528.594,0.10017
0.794018,528.66,0.0662636
0.79425,528.76,0.10017
0.794268,528.826,0.0662636
0.7945,528.926,0.10017
0.794518,528.993,0.0662636
0.79475,529.093,0.10017
0.794768,529.159,0.0662636
0.795,529.259,0.10017
0.795018,529.326,0.0662636
0.79525,529.426,0.10017
0.795268,529.492,0.0662636
0.7955,529.592,0.10017
0.795518,529.658,0.0662636
0.79575,529.759,0.10017
0.795768,529.825,0.0662636
0.796,529.925,0.10017
0.796018,529.991,0.0662636
0.79625,530.092,0.10017
0.796268,530.158,0.0662636
0.7965,530.258,0.10017
0.796518,530.324,0.0662636
0.79675,530.424,0.10017
0.796768,530.491,0.0662636
0.797,530.591,0.10017
0.797018,530.657,0.0662636
0.79725,530.757,0.10017
0.797268,530.823,0.0662636
0.7975,530.924,0.10017
0.797518,530.99,0.0662636
0.79775,531.09,0.10017
0.797768,531.156,0.0662636
0.798,531.257,0.10017
0.798018,531.323,0.0662636
0.79825,531.423,0.10017
0.798268,531.489,0.0662636
0.7985,531.589,0.10017
0.798518,531.656,0.0662636
0.79875,531.756,0.10017
0.798768,531.822,0.0662636
0.799,531.922,0.10017
0.799018,531.989,0.0662636
0.79925,532.089,0.10017
0.799268,532.155,0.0662636
0.7995,532.255,0.10017
0.799518,532.321,0.0662636
0.79975,532.422,0.10017
0.799768,532.488,0.0662636
0.8,532.588,0.10017
0.800018,532.654,0.0662636
0.80025,532.754,0.10017
0.800268,532.821,0.0662636
0.8005,532.921,0.10017
0.800518,532.987,0.0662636
0.80075,533.087,0.10017
0.800768,533.154,0.0662636
0.801,533.254,0.10017
0.801018,533.32,0.0662636
0.80125,533.42,0.10017
0.801268,533.486,0.0662636
0.8015,533.587,0.10017
0.801518,533.653,0.0662636
0.80175,533.753,0.10017
0.801768,533.819,0.0662636
0.802,533.919,0.10017
0.802018,533.986,0.0662636
0.80225,534.086,0.10017
0.802268,534.152,0.0662636
0.8025,534.252,0.10017
0.802518,534.319,0.0662636
0.80275,534.419,0.10017
0.802768,534.485,0.0662636
0.803,534.585,0.10017
0.803018,534.651,0.0662636
0.80325,534.752,0.10017
0.803268,534.818,0.0662636
0.8035,534.918,0.10017
0.803518,534.984,0.0662636
0.80375,535.085,0.10017
0.803768,535.151,0.0662636
0.804,535.251,0.10017
0.804018,535.317,0.0662636
0.80425,535.417,0.10017
0.804268,535.484,0.0662636
0.8045,535.584,0.10017
0.804518,535.65,0.0662636
0.80475,535.75,0.10017
0.804768,535.817,0.0662636
0.805,535.917,0.10017
0.805018,535.983,0.0662636
0.80525,536.083,0.10017
0.805268,536.149,0.0662636
0.8055,536.25,0.10017
0.805518,536.316,0.0662636
0.80575,536.416,0.10017
0.805768,536.482,0.0662636
0.806,536.582,0.10017
0.806018,536.649,0.0662636
0.80625,536.749,0.10017
0.806268,536.815,0.0662636
0.8065,536.915,0.10017
0.806518,536.982,0.0662636
0.80675,537.082,0.10017
0.806768,537.148,0.0662636
0.807,537.248,0.10017
0.807018,537.314,0.0662636
0.80725,537.415,0.10017
0.807268,537.481,0.0662636
0.8075,537.581,0.10017
0.807518,537.647,0.0662636
0.80775,537.747,0.10017
0.807768,537.814,0.0662636
0.808,537.914,0.10017
0.808018,537.98,0.0662636
0.80825,538.08,0.10017
0.808268,538.147,0.0662636
0.8085,538.247,0.10017
0.808518,538.313,0.0662636
0.80875,538.413,0.10017
0.808768,538.479,0.0662636
0.809,538.58,0.10017
0.809018,538.646,0.0662636
0.80925,538.746,0.10017
0.809268,538.812,0.0662636
0.8095,538.912,0.10017
0.809518,538.979,0.0662636
0.80975,539.079,0.10017
0.809768,539.145,0.0662636
0.81,539.245,0.10017
0.810018,539.312,0.0662636
0.81025,539.412,0.10017
0.810268,539.478,0.0662636
0.8105,539.578,0.10017
0.810518,539.644,0.0662636
0.81075,539.745,0.10017
0.810768,539.811,0.0662636
0.811,539.911,0.10017
0.811018,539.977,0.0662636
0.81125,540.078,0.10017
0.811268,540.144,0.0662636
0.8115,540.244,0.10017
0.811518,540.31,0.0662636
0.81175,540.41,0.10017
0.811768,540.477,0.0662636
0.812,540.577,0.10017
0.812018,540.643,0.0662636
0.81225,540.743,0.10017
0.812268,540.81,0.0662636
0.8125,540.91,0.10017
0.812518,540.976,0.0662636
0.81275,541.076,0.10017
0.812768,541.142,0.0662636
0.813,541.243,0.10017
0.813018,541.309,0.0662636
0.81325,541.409,0.10017
0.813268,541.475,0.0662636
0.8135,541.575,0.10017
0.813518,541.642,0.0662636
0.81375,541.742,0.10017
0.813768,541.808,0.0662636
0.814,541.908,0.10017
0.814018,541.975,0.0662636
0.81425,542.075,0.10017
0.814268,542.141,0.0662636
0.8145,542.241,0.10017
0.814518,542.307,0.0662636
0.81475,542.408,0.10017
0.814768,542.474,0.0662636
0.815,542.574,0.10017
0.815018,542.64,0.0662636
0.81525,542.74,0.10017
0.815268,542.807,0.0662636
0.8155,542.907,0.10017
0.815518,542.973,0.0662636
0.81575,543.073,0.10017
0.815768,543.14,0.0662636
0.816,543.24,0.10017
0.816018,543.306,0.0662636
0.81625,543.406,0.10017
0.816268,543.472,0.0662636
0.8165,543.573,0.10017
0.816518,543.639,0.0662636
0.81675,543.739,0.10017
0.816768,543.805,0.0662636
0.817,543.906,0.10017
0.817018,543.972,0.0662636
0.81725,544.072,0.10017
0.817268,544.138,0.0662636
0.8175,544.238,0.10017
0.817518,544.305,0.0662636
0.81775,544.405,0.10017
0.817768,544.471,0.0662636
0.818,544.571,0.10017
0.818018,544.638,0.0662636
0.81825,544.738,0.10017
0.818268,544.804,0.0662636
0.8185,544.904,0.10017
0.818518,544.97,0.0662636
0.81875,545.071,0.10017
0.818768,545.137,0.0662636
0.819,545.237,0.10017
0.819018,545.303,0.0662636
0.81925,545.403,0.10017
0.819268,545.47,0.0662636
0.8195,545.57,0.10017
0.819518,545.636,0.0662636
0.81975,545.736,0.10017
0.819768,545.803,0.0662636
0.82,545.903,0.10017
0.820018,545.969,0.0662636
0.82025,546.069,0.10017
0.820268,546.135,0.0662636
0.8205,546.236,0.10017
0.820518,546.302,0.0662636
0.82075,546.402,0.10017
0.820768,546.468,0.0662636
0.821,546.568,0.10017
0.821018,546.635,0.0662636
0.82125,546.735,0.10017
0.821268,546.801,0.0662636
0.8215,546.901,0.10017
0.821518,546.968,0.0662636
0.82175,547.068,0.10017
0.821768,547.134,0.0662636
0.822,547.234,0.10017
0.822018,547.3,0.0662636
0.82225,547.401,0.10017
0.822268,547.467,0.0662636
0.8225,547.567,0.10017
0.822518,547.633,0.0662636
0.82275,547.733,0.10017
0.822768,547.8,0.0662636
0.823,547.9,0.10017
0.823018,547.966,0.0662636
0.82325,548.066,0.10017
0.823268,548.133,0.0662636
0.8235,548.233,0.10017
0.823518,548.299,0.0662636
0.82375,548.399,0.10017
0.823768,548.465,0.0662636
0.824,548.566,0.10017
0.824018,548.632,0.0662636
0.82425,548.732,0.10017
0.824268,548.798,0.0662636
0.8245,548.899,0.10017
0.824518,548.965,0.0662636
0.82475,549.065,0.10017
0.824768,549.131,0.0662636
0.825,549.231,0.10017
0.825018,549.298,0.0662636
0.82525,549.398,0.10017
0.825268,549.464,0.0662636
0.8255,549.564,0.10017
0.825518,549.631,0.0662636
0.82575,549.731,0.10017
0.825768,549.797,0.0662636
0.826,549.897,0.10017
0.826018,549.963,0.0662636
0.82625,550.064,0.10017
0.826268,550.13,0.0662636
0.8265,550.23,0.10017
0.826518,550.296,0.0662636
0.82675,550.396,0.10017
0.826768,550.463,0.0662636
0.827,550.563,0.10017
0.827018,550.629,0.0662636
0.82725,550.729,0.10017
0.827268,550.796,0.0662636
0.8275,550.896,0.10017
0.827518,550.962,0.0662636
0.82775,551.062,0.10017
0.827768,551.128,0.0662636
0.828,551.229,0.10017
0.828018,551.295,0.0662636
0.82825,551.395,0.10017
0.828268,551.461,0.0662636
0.8285,551.561,0.10017
0.828518,551.628,0.0662636
0.82875,551.728,0.10017
0.828768,551.794,0.0662636
0.829,551.894,0.10017
0.829018,551.961,0.0662636
0.82925,552.061,0.10017
0.829268,552.127,0.0662636
0.8295,552.227,0.10017
0.829518,552.293,0.0662636
0.82975,552.394,0.10017
0.829768,552.46,0.0662636
0.83,552.56,0.10017
0.830018,552.626,0.0662636
0.83025,552.726,0.10017
0.830268,552.793,0.0662636
0.8305,552.893,0.10017
0.830518,552.959,0.0662636
0.83075,553.059,0.10017
0.830768,553.126,0.0662636
0.831,553.226,0.10017
0.831018,553.292,0.0662636
0.83125,553.392,0.10017
0.831268,553.458,0.0662636
0.8315,553.559,0.10017
0.831518,553.625,0.0662636
0.83175,553.725,0.10017
0.831768,553.791,0.0662636
0.832,553.892,0.10017
0.832018,553.958,0.0662636
0.83225,554.058,0.10017
0.832268,554.124,0.0662636
0.8325,554.224,0.10017
0.832518,554.291,0.0662636
0.83275,554.391,0.10017
0.832768,554.457,0.0662636
0.833,554.557,0.10017
0.833018,554.624,0.0662636
0.83325,554.724,0.10017
0.833268,554.79,0.0662636
0.8335,554.89,0.10017
0.833518,554.956,0.0662636
0.83375,555.057,0.10017
0.833768,555.123,0.0662636
0.834,555.223,0.10017
0.834018,555.289,0.0662636
0.83425,555.389,0.10017
0.834268,555.456,0.0662636
0.8345,555.556,0.10017
0.834518,555.622,0.0662636
0.83475,555.722,0.10017
0.834768,555.789,0.0662636
0.835,555.889,0.10017
0.835018,555.955,0.0662636
0.83525,556.055,0.10017
0.835268,556.121,0.0662636
0.8355,556.222,0.10017
0.835518,556.288,0.0662636
0.83575,556.388,0.10017
0.835768,556.454,0.0662636
0.836,556.554,0.10017
0.836018,556.621,0.0662636
0.83625,556.721,0.10017
0.836268,556.787,0.0662636
0.8365,556.887,0.10017
0.836518,556.954,0.0662636
0.83675,557.054,0.10017
0.836768,557.12,0.0662636
0.837,557.22,0.10017
0.837018,557.286,0.0662636
0.83725,557.387,0.10017
0.837268,557.453,0.0662636
0.8375,557.553,0.10017
0.837518,557.619,0.0662636
0.83775,557.72,0.10017
0.837768,557.786,0.0662636
0.838,557.886,0.10017
0.838018,557.952,0.0662636
0.83825,558.052,0.10017
0.838268,558.119,0.0662636
0.8385,558.219,0.10017
0.838518,558.285,0.0662636
0.83875,558.385,0.10017
0.838768,558.452,0.0662636
0.839,558.552,0.10017
0.839018,558.618,0.0662636
0.83925,558.718,0.10017
0.839268,558.784,0.0662636
0.8395,558.885,0.10017
0.839518,558.951,0.0662636
0.83975,559.051,0.10017
0.839768,559.117,0.0662636
0.84,559.217,0.10017
0.840018,559.284,0.0662636
0.84025,559.384,0.10017
0.840268,559.45,0.0662636
0.8405,559.55,0.10017
0.840518,559.617,0.0662636
0.84075,559.717,0.10017
0.840768,559.783,0.0662636
0.841,559.883,0.10017
0.841018,559.949,0.0662636
0.84125,560.05,0.10017
0.841268,560.116,0.0662636
0.8415,560.216,0.10017
0.841518,560.282,0.0662636
0.84175,560.382,0.10017
0.841768,560.449,0.0662636
0.842,560.549,0.10017
0.842018,560.615,0.0662636
0.84225,560.715,0.10017
0.842268,560.782,0.0662636
0.8425,560.882,0.10017
0.842518,560.948,0.0662636
0.84275,561.048,0.10017
0.842768,561.114,0.0662636
0.843,561.215,0.10017
0.843018,561.281,0.0662636
0.84325,561.381,0.10017
0.843268,561.447,0.0662636
0.8435,561.547,0.10017
0.843518,561.614,0.0662636
0.84375,561.714,0.10017
0.843768,561.78,0.0662636
0.844,561.88,0.10017
0.844018,561.947,0.0662636
0.84425,562.047,0.10017
0.844268,562.113,0.0662636
0.8445,562.213,0.10017
0.844518,562.279,0.0662636
0.84475,562.38,0.10017
0.844768,562.446,0.0662636
0.845,562.546,0.10017
0.845018,562.612,0.0662636
0.84525,562.713,0.10017
0.845268,562.779,0.0662636
0.8455,562.879,0.10017
0.845518,562.945,0.0662636
0.84575,563.045,0.10017
0.845768,563.112,0.0662636
0.846,563.212,0.10017
0.846018,563.278,0.0662636
0.84625,563.378,0.10017
0.846268,563.445,0.0662636
0.8465,563.545,0.10017
0.846518,563.611,0.0662636
0.84675,563.711,0.10017
0.846768,563.777,0.0662636
0.847,563.878,0.10017
0.847018,563.944,0.0662636
0.84725,564.044,0.10017
0.847268,564.11,0.0662636
0.8475,564.21,0.10017
0.847518,564.277,0.0662636
0.84775,564.377,0.10017
0.847768,564.443,0.0662636
0.848,564.543,0.10017
0.848018,564.61,0.0662636
0.84825,564.71,0.10017
0.848268,564.776,0.0662636
0.8485,564.876,0.10017
0.848518,564.942,0.0662636
0.84875,565.043,0.10017
0.848768,565.109,0.0662636
0.849,565.209,0.10017
0.849018,565.275,0.0662636
0.84925,565.375,0.10017
0.849268,565.442,0.0662636
0.8495,565.542,0.10017
0.849518,565.608,0.0662636
0.84975,565.708,0.10017
0.849768,565.775,0.0662636
0.85,565.875,0.10017
0.850018,565.941,0.0662636
0.85025,566.041,0.10017
0.850268,566.107,0.0662636
0.8505,566.208,0.10017
0.850518,566.274,0.0662636
0.85075,566.374,0.10017
0.850768,566.44,0.0662636
0.851,566.54,0.10017
0.851018,566.607,0.0662636
0.85125,566.707,0.10017
0.851268,566.773,0.0662636
0.8515,566.873,0.10017
0.851518,566.94,0.0662636
0.85175,567.04,0.10017
0.851768,567.106,0.0662636
0.852,567.206,0.10017
0.852018,567.272,0.0662636
0.85225,567.373,0.10017
0.852268,567.439,0.0662636
0.8525,567.539,0.10017
0.852518,567.605,0.0662636
0.85275,567.706,0.10017
0.852768,567.772,0.0662636
0.853,567.872,0.10017
0.853018,567.938,0.0662636
0.85325,568.038,0.10017
0.853268,568.105,0.0662636
0.8535,568.205,0.10017
0.853518,568.271,0.0662636
0.85375,568.371,0.10017
0.853768,568.438,0.0662636
0.854,568.538,0.10017
0.854018,568.604,0.0662636
0.85425,568.704,0.10017
0.854268,568.77,0.0662636
0.8545,568.871,0.10017
0.854518,568.937,0.0662636
0.85475,569.037,0.10017
0.854768,569.103,0.0662636
0.855,569.203,0.10017
0.855018,569.27,0.0662636
0.85525,569.37,0.10017
0.855268,569.436,0.0662636
0.8555,569.536,0.10017
0.855518,569.603,0.0662636
0.85575,569.703,0.10017
0.855768,569.769,0.0662636
0.856,569.869,0.10017
0.856018,569.935,0.0662636
0.85625,570.036,0.10017
0.856268,570.102,0.0662636
0.8565,570.202,0.10017
0.856518,570.268,0.0662636
0.85675,570.368,0.10017
0.856768,570.435,0.0662636
0.857,570.535,0.10017
0.857018,570.601,0.0662636
0.85725,570.701,0.10017
0.857268,570.768,0.0662636
0.8575,570.868,0.10017
0.857518,570.934,0.0662636
0.85775,571.034,0.10017
0.857768,571.1,0.0662636
0.858,571.201,0.10017
0.858018,571.267,0.0662636
0.85825,571.367,0.10017
0.858268,571.433,0.0662636
0.8585,571.534,0.10017
0.858518,571.6,0.0662636
0.85875,571.7,0.10017
0.858768,571.766,0.0662636
0.859,571.866,0.10017
0.859018,571.933,0.0662636
0.85925,572.033,0.10017
0.859268,572.099,0.0662636
0.8595,572.199,0.10017
0.859518,572.266,0.0662636
0.85975,572.366,0.10017
0.859768,572.432,0.0662636
0.86,572.532,0.10017
0.860018,572.598,0.0662636
0.86025,572.699,0.10017
0.860268,572.765,0.0662636
0.8605,572.865,0.10017
0.860518,572.931,0.0662636
0.86075,573.031,0.10017
0.860768,573.098,0.0662636
0.861,573.198,0.10017
0.861018,573.264,0.0662636
0.86125,573.364,0.10017
0.861268,573.431,0.0662636
0.8615,573.531,0.10017
0.861518,573.597,0.0662636
0.86175,573.697,0.10017
0.861768,573.763,0.0662636
0.862,573.864,0.10017
0.862018,573.93,0.0662636
0.86225,574.03,0.10017
0.862268,574.096,0.0662636
0.8625,574.196,0.10017
0.862518,574.263,0.0662636
0.86275,574.363,0.10017
0.862768,574.429,0.0662636
0.863,574.529,0.10017
0.863018,574.596,0.0662636
0.86325,574.696,0.10017
0.863268,574.762,0.0662636
0.8635,574.862,0.10017
0.863518,574.928,0.0662636
0.86375,575.029,0.10017
0.863768,575.095,0.0662636
0.864,575.195,0.10017
0.864018,575.261,0.0662636
0.86425,575.361,0.10017
0.864268,575.428,0.0662636
0.8645,575.528,0.10017
0.864518,575.594,0.0662636
0.86475,575.694,0.10017
0.864768,575.761,0.0662636
0.865,575.861,0.10017
0.865018,575.927,0.0662636
0.86525,576.027,0.10017
0.865268,576.093,0.0662636
0.8655,576.194,0.10017
0.865518,576.26,0.0662636
0.86575,576.36,0.10017
0.865768,576.426,0.0662636
0.866,576.527,0.10017
0.866018,576.593,0.0662636
0.86625,576.693,0.10017
0.866268,576.759,0.0662636
0.8665,576.859,0.10017
0.866518,576.926,0.0662636
0.86675,577.026,0.10017
0.866768,577.092,0.0662636
0.867,577.192,0.10017
0.867018,577.259,0.0662636
0.86725,577.359,0.10017
0.867268,577.425,0.0662636
0.8675,577.525,0.10017
0.867518,577.591,0.0662636
0.86775,577.692,0.10017
0.867768,577.758,0.0662636
0.868,577.858,0.10017
0.868018,577.924,0.0662636
0.86825,578.024,0.10017
0.868268,578.091,0.0662636
0.8685,578.191,0.10017
0.868518,578.257,0.0662636
0.86875,578.357,0.10017
0.868768,578.424,0.0662636
0.869,578.524,0.10017
0.869018,578.59,0.0662636
0.86925,578.69,0.10017
0.869268,578.756,0.0662636
0.8695,578.857,0.10017
0.869518,578.923,0.0662636
0.86975,579.023,0.10017
0.869768,579.089,0.0662636
0.87,579.189,0.10017
0.870018,579.256,0.0662636
0.87025,579.356,0.10017
0.870268,579.422,0.0662636
0.8705,579.522,0.10017
0.870518,579.589,0.0662636
0.87075,579.689,0.10017
0.870768,579.755,0.0662636
0.871,579.855,0.10017
0.871018,579.921,0.0662636
0.87125,580.022,0.10017
0.871268,580.088,0.0662636
0.8715,580.188,0.10017
0.871518,580.254,0.0662636
0.87175,580.354,0.10017
0.871768,580.421,0.0662636
0.872,580.521,0.10017
0.872018,580.587,0.0662636
0.87225,580.687,0.10017
0.872268,580.754,0.0662636
0.8725,580.854,0.10017
0.872518,580.92,0.0662636
0.87275,581.02,0.10017
0.872768,581.086,0.0662636
0.873,581.187,0.10017
0.873018,581.253,0.0662636
0.87325,581.353,0.10017
0.873268,581.419,0.0662636
0.8735,581.52,0.10017
0.873518,581.586,0.0662636
0.87375,581.686,0.10017
0.873768,581.752,0.0662636
0.874,581.852,0.10017
0.874018,581.919,0.0662636
0.87425,582.019,0.10017
0.874268,582.085,0.0662636
0.8745,582.185,0.10017
0.874518,582.252,0.0662636
0.87475,582.352,0.10017
0.874768,582.418,0.0662636
0.875,582.518,0.10017
0.875018,582.584,0.0662636
0.87525,582.685,0.10017
0.875268,582.751,0.0662636
0.8755,582.851,0.10017
0.875518,582.917,0.0662636
0.87575,583.017,0.10017
0.875768,583.084,0.0662636
0.876,583.184,0.10017
0.876018,583.25,0.0662636
0.87625,583.35,0.10017
0.876268,583.417,0.0662636
0.8765,583.517,0.10017
0.876518,583.583,0.0662636
0.87675,583.683,0.10017
0.876768,583.749,0.0662636
0.877,583.85,0.10017
0.877018,583.916,0.0662636
0.87725,584.016,0.10017
0.877268,584.082,0.0662636
0.8775,584.182,0.10017
0.877518,584.249,0.0662636
0.87775,584.349,0.10017
0.877768,584.415,0.0662636
0.878,584.515,0.10017
0.878018,584.582,0.0662636
0.87825,584.682,0.10017
0.878268,584.748,0.0662636
0.8785,584.848,0.10017
0.878518,584.914,0.0662636
0.87875,585.015,0.10017
0.878768,585.081,0.0662636
0.879,585.181,0.10017
0.879018,585.247,0.0662636
0.87925,585.348,0.10017
0.879268,585.414,0.0662636
0.8795,585.514,0.10017
0.879518,585.58,0.0662636
0.87975,585.68,0.10017
0.879768,585.747,0.0662636
0.88,585.847,0.10017
0.880018,585.913,0.0662636
0.88025,586.013,0.10017
0.880268,586.08,0.0662636
0.8805,586.18,0.10017
0.880518,586.246,0.0662636
0.88075,586.346,0.10017
0.880768,586.412,0.0662636
0.881,586.513,0.10017
0.881018,586.579,0.0662636
0.88125,586.679,0.10017
0.881268,586.745,0.0662636
0.8815,586.845,0.10017
0.881518,586.912,0.0662636
0.88175,587.012,0.10017
0.881768,587.078,0.0662636
0.882,587.178,0.10017
0.882018,587.245,0.0662636
0.88225,587.345,0.10017
0.882268,587.411,0.0662636
0.8825,587.511,0.10017
0.882518,587.577,0.0662636
0.88275,587.678,0.10017
0.882768,587.744,0.0662636
0.883,587.844,0.10017
0.883018,587.91,0.0662636
0.88325,588.01,0.10017
0.883268,588.077,0.0662636
0.8835,588.177,0.10017
0.883518,588.243,0.0662636
0.88375,588.343,0.10017
0.883768,588.41,0.0662636
0.884,588.51,0.10017
0.884018,588.576,0.0662636
0.88425,588.676,0.10017
0.884268,588.742,0.0662636
0.8845,588.843,0.10017
0.884518,588.909,0.0662636
0.88475,589.009,0.10017
0.884768,589.075,0.0662636
0.885,589.175,0.10017
0.885018,589.242,0.0662636
0.88525,589.342,0.10017
0.885268,589.408,0.0662636
0.8855,589.508,0.10017
0.885518,589.575,0.0662636
0.88575,589.675,0.10017
0.885768,589.741,0.0662636
0.886,589.841,0.10017
0.886018,589.907,0.0662636
0.88625,590.008,0.10017
0.886268,590.074,0.0662636
0.8865,590.174,0.10017
0.886518,590.24,0.0662636
0.88675,590.341,0.10017
0.886768,590.407,0.0662636
0.887,590.507,0.10017
0.887018,590.573,0.0662636
0.88725,590.673,0.10017
0.887268,590.74,0.0662636
0.8875,590.84,0.10017
0.887518,590.906,0.0662636
0.88775,591.006,0.10017
0.887768,591.073,0.0662636
0.888,591.173,0.10017
0.888018,591.239,0.0662636
0.88825,591.339,0.10017
0.888268,591.405,0.0662636
0.8885,591.506,0.10017
0.888518,591.572,0.0662636
0.88875,591.672,0.10017
0.888768,591.738,0.0662636
0.889,591.838,0.10017
0.889018,591.905,0.0662636
0.88925,592.005,0.10017
0.889268,592.071,0.0662636
0.8895,592.171,0.10017
0.889518,592.238,0.0662636
0.88975,592.338,0.10017
0.889768,592.404,0.0662636
0.89,592.504,0.10017
0.890018,592.57,0.0662636
0.89025,592.671,0.10017
0.890268,592.737,0.0662636
0.8905,592.837,0.10017
0.890518,592.903,0.0662636
0.89075,593.003,0.10017
0.890768,593.07,0.0662636
0.891,593.17,0.10017
0.891018,593.236,0.0662636
0.89125,593.336,0.10017
0.891268,593.403,0.0662636
0.8915,593.503,0.10017
0.891518,593.569,0.0662636
0.89175,593.669,0.10017
0.891768,593.735,0.0662636
0.892,593.836,0.10017
0.892018,593.902,0.0662636
0.89225,594.002,0.10017
0.892268,594.068,0.0662636
0.8925,594.168,0.10017
0.892518,594.235,0.0662636
0.89275,594.335,0.10017
0.892768,594.401,0.0662636
0.893,594.501,0.10017
0.893018,594.568,0.0662636
0.89325,594.668,0.10017
0.893268,594.734,0.0662636
0.8935,594.834,0.10017
0.893518,594.9,0.0662636
0.89375,595.001,0.10017
0.893768,595.067,0.0662636
0.894,595.167,0.10017
0.894018,595.233,0.0662636
0.89425,595.334,0.10017
0.894268,595.4,0.0662636
0.8945,595.5,0.10017
0.894518,595.566,0.0662636
0.89475,595.666,0.10017
0.894768,595.733,0.0662636
0.895,595.833,0.10017
0.895018,595.899,0.0662636
0.89525,595.999,0.10017
0.895268,596.066,0.0662636
0.8955,596.166,0.10017
0.895518,596.232,0.0662636
0.89575,596.332,0.10017
0.895768,596.398,0.0662636
0.896,596.499,0.10017
0.896018,596.565,0.0662636
0.89625,596.665,0.10017
0.896268,596.731,0.0662636
0.8965,596.831,0.10017
0.896518,596.898,0.0662636
0.89675,596.998,0.10017
0.896768,597.064,0.0662636
0.897,597.164,0.10017
0.897018,597.231,0.0662636
0.89725,597.331,0.10017
0.897268,597.397,0.0662636
0.8975,597.497,0.10017
0.897518,597.563,0.0662636
0.89775,597.664,0.10017
0.897768,597.73,0.0662636
0.898,597.83,0.10017
0.898018,597.896,0.0662636
0.89825,597.996,0.10017
0.898268,598.063,0.0662636
0.8985,598.163,0.10017
0.898518,598.229,0.0662636
0.89875,598.329,0.10017
0.898768,598.396,0.0662636
0.899,598.496,0.10017
0.899018,598.562,0.0662636
0.89925,598.662,0.10017
0.899268,598.728,0.0662636
0.8995,598.829,0.10017
0.899518,598.895,0.0662636
0.89975,598.995,0.10017
0.899768,599.061,0.0662636
0.9,599.162,0.10017
0.900018,599.228,0.0662636
0.90025,599.328,0.10017
0.900268,599.394,0.0662636
0.9005,599.494,0.10017
0.900518,599.561,0.0662636
0.90075,599.661,0.10017
0.900768,599.727,0.0662636
0.901,599.827,0.10017
0.901018,599.894,0.0662636
0.90125,599.994,0.10017
0.901268,600.06,0.0662636
0.9015,600.16,0.10017
0.901518,600.226,0.0662636
0.90175,600.327,0.10017
0.901768,600.393,0.0662636
0.902,600.493,0.10017
0.902018,600.559,0.0662636
0.90225,600.659,0.10017
0.902268,600.726,0.0662636
0.9025,600.826,0.10017
0.902518,600.892,0.0662636
0.90275,600.992,0.10017
0.902768,601.059,0.0662636
0.903,601.159,0.10017
0.903018,601.225,0.0662636
0.90325,601.325,0.10017
0.903268,601.391,0.0662636
0.9035,601.492,0.10017
0.903518,601.558,0.0662636
0.90375,601.658,0.10017
0.903768,601.724,0.0662636
0.904,601.824,0.10017
0.904018,601.891,0.0662636
0.90425,601.991,0.10017
0.904268,602.057,0.0662636
0.9045,602.157,0.10017
0.904518,602.224,0.0662636
0.90475,602.324,0.10017
0.904768,602.39,0.0662636
0.905,602.49,0.10017
0.905018,602.556,0.0662636
0.90525,602.657,0.10017
0.905268,602.723,0.0662636
0.9055,602.823,0.10017
0.905518,602.889,0.0662636
0.90575,602.989,0.10017
0.905768,603.056,0.0662636
0.906,603.156,0.10017
0.906018,603.222,0.0662636
0.90625,603.322,0.10017
0.906268,603.389,0.0662636
0.9065,603.489,0.10017
0.906518,603.555,0.0662636
0.90675,603.655,0.10017
0.906768,603.721,0.0662636
0.907,603.822,0.10017
0.907018,603.888,0.0662636
0.90725,603.988,0.10017
0.907268,604.054,0.0662636
0.9075,604.155,0.10017
0.907518,604.221,0.0662636
0.90775,604.321,0.10017
0.907768,604.387,0.0662636
0.908,604.487,0.10017
0.908018,604.554,0.0662636
0.90825,604.654,0.10017
0.908268,604.72,0.0662636
0.9085,604.82,0.10017
0.908518,604.887,0.0662636
0.90875,604.987,0.10017
0.908768,605.053,0.0662636
0.909,605.153,0.10017
0.909018,605.219,0.0662636
0.90925,605.32,0.10017
0.909268,605.386,0.0662636
0.9095,605.486,0.10017
0.909518,605.552,0.0662636
0.90975,605.652,0.10017
0.909768,605.719,0.0662636
0.91,605.819,0.10017
0.910018,605.885,0.0662636
0.91025,605.985,0.10017
0.910268,606.052,0.0662636
0.9105,606.152,0.10017
0.910518,606.218,0.0662636
0.91075,606.318,0.10017
0.910768,606.384,0.0662636
0.911,606.485,0.10017
0.911018,606.551,0.0662636
0.91125,606.651,0.10017
0.911268,606.717,0.0662636
0.9115,606.817,0.10017
0.911518,606.884,0.0662636
0.91175,606.984,0.10017
0.911768,607.05,0.0662636
0.912,607.15,0.10017
0.912018,607.217,0.0662636
0.91225,607.317,0.10017
0.912268,607.383,0.0662636
0.9125,607.483,0.10017
0.912518,607.549,0.0662636
0.91275,607.65,0.10017
0.912768,607.716,0.0662636
0.913,607.816,0.10017
0.913018,607.882,0.0662636
0.91325,607.982,0.10017
0.913268,608.049,0.0662636
0.9135,608.149,0.10017
0.913518,608.215,0.0662636
0.91375,608.315,0.10017
0.913768,608.382,0.0662636
0.914,608.482,0.10017
0.914018,608.548,0.0662636
0.91425,608.648,0.10017
0.914268,608.714,0.0662636
0.9145,608.815,0.10017
0.914518,608.881,0.0662636
0.91475,608.981,0.10017
0.914768,609.047,0.0662636
0.915,609.148,0.10017
0.915018,609.214,0.0662636
0.91525,609.314,0.10017
0.915268,609.38,0.0662636
0.9155,609.48,0.10017
0.915518,609.547,0.0662636
0.91575,609.647,0.10017
0.915768,609.713,0.0662636
0.916,609.813,0.10017
0.916018,609.88,0.0662636
0.91625,609.98,0.10017
0.916268,610.046,0.0662636
0.9165,610.146,0.10017
0.916518,610.212,0.0662636
0.91675,610.313,0.10017
0.916768,610.379,0.0662636
0.917,610.479,0.10017
0.917018,610.545,0.0662636
0.91725,610.645,0.10017
0.917268,610.712,0.0662636
0.9175,610.812,0.10017
0.917518,610.878,0.0662636
0.91775,610.978,0.10017
0.917768,611.045,0.0662636
0.918,611.145,0.10017
0.918018,611.211,0.0662636
0.91825,611.311,0.10017
0.918268,611.377,0.0662636
0.9185,611.478,0.10017
0.918518,611.544,0.0662636
0.91875,611.644,0.10017
0.918768,611.71,0.0662636
0.919,611.81,0.10017
0.919018,611.877,0.0662636
0.91925,611.977,0.10017
0.919268,612.043,0.0662636
0.9195,612.143,0.10017
0.919518,612.21,0.0662636
0.91975,612.31,0.10017
0.919768,612.376,0.0662636
0.92,612.476,0.10017
0.920018,612.542,0.0662636
0.92025,612.643,0.10017
0.920268,612.709,0.0662636
0.9205,612.809,0.10017
0.920518,612.875,0.0662636
0.92075,612.976,0.10017
0.920768,613.042,0.0662636
0.921,613.142,0.10017
0.921018,613.208,0.0662636
0.92125,613.308,0.10017
0.921268,613.375,0.0662636
0.9215,613.475,0.10017
0.921518,613.541,0.0662636
0.92175,613.641,0.10017
0.921768,613.708,0.0662636
0.922,613.808,0.10017
0.922018,613.874,0.0662636
0.92225,613.974,0.10017
0.922268,614.04,0.0662636
0.9225,614.141,0.10017
0.922518,614.207,0.0662636
0.92275,614.307,0.10017
0.922768,614.373,0.0662636
0.923,614.473,0.10017
0.923018,614.54,0.0662636
0.92325,614.64,0.10017
0.923268,614.706,0.0662636
0.9235,614.806,0.10017
0.923518,614.873,0.0662636
0.92375,614.973,0.10017
0.923768,615.039,0.0662636
0.924,615.139,0.10017
0.924018,615.205,0.0662636
0.92425,615.306,0.10017
0.924268,615.372,0.0662636
0.9245,615.472,0.10017
0.924518,615.538,0.0662636
0.92475,615.638,0.10017
0.924768,615.705,0.0662636
0.925,615.805,0.10017
0.925018,615.871,0.0662636
0.92525,615.971,0.10017
0.925268,616.038,0.0662636
0.9255,616.138,0.10017
0.925518,616.204,0.0662636
0.92575,616.304,0.10017
0.925768,616.37,0.0662636
0.926,616.471,0.10017
0.926018,616.537,0.0662636
0.92625,616.637,0.10017
0.926268,616.703,0.0662636
0.9265,616.803,0.10017
0.926518,616.87,0.0662636
0.92675,616.97,0.10017
0.926768,617.036,0.0662636
0.927,617.136,0.10017
0.927018,617.203,0.0662636
0.92725,617.303,0.10017
0.927268,617.369,0.0662636
0.9275,617.469,0.10017
0.927518,617.535,0.0662636
0.92775,617.636,0.10017
0.927768,617.702,0.0662636
0.928,617.802,0.10017
0.928018,617.868,0.0662636
0.92825,617.969,0.10017
0.928268,618.035,0.0662636
0.9285,618.135,0.10017
0.928518,618.201,0.0662636
0.92875,618.301,0.10017
0.928768,618.368,0.0662636
0.929,618.468,0.10017
0.929018,618.534,0.0662636
0.92925,618.634,0.10017
0.929268,618.701,0.0662636
0.9295,618.801,0.10017
0.929518,618.867,0.0662636
0.92975,618.967,0.10017
0.929768,619.033,0.0662636
0.93,619.134,0.10017
0.930018,619.2,0.0662636
0.93025,619.3,0.10017
0.930268,619.366,0.0662636
0.9305,619.466,0.10017
0.930518,619.533,0.0662636
0.93075,619.633,0.10017
0.930768,619.699,0.0662636
0.931,619.799,0.10017
0.931018,619.866,0.0662636
0.93125,619.966,0.10017
0.931268,620.032,0.0662636
0.9315,620.132,0.10017
0.931518,620.198,0.0662636
0.93175,620.299,0.10017
0.931768,620.365,0.0662636
0.932,620.465,0.10017
0.932018,620.531,0.0662636
0.93225,620.631,0.10017
0.932268,620.698,0.0662636
0.9325,620.798,0.10017
0.932518,620.864,0.0662636
0.93275,620.964,0.10017
0.932768,621.031,0.0662636
0.933,621.131,0.10017
0.933018,621.197,0.0662636
0.93325,621.297,0.10017
0.933268,621.363,0.0662636
0.9335,621.464,0.10017
0.933518,621.53,0.0662636
0.93375,621.63,0.10017
0.933768,621.696,0.0662636
0.934,621.796,0.10017
0.934018,621.863,0.0662636
0.93425,621.963,0.10017
0.934268,622.029,0.0662636
0.9345,622.129,0.10017
0.934518,622.196,0.0662636
0.93475,622.296,0.10017
0.934768,622.362,0.0662636
0.935,622.462,0.10017
0.935018,622.528,0.0662636
0.93525,622.629,0.10017
0.935268,622.695,0.0662636
0.9355,622.795,0.10017
0.935518,622.861,0.0662636
0.93575,622.962,0.10017
0.935768,623.028,0.0662636
0.936,623.128,0.10017
0.936018,623.194,0.0662636
0.93625,623.294,0.10017
0.936268,623.361,0.0662636
0.9365,623.461,0.10017
0.936518,623.527,0.0662636
0.93675,623.627,0.10017
0.936768,623.694,0.0662636
0.937,623.794,0.10017
0.937018,623.86,0.0662636
0.93725,623.96,0.10017
0.937268,624.026,0.0662636
0.9375,624.127,0.10017
0.937518,624.193,0.0662636
0.93775,624.293,0.10017
0.937768,624.359,0.0662636
0.938,624.459,0.10017
0.938018,624.526,0.0662636
0.93825,624.626,0.10017
0.938268,624.692,0.0662636
0.9385,624.792,0.10017
0.938518,624.859,0.0662636
0.93875,624.959,0.10017
0.938768,625.025,0.0662636
0.939,625.125,0.10017
0.939018,625.191,0.0662636
0.93925,625.292,0.10017
0.939268,625.358,0.0662636
0.9395,625.458,0.10017
0.939518,625.524,0.0662636
0.93975,625.624,0.10017
0.939768,625.691,0.0662636
0.94,625.791,0.10017
0.940018,625.857,0.0662636
0.94025,625.957,0.10017
0.940268,626.024,0.0662636
0.9405,626.124,0.10017
0.940518,626.19,0.0662636
0.94075,626.29,0.10017
0.940768,626.356,0.0662636
0.941,626.457,0.10017
0.941018,626.523,0.0662636
0.94125,626.623,0.10017
0.941268,626.689,0.0662636
0.9415,626.79,0.10017
0.941518,626.856,0.0662636
0.94175,626.956,0.10017
0.941768,627.022,0.0662636
0.942,627.122,0.10017
0.942018,627.189,0.0662636
0.94225,627.289,0.10017
0.942268,627.355,0.0662636
0.9425,627.455,0.10017
0.942518,627.522,0.0662636
0.94275,627.622,0.10017
0.942768,627.688,0.0662636
0.943,627.788,0.10017
0.943018,627.854,0.0662636
0.94325,627.955,0.10017
0.943268,628.021,0.0662636
0.9435,628.121,0.10017
0.943518,628.187,0.0662636
0.94375,628.287,0.10017
0.943768,628.354,0.0662636
0.944,628.454,0.10017
0.944018,628.52,0.0662636
0.94425,628.62,0.10017
0.944268,628.687,0.0662636
0.9445,628.787,0.10017
0.944518,628.853,0.0662636
0.94475,628.953,0.10017
0.944768,629.019,0.0662636
0.945,629.12,0.10017
0.945018,629.186,0.0662636
0.94525,629.286,0.10017
0.945268,629.352,0.0662636
0.9455,629.452,0.10017
0.945518,629.519,0.0662636
0.94575,629.619,0.10017
0.945768,629.685,0.0662636
0.946,629.785,0.10017
0.946018,629.852,0.0662636
0.94625,629.952,0.10017
0.946268,630.018,0.0662636
0.9465,630.118,0.10017
0.946518,630.184,0.0662636
0.94675,630.285,0.10017
0.946768,630.351,0.0662636
0.947,630.451,0.10017
0.947018,630.517,0.0662636
0.94725,630.617,0.10017
0.947268,630.684,0.0662636
0.9475,630.784,0.10017
0.947518,630.85,0.0662636
0.94775,630.95,0.10017
0.947768,631.017,0.0662636
0.948,631.117,0.10017
0.948018,631.183,0.0662636
0.94825,631.283,0.10017
0.948268,631.349,0.0662636
0.9485,631.45,0.10017
0.948518,631.516,0.0662636
0.94875,631.616,0.10017
0.948768,631.682,0.0662636
0.949,631.783,0.10017
0.949018,631.849,0.0662636
0.94925,631.949,0.10017
0.949268,632.015,0.0662636
0.9495,632.115,0.10017
0.949518,632.182,0.0662636
0.94975,632.282,0.10017
0.949768,632.348,0.0662636
0.95,632.448,0.10017
0.950018,632.515,0.0662636
0.95025,632.615,0.10017
0.950268,632.681,0.0662636
0.9505,632.781,0.10017
0.950518,632.847,0.0662636
0.95075,632.948,0.10017
0.950768,633.014,0.0662636
0.951,633.114,0.10017
0.951018,633.18,0.0662636
0.95125,633.28,0.10017
0.951268,633.347,0.0662636
0.9515,633.447,0.10017
0.951518,633.513,0.0662636
0.95175,633.613,0.10017
0.951768,633.68,0.0662636
0.952,633.78,0.10017
0.952018,633.846,0.0662636
0.95225,633.946,0.10017
0.952268,634.012,0.0662636
0.9525,634.113,0.10017
0.952518,634.179,0.0662636
0.95275,634.279,0.10017
0.952768,634.345,0.0662636
0.953,634.445,0.10017
0.953018,634.512,0.0662636
0.95325,634.612,0.10017
0.953268,634.678,0.0662636
0.9535,634.778,0.10017
0.953518,634.845,0.0662636
0.95375,634.945,0.10017
0.953768,635.011,0.0662636
0.954,635.111,0.10017
0.954018,635.177,0.0662636
0.95425,635.278,0.10017
0.954268,635.344,0.0662636
0.9545,635.444,0.10017
0.954518,635.51,0.0662636
0.95475,635.61,0.10017
0.954768,635.677,0.0662636
0.955,635.777,0.10017
0.955018,635.843,0.0662636
0.95525,635.943,0.10017
0.955268,636.01,0.0662636
0.9555,636.11,0.10017
0.955518,636.176,0.0662636
0.95575,636.276,0.10017
0.955768,636.342,0.0662636
0.956,636.443,0.10017
0.956018,636.509,0.0662636
0.95625,636.609,0.10017
0.956268,636.675,0.0662636
0.9565,636.776,0.10017
0.956518,636.842,0.0662636
0.95675,636.942,0.10017
0.956768,637.008,0.0662636
0.957,637.108,0.10017
0.957018,637.175,0.0662636
0.95725,637.275,0.10017
0.957268,637.341,0.0662636
0.9575,637.441,0.10017
0.957518,637.508,0.0662636
0.95775,637.608,0.10017
0.957768,637.674,0.0662636
0.958,637.774,0.10017
0.958018,637.84,0.0662636
0.95825,637.941,0.10017
0.958268,638.007,0.0662636
0.9585,638.107,0.10017
0.958518,638.173,0.0662636
0.95875,638.273,0.10017
0.958768,638.34,0.0662636
0.959,638.44,0.10017
0.959018,638.506,0.0662636
0.95925,638.606,0.10017
0.959268,638.673,0.0662636
0.9595,638.773,0.10017
0.959518,638.839,0.0662636
0.95975,638.939,0.10017
0.959768,639.005,0.0662636
0.96,639.106,0.10017
0.960018,639.172,0.0662636
0.96025,639.272,0.10017
0.960268,639.338,0.0662636
0.9605,639.438,0.10017
0.960518,639.505,0.0662636
0.96075,639.605,0.10017
0.960768,639.671,0.0662636
0.961,639.771,0.10017
0.961018,639.838,0.0662636
0.96125,639.938,0.10017
0.961268,640.004,0.0662636
0.9615,640.104,0.10017
0.961518,640.17,0.0662636
0.96175,640.271,0.10017
0.961768,640.337,0.0662636
0.962,640.437,0.10017
0.962018,640.503,0.0662636
0.96225,640.604,0.10017
0.962268,640.67,0.0662636
0.9625,640.77,0.10017
0.962518,640.836,0.0662636
0.96275,640.936,0.10017
0.962768,641.003,0.0662636
0.963,641.103,0.10017
0.963018,641.169,0.0662636
0.96325,641.269,0.10017
0.963268,641.336,0.0662636
0.9635,641.436,0.10017
0.963518,641.502,0.0662636
0.96375,641.602,0.10017
0.963768,641.668,0.0662636
0.964,641.769,0.10017
0.964018,641.835,0.0662636
0.96425,641.935,0.10017
0.964268,642.001,0.0662636
0.9645,642.101,0.10017
0.964518,642.168,0.0662636
0.96475,642.268,0.10017
0.964768,642.334,0.0662636
0.965,642.434,0.10017
0.965018,642.501,0.0662636
0.96525,642.601,0.10017
0.965268,642.667,0.0662636
0.9655,642.767,0.10017
0.965518,642.833,0.0662636
0.96575,642.934,0.10017
0.965768,643,0.0662636
0.966,643.1,0.10017
0.966018,643.166,0.0662636
0.96625,643.266,0.10017
0.966268,643.333,0.0662636
0.9665,643.433,0.10017
0.966518,643.499,0.0662636
0.96675,643.599,0.10017
0.966768,643.666,0.0662636
0.967,643.766,0.10017
0.967018,643.832,0.0662636
0.96725,643.932,0.10017
0.967268,643.998,0.0662636
0.9675,644.099,0.10017
0.967518,644.165,0.0662636
0.96775,644.265,0.10017
0.967768,644.331,0.0662636
0.968,644.431,0.10017
0.968018,644.498,0.0662636
0.96825,644.598,0.10017
0.968268,644.664,0.0662636
0.9685,644.764,0.10017
0.968518,644.831,0.0662636
0.96875,644.931,0.10017
0.968768,644.997,0.0662636
0.969,645.097,0.10017
0.969018,645.163,0.0662636
0.96925,645.264,0.10017
0.969268,645.33,0.0662636
0.9695,645.43,0.10017
0.969518,645.496,0.0662636
0.96975,645.597,0.10017
0.969768,645.663,0.0662636
0.97,645.763,0.10017
0.970018,645.829,0.0662636
0.97025,645.929,0.10017
0.970268,645.996,0.0662636
0.9705,646.096,0.10017
0.970518,646.162,0.0662636
0.97075,646.262,0.10017
0.970768,646.329,0.0662636
0.971,646.429,0.10017
0.971018,646.495,0.0662636
0.97125,646.595,0.10017
0.971268,646.661,0.0662636
0.9715,646.762,0.10017
0.971518,646.828,0.0662636
0.97175,646.928,0.10017
0.971768,646.994,0.0662636
0.972,647.094,0.10017
0.972018,647.161,0.0662636
0.97225,647.261,0.10017
0.972268,647.327,0.0662636
0.9725,647.427,0.10017
0.972518,647.494,0.0662636
0.97275,647.594,0.10017
0.972768,647.66,0.0662636
0.973,647.76,0.10017
0.973018,647.826,0.0662636
0.97325,647.927,0.10017
0.973268,647.993,0.0662636
0.9735,648.093,0.10017
0.973518,648.159,0.0662636
0.97375,648.259,0.10017
0.973768,648.326,0.0662636
0.974,648.426,0.10017
0.974018,648.492,0.0662636
0.97425,648.592,0.10017
0.974268,648.659,0.0662636
0.9745,648.759,0.10017
0.974518,648.825,0.0662636
0.97475,648.925,0.10017
0.974768,648.991,0.0662636
0.975,649.092,0.10017
0.975018,649.158,0.0662636
0.97525,649.258,0.10017
0.975268,649.324,0.0662636
0.9755,649.425,0.10017
0.975518,649.491,0.0662636
0.97575,649.591,0.10017
0.975768,649.657,0.0662636
0.976,649.757,0.10017
0.976018,649.824,0.0662636
0.97625,649.924,0.10017
0.976268,649.99,0.0662636
0.9765,650.09,0.10017
0.976518,650.156,0.0662636
0.97675,650.257,0.10017
0.976768,650.323,0.0662636
0.977,650.423,0.10017
0.977018,650.489,0.0662636
0.97725,650.59,0.10017
0.977268,650.656,0.0662636
0.9775,650.756,0.10017
0.977518,650.822,0.0662636
0.97775,650.922,0.10017
0.977768,650.989,0.0662636
0.978,651.089,0.10017
0.978018,651.155,0.0662636
0.97825,651.255,0.10017
0.978268,651.322,0.0662636
0.9785,651.422,0.10017
0.978518,651.488,0.0662636
0.97875,651.588,0.10017
0.978768,651.654,0.0662636
0.979,651.755,0.10017
0.979018,651.821,0.0662636
0.97925,651.921,0.10017
0.979268,651.987,0.0662636
0.9795,652.087,0.10017
0.979518,652.154,0.0662636
0.97975,652.254,0.10017
0.979768,652.32,0.0662636
0.98,652.42,0.10017
0.980018,652.487,0.0662636
0.98025,652.587,0.10017
0.980268,652.653,0.0662636
0.9805,652.753,0.10017
0.980518,652.819,0.0662636
0.98075,652.92,0.10017
0.980768,652.986,0.0662636
0.981,653.086,0.10017
0.981018,653.152,0.0662636
0.98125,653.252,0.10017
0.981268,653.319,0.0662636
0.9815,653.419,0.10017
0.981518,653.485,0.0662636
0.98175,653.585,0.10017
0.981768,653.652,0.0662636
0.982,653.752,0.10017
0.982018,653.818,0.0662636
0.98225,653.918,0.10017
0.982268,653.984,0.0662636
0.9825,654.085,0.10017
0.982518,654.151,0.0662636
0.98275,654.251,0.10017
0.982768,654.317,0.0662636
0.983,654.418,0.10017
0.983018,654.484,0.0662636
0.98325,654.584,0.10017
0.983268,654.65,0.0662636
0.9835,654.75,0.10017
0.983518,654.817,0.0662636
0.98375,654.917,0.10017
0.983768,654.983,0.0662636
0.984,655.083,0.10017
0.984018,655.15,0.0662636
0.98425,655.25,0.10017
0.984268,655.316,0.0662636
0.9845,655.416,0.10017
0.984518,655.482,0.0662636
0.98475,655.583,0.10017
0.984768,655.649,0.0662636
0.985,655.749,0.10017
0.985018,655.815,0.0662636
0.98525,655.915,0.10017
0.985268,655.982,0.0662636
0.9855,656.082,0.10017
0.985518,656.148,0.0662636
0.98575,656.248,0.10017
0.985768,656.315,0.0662636
0.986,656.415,0.10017
0.986018,656.481,0.0662636
0.98625,656.581,0.10017
0.986268,656.647,0.0662636
0.9865,656.748,0.10017
0.986518,656.814,0.0662636
0.98675,656.914,0.10017
0.986768,656.98,0.0662636
0.987,657.08,0.10017
0.987018,657.147,0.0662636
0.98725,657.247,0.10017
0.987268,657.313,0.0662636
0.9875,657.413,0.10017
0.987518,657.48,0.0662636
0.98775,657.58,0.10017
0.987768,657.646,0.0662636
0.988,657.746,0.10017
0.988018,657.812,0.0662636
0.98825,657.913,0.10017
0.988268,657.979,0.0662636
0.9885,658.079,0.10017
0.988518,658.145,0.0662636
0.98875,658.245,0.10017
0.988768,658.312,0.0662636
0.989,658.412,0.10017
0.989018,658.478,0.0662636
0.98925,658.578,0.10017
0.989268,658.645,0.0662636
0.9895,658.745,0.10017
0.989518,658.811,0.0662636
0.98975,658.911,0.10017
0.989768,658.977,0.0662636
0.99,659.078,0.10017
0.990018,659.144,0.0662636
0.99025,659.244,0.10017
0.990268,659.31,0.0662636
0.9905,659.411,0.10017
0.990518,659.477,0.0662636
0.99075,659.577,0.10017
0.990768,659.643,0.0662636
0.991,659.743,0.10017
0.991018,659.81,0.0662636
0.99125,659.91,0.10017
0.991268,659.976,0.0662636
0.9915,660.076,0.10017
0.991518,660.143,0.0662636
0.99175,660.243,0.10017
0.991768,660.309,0.0662636
0.992,660.409,0.10017
0.992018,660.475,0.0662636
0.99225,660.576,0.10017
0.992268,660.642,0.0662636
0.9925,660.742,0.10017
0.992518,660.808,0.0662636
0.99275,660.908,0.10017
0.992768,660.975,0.0662636
0.993,661.075,0.10017
0.993018,661.141,0.0662636
0.99325,661.241,0.10017
0.993268,661.308,0.0662636
0.9935,661.408,0.10017
0.993518,661.474,0.0662636
0.99375,661.574,0.10017
0.993768,661.64,0.0662636
0.994,661.741,0.10017
0.994018,661.807,0.0662636
0.99425,661.907,0.10017
0.994268,661.973,0.0662636
0.9945,662.073,0.10017
0.994518,662.14,0.0662636
0.99475,662.24,0.10017
0.994768,662.306,0.0662636
0.995,662.406,0.10017
0.995018,662.473,0.0662636
0.99525,662.573,0.10017
0.995268,662.639,0.0662636
0.9955,662.739,0.10017
0.995518,662.805,0.0662636
0.99575,662.906,0.10017
0.995768,662.972,0.0662636
0.996,663.072,0.10017
0.996018,663.138,0.0662636
0.99625,663.239,0.10017
0.996268,663.305,0.0662636
0.9965,663.405,0.10017
0.996518,663.471,0.0662636
0.99675,663.571,0.10017
0.996768,663.638,0.0662636
0.997,663.738,0.10017
0.997018,663.804,0.0662636
0.99725,663.904,0.10017
0.997268,663.971,0.0662636
0.9975,664.071,0.10017
0.997518,664.137,0.0662636
0.99775,664.237,0.10017
0.997768,664.303,0.0662636
0.998,664.404,0.10017
0.998018,664.47,0.0662636
0.99825,664.57,0.10017
0.998268,664.636,0.0662636
0.9985,664.736,0.10017
0.998518,664.803,0.0662636
0.99875,664.903,0.10017
0.998768,664.969,0.0662636
0.999,665.069,0.10017
0.999018,665.136,0.0662636
0.99925,665.236,0.10017
0.999268,665.302,0.0662636
0.9995,665.402,0.10017
0.999518,665.468,0.0662636
0.99975,665.569,0.10017
0.999768,665.635,0.0662636
1,665.735,0.10017
1.00002,665.801,0.0662636
1.00025,665.901,0.10017
1.00027,665.968,0.0662636
1.0005,666.068,0.10017
1.00052,666.134,0.0662636
1.00075,666.234,0.10017
1.00077,666.301,0.0662636
1.001,666.401,0.10017
1.00102,666.467,0.0662636
1.00125,666.567,0.10017
1.00127,666.633,0.0662636
1.0015,666.734,0.10017
1.00152,666.8,0.0662636
1.00175,666.9,0.10017
1.00177,666.966,0.0662636
1.002,667.066,0.10017
1.00202,667.133,0.0662636
1.00225,667.233,0.10017
1.00227,667.299,0.0662636
1.0025,667.399,0.10017
1.00252,667.466,0.0662636
1.00275,667.566,0.10017
1.00277,667.632,0.0662636
1.003,667.732,0.10017
1.00302,667.798,0.0662636
1.00325,667.899,0.10017
1.00327,667.965,0.0662636
1.0035,668.065,0.10017
1.00352,668.131,0.0662636
1.00375,668.232,0.10017
1.00377,668.298,0.0662636
1.004,668.398,0.10017
1.00402,668.464,0.0662636
1.00425,668.564,0.10017
1.00427,668.631,0.0662636
1.0045,668.731,0.10017
1.00452,668.797,0.0662636
1.00475,668.897,0.10017
1.00477,668.964,0.0662636
1.005,669.064,0.10017
1.00502,669.13,0.0662636
1.00525,669.23,0.10017
1.00527,669.296,0.0662636
1.0055,669.397,0.10017
1.00552,669.463,0.0662636
1.00575,669.563,0.10017
1.00577,669.629,0.0662636
1.006,669.729,0.10017
1.00602,669.796,0.0662636
1.00625,669.896,0.10017
1.00627,669.962,0.0662636
1.0065,670.062,0.10017
1.00652,670.129,0.0662636
1.00675,670.229,0.10017
1.00677,670.295,0.0662636
1.007,670.395,0.10017
1.00702,670.461,0.0662636
1.00725,670.562,0.10017
1.00727,670.628,0.0662636
1.0075,670.728,0.10017
1.00752,670.794,0.0662636
1.00775,670.894,0.10017
1.00777,670.961,0.0662636
1.008,671.061,0.10017
1.00802,671.127,0.0662636
1.00825,671.227,0.10017
1.00827,671.294,0.0662636
1.0085,671.394,0.10017
1.00852,671.46,0.0662636
1.00875,671.56,0.10017
1.00877,671.626,0.0662636
1.009,671.727,0.10017
1.00902,671.793,0.0662636
1.00925,671.893,0.10017
1.00927,671.959,0.0662636
1.0095,672.059,0.10017
1.00952,672.126,0.0662636
1.00975,672.226,0.10017
1.00977,672.292,0.0662636
1.01,672.392,0.10017
1.01002,672.459,0.0662636
1.01025,672.559,0.10017
1.01027,672.625,0.0662636
1.0105,672.725,0.10017
1.01052,672.791,0.0662636
1.01075,672.892,0.10017
1.01077,672.958,0.0662636
1.011,673.058,0.10017
1.01102,673.124,0.0662636
1.01125,673.225,0.10017
1.01127,673.291,0.0662636
1.0115,673.391,0.10017
1.01152,673.457,0.0662636
1.01175,673.557,0.10017
1.01177,673.624,0.0662636
1.012,673.724,0.10017
1.01202,673.79,0.0662636
1.01225,673.89,0.10017
1.01227,673.957,0.0662636
1.0125,674.057,0.10017
1.01252,674.123,0.0662636
1.01275,674.223,0.10017
1.01277,674.289,0.0662636
1.013,674.39,0.10017
1.01302,674.456,0.0662636
1.01325,674.556,0.10017
1.01327,674.622,0.0662636
1.0135,674.722,0.10017
1.01352,674.789,0.0662636
1.01375,674.889,0.10017
1.01377,674.955,0.0662636
1.014,675.055,0.10017
1.01402,675.122,0.0662636
1.01425,675.222,0.10017
1.01427,675.288,0.0662636
1.0145,675.388,0.10017
1.01452,675.454,0.0662636
1.01475,675.555,0.10017
1.01477,675.621,0.0662636
1.015,675.721,0.10017
1.01502,675.787,0.0662636
1.01525,675.887,0.10017
1.01527,675.954,0.0662636
1.0155,676.054,0.10017
1.01552,676.12,0.0662636
1.01575,676.22,0.10017
1.01577,676.287,0.0662636
1.016,676.387,0.10017
1.01602,676.453,0.0662636
1.01625,676.553,0.10017
1.01627,676.619,0.0662636
1.0165,676.72,0.10017
1.01652,676.786,0.0662636
1.01675,676.886,0.10017
1.01677,676.952,0.0662636
1.017,677.053,0.10017
1.01702,677.119,0.0662636
1.01725,677.219,0.10017
1.01727,677.285,0.0662636
1.0175,677.385,0.10017
1.01752,677.452,0.0662636
1.01775,677.552,0.10017
1.01777,677.618,0.0662636
1.018,677.718,0.10017
1.01802,677.785,0.0662636
1.01825,677.885,0.10017
1.01827,677.951,0.0662636
1.0185,678.051,0.10017
1.01852,678.117,0.0662636
1.01875,678.218,0.10017
1.01877,678.284,0.0662636
1.019,678.384,0.10017
1.01902,678.45,0.0662636
1.01925,678.55,0.10017
1.01927,678.617,0.0662636
1.0195,678.717,0.10017
1.01952,678.783,0.0662636
1.01975,678.883,0.10017
1.01977,678.95,0.0662636
1.02,679.05,0.10017
1.02002,679.116,0.0662636
1.02025,679.216,0.10017
1.02027,679.282,0.0662636
1.0205,679.383,0.10017
1.02052,679.449,0.0662636
1.02075,679.549,0.10017
1.02077,679.615,0.0662636
1.021,679.715,0.10017
1.02102,679.782,0.0662636
1.02125,679.882,0.10017
1.02127,679.948,0.0662636
1.0215,680.048,0.10017
1.02152,680.115,0.0662636
1.02175,680.215,0.10017
1.02177,680.281,0.0662636
1.022,680.381,0.10017
1.02202,680.447,0.0662636
1.02225,680.548,0.10017
1.02227,680.614,0.0662636
1.0225,680.714,0.10017
1.02252,680.78,0.0662636
1.02275,680.88,0.10017
1.02277,680.947,0.0662636
1.023,681.047,0.10017
1.02302,681.113,0.0662636
1.02325,681.213,0.10017
1.02327,681.28,0.0662636
1.0235,681.38,0.10017
1.02352,681.446,0.0662636
1.02375,681.546,0.10017
1.02377,681.612,0.0662636
1.024,681.713,0.10017
1.02402,681.779,0.0662636
1.02425,681.879,0.10017
1.02427,681.945,0.0662636
1.0245,682.046,0.10017
1.02452,682.112,0.0662636
1.02475,682.212,0.10017
1.02477,682.278,0.0662636
1.025,682.378,0.10017
1.02502,682.445,0.0662636
1.02525,682.545,0.10017
1.02527,682.611,0.0662636
1.0255,682.711,0.10017
1.02552,682.778,0.0662636
1.02575,682.878,0.10017
1.02577,682.944,0.0662636
1.026,683.044,0.10017
1.02602,683.11,0.0662636
1.02625,683.211,0.10017
1.02627,683.277,0.0662636
1.0265,683.377,0.10017
1.02652,683.443,0.0662636
1.02675,683.543,0.10017
1.02677,683.61,0.0662636
1.027,683.71,0.10017
1.02702,683.776,0.0662636
1.02725,683.876,0.10017
1.02727,683.943,0.0662636
1.0275,684.043,0.10017
1.02752,684.109,0.0662636
1.02775,684.209,0.10017
1.02777,684.275,0.0662636
1.028,684.376,0.10017
1.02802,684.442,0.0662636
1.02825,684.542,0.10017
1.02827,684.608,0.0662636
1.0285,684.708,0.10017
1.02852,684.775,0.0662636
1.02875,684.875,0.10017
1.02877,684.941,0.0662636
1.029,685.041,0.10017
1.02902,685.108,0.0662636
1.02925,685.208,0.10017
1.02927,685.274,0.0662636
1.0295,685.374,0.10017
1.02952,685.44,0.0662636
1.02975,685.541,0.10017
1.02977,685.607,0.0662636
1.03,685.707,0.10017
1.03002,685.773,0.0662636
1.03025,685.873,0.10017
1.03027,685.94,0.0662636
1.0305,686.04,0.10017
1.03052,686.106,0.0662636
1.03075,686.206,0.10017
1.03077,686.273,0.0662636
1.031,686.373,0.10017
1.03102,686.439,0.0662636
1.03125,686.539,0.10017
1.03127,686.605,0.0662636
1.0315,686.706,0.10017
1.03152,686.772,0.0662636
1.03175,686.872,0.10017
1.03177,686.938,0.0662636
1.032,687.039,0.10017
1.03202,687.105,0.0662636
1.03225,687.205,0.10017
1.03227,687.271,0.0662636
1.0325,687.371,0.10017
1.03252,687.438,0.0662636
1.03275,687.538,0.10017
1.03277,687.604,0.0662636
1.033,687.704,0.10017
1.03302,687.771,0.0662636
1.03325,687.871,0.10017
1.03327,687.937,0.0662636
1.0335,688.037,0.10017
1.03352,688.103,0.0662636
1.03375,688.204,0.10017
1.03377,688.27,0.0662636
1.034,688.37,0.10017
1.03402,688.436,0.0662636
1.03425,688.536,0.10017
1.03427,688.603,0.0662636
1.0345,688.703,0.10017
1.03452,688.769,0.0662636
1.03475,688.869,0.10017
1.03477,688.936,0.0662636
1.035,689.036,0.10017
1.03502,689.102,0.0662636
1.03525,689.202,0.10017
1.03527,689.268,0.0662636
1.0355,689.369,0.10017
1.03552,689.435,0.0662636
1.03575,689.535,0.10017
1.03577,689.601,0.0662636
1.036,689.701,0.10017
1.03602,689.768,0.0662636
1.03625,689.868,0.10017
1.03627,689.934,0.0662636
1.0365,690.034,0.10017
1.03652,690.101,0.0662636
1.03675,690.201,0.10017
1.03677,690.267,0.0662636
1.037,690.367,0.10017
1.03702,690.433,0.0662636
1.03725,690.534,0.10017
1.03727,690.6,0.0662636
1.0375,690.7,0.10017
1.03752,690.766,0.0662636
1.03775,690.867,0.10017
1.03777,690.933,0.0662636
1.038,691.033,0.10017
1.03802,691.099,0.0662636
1.03825,691.199,0.10017
1.03827,691.266,0.0662636
1.0385,691.366,0.10017
1.03852,691.432,0.0662636
1.03875,691.532,0.10017
1.03877,691.599,0.0662636
1.039,691.699,0.10017
1.03902,691.765,0.0662636
1.03925,691.865,0.10017
1.03927,691.931,0.0662636
1.0395,692.032,0.10017
1.03952,692.098,0.0662636
1.03975,692.198,0.10017
1.03977,692.264,0.0662636
1.04,692.364,0.10017
1.04002,692.431,0.0662636
1.04025,692.531,0.10017
1.04027,692.597,0.0662636
1.0405,692.697,0.10017
1.04052,692.764,0.0662636
1.04075,692.864,0.10017
1.04077,692.93,0.0662636
1.041,693.03,0.10017
1.04102,693.096,0.0662636
1.04125,693.197,0.10017
1.04127,693.263,0.0662636
1.0415,693.363,0.10017
1.04152,693.429,0.0662636
1.04175,693.529,0.10017
1.04177,693.596,0.0662636
1.042,693.696,0.10017
1.04202,693.762,0.0662636
1.04225,693.862,0.10017
1.04227,693.929,0.0662636
1.0425,694.029,0.10017
1.04252,694.095,0.0662636
1.04275,694.195,0.10017
1.04277,694.261,0.0662636
1.043,694.362,0.10017
1.04302,694.428,0.0662636
1.04325,694.528,0.10017
1.04327,694.594,0.0662636
1.0435,694.694,0.10017
1.04352,694.761,0.0662636
1.04375,694.861,0.10017
1.04377,694.927,0.0662636
1.044,695.027,0.10017
1.04402,695.094,0.0662636
1.04425,695.194,0.10017
1.04427,695.26,0.0662636
1.0445,695.36,0.10017
1.04452,695.426,0.0662636
1.04475,695.527,0.10017
1.04477,695.593,0.0662636
1.045,695.693,0.10017
1.04502,695.759,0.0662636
1.04525,695.86,0.10017
1.04527,695.926,0.0662636
1.0455,696.026,0.10017
1.04552,696.092,0.0662636
1.04575,696.192,0.10017
1.04577,696.259,0.0662636
1.046,696.359,0.10017
1.04602,696.425,0.0662636
1.04625,696.525,0.10017
1.04627,696.592,0.0662636
1.0465,696.692,0.10017
1.04652,696.758,0.0662636
1.04675,696.858,0.10017
1.04677,696.924,0.0662636
1.047,697.025,0.10017
1.04702,697.091,0.0662636
1.04725,697.191,0.10017
1.04727,697.257,0.0662636
1.0475,697.357,0.10017
1.04752,697.424,0.0662636
1.04775,697.524,0.10017
1.04777,697.59,0.0662636
1.048,697.69,0.10017
1.04802,697.757,0.0662636
1.04825,697.857,0.10017
1.04827,697.923,0.0662636
1.0485,698.023,0.10017
1.04852,698.089,0.0662636
1.04875,698.19,0.10017
1.04877,698.256,0.0662636
1.049,698.356,0.10017
1.04902,698.422,0.0662636
1.04925,698.522,0.10017
1.04927,698.589,0.0662636
1.0495,698.689,0.10017
1.04952,698.755,0.0662636
1.04975,698.855,0.10017
1.04977,698.922,0.0662636
1.05,699.022,0.10017
1.05002,699.088,0.0662636
1.05025,699.188,0.10017
1.05027,699.254,0.0662636
1.0505,699.355,0.10017
1.05052,699.421,0.0662636
1.05075,699.521,0.10017
1.05077,699.587,0.0662636
1.051,699.687,0.10017
1.05102,699.754,0.0662636
1.05125,699.854,0.10017
1.05127,699.92,0.0662636
1.0515,700.02,0.10017
1.05152,700.087,0.0662636
1.05175,700.187,0.10017
1.05177,700.253,0.0662636
1.052,700.353,0.10017
1.05202,700.419,0.0662636
1.05225,700.52,0.10017
1.05227,700.586,0.0662636
1.0525,700.686,0.10017
1.05252,700.752,0.0662636
1.05275,700.853,0.10017
1.05277,700.919,0.0662636
1.053,701.019,0.10017
1.05302,701.085,0.0662636
1.05325,701.185,0.10017
1.05327,701.252,0.0662636
1.0535,701.352,0.10017
1.05352,701.418,0.0662636
1.05375,701.518,0.10017
1.05377,701.585,0.0662636
1.054,701.685,0.10017
1.05402,701.751,0.0662636
1.05425,701.851,0.10017
1.05427,701.917,0.0662636
1.0545,702.018,0.10017
1.05452,702.084,0.0662636
1.05475,702.184,0.10017
1.05477,702.25,0.0662636
1.055,702.35,0.10017
1.05502,702.417,0.0662636
1.05525,702.517,0.10017
1.05527,702.583,0.0662636
1.0555,702.683,0.10017
1.05552,702.75,0.0662636
1.05575,702.85,0.10017
1.05577,702.916,0.0662636
1.056,703.016,0.10017
1.05602,703.082,0.0662636
1.05625,703.183,0.10017
1.05627,703.249,0.0662636
1.0565,703.349,0.10017
1.05652,703.415,0.0662636
1.05675,703.515,0.10017
1.05677,703.582,0.0662636
1.057,703.682,0.10017
1.05702,703.748,0.0662636
1.05725,703.848,0.10017
1.05727,703.915,0.0662636
1.0575,704.015,0.10017
1.05752,704.081,0.0662636
1.05775,704.181,0.10017
1.05777,704.247,0.0662636
1.058,704.348,0.10017
1.05802,704.414,0.0662636
1.05825,704.514,0.10017
1.05827,704.58,0.0662636
1.0585,704.681,0.10017
1.05852,704.747,0.0662636
1.05875,704.847,0.10017
1.05877,704.913,0.0662636
1.059,705.013,0.10017
1.05902,705.08,0.0662636
1.05925,705.18,0.10017
1.05927,705.246,0.0662636
1.0595,705.346,0.10017
1.05952,705.413,0.0662636
1.05975,705.513,0.10017
1.05977,705.579,0.0662636
1.06,705.679,0.10017
1.06002,705.745,0.0662636
1.06025,705.846,0.10017
1.06027,705.912,0.0662636
1.0605,706.012,0.10017
1.06052,706.078,0.0662636
1.06075,706.178,0.10017
1.06077,706.245,0.0662636
1.061,706.345,0.10017
1.06102,706.411,0.0662636
1.06125,706.511,0.10017
1.06127,706.578,0.0662636
1.0615,706.678,0.10017
1.06152,706.744,0.0662636
1.06175,706.844,0.10017
1.06177,706.91,0.0662636
1.062,707.011,0.10017
1.06202,707.077,0.0662636
1.06225,707.177,0.10017
1.06227,707.243,0.0662636
1.0625,707.343,0.10017
1.06252,707.41,0.0662636
1.06275,707.51,0.10017
1.06277,707.576,0.0662636
1.063,707.676,0.10017
1.06302,707.743,0.0662636
1.06325,707.843,0.10017
1.06327,707.909,0.0662636
1.0635,708.009,0.10017
1.06352,708.075,0.0662636
1.06375,708.176,0.10017
1.06377,708.242,0.0662636
1.064,708.342,0.10017
1.06402,708.408,0.0662636
1.06425,708.508,0.10017
1.06427,708.575,0.0662636
1.0645,708.675,0.10017
1.06452,708.741,0.0662636
1.06475,708.841,0.10017
1.06477,708.908,0.0662636
1.065,709.008,0.10017
1.06502,709.074,0.0662636
1.06525,709.174,0.10017
1.06527,709.24,0.0662636
1.0655,709.341,0.10017
1.06552,709.407,0.0662636
1.06575,709.507,0.10017
1.06577,709.573,0.0662636
1.066,709.674,0.10017
1.06602,709.74,0.0662636
1.06625,709.84,0.10017
1.06627,709.906,0.0662636
1.0665,710.006,0.10017
1.06652,710.073,0.0662636
1.06675,710.173,0.10017
1.06677,710.239,0.0662636
1.067,710.339,0.10017
1.06702,710.406,0.0662636
1.06725,710.506,0.10017
1.06727,710.572,0.0662636
1.0675,710.672,0.10017
1.06752,710.738,0.0662636
1.06775,710.839,0.10017
1.06777,710.905,0.0662636
1.068,711.005,0.10017
1.06802,711.071,0.0662636
1.06825,711.171,0.10017
1.06827,711.238,0.0662636
1.0685,711.338,0.10017
1.06852,711.404,0.0662636
1.06875,711.504,0.10017
1.06877,711.571,0.0662636
1.069,711.671,0.10017
1.06902,711.737,0.0662636
1.06925,711.837,0.10017
1.06927,711.903,0.0662636
1.0695,712.004,0.10017
1.06952,712.07,0.0662636
1.06975,712.17,0.10017
1.06977,712.236,0.0662636
1.07,712.336,0.10017
1.07002,712.403,0.0662636
1.07025,712.503,0.10017
1.07027,712.569,0.0662636
1.0705,712.669,0.10017
1.07052,712.736,0.0662636
1.07075,712.836,0.10017
1.07077,712.902,0.0662636
1.071,713.002,0.10017
1.07102,713.068,0.0662636
1.07125,713.169,0.10017
1.07127,713.235,0.0662636
1.0715,713.335,0.10017
1.07152,713.401,0.0662636
1.07175,713.501,0.10017
1.07177,713.568,0.0662636
1.072,713.668,0.10017
1.07202,713.734,0.0662636
1.07225,713.834,0.10017
1.07227,713.901,0.0662636
1.0725,714.001,0.10017
1.07252,714.067,0.0662636
1.07275,714.167,0.10017
1.07277,714.233,0.0662636
1.073,714.334,0.10017
1.07302,714.4,0.0662636
1.07325,714.5,0.10017
1.07327,714.566,0.0662636
1.0735,714.667,0.10017
1.07352,714.733,0.0662636
1.07375,714.833,0.10017
1.07377,714.899,0.0662636
1.074,714.999,0.10017
1.07402,715.066,0.0662636
1.07425,715.166,0.10017
1.07427,715.232,0.0662636
1.0745,715.332,0.10017
1.07452,715.399,0.0662636
1.07475,715.499,0.10017
1.07477,715.565,0.0662636
1.075,715.665,0.10017
1.07502,715.731,0.0662636
1.07525,715.832,0.10017
1.07527,715.898,0.0662636
1.0755,715.998,0.10017
1.07552,716.064,0.0662636
1.07575,716.164,0.10017
1.07577,716.231,0.0662636
1.076,716.331,0.10017
1.07602,716.397,0.0662636
1.07625,716.497,0.10017
1.07627,716.564,0.0662636
1.0765,716.664,0.10017
1.07652,716.73,0.0662636
1.07675,716.83,0.10017
1.07677,716.896,0.0662636
1.077,716.997,0.10017
1.07702,717.063,0.0662636
1.07725,717.163,0.10017
1.07727,717.229,0.0662636
1.0775,717.329,0.10017
1.07752,717.396,0.0662636
1.07775,717.496,0.10017
1.07777,717.562,0.0662636
1.078,717.662,0.10017
1.07802,717.729,0.0662636
1.07825,717.829,0.10017
1.07827,717.895,0.0662636
1.0785,717.995,0.10017
1.07852,718.061,0.0662636
1.07875,718.162,0.10017
1.07877,718.228,0.0662636
1.079,718.328,0.10017
1.07902,718.394,0.0662636
1.07925,718.495,0.10017
1.07927,718.561,0.0662636
1.0795,718.661,0.10017
1.07952,718.727,0.0662636
1.07975,718.827,0.10017
1.07977,718.894,0.0662636
1.08,718.994,0.10017
1.08002,719.06,0.0662636
1.08025,719.16,0.10017
1.08027,719.227,0.0662636
1.0805,719.327,0.10017
1.08052,719.393,0.0662636
1.08075,719.493,0.10017
1.08077,719.559,0.0662636
1.081,719.66,0.10017
1.08102,719.726,0.0662636
1.08125,719.826,0.10017
1.08127,719.892,0.0662636
1.0815,719.992,0.10017
1.08152,720.059,0.0662636
1.08175,720.159,0.10017
1.08177,720.225,0.0662636
1.082,720.325,0.10017
1.08202,720.392,0.0662636
1.08225,720.492,0.10017
1.08227,720.558,0.0662636
1.0825,720.658,0.10017
1.08252,720.724,0.0662636
1.08275,720.825,0.10017
1.08277,720.891,0.0662636
1.083,720.991,0.10017
1.08302,721.057,0.0662636
1.08325,721.157,0.10017
1.08327,721.224,0.0662636
1.0835,721.324,0.10017
1.08352,721.39,0.0662636
1.08375,721.49,0.10017
1.08377,721.557,0.0662636
1.084,721.657,0.10017
1.08402,721.723,0.0662636
1.08425,721.823,0.10017
1.08427,721.889,0.0662636
1.0845,721.99,0.10017
1.08452,722.056,0.0662636
1.08475,722.156,0.10017
1.08477,722.222,0.0662636
1.085,722.322,0.10017
1.08502,722.389,0.0662636
1.08525,722.489,0.10017
1.08527,722.555,0.0662636
1.0855,722.655,0.10017
1.08552,722.722,0.0662636
1.08575,722.822,0.10017
1.08577,722.888,0.0662636
1.086,722.988,0.10017
1.08602,723.054,0.0662636
1.08625,723.155,0.10017
1.08627,723.221,0.0662636
1.0865,723.321,0.10017
1.08652,723.387,0.0662636
1.08675,723.488,0.10017
1.08677,723.554,0.0662636
1.087,723.654,0.10017
1.08702,723.72,0.0662636
1.08725,723.82,0.10017
1.08727,723.887,0.0662636
1.0875,723.987,0.10017
1.08752,724.053,0.0662636
1.08775,724.153,0.10017
1.08777,724.22,0.0662636
1.088,724.32,0.10017
1.08802,724.386,0.0662636
1.08825,724.486,0.10017
1.08827,724.552,0.0662636
1.0885,724.653,0.10017
1.08852,724.719,0.0662636
1.08875,724.819,0.10017
1.08877,724.885,0.0662636
1.089,724.985,0.10017
1.08902,725.052,0.0662636
1.08925,725.152,0.10017
1.08927,725.218,0.0662636
1.0895,725.318,0.10017
1.08952,725.385,0.0662636
1.08975,725.485,0.10017
1.08977,725.551,0.0662636
1.09,725.651,0.10017
1.09002,725.717,0.0662636
1.09025,725.818,0.10017
1.09027,725.884,0.0662636
1.0905,725.984,0.10017
1.09052,726.05,0.0662636
1.09075,726.15,0.10017
1.09077,726.217,0.0662636
1.091,726.317,0.10017
1.09102,726.383,0.0662636
1.09125,726.483,0.10017
1.09127,726.55,0.0662636
1.0915,726.65,0.10017
1.09152,726.716,0.0662636
1.09175,726.816,0.10017
1.09177,726.882,0.0662636
1.092,726.983,0.10017
1.09202,727.049,0.0662636
1.09225,727.149,0.10017
1.09227,727.215,0.0662636
1.0925,727.315,0.10017
1.09252,727.382,0.0662636
1.09275,727.482,0.10017
1.09277,727.548,0.0662636
1.093,727.648,0.10017
1.09302,727.715,0.0662636
1.09325,727.815,0.10017
1.09327,727.881,0.0662636
1.0935,727.981,0.10017
1.09352,728.047,0.0662636
1.09375,728.148,0.10017
1.09377,728.214,0.0662636
1.094,728.314,0.10017
1.09402,728.38,0.0662636
1.09425,728.481,0.10017
1.09427,728.547,0.0662636
1.0945,728.647,0.10017
1.09452,728.713,0.0662636
1.09475,728.813,0.10017
1.09477,728.88,0.0662636
1.095,728.98,0.10017
1.09502,729.046,0.0662636
1.09525,729.146,0.10017
1.09527,729.213,0.0662636
1.0955,729.313,0.10017
1.09552,729.379,0.0662636
1.09575,729.479,0.10017
1.09577,729.545,0.0662636
1.096,729.646,0.10017
1.09602,729.712,0.0662636
1.09625,729.812,0.10017
1.09627,729.878,0.0662636
1.0965,729.978,0.10017
1.09652,730.045,0.0662636
1.09675,730.145,0.10017
1.09677,730.211,0.0662636
1.097,730.311,0.10017
1.09702,730.378,0.0662636
1.09725,730.478,0.10017
1.09727,730.544,0.0662636
1.0975,730.644,0.10017
1.09752,730.71,0.0662636
1.09775,730.811,0.10017
1.09777,730.877,0.0662636
1.098,730.977,0.10017
1.09802,731.043,0.0662636
1.09825,731.143,0.10017
1.09827,731.21,0.0662636
1.0985,731.31,0.10017
1.09852,731.376,0.0662636
1.09875,731.476,0.10017
1.09877,731.543,0.0662636
1.099,731.643,0.10017
1.09902,731.709,0.0662636
1.09925,731.809,0.10017
1.09927,731.875,0.0662636
1.0995,731.976,0.10017
1.09952,732.042,0.0662636
1.09975,732.142,0.10017
1.09977,732.208,0.0662636
1.1,732.309,0.10017
1.10002,732.375,0.0662636
1.10025,732.475,0.10017
1.10027,732.541,0.0662636
1.1005,732.641,0.10017
1.10052,732.708,0.0662636
1.10075,732.808,0.10017
1.10077,732.874,0.0662636
1.101,732.974,0.10017
1.10102,733.041,0.0662636
1.10125,733.141,0.10017
1.10127,733.207,0.0662636
1.1015,733.307,0.10017
1.10152,733.373,0.0662636
1.10175,733.474,0.10017
1.10177,733.54,0.0662636
1.102,733.64,0.10017
1.10202,733.706,0.0662636
1.10225,733.806,0.10017
1.10227,733.873,0.0662636
1.1025,733.973,0.10017
1.10252,734.039,0.0662636
1.10275,734.139,0.10017
1.10277,734.206,0.0662636
1.103,734.306,0.10017
1.10302,734.372,0.0662636
1.10325,734.472,0.10017
1.10327,734.538,0.0662636
1.1035,734.639,0.10017
1.10352,734.705,0.0662636
1.10375,734.805,0.10017
1.10377,734.871,0.0662636
1.104,734.971,0.10017
1.10402,735.038,0.0662636
1.10425,735.138,0.10017
1.10427,735.204,0.0662636
1.1045,735.304,0.10017
1.10452,735.371,0.0662636
1.10475,735.471,0.10017
1.10477,735.537,0.0662636
1.105,735.637,0.10017
1.10502,735.703,0.0662636
1.10525,735.804,0.10017
1.10527,735.87,0.0662636
1.1055,735.97,0.10017
1.10552,736.036,0.0662636
1.10575,736.136,0.10017
1.10577,736.203,0.0662636
1.106,736.303,0.10017
1.10602,736.369,0.0662636
1.10625,736.469,0.10017
1.10627,736.536,0.0662636
1.1065,736.636,0.10017
1.10652,736.702,0.0662636
1.10675,736.802,0.10017
1.10677,736.868,0.0662636
1.107,736.969,0.10017
1.10702,737.035,0.0662636
1.10725,737.135,0.10017
1.10727,737.201,0.0662636
1.1075,737.302,0.10017
1.10752,737.368,0.0662636
1.10775,737.468,0.10017
1.10777,737.534,0.0662636
1.108,737.634,0.10017
1.10802,737.701,0.0662636
1.10825,737.801,0.10017
1.10827,737.867,0.0662636
1.1085,737.967,0.10017
1.10852,738.034,0.0662636
1.10875,738.134,0.10017
1.10877,738.2,0.0662636
1.109,738.3,0.10017
1.10902,738.366,0.0662636
1.10925,738.467,0.10017
1.10927,738.533,0.0662636
1.1095,738.633,0.10017
1.10952,738.699,0.0662636
1.10975,738.799,0.10017
1.10977,738.866,0.0662636
1.11,738.966,0.10017
1.11002,739.032,0.0662636
1.11025,739.132,0.10017
1.11027,739.199,0.0662636
1.1105,739.299,0.10017
1.11052,739.365,0.0662636
1.11075,739.465,0.10017
1.11077,739.531,0.0662636
1.111,739.632,0.10017
1.11102,739.698,0.0662636
1.11125,739.798,0.10017
1.11127,739.864,0.0662636
1.1115,739.964,0.10017
1.11152,740.031,0.0662636
1.11175,740.131,0.10017
1.11177,740.197,0.0662636
1.112,740.297,0.10017
1.11202,740.364,0.0662636
1.11225,740.464,0.10017
1.11227,740.53,0.0662636
1.1125,740.63,0.10017
1.11252,740.696,0.0662636
1.11275,740.797,0.10017
1.11277,740.863,0.0662636
1.113,740.963,0.10017
1.11302,741.029,0.0662636
1.11325,741.129,0.10017
1.11327,741.196,0.0662636
1.1135,741.296,0.10017
1.11352,741.362,0.0662636
1.11375,741.462,0.10017
1.11377,741.529,0.0662636
1.114,741.629,0.10017
1.11402,741.695,0.0662636
1.11425,741.795,0.10017
1.11427,741.861,0.0662636
1.1145,741.962,0.10017
1.11452,742.028,0.0662636
1.11475,742.128,0.10017
1.11477,742.194,0.0662636
1.115,742.295,0.10017
1.11502,742.361,0.0662636
1.11525,742.461,0.10017
1.11527,742.527,0.0662636
1.1155,742.627,0.10017
1.11552,742.694,0.0662636
1.11575,742.794,0.10017
1.11577,742.86,0.0662636
1.116,742.96,0.10017
1.11602,743.027,0.0662636
1.11625,743.127,0.10017
1.11627,743.193,0.0662636
1.1165,743.293,0.10017
1.11652,743.359,0.0662636
1.11675,743.46,0.10017
1.11677,743.526,0.0662636
1.117,743.626,0.10017
1.11702,743.692,0.0662636
1.11725,743.792,0.10017
1.11727,743.859,0.0662636
1.1175,743.959,0.10017
1.11752,744.025,0.0662636
1.11775,744.125,0.10017
1.11777,744.192,0.0662636
1.118,744.292,0.10017
1.11802,744.358,0.0662636
1.11825,744.458,0.10017
1.11827,744.524,0.0662636
1.1185,744.625,0.10017
1.11852,744.691,0.0662636
1.11875,744.791,0.10017
1.11877,744.857,0.0662636
1.119,744.957,0.10017
1.11902,745.024,0.0662636
1.11925,745.124,0.10017
1.11927,745.19,0.0662636
1.1195,745.29,0.10017
1.11952,745.357,0.0662636
1.11975,745.457,0.10017
1.11977,745.523,0.0662636
1.12,745.623,0.10017
1.12002,745.689,0.0662636
1.12025,745.79,0.10017
1.12027,745.856,0.0662636
1.1205,745.956,0.10017
1.12052,746.022,0.0662636
1.12075,746.123,0.10017
1.12077,746.189,0.0662636
1.121,746.289,0.10017
1.12102,746.355,0.0662636
1.12125,746.455,0.10017
1.12127,746.522,0.0662636
1.1215,746.622,0.10017
1.12152,746.688,0.0662636
1.12175,746.788,0.10017
1.12177,746.855,0.0662636
1.122,746.955,0.10017
1.12202,747.021,0.0662636
1.12225,747.121,0.10017
1.12227,747.187,0.0662636
1.1225,747.288,0.10017
1.12252,747.354,0.0662636
1.12275,747.454,0.10017
1.12277,747.52,0.0662636
1.123,747.62,0.10017
1.12302,747.687,0.0662636
1.12325,747.787,0.10017
1.12327,747.853,0.0662636
1.1235,747.953,0.10017
1.12352,748.02,0.0662636
1.12375,748.12,0.10017
1.12377,748.186,0.0662636
1.124,748.286,0.10017
1.12402,748.352,0.0662636
1.12425,748.453,0.10017
1.12427,748.519,0.0662636
1.1245,748.619,0.10017
1.12452,748.685,0.0662636
1.12475,748.785,0.10017
1.12477,748.852,0.0662636
1.125,748.952,0.10017
1.12502,749.018,0.0662636
1.12525,749.118,0.10017
1.12527,749.185,0.0662636
1.1255,749.285,0.10017
1.12552,749.351,0.0662636
1.12575,749.451,0.10017
1.12577,749.517,0.0662636
1.126,749.618,0.10017
1.12602,749.684,0.0662636
1.12625,749.784,0.10017
1.12627,749.85,0.0662636
1.1265,749.95,0.10017
1.12652,750.017,0.0662636
1.12675,750.117,0.10017
1.12677,750.183,0.0662636
1.127,750.283,0.10017
1.12702,750.35,0.0662636
1.12725,750.45,0.10017
1.12727,750.516,0.0662636
1.1275,750.616,0.10017
1.12752,750.682,0.0662636
1.12775,750.783,0.10017
1.12777,750.849,0.0662636
1.128,750.949,0.10017
1.12802,751.015,0.0662636
1.12825,751.116,0.10017
1.12827,751.182,0.0662636
1.1285,751.282,0.10017
1.12852,751.348,0.0662636
1.12875,751.448,0.10017
1.12877,751.515,0.0662636
1.129,751.615,0.10017
1.12902,751.681,0.0662636
1.12925,751.781,0.10017
1.12927,751.848,0.0662636
1.1295,751.948,0.10017
1.12952,752.014,0.0662636
1.12975,752.114,0.10017
1.12977,752.18,0.0662636
1.13,752.281,0.10017
1.13002,752.347,0.0662636
1.13025,752.447,0.10017
1.13027,752.513,0.0662636
1.1305,752.613,0.10017
1.13052,752.68,0.0662636
1.13075,752.78,0.10017
1.13077,752.846,0.0662636
1.131,752.946,0.10017
1.13102,753.013,0.0662636
1.13125,753.113,0.10017
1.13127,753.179,0.0662636
1.1315,753.279,0.10017
1.13152,753.345,0.0662636
1.13175,753.446,0.10017
1.13177,753.512,0.0662636
1.132,753.612,0.10017
1.13202,753.678,0.0662636
1.13225,753.778,0.10017
1.13227,753.845,0.0662636
1.1325,753.945,0.10017
1.13252,754.011,0.0662636
1.13275,754.111,0.10017
1.13277,754.178,0.0662636
1.133,754.278,0.10017
1.13302,754.344,0.0662636
1.13325,754.444,0.10017
1.13327,754.51,0.0662636
1.1335,754.611,0.10017
1.13352,754.677,0.0662636
1.13375,754.777,0.10017
1.13377,754.843,0.0662636
1.134,754.943,0.10017
1.13402,755.01,0.0662636
1.13425,755.11,0.10017
1.13427,755.176,0.0662636
1.1345,755.276,0.10017
1.13452,755.343,0.0662636
1.13475,755.443,0.10017
1.13477,755.509,0.0662636
1.135,755.609,0.10017
1.13502,755.675,0.0662636
1.13525,755.776,0.10017
1.13527,755.842,0.0662636
1.1355,755.942,0.10017
1.13552,756.008,0.0662636
1.13575,756.109,0.10017
1.13577,756.175,0.0662636
1.136,756.275,0.10017
1.13602,756.341,0.0662636
1.13625,756.441,0.10017
1.13627,756.508,0.0662636
1.1365,756.608,0.10017
1.13652,756.674,0.0662636
1.13675,756.774,0.10017
1.13677,756.841,0.0662636
1.137,756.941,0.10017
1.13702,757.007,0.0662636
1.13725,757.107,0.10017
1.13727,757.173,0.0662636
1.1375,757.274,0.10017
1.13752,757.34,0.0662636
1.13775,757.44,0.10017
1.13777,757.506,0.0662636
1.138,757.606,0.10017
1.13802,757.673,0.0662636
1.13825,757.773,0.10017
1.13827,757.839,0.0662636
1.1385,757.939,0.10017
1.13852,758.006,0.0662636
1.13875,758.106,0.10017
1.13877,758.172,0.0662636
1.139,758.272,0.10017
1.13902,758.338,0.0662636
1.13925,758.439,0.10017
1.13927,758.505,0.0662636
1.1395,758.605,0.10017
1.13952,758.671,0.0662636
1.13975,758.771,0.10017
1.13977,758.838,0.0662636
1.14,758.938,0.10017
1.14002,759.004,0.0662636
1.14025,759.104,0.10017
1.14027,759.171,0.0662636
1.1405,759.271,0.10017
1.14052,759.337,0.0662636
1.14075,759.437,0.10017
1.14077,759.503,0.0662636
1.141,759.604,0.10017
1.14102,759.67,0.0662636
1.14125,759.77,0.10017
1.14127,759.836,0.0662636
1.1415,759.937,0.10017
1.14152,760.003,0.0662636
1.14175,760.103,0.10017
1.14177,760.169,0.0662636
1.142,760.269,0.10017
1.14202,760.336,0.0662636
1.14225,760.436,0.10017
1.14227,760.502,0.0662636
1.1425,760.602,0.10017
1.14252,760.669,0.0662636
1.14275,760.769,0.10017
1.14277,760.835,0.0662636
1.143,760.935,0.10017
1.14302,761.001,0.0662636
1.14325,761.102,0.10017
1.14327,761.168,0.0662636
1.1435,761.268,0.10017
1.14352,761.334,0.0662636
1.14375,761.434,0.10017
1.14377,761.501,0.0662636
1.144,761.601,0.10017
1.14402,761.667,0.0662636
1.14425,761.767,0.10017
1.14427,761.834,0.0662636
1.1445,761.934,0.10017
1.14452,762,0.0662636
1.14475,762.1,0.10017
1.14477,762.166,0.0662636
1.145,762.267,0.10017
1.14502,762.333,0.0662636
1.14525,762.433,0.10017
1.14527,762.499,0.0662636
1.1455,762.599,0.10017
1.14552,762.666,0.0662636
1.14575,762.766,0.10017
1.14577,762.832,0.0662636
1.146,762.932,0.10017
1.14602,762.999,0.0662636
1.14625,763.099,0.10017
1.14627,763.165,0.0662636
1.1465,763.265,0.10017
1.14652,763.331,0.0662636
1.14675,763.432,0.10017
1.14677,763.498,0.0662636
1.147,763.598,0.10017
1.14702,763.664,0.0662636
1.14725,763.764,0.10017
1.14727,763.831,0.0662636
1.1475,763.931,0.10017
1.14752,763.997,0.0662636
1.14775,764.097,0.10017
1.14777,764.164,0.0662636
1.148,764.264,0.10017
1.14802,764.33,0.0662636
1.14825,764.43,0.10017
1.14827,764.496,0.0662636
1.1485,764.597,0.10017
1.14852,764.663,0.0662636
1.14875,764.763,0.10017
1.14877,764.829,0.0662636
1.149,764.93,0.10017
1.14902,764.996,0.0662636
1.14925,765.096,0.10017
1.14927,765.162,0.0662636
1.1495,765.262,0.10017
1.14952,765.329,0.0662636
1.14975,765.429,0.10017
1.14977,765.495,0.0662636
1.15,765.595,0.10017
1.15002,765.662,0.0662636
1.15025,765.762,0.10017
1.15027,765.828,0.0662636
1.1505,765.928,0.10017
1.15052,765.994,0.0662636
1.15075,766.095,0.10017
1.15077,766.161,0.0662636
1.151,766.261,0.10017
1.15102,766.327,0.0662636
1.15125,766.427,0.10017
1.15127,766.494,0.0662636
1.1515,766.594,0.10017
1.15152,766.66,0.0662636
1.15175,766.76,0.10017
1.15177,766.827,0.0662636
1.152,766.927,0.10017
1.15202,766.993,0.0662636
1.15225,767.093,0.10017
1.15227,767.159,0.0662636
1.1525,767.26,0.10017
1.15252,767.326,0.0662636
1.15275,767.426,0.10017
1.15277,767.492,0.0662636
1.153,767.592,0.10017
1.15302,767.659,0.0662636
1.15325,767.759,0.10017
1.15327,767.825,0.0662636
1.1535,767.925,0.10017
1.15352,767.992,0.0662636
1.15375,768.092,0.10017
1.15377,768.158,0.0662636
1.154,768.258,0.10017
1.15402,768.324,0.0662636
1.15425,768.425,0.10017
1.15427,768.491,0.0662636
1.1545,768.591,0.10017
1.15452,768.657,0.0662636
1.15475,768.758,0.10017
1.15477,768.824,0.0662636
1.155,768.924,0.10017
1.15502,768.99,0.0662636
1.15525,769.09,0.10017
1.15527,769.157,0.0662636
1.1555,769.257,0.10017
1.15552,769.323,0.0662636
1.15575,769.423,0.10017
1.15577,769.489,0.0662636
1.156,769.59,0.10017
1.15602,769.656,0.0662636
1.15625,769.756,0.10017
1.15627,769.822,0.0662636
1.1565,769.923,0.10017
1.15652,769.989,0.0662636
1.15675,770.089,0.10017
1.15677,770.155,0.0662636
1.157,770.255,0.10017
1.15702,770.322,0.0662636
1.15725,770.422,0.10017
1.15727,770.488,0.0662636
1.1575,770.588,0.10017
1.15752,770.655,0.0662636
1.15775,770.755,0.10017
1.15777,770.821,0.0662636
1.158,770.921,0.10017
1.15802,770.987,0.0662636
1.15825,771.088,0.10017
1.15827,771.154,0.0662636
1.1585,771.254,0.10017
1.15852,771.32,0.0662636
1.15875,771.42,0.10017
1.15877,771.487,0.0662636
1.159,771.587,0.10017
1.15902,771.653,0.0662636
1.15925,771.753,0.10017
1.15927,771.82,0.0662636
1.1595,771.92,0.10017
1.15952,771.986,0.0662636
1.15975,772.086,0.10017
1.15977,772.152,0.0662636
1.16,772.253,0.10017
1.16002,772.319,0.0662636
1.16025,772.419,0.10017
1.16027,772.485,0.0662636
1.1605,772.585,0.10017
1.16052,772.652,0.0662636
1.16075,772.752,0.10017
1.16077,772.818,0.0662636
1.161,772.918,0.10017
1.16102,772.985,0.0662636
1.16125,773.085,0.10017
1.16127,773.151,0.0662636
1.1615,773.251,0.10017
1.16152,773.317,0.0662636
1.16175,773.418,0.10017
1.16177,773.484,0.0662636
1.162,773.584,0.10017
1.16202,773.65,0.0662636
1.16225,773.751,0.10017
1.16227,773.817,0.0662636
1.1625,773.917,0.10017
1.16252,773.983,0.0662636
1.16275,774.083,0.10017
1.16277,774.15,0.0662636
1.163,774.25,0.10017
1.16302,774.316,0.0662636
1.16325,774.416,0.10017
1.16327,774.483,0.0662636
1.1635,774.583,0.10017
1.16352,774.649,0.0662636
1.16375,774.749,0.10017
1.16377,774.815,0.0662636
1.164,774.916,0.10017
1.16402,774.982,0.0662636
1.16425,775.082,0.10017
1.16427,775.148,0.0662636
1.1645,775.248,0.10017
1.16452,775.315,0.0662636
1.16475,775.415,0.10017
1.16477,775.481,0.0662636
1.165,775.581,0.10017
1.16502,775.648,0.0662636
1.16525,775.748,0.10017
1.16527,775.814,0.0662636
1.1655,775.914,0.10017
1.16552,775.98,0.0662636
1.16575,776.081,0.10017
1.16577,776.147,0.0662636
1.166,776.247,0.10017
1.16602,776.313,0.0662636
1.16625,776.413,0.10017
1.16627,776.48,0.0662636
1.1665,776.58,0.10017
1.16652,776.646,0.0662636
1.16675,776.746,0.10017
1.16677,776.813,0.0662636
1.167,776.913,0.10017
1.16702,776.979,0.0662636
1.16725,777.079,0.10017
1.16727,777.145,0.0662636
1.1675,777.246,0.10017
1.16752,777.312,0.0662636
1.16775,777.412,0.10017
1.16777,777.478,0.0662636
1.168,777.578,0.10017
1.16802,777.645,0.0662636
1.16825,777.745,0.10017
1.16827,777.811,0.0662636
1.1685,777.911,0.10017
1.16852,777.978,0.0662636
1.16875,778.078,0.10017
1.16877,778.144,0.0662636
1.169,778.244,0.10017
1.16902,778.31,0.0662636
1.16925,778.411,0.10017
1.16927,778.477,0.0662636
1.1695,778.577,0.10017
1.16952,778.643,0.0662636
1.16975,778.744,0.10017
1.16977,778.81,0.0662636
1.17,778.91,0.10017
1.17002,778.976,0.0662636
1.17025,779.076,0.10017
1.17027,779.143,0.0662636
1.1705,779.243,0.10017
1.17052,779.309,0.0662636
1.17075,779.409,0.10017
1.17077,779.476,0.0662636
1.171,779.576,0.10017
1.17102,779.642,0.0662636
1.17125,779.742,0.10017
1.17127,779.808,0.0662636
1.1715,779.909,0.10017
1.17152,779.975,0.0662636
1.17175,780.075,0.10017
1.17177,780.141,0.0662636
1.172,780.241,0.10017
1.17202,780.308,0.0662636
1.17225,780.408,0.10017
1.17227,780.474,0.0662636
1.1725,780.574,0.10017
1.17252,780.641,0.0662636
1.17275,780.741,0.10017
1.17277,780.807,0.0662636
1.173,780.907,0.10017
1.17302,780.973,0.0662636
1.17325,781.074,0.10017
1.17327,781.14,0.0662636
1.1735,781.24,0.10017
1.17352,781.306,0.0662636
1.17375,781.406,0.10017
1.17377,781.473,0.0662636
1.174,781.573,0.10017
1.17402,781.639,0.0662636
1.17425,781.739,0.10017
1.17427,781.806,0.0662636
1.1745,781.906,0.10017
1.17452,781.972,0.0662636
1.17475,782.072,0.10017
1.17477,782.138,0.0662636
1.175,782.239,0.10017
1.17502,782.305,0.0662636
1.17525,782.405,0.10017
1.17527,782.471,0.0662636
1.1755,782.572,0.10017
1.17552,782.638,0.0662636
1.17575,782.738,0.10017
1.17577,782.804,0.0662636
1.176,782.904,0.10017
1.17602,782.971,0.0662636
1.17625,783.071,0.10017
1.17627,783.137,0.0662636
1.1765,783.237,0.10017
1.17652,783.304,0.0662636
1.17675,783.404,0.10017
1.17677,783.47,0.0662636
1.177,783.57,0.10017
1.17702,783.636,0.0662636
1.17725,783.737,0.10017
1.17727,783.803,0.0662636
1.1775,783.903,0.10017
1.17752,783.969,0.0662636
1.17775,784.069,0.10017
1.17777,784.136,0.0662636
1.178,784.236,0.10017
1.17802,784.302,0.0662636
1.17825,784.402,0.10017
1.17827,784.469,0.0662636
1.1785,784.569,0.10017
1.17852,784.635,0.0662636
1.17875,784.735,0.10017
1.17877,784.801,0.0662636
1.179,784.902,0.10017
1.17902,784.968,0.0662636
1.17925,785.068,0.10017
1.17927,785.134,0.0662636
1.1795,785.234,0.10017
1.17952,785.301,0.0662636
1.17975,785.401,0.10017
1.17977,785.467,0.0662636
1.18,785.567,0.10017
1.18002,785.634,0.0662636
1.18025,785.734,0.10017
1.18027,785.8,0.0662636
1.1805,785.9,0.10017
1.18052,785.966,0.0662636
1.18075,786.067,0.10017
1.18077,786.133,0.0662636
1.181,786.233,0.10017
1.18102,786.299,0.0662636
1.18125,786.399,0.10017
1.18127,786.466,0.0662636
1.1815,786.566,0.10017
1.18152,786.632,0.0662636
1.18175,786.732,0.10017
1.18177,786.799,0.0662636
1.182,786.899,0.10017
1.18202,786.965,0.0662636
1.18225,787.065,0.10017
1.18227,787.131,0.0662636
1.1825,787.232,0.10017
1.18252,787.298,0.0662636
1.18275,787.398,0.10017
1.18277,787.464,0.0662636
1.183,787.565,0.10017
1.18302,787.631,0.0662636
1.18325,787.731,0.10017
1.18327,787.797,0.0662636
1.1835,787.897,0.10017
1.18352,787.964,0.0662636
1.18375,788.064,0.10017
1.18377,788.13,0.0662636
1.184,788.23,0.10017
1.18402,788.297,0.0662636
1.18425,788.397,0.10017
1.18427,788.463,0.0662636
1.1845,788.563,0.10017
1.18452,788.629,0.0662636
1.18475,788.73,0.10017
1.18477,788.796,0.0662636
1.185,788.896,0.10017
1.18502,788.962,0.0662636
1.18525,789.062,0.10017
1.18527,789.129,0.0662636
1.1855,789.229,0.10017
1.18552,789.295,0.0662636
1.18575,789.395,0.10017
1.18577,789.462,0.0662636
1.186,789.562,0.10017
1.18602,789.628,0.0662636
1.18625,789.728,0.10017
1.18627,789.794,0.0662636
1.1865,789.895,0.10017
1.18652,789.961,0.0662636
1.18675,790.061,0.10017
1.18677,790.127,0.0662636
1.187,790.227,0.10017
1.18702,790.294,0.0662636
1.18725,790.394,0.10017
1.18727,790.46,0.0662636
1.1875,790.56,0.10017
1.18752,790.627,0.0662636
1.18775,790.727,0.10017
1.18777,790.793,0.0662636
1.188,790.893,0.10017
1.18802,790.959,0.0662636
1.18825,791.06,0.10017
1.18827,791.126,0.0662636
1.1885,791.226,0.10017
1.18852,791.292,0.0662636
1.18875,791.392,0.10017
1.18877,791.459,0.0662636
1.189,791.559,0.10017
1.18902,791.625,0.0662636
1.18925,791.725,0.10017
1.18927,791.792,0.0662636
1.1895,791.892,0.10017
1.18952,791.958,0.0662636
1.18975,792.058,0.10017
1.18977,792.124,0.0662636
1.19,792.225,0.10017
1.19002,792.291,0.0662636
1.19025,792.391,0.10017
1.19027,792.457,0.0662636
1.1905,792.558,0.10017
1.19052,792.624,0.0662636
1.19075,792.724,0.10017
1.19077,792.79,0.0662636
1.191,792.89,0.10017
1.19102,792.957,0.0662636
1.19125,793.057,0.10017
1.19127,793.123,0.0662636
1.1915,793.223,0.10017
1.19152,793.29,0.0662636
1.19175,793.39,0.10017
1.19177,793.456,0.0662636
1.192,793.556,0.10017
1.19202,793.622,0.0662636
1.19225,793.723,0.10017
1.19227,793.789,0.0662636
1.1925,793.889,0.10017
1.19252,793.955,0.0662636
1.19275,794.055,0.10017
1.19277,794.122,0.0662636
1.193,794.222,0.10017
1.19302,794.288,0.0662636
1.19325,794.388,0.10017
1.19327,794.455,0.0662636
1.1935,794.555,0.10017
1.19352,794.621,0.0662636
1.19375,794.721,0.10017
1.19377,794.787,0.0662636
1.194,794.888,0.10017
1.19402,794.954,0.0662636
1.19425,795.054,0.10017
1.19427,795.12,0.0662636
1.1945,795.22,0.10017
1.19452,795.287,0.0662636
1.19475,795.387,0.10017
1.19477,795.453,0.0662636
1.195,795.553,0.10017
1.19502,795.62,0.0662636
1.19525,795.72,0.10017
1.19527,795.786,0.0662636
1.1955,795.886,0.10017
1.19552,795.952,0.0662636
1.19575,796.053,0.10017
1.19577,796.119,0.0662636
1.196,796.219,0.10017
1.19602,796.285,0.0662636
1.19625,796.386,0.10017
1.19627,796.452,0.0662636
1.1965,796.552,0.10017
1.19652,796.618,0.0662636
1.19675,796.718,0.10017
1.19677,796.785,0.0662636
1.197,796.885,0.10017
1.19702,796.951,0.0662636
1.19725,797.051,0.10017
1.19727,797.118,0.0662636
1.1975,797.218,0.10017
1.19752,797.284,0.0662636
1.19775,797.384,0.10017
1.19777,797.45,0.0662636
1.198,797.551,0.10017
1.19802,797.617,0.0662636
1.19825,797.717,0.10017
1.19827,797.783,0.0662636
1.1985,797.883,0.10017
1.19852,797.95,0.0662636
1.19875,798.05,0.10017
1.19877,798.116,0.0662636
1.199,798.216,0.10017
1.19902,798.283,0.0662636
1.19925,798.383,0.10017
1.19927,798.449,0.0662636
1.1995,798.549,0.10017
1.19952,798.615,0.0662636
1.19975,798.716,0.10017
1.19977,798.782,0.0662636
1.2,798.882,0.10017
1.20002,798.948,0.0662636
1.20025,799.048,0.10017
1.20027,799.115,0.0662636
1.2005,799.215,0.10017
1.20052,799.281,0.0662636
1.20075,799.381,0.10017
1.20077,799.448,0.0662636
1.201,799.548,0.10017
1.20102,799.614,0.0662636
1.20125,799.714,0.10017
1.20127,799.78,0.0662636
1.2015,799.881,0.10017
1.20152,799.947,0.0662636
1.20175,800.047,0.10017
1.20177,800.113,0.0662636
1.202,800.213,0.10017
1.20202,800.28,0.0662636
1.20225,800.38,0.10017
1.20227,800.446,0.0662636
1.2025,800.546,0.10017
1.20252,800.613,0.0662636
1.20275,800.713,0.10017
1.20277,800.779,0.0662636
1.203,800.879,0.10017
1.20302,800.945,0.0662636
1.20325,801.046,0.10017
1.20327,801.112,0.0662636
1.2035,801.212,0.10017
1.20352,801.278,0.0662636
1.20375,801.379,0.10017
1.20377,801.445,0.0662636
1.204,801.545,0.10017
1.20402,801.611,0.0662636
1.20425,801.711,0.10017
1.20427,801.778,0.0662636
1.2045,801.878,0.10017
1.20452,801.944,0.0662636
1.20475,802.044,0.10017
1.20477,802.111,0.0662636
1.205,802.211,0.10017
1.20502,802.277,0.0662636
1.20525,802.377,0.10017
1.20527,802.443,0.0662636
1.2055,802.544,0.10017
1.20552,802.61,0.0662636
1.20575,802.71,0.10017
1.20577,802.776,0.0662636
1.206,802.876,0.10017
1.20602,802.943,0.0662636
1.20625,803.043,0.10017
1.20627,803.109,0.0662636
1.2065,803.209,0.10017
1.20652,803.276,0.0662636
1.20675,803.376,0.10017
1.20677,803.442,0.0662636
1.207,803.542,0.10017
1.20702,803.608,0.0662636
1.20725,803.709,0.10017
1.20727,803.775,0.0662636
1.2075,803.875,0.10017
1.20752,803.941,0.0662636
1.20775,804.041,0.10017
1.20777,804.108,0.0662636
1.208,804.208,0.10017
1.20802,804.274,0.0662636
1.20825,804.374,0.10017
1.20827,804.441,0.0662636
1.2085,804.541,0.10017
1.20852,804.607,0.0662636
1.20875,804.707,0.10017
1.20877,804.773,0.0662636
1.209,804.874,0.10017
1.20902,804.94,0.0662636
1.20925,805.04,0.10017
1.20927,805.106,0.0662636
1.2095,805.206,0.10017
1.20952,805.273,0.0662636
1.20975,805.373,0.10017
1.20977,805.439,0.0662636
1.21,805.539,0.10017
1.21002,805.606,0.0662636
1.21025,805.706,0.10017
1.21027,805.772,0.0662636
1.2105,805.872,0.10017
1.21052,805.938,0.0662636
1.21075,806.039,0.10017
1.21077,806.105,0.0662636
1.211,806.205,0.10017
1.21102,806.271,0.0662636
1.21125,806.372,0.10017
1.21127,806.438,0.0662636
1.2115,806.538,0.10017
1.21152,806.604,0.0662636
1.21175,806.704,0.10017
1.21177,806.771,0.0662636
1.212,806.871,0.10017
1.21202,806.937,0.0662636
1.21225,807.037,0.10017
1.21227,807.104,0.0662636
1.2125,807.204,0.10017
1.21252,807.27,0.0662636
1.21275,807.37,0.10017
1.21277,807.436,0.0662636
1.213,807.537,0.10017
1.21302,807.603,0.0662636
1.21325,807.703,0.10017
1.21327,807.769,0.0662636
1.2135,807.869,0.10017
1.21352,807.936,0.0662636
1.21375,808.036,0.10017
1.21377,808.102,0.0662636
1.214,808.202,0.10017
1.21402,808.269,0.0662636
1.21425,808.369,0.10017
1.21427,808.435,0.0662636
1.2145,808.535,0.10017
1.21452,808.601,0.0662636
1.21475,808.702,0.10017
1.21477,808.768,0.0662636
1.215,808.868,0.10017
1.21502,808.934,0.0662636
1.21525,809.034,0.10017
1.21527,809.101,0.0662636
1.2155,809.201,0.10017
1.21552,809.267,0.0662636
1.21575,809.367,0.10017
1.21577,809.434,0.0662636
1.216,809.534,0.10017
1.21602,809.6,0.0662636
1.21625,809.7,0.10017
1.21627,809.766,0.0662636
1.2165,809.867,0.10017
1.21652,809.933,0.0662636
1.21675,810.033,0.10017
1.21677,810.099,0.0662636
1.217,810.2,0.10017
1.21702,810.266,0.0662636
1.21725,810.366,0.10017
1.21727,810.432,0.0662636
1.2175,810.532,0.10017
1.21752,810.599,0.0662636
1.21775,810.699,0.10017
1.21777,810.765,0.0662636
1.218,810.865,0.10017
1.21802,810.932,0.0662636
1.21825,811.032,0.10017
1.21827,811.098,0.0662636
1.2185,811.198,0.10017
1.21852,811.264,0.0662636
1.21875,811.365,0.10017
1.21877,811.431,0.0662636
1.219,811.531,0.10017
1.21902,811.597,0.0662636
1.21925,811.697,0.10017
1.21927,811.764,0.0662636
1.2195,811.864,0.10017
1.21952,811.93,0.0662636
1.21975,812.03,0.10017
1.21977,812.097,0.0662636
1.22,812.197,0.10017
1.22002,812.263,0.0662636
1.22025,812.363,0.10017
1.22027,812.429,0.0662636
1.2205,812.53,0.10017
1.22052,812.596,0.0662636
1.22075,812.696,0.10017
1.22077,812.762,0.0662636
1.221,812.862,0.10017
1.22102,812.929,0.0662636
1.22125,813.029,0.10017
1.22127,813.095,0.0662636
1.2215,813.195,0.10017
1.22152,813.262,0.0662636
1.22175,813.362,0.10017
1.22177,813.428,0.0662636
1.222,813.528,0.10017
1.22202,813.594,0.0662636
1.22225,813.695,0.10017
1.22227,813.761,0.0662636
1.2225,813.861,0.10017
1.22252,813.927,0.0662636
1.22275,814.027,0.10017
1.22277,814.094,0.0662636
1.223,814.194,0.10017
1.22302,814.26,0.0662636
1.22325,814.36,0.10017
1.22327,814.427,0.0662636
1.2235,814.527,0.10017
1.22352,814.593,0.0662636
1.22375,814.693,0.10017
1.22377,814.759,0.0662636
1.224,814.86,0.10017
1.22402,814.926,0.0662636
1.22425,815.026,0.10017
1.22427,815.092,0.0662636
1.2245,815.193,0.10017
1.22452,815.259,0.0662636
1.22475,815.359,0.10017
1.22477,815.425,0.0662636
1.225,815.525,0.10017
1.22502,815.592,0.0662636
1.22525,815.692,0.10017
1.22527,815.758,0.0662636
1.2255,815.858,0.10017
1.22552,815.925,0.0662636
1.22575,816.025,0.10017
1.22577,816.091,0.0662636
1.226,816.191,0.10017
1.22602,816.257,0.0662636
1.22625,816.358,0.10017
1.22627,816.424,0.0662636
1.2265,816.524,0.10017
1.22652,816.59,0.0662636
1.22675,816.69,0.10017
1.22677,816.757,0.0662636
1.227,816.857,0.10017
1.22702,816.923,0.0662636
1.22725,817.023,0.10017
1.22727,817.09,0.0662636
1.2275,817.19,0.10017
1.22752,817.256,0.0662636
1.22775,817.356,0.10017
1.22777,817.422,0.0662636
1.228,817.523,0.10017
1.22802,817.589,0.0662636
1.22825,817.689,0.10017
1.22827,817.755,0.0662636
1.2285,817.855,0.10017
1.22852,817.922,0.0662636
1.22875,818.022,0.10017
1.22877,818.088,0.0662636
1.229,818.188,0.10017
1.22902,818.255,0.0662636
1.22925,818.355,0.10017
1.22927,818.421,0.0662636
1.2295,818.521,0.10017
1.22952,818.587,0.0662636
1.22975,818.688,0.10017
1.22977,818.754,0.0662636
1.23,818.854,0.10017
1.23002,818.92,0.0662636
1.23025,819.02,0.10017
1.23027,819.087,0.0662636
1.2305,819.187,0.10017
1.23052,819.253,0.0662636
1.23075,819.353,0.10017
1.23077,819.42,0.0662636
1.231,819.52,0.10017
1.23102,819.586,0.0662636
1.23125,819.686,0.10017
1.23127,819.752,0.0662636
1.2315,819.853,0.10017
1.23152,819.919,0.0662636
1.23175,820.019,0.10017
1.23177,820.085,0.0662636
1.232,820.186,0.10017
1.23202,820.252,0.0662636
1.23225,820.352,0.10017
1.23227,820.418,0.0662636
1.2325,820.518,0.10017
1.23252,820.585,0.0662636
1.23275,820.685,0.10017
1.23277,820.751,0.0662636
1.233,820.851,0.10017
1.23302,820.918,0.0662636
1.23325,821.018,0.10017
1.23327,821.084,0.0662636
1.2335,821.184,0.10017
1.23352,821.25,0.0662636
1.23375,821.351,0.10017
1.23377,821.417,0.0662636
1.234,821.517,0.10017
1.23402,821.583,0.0662636
1.23425,821.683,0.10017
1.23427,821.75,0.0662636
1.2345,821.85,0.10017
1.23452,821.916,0.0662636
1.23475,822.016,0.10017
1.23477,822.083,0.0662636
1.235,822.183,0.10017
1.23502,822.249,0.0662636
1.23525,822.349,0.10017
1.23527,822.415,0.0662636
1.2355,822.516,0.10017
1.23552,822.582,0.0662636
1.23575,822.682,0.10017
1.23577,822.748,0.0662636
1.236,822.848,0.10017
1.23602,822.915,0.0662636
1.23625,823.015,0.10017
1.23627,823.081,0.0662636
1.2365,823.181,0.10017
1.23652,823.248,0.0662636
1.23675,823.348,0.10017
1.23677,823.414,0.0662636
1.237,823.514,0.10017
1.23702,823.58,0.0662636
1.23725,823.681,0.10017
1.23727,823.747,0.0662636
1.2375,823.847,0.10017
1.23752,823.913,0.0662636
1.23775,824.014,0.10017
1.23777,824.08,0.0662636
1.238,824.18,0.10017
1.23802,824.246,0.0662636
1.23825,824.346,0.10017
1.23827,824.413,0.0662636
1.2385,824.513,0.10017
1.23852,824.579,0.0662636
1.23875,824.679,0.10017
1.23877,824.746,0.0662636
1.239,824.846,0.10017
1.23902,824.912,0.0662636
1.23925,825.012,0.10017
1.23927,825.078,0.0662636
1.2395,825.179,0.10017
1.23952,825.245,0.0662636
1.23975,825.345,0.10017
1.23977,825.411,0.0662636
1.24,825.511,0.10017
1.24002,825.578,0.0662636
1.24025,825.678,0.10017
1.24027,825.744,0.0662636
1.2405,825.844,0.10017
1.24052,825.911,0.0662636
1.24075,826.011,0.10017
1.24077,826.077,0.0662636
1.241,826.177,0.10017
1.24102,826.243,0.0662636
1.24125,826.344,0.10017
1.24127,826.41,0.0662636
1.2415,826.51,0.10017
1.24152,826.576,0.0662636
1.24175,826.676,0.10017
1.24177,826.743,0.0662636
1.242,826.843,0.10017
1.24202,826.909,0.0662636
1.24225,827.009,0.10017
1.24227,827.076,0.0662636
1.2425,827.176,0.10017
1.24252,827.242,0.0662636
1.24275,827.342,0.10017
1.24277,827.408,0.0662636
1.243,827.509,0.10017
1.24302,827.575,0.0662636
1.24325,827.675,0.10017
1.24327,827.741,0.0662636
1.2435,827.841,0.10017
1.24352,827.908,0.0662636
1.24375,828.008,0.10017
1.24377,828.074,0.0662636
1.244,828.174,0.10017
1.24402,828.241,0.0662636
1.24425,828.341,0.10017
1.24427,828.407,0.0662636
1.2445,828.507,0.10017
1.24452,828.573,0.0662636
1.24475,828.674,0.10017
1.24477,828.74,0.0662636
1.245,828.84,0.10017
1.24502,828.906,0.0662636
1.24525,829.007,0.10017
1.24527,829.073,0.0662636
1.2455,829.173,0.10017
1.24552,829.239,0.0662636
1.24575,829.339,0.10017
1.24577,829.406,0.0662636
1.246,829.506,0.10017
1.24602,829.572,0.0662636
1.24625,829.672,0.10017
1.24627,829.739,0.0662636
1.2465,829.839,0.10017
1.24652,829.905,0.0662636
1.24675,830.005,0.10017
1.24677,830.071,0.0662636
1.247,830.172,0.10017
1.24702,830.238,0.0662636
1.24725,830.338,0.10017
1.24727,830.404,0.0662636
1.2475,830.504,0.10017
1.24752,830.571,0.0662636
1.24775,830.671,0.10017
1.24777,830.737,0.0662636
1.248,830.837,0.10017
1.24802,830.904,0.0662636
1.24825,831.004,0.10017
1.24827,831.07,0.0662636
1.2485,831.17,0.10017
1.24852,831.236,0.0662636
1.24875,831.337,0.10017
1.24877,831.403,0.0662636
1.249,831.503,0.10017
1.24902,831.569,0.0662636
1.24925,831.669,0.10017
1.24927,831.736,0.0662636
1.2495,831.836,0.10017
1.24952,831.902,0.0662636
1.24975,832.002,0.10017
1.24977,832.069,0.0662636
1.25,832.169,0.10017
1.25002,832.235,0.0662636
1.25025,832.335,0.10017
1.25027,832.401,0.0662636
1.2505,832.502,0.10017
1.25052,832.568,0.0662636
1.25075,832.668,0.10017
1.25077,832.734,0.0662636
1.251,832.834,0.10017
1.25102,832.901,0.0662636
1.25125,833.001,0.10017
1.25127,833.067,0.0662636
1.2515,833.167,0.10017
1.25152,833.234,0.0662636
1.25175,833.334,0.10017
1.25177,833.4,0.0662636
1.252,833.5,0.10017
1.25202,833.566,0.0662636
1.25225,833.667,0.10017
1.25227,833.733,0.0662636
1.2525,833.833,0.10017
1.25252,833.899,0.0662636
1.25275,834,0.10017
1.25277,834.066,0.0662636
1.253,834.166,0.10017
1.25302,834.232,0.0662636
1.25325,834.332,0.10017
1.25327,834.399,0.0662636
1.2535,834.499,0.10017
1.25352,834.565,0.0662636
1.25375,834.665,0.10017
1.25377,834.732,0.0662636
1.254,834.832,0.10017
1.25402,834.898,0.0662636
1.25425,834.998,0.10017
1.25427,835.064,0.0662636
1.2545,835.165,0.10017
1.25452,835.231,0.0662636
1.25475,835.331,0.10017
1.25477,835.397,0.0662636
1.255,835.497,0.10017
1.25502,835.564,0.0662636
1.25525,835.664,0.10017
1.25527,835.73,0.0662636
1.2555,835.83,0.10017
1.25552,835.897,0.0662636
1.25575,835.997,0.10017
1.25577,836.063,0.0662636
1.256,836.163,0.10017
1.25602,836.229,0.0662636
1.25625,836.33,0.10017
1.25627,836.396,0.0662636
1.2565,836.496,0.10017
1.25652,836.562,0.0662636
1.25675,836.662,0.10017
1.25677,836.729,0.0662636
1.257,836.829,0.10017
1.25702,836.895,0.0662636
1.25725,836.995,0.10017
1.25727,837.062,0.0662636
1.2575,837.162,0.10017
1.25752,837.228,0.0662636
1.25775,837.328,0.10017
1.25777,837.394,0.0662636
1.258,837.495,0.10017
1.25802,837.561,0.0662636
1.25825,837.661,0.10017
1.25827,837.727,0.0662636
1.2585,837.828,0.10017
1.25852,837.894,0.0662636
1.25875,837.994,0.10017
1.25877,838.06,0.0662636
1.259,838.16,0.10017
1.25902,838.227,0.0662636
1.25925,838.327,0.10017
1.25927,838.393,0.0662636
1.2595,838.493,0.10017
1.25952,838.56,0.0662636
1.25975,838.66,0.10017
1.25977,838.726,0.0662636
1.26,838.826,0.10017
1.26002,838.892,0.0662636
1.26025,838.993,0.10017
1.26027,839.059,0.0662636
1.2605,839.159,0.10017
1.26052,839.225,0.0662636
1.26075,839.325,0.10017
1.26077,839.392,0.0662636
1.261,839.492,0.10017
1.26102,839.558,0.0662636
1.26125,839.658,0.10017
1.26127,839.725,0.0662636
1.2615,839.825,0.10017
1.26152,839.891,0.0662636
1.26175,839.991,0.10017
1.26177,840.057,0.0662636
1.262,840.158,0.10017
1.26202,840.224,0.0662636
1.26225,840.324,0.10017
1.26227,840.39,0.0662636
1.2625,840.49,0.10017
1.26252,840.557,0.0662636
1.26275,840.657,0.10017
1.26277,840.723,0.0662636
1.263,840.823,0.10017
1.26302,840.89,0.0662636
1.26325,840.99,0.10017
1.26327,841.056,0.0662636
1.2635,841.156,0.10017
1.26352,841.222,0.0662636
1.26375,841.323,0.10017
1.26377,841.389,0.0662636
1.264,841.489,0.10017
1.26402,841.555,0.0662636
1.26425,841.655,0.10017
1.26427,841.722,0.0662636
1.2645,841.822,0.10017
1.26452,841.888,0.0662636
1.26475,841.988,0.10017
1.26477,842.055,0.0662636
1.265,842.155,0.10017
1.26502,842.221,0.0662636
1.26525,842.321,0.10017
1.26527,842.387,0.0662636
1.2655,842.488,0.10017
1.26552,842.554,0.0662636
1.26575,842.654,0.10017
1.26577,842.72,0.0662636
1.266,842.821,0.10017
1.26602,842.887,0.0662636
1.26625,842.987,0.10017
1.26627,843.053,0.0662636
1.2665,843.153,0.10017
1.26652,843.22,0.0662636
1.26675,843.32,0.10017
1.26677,843.386,0.0662636
1.267,843.486,0.10017
1.26702,843.553,0.0662636
1.26725,843.653,0.10017
1.26727,843.719,0.0662636
1.2675,843.819,0.10017
1.26752,843.885,0.0662636
1.26775,843.986,0.10017
1.26777,844.052,0.0662636
1.268,844.152,0.10017
1.26802,844.218,0.0662636
1.26825,844.318,0.10017
1.26827,844.385,0.0662636
1.2685,844.485,0.10017
1.26852,844.551,0.0662636
1.26875,844.651,0.10017
1.26877,844.718,0.0662636
1.269,844.818,0.10017
1.26902,844.884,0.0662636
1.26925,844.984,0.10017
1.26927,845.05,0.0662636
1.2695,845.151,0.10017
1.26952,845.217,0.0662636
1.26975,845.317,0.10017
1.26977,845.383,0.0662636
1.27,845.483,0.10017
1.27002,845.55,0.0662636
1.27025,845.65,0.10017
1.27027,845.716,0.0662636
1.2705,845.816,0.10017
1.27052,845.883,0.0662636
1.27075,845.983,0.10017
1.27077,846.049,0.0662636
1.271,846.149,0.10017
1.27102,846.215,0.0662636
1.27125,846.316,0.10017
1.27127,846.382,0.0662636
1.2715,846.482,0.10017
1.27152,846.548,0.0662636
1.27175,846.648,0.10017
1.27177,846.715,0.0662636
1.272,846.815,0.10017
1.27202,846.881,0.0662636
1.27225,846.981,0.10017
1.27227,847.048,0.0662636
1.2725,847.148,0.10017
1.27252,847.214,0.0662636
1.27275,847.314,0.10017
1.27277,847.38,0.0662636
1.273,847.481,0.10017
1.27302,847.547,0.0662636
1.27325,847.647,0.10017
1.27327,847.713,0.0662636
1.2735,847.814,0.10017
1.27352,847.88,0.0662636
1.27375,847.98,0.10017
1.27377,848.046,0.0662636
1.274,848.146,0.10017
1.27402,848.213,0.0662636
1.27425,848.313,0.10017
1.27427,848.379,0.0662636
1.2745,848.479,0.10017
1.27452,848.546,0.0662636
1.27475,848.646,0.10017
1.27477,848.712,0.0662636
1.275,848.812,0.10017
1.27502,848.878,0.0662636
1.27525,848.979,0.10017
1.27527,849.045,0.0662636
1.2755,849.145,0.10017
1.27552,849.211,0.0662636
1.27575,849.311,0.10017
1.27577,849.378,0.0662636
1.276,849.478,0.10017
1.27602,849.544,0.0662636
1.27625,849.644,0.10017
1.27627,849.711,0.0662636
1.2765,849.811,0.10017
1.27652,849.877,0.0662636
1.27675,849.977,0.10017
1.27677,850.043,0.0662636
1.277,850.144,0.10017
1.27702,850.21,0.0662636
1.27725,850.31,0.10017
1.27727,850.376,0.0662636
1.2775,850.476,0.10017
1.27752,850.543,0.0662636
1.27775,850.643,0.10017
1.27777,850.709,0.0662636
1.278,850.809,0.10017
1.27802,850.876,0.0662636
1.27825,850.976,0.10017
1.27827,851.042,0.0662636
1.2785,851.142,0.10017
1.27852,851.208,0.0662636
1.27875,851.309,0.10017
1.27877,851.375,0.0662636
1.279,851.475,0.10017
1.27902,851.541,0.0662636
1.27925,851.642,0.10017
1.27927,851.708,0.0662636
1.2795,851.808,0.10017
1.27952,851.874,0.0662636
1.27975,851.974,0.10017
1.27977,852.041,0.0662636
1.28,852.141,0.10017
1.28002,852.207,0.0662636
1.28025,852.307,0.10017
1.28027,852.374,0.0662636
1.2805,852.474,0.10017
1.28052,852.54,0.0662636
1.28075,852.64,0.10017
1.28077,852.706,0.0662636
1.281,852.807,0.10017
1.28102,852.873,0.0662636
1.28125,852.973,0.10017
1.28127,853.039,0.0662636
1.2815,853.139,0.10017
1.28152,853.206,0.0662636
1.28175,853.306,0.10017
1.28177,853.372,0.0662636
1.282,853.472,0.10017
1.28202,853.539,0.0662636
1.28225,853.639,0.10017
1.28227,853.705,0.0662636
1.2825,853.805,0.10017
1.28252,853.871,0.0662636
1.28275,853.972,0.10017
1.28277,854.038,0.0662636
1.283,854.138,0.10017
1.28302,854.204,0.0662636
1.28325,854.304,0.10017
1.28327,854.371,0.0662636
1.2835,854.471,0.10017
1.28352,854.537,0.0662636
1.28375,854.637,0.10017
1.28377,854.704,0.0662636
1.284,854.804,0.10017
1.28402,854.87,0.0662636
1.28425,854.97,0.10017
1.28427,855.036,0.0662636
1.2845,855.137,0.10017
1.28452,855.203,0.0662636
1.28475,855.303,0.10017
1.28477,855.369,0.0662636
1.285,855.469,0.10017
1.28502,855.536,0.0662636
1.28525,855.636,0.10017
1.28527,855.702,0.0662636
1.2855,855.802,0.10017
1.28552,855.869,0.0662636
1.28575,855.969,0.10017
1.28577,856.035,0.0662636
1.286,856.135,0.10017
1.28602,856.201,0.0662636
1.28625,856.302,0.10017
1.28627,856.368,0.0662636
1.2865,856.468,0.10017
1.28652,856.534,0.0662636
1.28675,856.635,0.10017
1.28677,856.701,0.0662636
1.287,856.801,0.10017
1.28702,856.867,0.0662636
1.28725,856.967,0.10017
1.28727,857.034,0.0662636
1.2875,857.134,0.10017
1.28752,857.2,0.0662636
1.28775,857.3,0.10017
1.28777,857.367,0.0662636
1.288,857.467,0.10017
1.28802,857.533,0.0662636
1.28825,857.633,0.10017
1.28827,857.699,0.0662636
1.2885,857.8,0.10017
1.28852,857.866,0.0662636
1.28875,857.966,0.10017
1.28877,858.032,0.0662636
1.289,858.132,0.10017
1.28902,858.199,0.0662636
1.28925,858.299,0.10017
1.28927,858.365,0.0662636
1.2895,858.465,0.10017
1.28952,858.532,0.0662636
1.28975,858.632,0.10017
1.28977,858.698,0.0662636
1.29,858.798,0.10017
1.29002,858.864,0.0662636
1.29025,858.965,0.10017
1.29027,859.031,0.0662636
1.2905,859.131,0.10017
1.29052,859.197,0.0662636
1.29075,859.297,0.10017
1.29077,859.364,0.0662636
1.291,859.464,0.10017
1.29102,859.53,0.0662636
1.29125,859.63,0.10017
1.29127,859.697,0.0662636
1.2915,859.797,0.10017
1.29152,859.863,0.0662636
1.29175,859.963,0.10017
1.29177,860.029,0.0662636
1.292,860.13,0.10017
1.29202,860.196,0.0662636
1.29225,860.296,0.10017
1.29227,860.362,0.0662636
1.2925,860.462,0.10017
1.29252,860.529,0.0662636
1.29275,860.629,0.10017
1.29277,860.695,0.0662636
1.293,860.795,0.10017
1.29302,860.862,0.0662636
1.29325,860.962,0.10017
1.29327,861.028,0.0662636
1.2935,861.128,0.10017
1.29352,861.194,0.0662636
1.29375,861.295,0.10017
1.29377,861.361,0.0662636
1.294,861.461,0.10017
1.29402,861.527,0.0662636
1.29425,861.628,0.10017
1.29427,861.694,0.0662636
1.2945,861.794,0.10017
1.29452,861.86,0.0662636
1.29475,861.96,0.10017
1.29477,862.027,0.0662636
1.295,862.127,0.10017
1.29502,862.193,0.0662636
1.29525,862.293,0.10017
1.29527,862.36,0.0662636
1.2955,862.46,0.10017
1.29552,862.526,0.0662636
1.29575,862.626,0.10017
1.29577,862.692,0.0662636
1.296,862.793,0.10017
1.29602,862.859,0.0662636
1.29625,862.959,0.10017
1.29627,863.025,0.0662636
1.2965,863.125,0.10017
1.29652,863.192,0.0662636
1.29675,863.292,0.10017
1.29677,863.358,0.0662636
1.297,863.458,0.10017
1.29702,863.525,0.0662636
1.29725,863.625,0.10017
1.29727,863.691,0.0662636
1.2975,863.791,0.10017
1.29752,863.857,0.0662636
1.29775,863.958,0.10017
1.29777,864.024,0.0662636
1.298,864.124,0.10017
1.29802,864.19,0.0662636
1.29825,864.29,0.10017
1.29827,864.357,0.0662636
1.2985,864.457,0.10017
1.29852,864.523,0.0662636
1.29875,864.623,0.10017
1.29877,864.69,0.0662636
1.299,864.79,0.10017
1.29902,864.856,0.0662636
1.29925,864.956,0.10017
1.29927,865.022,0.0662636
1.2995,865.123,0.10017
1.29952,865.189,0.0662636
1.29975,865.289,0.10017
1.29977,865.355,0.0662636
1.3,865.456,0.10017
1.30002,865.522,0.0662636
1.30025,865.622,0.10017
1.30027,865.688,0.0662636
1.3005,865.788,0.10017
1.30052,865.855,0.0662636
1.30075,865.955,0.10017
1.30077,866.021,0.0662636
1.301,866.121,0.10017
1.30102,866.188,0.0662636
1.30125,866.288,0.10017
1.30127,866.354,0.0662636
1.3015,866.454,0.10017
1.30152,866.52,0.0662636
1.30175,866.621,0.10017
1.30177,866.687,0.0662636
1.302,866.787,0.10017
1.30202,866.853,0.0662636
1.30225,866.953,0.10017
1.30227,867.02,0.0662636
1.3025,867.12,0.10017
1.30252,867.186,0.0662636
1.30275,867.286,0.10017
1.30277,867.353,0.0662636
1.303,867.453,0.10017
1.30302,867.519,0.0662636
1.30325,867.619,0.10017
1.30327,867.685,0.0662636
1.3035,867.786,0.10017
1.30352,867.852,0.0662636
1.30375,867.952,0.10017
1.30377,868.018,0.0662636
1.304,868.118,0.10017
1.30402,868.185,0.0662636
1.30425,868.285,0.10017
1.30427,868.351,0.0662636
1.3045,868.451,0.10017
1.30452,868.518,0.0662636
1.30475,868.618,0.10017
1.30477,868.684,0.0662636
1.305,868.784,0.10017
1.30502,868.85,0.0662636
1.30525,868.951,0.10017
1.30527,869.017,0.0662636
1.3055,869.117,0.10017
1.30552,869.183,0.0662636
1.30575,869.283,0.10017
1.30577,869.35,0.0662636
1.306,869.45,0.10017
1.30602,869.516,0.0662636
1.30625,869.616,0.10017
1.30627,869.683,0.0662636
1.3065,869.783,0.10017
1.30652,869.849,0.0662636
1.30675,869.949,0.10017
1.30677,870.015,0.0662636
1.307,870.116,0.10017
1.30702,870.182,0.0662636
1.30725,870.282,0.10017
1.30727,870.348,0.0662636
1.3075,870.449,0.10017
1.30752,870.515,0.0662636
1.30775,870.615,0.10017
1.30777,870.681,0.0662636
1.308,870.781,0.10017
1.30802,870.848,0.0662636
1.30825,870.948,0.10017
1.30827,871.014,0.0662636
1.3085,871.114,0.10017
1.30852,871.181,0.0662636
1.30875,871.281,0.10017
1.30877,871.347,0.0662636
1.309,871.447,0.10017
1.30902,871.513,0.0662636
1.30925,871.614,0.10017
1.30927,871.68,0.0662636
1.3095,871.78,0.10017
1.30952,871.846,0.0662636
1.30975,871.946,0.10017
1.30977,872.013,0.0662636
1.31,872.113,0.10017
1.31002,872.179,0.0662636
1.31025,872.279,0.10017
1.31027,872.346,0.0662636
1.3105,872.446,0.10017
1.31052,872.512,0.0662636
1.31075,872.612,0.10017
1.31077,872.678,0.0662636
1.311,872.779,0.10017
1.31102,872.845,0.0662636
1.31125,872.945,0.10017
1.31127,873.011,0.0662636
1.3115,873.111,0.10017
1.31152,873.178,0.0662636
1.31175,873.278,0.10017
1.31177,873.344,0.0662636
1.312,873.444,0.10017
1.31202,873.511,0.0662636
1.31225,873.611,0.10017
1.31227,873.677,0.0662636
1.3125,873.777,0.10017
1.31252,873.843,0.0662636
1.31275,873.944,0.10017
1.31277,874.01,0.0662636
1.313,874.11,0.10017
1.31302,874.176,0.0662636
1.31325,874.276,0.10017
1.31327,874.343,0.0662636
1.3135,874.443,0.10017
1.31352,874.509,0.0662636
1.31375,874.609,0.10017
1.31377,874.676,0.0662636
1.314,874.776,0.10017
1.31402,874.842,0.0662636
1.31425,874.942,0.10017
1.31427,875.008,0.0662636
1.3145,875.109,0.10017
1.31452,875.175,0.0662636
1.31475,875.275,0.10017
1.31477,875.341,0.0662636
1.315,875.442,0.10017
1.31502,875.508,0.0662636
1.31525,875.608,0.10017
1.31527,875.674,0.0662636
1.3155,875.774,0.10017
1.31552,875.841,0.0662636
1.31575,875.941,0.10017
1.31577,876.007,0.0662636
1.316,876.107,0.10017
1.31602,876.174,0.0662636
1.31625,876.274,0.10017
1.31627,876.34,0.0662636
1.3165,876.44,0.10017
1.31652,876.506,0.0662636
1.31675,876.607,0.10017
1.31677,876.673,0.0662636
1.317,876.773,0.10017
1.31702,876.839,0.0662636
1.31725,876.939,0.10017
1.31727,877.006,0.0662636
1.3175,877.106,0.10017
1.31752,877.172,0.0662636
1.31775,877.272,0.10017
1.31777,877.339,0.0662636
1.318,877.439,0.10017
1.31802,877.505,0.0662636
1.31825,877.605,0.10017
1.31827,877.671,0.0662636
1.3185,877.772,0.10017
1.31852,877.838,0.0662636
1.31875,877.938,0.10017
1.31877,878.004,0.0662636
1.319,878.104,0.10017
1.31902,878.171,0.0662636
1.31925,878.271,0.10017
1.31927,878.337,0.0662636
1.3195,878.437,0.10017
1.31952,878.504,0.0662636
1.31975,878.604,0.10017
1.31977,878.67,0.0662636
1.32,878.77,0.10017
1.32002,878.836,0.0662636
1.32025,878.937,0.10017
1.32027,879.003,0.0662636
1.3205,879.103,0.10017
1.32052,879.169,0.0662636
1.32075,879.27,0.10017
1.32077,879.336,0.0662636
1.321,879.436,0.10017
1.32102,879.502,0.0662636
1.32125,879.602,0.10017
1.32127,879.669,0.0662636
1.3215,879.769,0.10017
1.32152,879.835,0.0662636
1.32175,879.935,0.10017
1.32177,880.002,0.0662636
1.322,880.102,0.10017
1.32202,880.168,0.0662636
1.32225,880.268,0.10017
1.32227,880.334,0.0662636
1.3225,880.435,0.10017
1.32252,880.501,0.0662636
1.32275,880.601,0.10017
1.32277,880.667,0.0662636
1.323,880.767,0.10017
1.32302,880.834,0.0662636
1.32325,880.934,0.10017
1.32327,881,0.0662636
1.3235,881.1,0.10017
1.32352,881.167,0.0662636
1.32375,881.267,0.10017
1.32377,881.333,0.0662636
1.324,881.433,0.10017
1.32402,881.499,0.0662636
1.32425,881.6,0.10017
1.32427,881.666,0.0662636
1.3245,881.766,0.10017
1.32452,881.832,0.0662636
1.32475,881.932,0.10017
1.32477,881.999,0.0662636
1.325,882.099,0.10017
1.32502,882.165,0.0662636
1.32525,882.265,0.10017
1.32527,882.332,0.0662636
1.3255,882.432,0.10017
1.32552,882.498,0.0662636
1.32575,882.598,0.10017
1.32577,882.664,0.0662636
1.326,882.765,0.10017
1.32602,882.831,0.0662636
1.32625,882.931,0.10017
1.32627,882.997,0.0662636
1.3265,883.097,0.10017
1.32652,883.164,0.0662636
1.32675,883.264,0.10017
1.32677,883.33,0.0662636
1.327,883.43,0.10017
1.32702,883.497,0.0662636
1.32725,883.597,0.10017
1.32727,883.663,0.0662636
1.3275,883.763,0.10017
1.32752,883.829,0.0662636
1.32775,883.93,0.10017
1.32777,883.996,0.0662636
1.328,884.096,0.10017
1.32802,884.162,0.0662636
1.32825,884.263,0.10017
1.32827,884.329,0.0662636
1.3285,884.429,0.10017
1.32852,884.495,0.0662636
1.32875,884.595,0.10017
1.32877,884.662,0.0662636
1.329,884.762,0.10017
1.32902,884.828,0.0662636
1.32925,884.928,0.10017
1.32927,884.995,0.0662636
1.3295,885.095,0.10017
1.32952,885.161,0.0662636
1.32975,885.261,0.10017
1.32977,885.327,0.0662636
1.33,885.428,0.10017
1.33002,885.494,0.0662636
1.33025,885.594,0.10017
1.33027,885.66,0.0662636
1.3305,885.76,0.10017
1.33052,885.827,0.0662636
1.33075,885.927,0.10017
1.33077,885.993,0.0662636
1.331,886.093,0.10017
1.33102,886.16,0.0662636
1.33125,886.26,0.10017
1.33127,886.326,0.0662636
1.3315,886.426,0.10017
1.33152,886.492,0.0662636
1.33175,886.593,0.10017
1.33177,886.659,0.0662636
1.332,886.759,0.10017
1.33202,886.825,0.0662636
1.33225,886.925,0.10017
1.33227,886.992,0.0662636
1.3325,887.092,0.10017
1.33252,887.158,0.0662636
1.33275,887.258,0.10017
1.33277,887.325,0.0662636
1.333,887.425,0.10017
1.33302,887.491,0.0662636
1.33325,887.591,0.10017
1.33327,887.657,0.0662636
1.3335,887.758,0.10017
1.33352,887.824,0.0662636
1.33375,887.924,0.10017
1.33377,887.99,0.0662636
1.334,888.091,0.10017
1.33402,888.157,0.0662636
1.33425,888.257,0.10017
1.33427,888.323,0.0662636
1.3345,888.423,0.10017
1.33452,888.49,0.0662636
1.33475,888.59,0.10017
1.33477,888.656,0.0662636
1.335,888.756,0.10017
1.33502,888.822,0.0662636
1.33525,888.923,0.10017
1.33527,888.989,0.0662636
1.3355,889.089,0.10017
1.33552,889.155,0.0662636
1.33575,889.256,0.10017
1.33577,889.322,0.0662636
1.336,889.422,0.10017
1.33602,889.488,0.0662636
1.33625,889.588,0.10017
1.33627,889.655,0.0662636
1.3365,889.755,0.10017
1.33652,889.821,0.0662636
1.33675,889.921,0.10017
1.33677,889.988,0.0662636
1.337,890.088,0.10017
1.33702,890.154,0.0662636
1.33725,890.254,0.10017
1.33727,890.32,0.0662636
1.3375,890.421,0.10017
1.33752,890.487,0.0662636
1.33775,890.587,0.10017
1.33777,890.653,0.0662636
1.338,890.753,0.10017
1.33802,890.82,0.0662636
1.33825,890.92,0.10017
1.33827,890.986,0.0662636
1.3385,891.086,0.10017
1.33852,891.153,0.0662636
1.33875,891.253,0.10017
1.33877,891.319,0.0662636
1.339,891.419,0.10017
1.33902,891.485,0.0662636
1.33925,891.586,0.10017
1.33927,891.652,0.0662636
1.3395,891.752,0.10017
1.33952,891.818,0.0662636
1.33975,891.918,0.10017
1.33977,891.985,0.0662636
1.34,892.085,0.10017
1.34002,892.151,0.0662636
1.34025,892.251,0.10017
1.34027,892.318,0.0662636
1.3405,892.418,0.10017
1.34052,892.484,0.0662636
1.34075,892.584,0.10017
1.34077,892.65,0.0662636
1.341,892.751,0.10017
1.34102,892.817,0.0662636
1.34125,892.917,0.10017
1.34127,892.983,0.0662636
1.3415,893.084,0.10017
1.34152,893.15,0.0662636
1.34175,893.25,0.10017
1.34177,893.316,0.0662636
1.342,893.416,0.10017
1.34202,893.483,0.0662636
1.34225,893.583,0.10017
1.34227,893.649,0.0662636
1.3425,893.749,0.10017
1.34252,893.816,0.0662636
1.34275,893.916,0.10017
1.34277,893.982,0.0662636
1.343,894.082,0.10017
1.34302,894.148,0.0662636
1.34325,894.249,0.10017
1.34327,894.315,0.0662636
1.3435,894.415,0.10017
1.34352,894.481,0.0662636
1.34375,894.581,0.10017
1.34377,894.648,0.0662636
1.344,894.748,0.10017
1.34402,894.814,0.0662636
1.34425,894.914,0.10017
1.34427,894.981,0.0662636
1.3445,895.081,0.10017
1.34452,895.147,0.0662636
1.34475,895.247,0.10017
1.34477,895.313,0.0662636
1.345,895.414,0.10017
1.34502,895.48,0.0662636
1.34525,895.58,0.10017
1.34527,895.646,0.0662636
1.3455,895.746,0.10017
1.34552,895.813,0.0662636
1.34575,895.913,0.10017
1.34577,895.979,0.0662636
1.346,896.079,0.10017
1.34602,896.146,0.0662636
1.34625,896.246,0.10017
1.34627,896.312,0.0662636
1.3465,896.412,0.10017
1.34652,896.478,0.0662636
1.34675,896.579,0.10017
1.34677,896.645,0.0662636
1.347,896.745,0.10017
1.34702,896.811,0.0662636
1.34725,896.911,0.10017
1.34727,896.978,0.0662636
1.3475,897.078,0.10017
1.34752,897.144,0.0662636
1.34775,897.244,0.10017
1.34777,897.311,0.0662636
1.348,897.411,0.10017
1.34802,897.477,0.0662636
1.34825,897.577,0.10017
1.34827,897.643,0.0662636
1.3485,897.744,0.10017
1.34852,897.81,0.0662636
1.34875,897.91,0.10017
1.34877,897.976,0.0662636
1.349,898.077,0.10017
1.34902,898.143,0.0662636
1.34925,898.243,0.10017
1.34927,898.309,0.0662636
1.3495,898.409,0.10017
1.34952,898.476,0.0662636
1.34975,898.576,0.10017
1.34977,898.642,0.0662636
1.35,898.742,0.10017
1.35002,898.809,0.0662636
1.35025,898.909,0.10017
1.35027,898.975,0.0662636
1.3505,899.075,0.10017
1.35052,899.141,0.0662636
1.35075,899.242,0.10017
1.35077,899.308,0.0662636
1.351,899.408,0.10017
1.35102,899.474,0.0662636
1.35125,899.574,0.10017
1.35127,899.641,0.0662636
1.3515,899.741,0.10017
1.35152,899.807,0.0662636
1.35175,899.907,0.10017
1.35177,899.974,0.0662636
1.352,900.074,0.10017
1.35202,900.14,0.0662636
1.35225,900.24,0.10017
1.35227,900.306,0.0662636
1.3525,900.407,0.10017
1.35252,900.473,0.0662636
1.35275,900.573,0.10017
1.35277,900.639,0.0662636
1.353,900.739,0.10017
1.35302,900.806,0.0662636
1.35325,900.906,0.10017
1.35327,900.972,0.0662636
1.3535,901.072,0.10017
1.35352,901.139,0.0662636
1.35375,901.239,0.10017
1.35377,901.305,0.0662636
1.354,901.405,0.10017
1.35402,901.471,0.0662636
1.35425,901.572,0.10017
1.35427,901.638,0.0662636
1.3545,901.738,0.10017
1.35452,901.804,0.0662636
1.35475,901.905,0.10017
1.35477,901.971,0.0662636
1.355,902.071,0.10017
1.35502,902.137,0.0662636
1.35525,902.237,0.10017
1.35527,902.304,0.0662636
1.3555,902.404,0.10017
1.35552,902.47,0.0662636
1.35575,902.57,0.10017
1.35577,902.637,0.0662636
1.356,902.737,0.10017
1.35602,902.803,0.0662636
1.35625,902.903,0.10017
1.35627,902.969,0.0662636
1.3565,903.07,0.10017
1.35652,903.136,0.0662636
1.35675,903.236,0.10017
1.35677,903.302,0.0662636
1.357,903.402,0.10017
1.35702,903.469,0.0662636
1.35725,903.569,0.10017
1.35727,903.635,0.0662636
1.3575,903.735,0.10017
1.35752,903.802,0.0662636
1.35775,903.902,0.10017
1.35777,903.968,0.0662636
1.358,904.068,0.10017
1.35802,904.134,0.0662636
1.35825,904.235,0.10017
1.35827,904.301,0.0662636
1.3585,904.401,0.10017
1.35852,904.467,0.0662636
1.35875,904.567,0.10017
1.35877,904.634,0.0662636
1.359,904.734,0.10017
1.35902,904.8,0.0662636
1.35925,904.9,0.10017
1.35927,904.967,0.0662636
1.3595,905.067,0.10017
1.35952,905.133,0.0662636
1.35975,905.233,0.10017
1.35977,905.299,0.0662636
1.36,905.4,0.10017
1.36002,905.466,0.0662636
1.36025,905.566,0.10017
1.36027,905.632,0.0662636
1.3605,905.732,0.10017
1.36052,905.799,0.0662636
1.36075,905.899,0.10017
1.36077,905.965,0.0662636
1.361,906.065,0.10017
1.36102,906.132,0.0662636
1.36125,906.232,0.10017
1.36127,906.298,0.0662636
1.3615,906.398,0.10017
1.36152,906.464,0.0662636
1.36175,906.565,0.10017
1.36177,906.631,0.0662636
1.362,906.731,0.10017
1.36202,906.797,0.0662636
1.36225,906.898,0.10017
1.36227,906.964,0.0662636
1.3625,907.064,0.10017
1.36252,907.13,0.0662636
1.36275,907.23,0.10017
1.36277,907.297,0.0662636
1.363,907.397,0.10017
1.36302,907.463,0.0662636
1.36325,907.563,0.10017
1.36327,907.63,0.0662636
1.3635,907.73,0.10017
1.36352,907.796,0.0662636
1.36375,907.896,0.10017
1.36377,907.962,0.0662636
1.364,908.063,0.10017
1.36402,908.129,0.0662636
1.36425,908.229,0.10017
1.36427,908.295,0.0662636
1.3645,908.395,0.10017
1.36452,908.462,0.0662636
1.36475,908.562,0.10017
1.36477,908.628,0.0662636
1.365,908.728,0.10017
1.36502,908.795,0.0662636
1.36525,908.895,0.10017
1.36527,908.961,0.0662636
1.3655,909.061,0.10017
1.36552,909.127,0.0662636
1.36575,909.228,0.10017
1.36577,909.294,0.0662636
1.366,909.394,0.10017
1.36602,909.46,0.0662636
1.36625,909.56,0.10017
1.36627,909.627,0.0662636
1.3665,909.727,0.10017
1.36652,909.793,0.0662636
1.36675,909.893,0.10017
1.36677,909.96,0.0662636
1.367,910.06,0.10017
1.36702,910.126,0.0662636
1.36725,910.226,0.10017
1.36727,910.292,0.0662636
1.3675,910.393,0.10017
1.36752,910.459,0.0662636
1.36775,910.559,0.10017
1.36777,910.625,0.0662636
1.368,910.725,0.10017
1.36802,910.792,0.0662636
1.36825,910.892,0.10017
1.36827,910.958,0.0662636
1.3685,911.058,0.10017
1.36852,911.125,0.0662636
1.36875,911.225,0.10017
1.36877,911.291,0.0662636
1.369,911.391,0.10017
1.36902,911.457,0.0662636
1.36925,911.558,0.10017
1.36927,911.624,0.0662636
1.3695,911.724,0.10017
1.36952,911.79,0.0662636
1.36975,911.891,0.10017
1.36977,911.957,0.0662636
1.37,912.057,0.10017
1.37002,912.123,0.0662636
1.37025,912.223,0.10017
1.37027,912.29,0.0662636
1.3705,912.39,0.10017
1.37052,912.456,0.0662636
1.37075,912.556,0.10017
1.37077,912.623,0.0662636
1.371,912.723,0.10017
1.37102,912.789,0.0662636
1.37125,912.889,0.10017
1.37127,912.955,0.0662636
1.3715,913.056,0.10017
1.37152,913.122,0.0662636
1.37175,913.222,0.10017
1.37177,913.288,0.0662636
1.372,913.388,0.10017
1.37202,913.455,0.0662636
1.37225,913.555,0.10017
1.37227,913.621,0.0662636
1.3725,913.721,0.10017
1.37252,913.788,0.0662636
1.37275,913.888,0.10017
1.37277,913.954,0.0662636
1.373,914.054,0.10017
1.37302,914.12,0.0662636
1.37325,914.221,0.10017
1.37327,914.287,0.0662636
1.3735,914.387,0.10017
1.37352,914.453,0.0662636
1.37375,914.553,0.10017
1.37377,914.62,0.0662636
1.374,914.72,0.10017
1.37402,914.786,0.0662636
1.37425,914.886,0.10017
1.37427,914.953,0.0662636
1.3745,915.053,0.10017
1.37452,915.119,0.0662636
1.37475,915.219,0.10017
1.37477,915.285,0.0662636
1.375,915.386,0.10017
1.37502,915.452,0.0662636
1.37525,915.552,0.10017
1.37527,915.618,0.0662636
1.3755,915.719,0.10017
1.37552,915.785,0.0662636
1.37575,915.885,0.10017
1.37577,915.951,0.0662636
1.376,916.051,0.10017
1.37602,916.118,0.0662636
1.37625,916.218,0.10017
1.37627,916.284,0.0662636
1.3765,916.384,0.10017
1.37652,916.451,0.0662636
1.37675,916.551,0.10017
1.37677,916.617,0.0662636
1.377,916.717,0.10017
1.37702,916.783,0.0662636
1.37725,916.884,0.10017
1.37727,916.95,0.0662636
1.3775,917.05,0.10017
1.37752,917.116,0.0662636
1.37775,917.216,0.10017
1.37777,917.283,0.0662636
1.378,917.383,0.10017
1.37802,917.449,0.0662636
1.37825,917.549,0.10017
1.37827,917.616,0.0662636
1.3785,917.716,0.10017
1.37852,917.782,0.0662636
1.37875,917.882,0.10017
1.37877,917.948,0.0662636
1.379,918.049,0.10017
1.37902,918.115,0.0662636
1.37925,918.215,0.10017
1.37927,918.281,0.0662636
1.3795,918.381,0.10017
1.37952,918.448,0.0662636
1.37975,918.548,0.10017
1.37977,918.614,0.0662636
1.38,918.714,0.10017
1.38002,918.781,0.0662636
1.38025,918.881,0.10017
1.38027,918.947,0.0662636
1.3805,919.047,0.10017
1.38052,919.113,0.0662636
1.38075,919.214,0.10017
1.38077,919.28,0.0662636
1.381,919.38,0.10017
1.38102,919.446,0.0662636
1.38125,919.546,0.10017
1.38127,919.613,0.0662636
1.3815,919.713,0.10017
1.38152,919.779,0.0662636
1.38175,919.879,0.10017
1.38177,919.946,0.0662636
1.382,920.046,0.10017
1.38202,920.112,0.0662636
1.38225,920.212,0.10017
1.38227,920.278,0.0662636
1.3825,920.379,0.10017
1.38252,920.445,0.0662636
1.38275,920.545,0.10017
1.38277,920.611,0.0662636
1.383,920.712,0.10017
1.38302,920.778,0.0662636
1.38325,920.878,0.10017
1.38327,920.944,0.0662636
1.3835,921.044,0.10017
1.38352,921.111,0.0662636
1.38375,921.211,0.10017
1.38377,921.277,0.0662636
1.384,921.377,0.10017
1.38402,921.444,0.0662636
1.38425,921.544,0.10017
1.38427,921.61,0.0662636
1.3845,921.71,0.10017
1.38452,921.776,0.0662636
1.38475,921.877,0.10017
1.38477,921.943,0.0662636
1.385,922.043,0.10017
1.38502,922.109,0.0662636
1.38525,922.209,0.10017
1.38527,922.276,0.0662636
1.3855,922.376,0.10017
1.38552,922.442,0.0662636
1.38575,922.542,0.10017
1.38577,922.609,0.0662636
1.386,922.709,0.10017
1.38602,922.775,0.0662636
1.38625,922.875,0.10017
1.38627,922.941,0.0662636
1.3865,923.042,0.10017
1.38652,923.108,0.0662636
1.38675,923.208,0.10017
1.38677,923.274,0.0662636
1.387,923.374,0.10017
1.38702,923.441,0.0662636
1.38725,923.541,0.10017
1.38727,923.607,0.0662636
1.3875,923.707,0.10017
1.38752,923.774,0.0662636
1.38775,923.874,0.10017
1.38777,923.94,0.0662636
1.388,924.04,0.10017
1.38802,924.106,0.0662636
1.38825,924.207,0.10017
1.38827,924.273,0.0662636
1.3885,924.373,0.10017
1.38852,924.439,0.0662636
1.38875,924.539,0.10017
1.38877,924.606,0.0662636
1.389,924.706,0.10017
1.38902,924.772,0.0662636
1.38925,924.872,0.10017
1.38927,924.939,0.0662636
1.3895,925.039,0.10017
1.38952,925.105,0.0662636
1.38975,925.205,0.10017
1.38977,925.271,0.0662636
1.39,925.372,0.10017
1.39002,925.438,0.0662636
1.39025,925.538,0.10017
1.39027,925.604,0.0662636
1.3905,925.705,0.10017
1.39052,925.771,0.0662636
1.39075,925.871,0.10017
1.39077,925.937,0.0662636
1.391,926.037,0.10017
1.39102,926.104,0.0662636
1.39125,926.204,0.10017
1.39127,926.27,0.0662636
1.3915,926.37,0.10017
1.39152,926.437,0.0662636
1.39175,926.537,0.10017
1.39177,926.603,0.0662636
1.392,926.703,0.10017
1.39202,926.769,0.0662636
1.39225,926.87,0.10017
1.39227,926.936,0.0662636
1.3925,927.036,0.10017
1.39252,927.102,0.0662636
1.39275,927.202,0.10017
1.39277,927.269,0.0662636
1.393,927.369,0.10017
1.39302,927.435,0.0662636
1.39325,927.535,0.10017
1.39327,927.602,0.0662636
1.3935,927.702,0.10017
1.39352,927.768,0.0662636
1.39375,927.868,0.10017
1.39377,927.934,0.0662636
1.394,928.035,0.10017
1.39402,928.101,0.0662636
1.39425,928.201,0.10017
1.39427,928.267,0.0662636
1.3945,928.367,0.10017
1.39452,928.434,0.0662636
1.39475,928.534,0.10017
1.39477,928.6,0.0662636
1.395,928.7,0.10017
1.39502,928.767,0.0662636
1.39525,928.867,0.10017
1.39527,928.933,0.0662636
1.3955,929.033,0.10017
1.39552,929.099,0.0662636
1.39575,929.2,0.10017
1.39577,929.266,0.0662636
1.396,929.366,0.10017
1.39602,929.432,0.0662636
1.39625,929.533,0.10017
1.39627,929.599,0.0662636
1.3965,929.699,0.10017
1.39652,929.765,0.0662636
1.39675,929.865,0.10017
1.39677,929.932,0.0662636
1.397,930.032,0.10017
1.39702,930.098,0.0662636
1.39725,930.198,0.10017
1.39727,930.265,0.0662636
1.3975,930.365,0.10017
1.39752,930.431,0.0662636
1.39775,930.531,0.10017
1.39777,930.597,0.0662636
1.398,930.698,0.10017
1.39802,930.764,0.0662636
1.39825,930.864,0.10017
1.39827,930.93,0.0662636
1.3985,931.03,0.10017
1.39852,931.097,0.0662636
1.39875,931.197,0.10017
1.39877,931.263,0.0662636
1.399,931.363,0.10017
1.39902,931.43,0.0662636
1.39925,931.53,0.10017
1.39927,931.596,0.0662636
1.3995,931.696,0.10017
1.39952,931.762,0.0662636
1.39975,931.863,0.10017
1.39977,931.929,0.0662636
1.4,932.029,0.10017
1.40002,932.095,0.0662636
1.40025,932.195,0.10017
1.40027,932.262,0.0662636
1.4005,932.362,0.10017
1.40052,932.428,0.0662636
1.40075,932.528,0.10017
1.40077,932.595,0.0662636
1.401,932.695,0.10017
1.40102,932.761,0.0662636
1.40125,932.861,0.10017
1.40127,932.927,0.0662636
1.4015,933.028,0.10017
1.40152,933.094,0.0662636
1.40175,933.194,0.10017
1.40177,933.26,0.0662636
1.402,933.36,0.10017
1.40202,933.427,0.0662636
1.40225,933.527,0.10017
1.40227,933.593,0.0662636
1.4025,933.693,0.10017
1.40252,933.76,0.0662636
1.40275,933.86,0.10017
1.40277,933.926,0.0662636
1.403,934.026,0.10017
1.40302,934.092,0.0662636
1.40325,934.193,0.10017
1.40327,934.259,0.0662636
1.4035,934.359,0.10017
1.40352,934.425,0.0662636
1.40375,934.526,0.10017
1.40377,934.592,0.0662636
1.404,934.692,0.10017
1.40402,934.758,0.0662636
1.40425,934.858,0.10017
1.40427,934.925,0.0662636
1.4045,935.025,0.10017
1.40452,935.091,0.0662636
1.40475,935.191,0.10017
1.40477,935.258,0.0662636
1.405,935.358,0.10017
1.40502,935.424,0.0662636
1.40525,935.524,0.10017
1.40527,935.59,0.0662636
1.4055,935.691,0.10017
1.40552,935.757,0.0662636
1.40575,935.857,0.10017
1.40577,935.923,0.0662636
1.406,936.023,0.10017
1.40602,936.09,0.0662636
1.40625,936.19,0.10017
1.40627,936.256,0.0662636
1.4065,936.356,0.10017
1.40652,936.423,0.0662636
1.40675,936.523,0.10017
1.40677,936.589,0.0662636
1.407,936.689,0.10017
1.40702,936.755,0.0662636
1.40725,936.856,0.10017
1.40727,936.922,0.0662636
1.4075,937.022,0.10017
1.40752,937.088,0.0662636
1.40775,937.188,0.10017
1.40777,937.255,0.0662636
1.408,937.355,0.10017
1.40802,937.421,0.0662636
1.40825,937.521,0.10017
1.40827,937.588,0.0662636
1.4085,937.688,0.10017
1.40852,937.754,0.0662636
1.40875,937.854,0.10017
1.40877,937.92,0.0662636
1.409,938.021,0.10017
1.40902,938.087,0.0662636
1.40925,938.187,0.10017
1.40927,938.253,0.0662636
1.4095,938.353,0.10017
1.40952,938.42,0.0662636
1.40975,938.52,0.10017
1.40977,938.586,0.0662636
1.41,938.686,0.10017
1.41002,938.753,0.0662636
1.41025,938.853,0.10017
1.41027,938.919,0.0662636
1.4105,939.019,0.10017
1.41052,939.085,0.0662636
1.41075,939.186,0.10017
1.41077,939.252,0.0662636
1.411,939.352,0.10017
1.41102,939.418,0.0662636
1.41125,939.519,0.10017
1.41127,939.585,0.0662636
1.4115,939.685,0.10017
1.41152,939.751,0.0662636
1.41175,939.851,0.10017
1.41177,939.918,0.0662636
1.412,940.018,0.10017
1.41202,940.084,0.0662636
1.41225,940.184,0.10017
1.41227,940.251,0.0662636
1.4125,940.351,0.10017
1.41252,940.417,0.0662636
1.41275,940.517,0.10017
1.41277,940.583,0.0662636
1.413,940.684,0.10017
1.41302,940.75,0.0662636
1.41325,940.85,0.10017
1.41327,940.916,0.0662636
1.4135,941.016,0.10017
1.41352,941.083,0.0662636
1.41375,941.183,0.10017
1.41377,941.249,0.0662636
1.414,941.349,0.10017
1.41402,941.416,0.0662636
1.41425,941.516,0.10017
1.41427,941.582,0.0662636
1.4145,941.682,0.10017
1.41452,941.748,0.0662636
1.41475,941.849,0.10017
1.41477,941.915,0.0662636
1.415,942.015,0.10017
1.41502,942.081,0.0662636
1.41525,942.181,0.10017
1.41527,942.248,0.0662636
1.4155,942.348,0.10017
1.41552,942.414,0.0662636
1.41575,942.514,0.10017
1.41577,942.581,0.0662636
1.416,942.681,0.10017
1.41602,942.747,0.0662636
1.41625,942.847,0.10017
1.41627,942.913,0.0662636
1.4165,943.014,0.10017
1.41652,943.08,0.0662636
1.41675,943.18,0.10017
1.41677,943.246,0.0662636
1.417,943.347,0.10017
1.41702,943.413,0.0662636
1.41725,943.513,0.10017
1.41727,943.579,0.0662636
1.4175,943.679,0.10017
1.41752,943.746,0.0662636
1.41775,943.846,0.10017
1.41777,943.912,0.0662636
1.418,944.012,0.10017
1.41802,944.079,0.0662636
1.41825,944.179,0.10017
1.41827,944.245,0.0662636
1.4185,944.345,0.10017
1.41852,944.411,0.0662636
1.41875,944.512,0.10017
1.41877,944.578,0.0662636
1.419,944.678,0.10017
1.41902,944.744,0.0662636
1.41925,944.844,0.10017
1.41927,944.911,0.0662636
1.4195,945.011,0.10017
1.41952,945.077,0.0662636
1.41975,945.177,0.10017
1.41977,945.244,0.0662636
1.42,945.344,0.10017
1.42002,945.41,0.0662636
1.42025,945.51,0.10017
1.42027,945.576,0.0662636
1.4205,945.677,0.10017
1.42052,945.743,0.0662636
1.42075,945.843,0.10017
1.42077,945.909,0.0662636
1.421,946.009,0.10017
1.42102,946.076,0.0662636
1.42125,946.176,0.10017
1.42127,946.242,0.0662636
1.4215,946.342,0.10017
1.42152,946.409,0.0662636
1.42175,946.509,0.10017
1.42177,946.575,0.0662636
1.422,946.675,0.10017
1.42202,946.741,0.0662636
1.42225,946.842,0.10017
1.42227,946.908,0.0662636
1.4225,947.008,0.10017
1.42252,947.074,0.0662636
1.42275,947.174,0.10017
1.42277,947.241,0.0662636
1.423,947.341,0.10017
1.42302,947.407,0.0662636
1.42325,947.507,0.10017
1.42327,947.574,0.0662636
1.4235,947.674,0.10017
1.42352,947.74,0.0662636
1.42375,947.84,0.10017
1.42377,947.906,0.0662636
1.424,948.007,0.10017
1.42402,948.073,0.0662636
1.42425,948.173,0.10017
1.42427,948.239,0.0662636
1.4245,948.34,0.10017
1.42452,948.406,0.0662636
1.42475,948.506,0.10017
1.42477,948.572,0.0662636
1.425,948.672,0.10017
1.42502,948.739,0.0662636
1.42525,948.839,0.10017
1.42527,948.905,0.0662636
1.4255,949.005,0.10017
1.42552,949.072,0.0662636
1.42575,949.172,0.10017
1.42577,949.238,0.0662636
1.426,949.338,0.10017
1.42602,949.404,0.0662636
1.42625,949.505,0.10017
1.42627,949.571,0.0662636
1.4265,949.671,0.10017
1.42652,949.737,0.0662636
1.42675,949.837,0.10017
1.42677,949.904,0.0662636
1.427,950.004,0.10017
1.42702,950.07,0.0662636
1.42725,950.17,0.10017
1.42727,950.237,0.0662636
1.4275,950.337,0.10017
1.42752,950.403,0.0662636
1.42775,950.503,0.10017
1.42777,950.569,0.0662636
1.428,950.67,0.10017
1.42802,950.736,0.0662636
1.42825,950.836,0.10017
1.42827,950.902,0.0662636
1.4285,951.002,0.10017
1.42852,951.069,0.0662636
1.42875,951.169,0.10017
1.42877,951.235,0.0662636
1.429,951.335,0.10017
1.42902,951.402,0.0662636
1.42925,951.502,0.10017
1.42927,951.568,0.0662636
1.4295,951.668,0.10017
1.42952,951.734,0.0662636
1.42975,951.835,0.10017
1.42977,951.901,0.0662636
1.43,952.001,0.10017
1.43002,952.067,0.0662636
1.43025,952.167,0.10017
1.43027,952.234,0.0662636
1.4305,952.334,0.10017
1.43052,952.4,0.0662636
1.43075,952.5,0.10017
1.43077,952.567,0.0662636
1.431,952.667,0.10017
1.43102,952.733,0.0662636
1.43125,952.833,0.10017
1.43127,952.899,0.0662636
1.4315,953,0.10017
1.43152,953.066,0.0662636
1.43175,953.166,0.10017
1.43177,953.232,0.0662636
1.432,953.333,0.10017
1.43202,953.399,0.0662636
1.43225,953.499,0.10017
1.43227,953.565,0.0662636
1.4325,953.665,0.10017
1.43252,953.732,0.0662636
1.43275,953.832,0.10017
1.43277,953.898,0.0662636
1.433,953.998,0.10017
1.43302,954.065,0.0662636
1.43325,954.165,0.10017
1.43327,954.231,0.0662636
1.4335,954.331,0.10017
1.43352,954.397,0.0662636
1.43375,954.498,0.10017
1.43377,954.564,0.0662636
1.434,954.664,0.10017
1.43402,954.73,0.0662636
1.43425,954.83,0.10017
1.43427,954.897,0.0662636
1.4345,954.997,0.10017
1.43452,955.063,0.0662636
1.43475,955.163,0.10017
1.43477,955.23,0.0662636
1.435,955.33,0.10017
1.43502,955.396,0.0662636
1.43525,955.496,0.10017
1.43527,955.562,0.0662636
1.4355,955.663,0.10017
1.43552,955.729,0.0662636
1.43575,955.829,0.10017
1.43577,955.895,0.0662636
1.436,955.995,0.10017
1.43602,956.062,0.0662636
1.43625,956.162,0.10017
1.43627,956.228,0.0662636
1.4365,956.328,0.10017
1.43652,956.395,0.0662636
1.43675,956.495,0.10017
1.43677,956.561,0.0662636
1.437,956.661,0.10017
1.43702,956.727,0.0662636
1.43725,956.828,0.10017
1.43727,956.894,0.0662636
1.4375,956.994,0.10017
1.43752,957.06,0.0662636
1.43775,957.161,0.10017
1.43777,957.227,0.0662636
1.438,957.327,0.10017
1.43802,957.393,0.0662636
1.43825,957.493,0.10017
1.43827,957.56,0.0662636
1.4385,957.66,0.10017
1.43852,957.726,0.0662636
1.43875,957.826,0.10017
1.43877,957.893,0.0662636
1.439,957.993,0.10017
1.43902,958.059,0.0662636
1.43925,958.159,0.10017
1.43927,958.225,0.0662636
1.4395,958.326,0.10017
1.43952,958.392,0.0662636
1.43975,958.492,0.10017
1.43977,958.558,0.0662636
1.44,958.658,0.10017
1.44002,958.725,0.0662636
1.44025,958.825,0.10017
1.44027,958.891,0.0662636
1.4405,958.991,0.10017
1.44052,959.058,0.0662636
1.44075,959.158,0.10017
1.44077,959.224,0.0662636
1.441,959.324,0.10017
1.44102,959.39,0.0662636
1.44125,959.491,0.10017
1.44127,959.557,0.0662636
1.4415,959.657,0.10017
1.44152,959.723,0.0662636
1.44175,959.823,0.10017
1.44177,959.89,0.0662636
1.442,959.99,0.10017
1.44202,960.056,0.0662636
1.44225,960.156,0.10017
1.44227,960.223,0.0662636
1.4425,960.323,0.10017
1.44252,960.389,0.0662636
1.44275,960.489,0.10017
1.44277,960.555,0.0662636
1.443,960.656,0.10017
1.44302,960.722,0.0662636
1.44325,960.822,0.10017
1.44327,960.888,0.0662636
1.4435,960.988,0.10017
1.44352,961.055,0.0662636
1.44375,961.155,0.10017
1.44377,961.221,0.0662636
1.444,961.321,0.10017
1.44402,961.388,0.0662636
1.44425,961.488,0.10017
1.44427,961.554,0.0662636
1.4445,961.654,0.10017
1.44452,961.72,0.0662636
1.44475,961.821,0.10017
1.44477,961.887,0.0662636
1.445,961.987,0.10017
1.44502,962.053,0.0662636
1.44525,962.154,0.10017
1.44527,962.22,0.0662636
1.4455,962.32,0.10017
1.44552,962.386,0.0662636
1.44575,962.486,0.10017
1.44577,962.553,0.0662636
1.446,962.653,0.10017
1.44602,962.719,0.0662636
1.44625,962.819,0.10017
1.44627,962.886,0.0662636
1.4465,962.986,0.10017
1.44652,963.052,0.0662636
1.44675,963.152,0.10017
1.44677,963.218,0.0662636
1.447,963.319,0.10017
1.44702,963.385,0.0662636
1.44725,963.485,0.10017
1.44727,963.551,0.0662636
1.4475,963.651,0.10017
1.44752,963.718,0.0662636
1.44775,963.818,0.10017
1.44777,963.884,0.0662636
1.448,963.984,0.10017
1.44802,964.051,0.0662636
1.44825,964.151,0.10017
1.44827,964.217,0.0662636
1.4485,964.317,0.10017
1.44852,964.383,0.0662636
1.44875,964.484,0.10017
1.44877,964.55,0.0662636
1.449,964.65,0.10017
1.44902,964.716,0.0662636
1.44925,964.816,0.10017
1.44927,964.883,0.0662636
1.4495,964.983,0.10017
1.44952,965.049,0.0662636
1.44975,965.149,0.10017
1.44977,965.216,0.0662636
1.45,965.316,0.10017
1.45002,965.382,0.0662636
1.45025,965.482,0.10017
1.45027,965.548,0.0662636
1.4505,965.649,0.10017
1.45052,965.715,0.0662636
1.45075,965.815,0.10017
1.45077,965.881,0.0662636
1.451,965.981,0.10017
1.45102,966.048,0.0662636
1.45125,966.148,0.10017
1.45127,966.214,0.0662636
1.4515,966.314,0.10017
1.45152,966.381,0.0662636
1.45175,966.481,0.10017
1.45177,966.547,0.0662636
1.452,966.647,0.10017
1.45202,966.713,0.0662636
1.45225,966.814,0.10017
1.45227,966.88,0.0662636
1.4525,966.98,0.10017
1.45252,967.046,0.0662636
1.45275,967.147,0.10017
1.45277,967.213,0.0662636
1.453,967.313,0.10017
1.45302,967.379,0.0662636
1.45325,967.479,0.10017
1.45327,967.546,0.0662636
1.4535,967.646,0.10017
1.45352,967.712,0.0662636
1.45375,967.812,0.10017
1.45377,967.879,0.0662636
1.454,967.979,0.10017
1.45402,968.045,0.0662636
1.45425,968.145,0.10017
1.45427,968.211,0.0662636
1.4545,968.312,0.10017
1.45452,968.378,0.0662636
1.45475,968.478,0.10017
1.45477,968.544,0.0662636
1.455,968.644,0.10017
1.45502,968.711,0.0662636
1.45525,968.811,0.10017
1.45527,968.877,0.0662636
1.4555,968.977,0.10017
1.45552,969.044,0.0662636
1.45575,969.144,0.10017
1.45577,969.21,0.0662636
1.456,969.31,0.10017
1.45602,969.376,0.0662636
1.45625,969.477,0.10017
1.45627,969.543,0.0662636
1.4565,969.643,0.10017
1.45652,969.709,0.0662636
1.45675,969.809,0.10017
1.45677,969.876,0.0662636
1.457,969.976,0.10017
1.45702,970.042,0.0662636
1.45725,970.142,0.10017
1.45727,970.209,0.0662636
1.4575,970.309,0.10017
1.45752,970.375,0.0662636
1.45775,970.475,0.10017
1.45777,970.541,0.0662636
1.458,970.642,0.10017
1.45802,970.708,0.0662636
1.45825,970.808,0.10017
1.45827,970.874,0.0662636
1.4585,970.975,0.10017
1.45852,971.041,0.0662636
1.45875,971.141,0.10017
1.45877,971.207,0.0662636
1.459,971.307,0.10017
1.45902,971.374,0.0662636
1.45925,971.474,0.10017
1.45927,971.54,0.0662636
1.4595,971.64,0.10017
1.45952,971.707,0.0662636
1.45975,971.807,0.10017
1.45977,971.873,0.0662636
1.46,971.973,0.10017
1.46002,972.039,0.0662636
1.46025,972.14,0.10017
1.46027,972.206,0.0662636
1.4605,972.306,0.10017
1.46052,972.372,0.0662636
1.46075,972.472,0.10017
1.46077,972.539,0.0662636
1.461,972.639,0.10017
1.46102,972.705,0.0662636
1.46125,972.805,0.10017
1.46127,972.872,0.0662636
1.4615,972.972,0.10017
1.46152,973.038,0.0662636
1.46175,973.138,0.10017
1.46177,973.204,0.0662636
1.462,973.305,0.10017
1.46202,973.371,0.0662636
1.46225,973.471,0.10017
1.46227,973.537,0.0662636
1.4625,973.637,0.10017
1.46252,973.704,0.0662636
1.46275,973.804,0.10017
1.46277,973.87,0.0662636
1.463,973.97,0.10017
1.46302,974.037,0.0662636
1.46325,974.137,0.10017
1.46327,974.203,0.0662636
1.4635,974.303,0.10017
1.46352,974.369,0.0662636
1.46375,974.47,0.10017
1.46377,974.536,0.0662636
1.464,974.636,0.10017
1.46402,974.702,0.0662636
1.46425,974.802,0.10017
1.46427,974.869,0.0662636
1.4645,974.969,0.10017
1.46452,975.035,0.0662636
1.46475,975.135,0.10017
1.46477,975.202,0.0662636
1.465,975.302,0.10017
1.46502,975.368,0.0662636
1.46525,975.468,0.10017
1.46527,975.534,0.0662636
1.4655,975.635,0.10017
1.46552,975.701,0.0662636
1.46575,975.801,0.10017
1.46577,975.867,0.0662636
1.466,975.968,0.10017
1.46602,976.034,0.0662636
1.46625,976.134,0.10017
1.46627,976.2,0.0662636
1.4665,976.3,0.10017
1.46652,976.367,0.0662636
1.46675,976.467,0.10017
1.46677,976.533,0.0662636
1.467,976.633,0.10017
1.46702,976.7,0.0662636
1.46725,976.8,0.10017
1.46727,976.866,0.0662636
1.4675,976.966,0.10017
1.46752,977.032,0.0662636
1.46775,977.133,0.10017
1.46777,977.199,0.0662636
1.468,977.299,0.10017
1.46802,977.365,0.0662636
1.46825,977.465,0.10017
1.46827,977.532,0.0662636
1.4685,977.632,0.10017
1.46852,977.698,0.0662636
1.46875,977.798,0.10017
1.46877,977.865,0.0662636
1.469,977.965,0.10017
1.46902,978.031,0.0662636
1.46925,978.131,0.10017
1.46927,978.197,0.0662636
1.4695,978.298,0.10017
1.46952,978.364,0.0662636
1.46975,978.464,0.10017
1.46977,978.53,0.0662636
1.47,978.63,0.10017
1.47002,978.697,0.0662636
1.47025,978.797,0.10017
1.47027,978.863,0.0662636
1.4705,978.963,0.10017
1.47052,979.03,0.0662636
1.47075,979.13,0.10017
1.47077,979.196,0.0662636
1.471,979.296,0.10017
1.47102,979.362,0.0662636
1.47125,979.463,0.10017
1.47127,979.529,0.0662636
1.4715,979.629,0.10017
1.47152,979.695,0.0662636
1.47175,979.795,0.10017
1.47177,979.862,0.0662636
1.472,979.962,0.10017
1.47202,980.028,0.0662636
1.47225,980.128,0.10017
1.47227,980.195,0.0662636
1.4725,980.295,0.10017
1.47252,980.361,0.0662636
1.47275,980.461,0.10017
1.47277,980.527,0.0662636
1.473,980.628,0.10017
1.47302,980.694,0.0662636
1.47325,980.794,0.10017
1.47327,980.86,0.0662636
1.4735,980.961,0.10017
1.47352,981.027,0.0662636
1.47375,981.127,0.10017
1.47377,981.193,0.0662636
1.474,981.293,0.10017
1.47402,981.36,0.0662636
1.47425,981.46,0.10017
1.47427,981.526,0.0662636
1.4745,981.626,0.10017
1.47452,981.693,0.0662636
1.47475,981.793,0.10017
1.47477,981.859,0.0662636
1.475,981.959,0.10017
1.47502,982.025,0.0662636
1.47525,982.126,0.10017
1.47527,982.192,0.0662636
1.4755,982.292,0.10017
1.47552,982.358,0.0662636
1.47575,982.458,0.10017
1.47577,982.525,0.0662636
1.476,982.625,0.10017
1.47602,982.691,0.0662636
1.47625,982.791,0.10017
1.47627,982.858,0.0662636
1.4765,982.958,0.10017
1.47652,983.024,0.0662636
1.47675,983.124,0.10017
1.47677,983.19,0.0662636
1.477,983.291,0.10017
1.47702,983.357,0.0662636
1.47725,983.457,0.10017
1.47727,983.523,0.0662636
1.4775,983.623,0.10017
1.47752,983.69,0.0662636
1.47775,983.79,0.10017
1.47777,983.856,0.0662636
1.478,983.956,0.10017
1.47802,984.023,0.0662636
1.47825,984.123,0.10017
1.47827,984.189,0.0662636
1.4785,984.289,0.10017
1.47852,984.355,0.0662636
1.47875,984.456,0.10017
1.47877,984.522,0.0662636
1.479,984.622,0.10017
1.47902,984.688,0.0662636
1.47925,984.789,0.10017
1.47927,984.855,0.0662636
1.4795,984.955,0.10017
1.47952,985.021,0.0662636
1.47975,985.121,0.10017
1.47977,985.188,0.0662636
1.48,985.288,0.10017
1.48002,985.354,0.0662636
1.48025,985.454,0.10017
1.48027,985.521,0.0662636
1.4805,985.621,0.10017
1.48052,985.687,0.0662636
1.48075,985.787,0.10017
1.48077,985.853,0.0662636
1.481,985.954,0.10017
1.48102,986.02,0.0662636
1.48125,986.12,0.10017
1.48127,986.186,0.0662636
1.4815,986.286,0.10017
1.48152,986.353,0.0662636
1.48175,986.453,0.10017
1.48177,986.519,0.0662636
1.482,986.619,0.10017
1.48202,986.686,0.0662636
1.48225,986.786,0.10017
1.48227,986.852,0.0662636
1.4825,986.952,0.10017
1.48252,987.018,0.0662636
1.48275,987.119,0.10017
1.48277,987.185,0.0662636
1.483,987.285,0.10017
1.48302,987.351,0.0662636
1.48325,987.451,0.10017
1.48327,987.518,0.0662636
1.4835,987.618,0.10017
1.48352,987.684,0.0662636
1.48375,987.784,0.10017
1.48377,987.851,0.0662636
1.484,987.951,0.10017
1.48402,988.017,0.0662636
1.48425,988.117,0.10017
1.48427,988.183,0.0662636
1.4845,988.284,0.10017
1.48452,988.35,0.0662636
1.48475,988.45,0.10017
1.48477,988.516,0.0662636
1.485,988.616,0.10017
1.48502,988.683,0.0662636
1.48525,988.783,0.10017
1.48527,988.849,0.0662636
1.4855,988.949,0.10017
1.48552,989.016,0.0662636
1.48575,989.116,0.10017
1.48577,989.182,0.0662636
1.486,989.282,0.10017
1.48602,989.348,0.0662636
1.48625,989.449,0.10017
1.48627,989.515,0.0662636
1.4865,989.615,0.10017
1.48652,989.681,0.0662636
1.48675,989.782,0.10017
1.48677,989.848,0.0662636
1.487,989.948,0.10017
1.48702,990.014,0.0662636
1.48725,990.114,0.10017
1.48727,990.181,0.0662636
1.4875,990.281,0.10017
1.48752,990.347,0.0662636
1.48775,990.447,0.10017
1.48777,990.514,0.0662636
1.488,990.614,0.10017
1.48802,990.68,0.0662636
1.48825,990.78,0.10017
1.48827,990.846,0.0662636
1.4885,990.947,0.10017
1.48852,991.013,0.0662636
1.48875,991.113,0.10017
1.48877,991.179,0.0662636
1.489,991.279,0.10017
1.48902,991.346,0.0662636
1.48925,991.446,0.10017
1.48927,991.512,0.0662636
1.4895,991.612,0.10017
1.48952,991.679,0.0662636
1.48975,991.779,0.10017
1.48977,991.845,0.0662636
1.49,991.945,0.10017
1.49002,992.011,0.0662636
1.49025,992.112,0.10017
1.49027,992.178,0.0662636
1.4905,992.278,0.10017
1.49052,992.344,0.0662636
1.49075,992.444,0.10017
1.49077,992.511,0.0662636
1.491,992.611,0.10017
1.49102,992.677,0.0662636
1.49125,992.777,0.10017
1.49127,992.844,0.0662636
1.4915,992.944,0.10017
1.49152,993.01,0.0662636
1.49175,993.11,0.10017
1.49177,993.176,0.0662636
1.492,993.277,0.10017
1.49202,993.343,0.0662636
1.49225,993.443,0.10017
1.49227,993.509,0.0662636
1.4925,993.609,0.10017
1.49252,993.676,0.0662636
1.49275,993.776,0.10017
1.49277,993.842,0.0662636
1.493,993.942,0.10017
1.49302,994.009,0.0662636
1.49325,994.109,0.10017
1.49327,994.175,0.0662636
1.4935,994.275,0.10017
1.49352,994.341,0.0662636
1.49375,994.442,0.10017
1.49377,994.508,0.0662636
1.494,994.608,0.10017
1.49402,994.674,0.0662636
1.49425,994.775,0.10017
1.49427,994.841,0.0662636
1.4945,994.941,0.10017
1.49452,995.007,0.0662636
1.49475,995.107,0.10017
1.49477,995.174,0.0662636
1.495,995.274,0.10017
1.49502,995.34,0.0662636
1.49525,995.44,0.10017
1.49527,995.507,0.0662636
1.4955,995.607,0.10017
1.49552,995.673,0.0662636
1.49575,995.773,0.10017
1.49577,995.839,0.0662636
1.496,995.94,0.10017
1.49602,996.006,0.0662636
1.49625,996.106,0.10017
1.49627,996.172,0.0662636
1.4965,996.272,0.10017
1.49652,996.339,0.0662636
1.49675,996.439,0.10017
1.49677,996.505,0.0662636
1.497,996.605,0.10017
1.49702,996.672,0.0662636
1.49725,996.772,0.10017
1.49727,996.838,0.0662636
1.4975,996.938,0.10017
1.49752,997.004,0.0662636
1.49775,997.105,0.10017
1.49777,997.171,0.0662636
1.498,997.271,0.10017
1.49802,997.337,0.0662636
1.49825,997.437,0.10017
1.49827,997.504,0.0662636
1.4985,997.604,0.10017
1.49852,997.67,0.0662636
1.49875,997.77,0.10017
1.49877,997.837,0.0662636
1.499,997.937,0.10017
1.49902,998.003,0.0662636
1.49925,998.103,0.10017
1.49927,998.169,0.0662636
1.4995,998.27,0.10017
1.49952,998.336,0.0662636
1.49975,998.436,0.10017
1.49977,998.502,0.0662636
1.5,998.603,0.10017
1.50002,998.669,0.0662636
1.50025,998.769,0.10017
1.50027,998.835,0.0662636
1.5005,998.935,0.10017
1.50052,999.002,0.0662636
1.50075,999.102,0.10017
1.50077,999.168,0.0662636
1.501,999.268,0.10017
1.50102,999.335,0.0662636
1.50125,999.435,0.10017
1.50127,999.501,0.0662636
1.5015,999.601,0.10017
1.50152,999.667,0.0662636
1.50175,999.768,0.10017
1.50177,999.834,0.0662636
1.502,999.934,0.10017
1.50202,1000,0.0662636
1.50225,1000.1,0.10017
1.50227,1000.17,0.0662636
1.5025,1000.27,0.10017
1.50252,1000.33,0.0662636
1.50275,1000.43,0.10017
1.50277,1000.5,0.0662636
1.503,1000.6,0.10017
1.50302,1000.67,0.0662636
1.50325,1000.77,0.10017
1.50327,1000.83,0.0662636
1.5035,1000.93,0.10017
1.50352,1001,0.0662636
1.50375,1001.1,0.10017
1.50377,1001.17,0.0662636
1.504,1001.27,0.10017
1.50402,1001.33,0.0662636
1.50425,1001.43,0.10017
1.50427,1001.5,0.0662636
1.5045,1001.6,0.10017
1.50452,1001.66,0.0662636
1.50475,1001.76,0.10017
1.50477,1001.83,0.0662636
1.505,1001.93,0.10017
1.50502,1002,0.0662636
1.50525,1002.1,0.10017
1.50527,1002.16,0.0662636
1.5055,1002.26,0.10017
1.50552,1002.33,0.0662636
1.50575,1002.43,0.10017
1.50577,1002.5,0.0662636
1.506,1002.6,0.10017
1.50602,1002.66,0.0662636
1.50625,1002.76,0.10017
1.50627,1002.83,0.0662636
1.5065,1002.93,0.10017
1.50652,1003,0.0662636
1.50675,1003.1,0.10017
1.50677,1003.16,0.0662636
1.507,1003.26,0.10017
1.50702,1003.33,0.0662636
1.50725,1003.43,0.10017
1.50727,1003.5,0.0662636
1.5075,1003.6,0.10017
1.50752,1003.66,0.0662636
1.50775,1003.76,0.10017
1.50777,1003.83,0.0662636
1.508,1003.93,0.10017
1.50802,1003.99,0.0662636
1.50825,1004.09,0.10017
1.50827,1004.16,0.0662636
1.5085,1004.26,0.10017
1.50852,1004.33,0.0662636
1.50875,1004.43,0.10017
1.50877,1004.49,0.0662636
1.509,1004.59,0.10017
1.50902,1004.66,0.0662636
1.50925,1004.76,0.10017
1.50927,1004.83,0.0662636
1.5095,1004.93,0.10017
1.50952,1004.99,0.0662636
1.50975,1005.09,0.10017
1.50977,1005.16,0.0662636
1.51,1005.26,0.10017
1.51002,1005.33,0.0662636
1.51025,1005.43,0.10017
1.51027,1005.49,0.0662636
1.5105,1005.59,0.10017
1.51052,1005.66,0.0662636
1.51075,1005.76,0.10017
1.51077,1005.83,0.0662636
1.511,1005.93,0.10017
1.51102,1005.99,0.0662636
1.51125,1006.09,0.10017
1.51127,1006.16,0.0662636
1.5115,1006.26,0.10017
1.51152,1006.32,0.0662636
1.51175,1006.42,0.10017
1.51177,1006.49,0.0662636
1.512,1006.59,0.10017
1.51202,1006.66,0.0662636
1.51225,1006.76,0.10017
1.51227,1006.82,0.0662636
1.5125,1006.92,0.10017
1.51252,1006.99,0.0662636
1.51275,1007.09,0.10017
1.51277,1007.16,0.0662636
1.513,1007.26,0.10017
1.51302,1007.32,0.0662636
1.51325,1007.42,0.10017
1.51327,1007.49,0.0662636
1.5135,1007.59,0.10017
1.51352,1007.66,0.0662636
1.51375,1007.76,0.10017
1.51377,1007.82,0.0662636
1.514,1007.92,0.10017
1.51402,1007.99,0.0662636
1.51425,1008.09,0.10017
1.51427,1008.16,0.0662636
1.5145,1008.26,0.10017
1.51452,1008.32,0.0662636
1.51475,1008.42,0.10017
1.51477,1008.49,0.0662636
1.515,1008.59,0.10017
1.51502,1008.65,0.0662636
1.51525,1008.75,0.10017
1.51527,1008.82,0.0662636
1.5155,1008.92,0.10017
1.51552,1008.99,0.0662636
1.51575,1009.09,0.10017
1.51577,1009.15,0.0662636
1.516,1009.25,0.10017
1.51602,1009.32,0.0662636
1.51625,1009.42,0.10017
1.51627,1009.49,0.0662636
1.5165,1009.59,0.10017
1.51652,1009.65,0.0662636
1.51675,1009.75,0.10017
1.51677,1009.82,0.0662636
1.517,1009.92,0.10017
1.51702,1009.99,0.0662636
1.51725,1010.09,0.10017
1.51727,1010.15,0.0662636
1.5175,1010.25,0.10017
1.51752,1010.32,0.0662636
1.51775,1010.42,0.10017
1.51777,1010.49,0.0662636
1.518,1010.59,0.10017
1.51802,1010.65,0.0662636
1.51825,1010.75,0.10017
1.51827,1010.82,0.0662636
1.5185,1010.92,0.10017
1.51852,1010.98,0.0662636
1.51875,1011.09,0.10017
1.51877,1011.15,0.0662636
1.519,1011.25,0.10017
1.51902,1011.32,0.0662636
1.51925,1011.42,0.10017
1.51927,1011.48,0.0662636
1.5195,1011.58,0.10017
1.51952,1011.65,0.0662636
1.51975,1011.75,0.10017
1.51977,1011.82,0.0662636
1.52,1011.92,0.10017
1.52002,1011.98,0.0662636
1.52025,1012.08,0.10017
1.52027,1012.15,0.0662636
1.5205,1012.25,0.10017
1.52052,1012.32,0.0662636
1.52075,1012.42,0.10017
1.52077,1012.48,0.0662636
1.521,1012.58,0.10017
1.52102,1012.65,0.0662636
1.52125,1012.75,0.10017
1.52127,1012.82,0.0662636
1.5215,1012.92,0.10017
1.52152,1012.98,0.0662636
1.52175,1013.08,0.10017
1.52177,1013.15,0.0662636
1.522,1013.25,0.10017
1.52202,1013.31,0.0662636
1.52225,1013.42,0.10017
1.52227,1013.48,0.0662636
1.5225,1013.58,0.10017
1.52252,1013.65,0.0662636
1.52275,1013.75,0.10017
1.52277,1013.81,0.0662636
1.523,1013.91,0.10017
1.52302,1013.98,0.0662636
1.52325,1014.08,0.10017
1.52327,1014.15,0.0662636
1.5235,1014.25,0.10017
1.52352,1014.31,0.0662636
1.52375,1014.41,0.10017
1.52377,1014.48,0.0662636
1.524,1014.58,0.10017
1.52402,1014.65,0.0662636
1.52425,1014.75,0.10017
1.52427,1014.81,0.0662636
1.5245,1014.91,0.10017
1.52452,1014.98,0.0662636
1.52475,1015.08,0.10017
1.52477,1015.15,0.0662636
1.525,1015.25,0.10017
1.52502,1015.31,0.0662636
1.52525,1015.41,0.10017
1.52527,1015.48,0.0662636
1.5255,1015.58,0.10017
1.52552,1015.65,0.0662636
1.52575,1015.75,0.10017
1.52577,1015.81,0.0662636
1.526,1015.91,0.10017
1.52602,1015.98,0.0662636
1.52625,1016.08,0.10017
1.52627,1016.14,0.0662636
1.5265,1016.24,0.10017
1.52652,1016.31,0.0662636
1.52675,1016.41,0.10017
1.52677,1016.48,0.0662636
1.527,1016.58,0.10017
1.52702,1016.64,0.0662636
1.52725,1016.74,0.10017
1.52727,1016.81,0.0662636
1.5275,1016.91,0.10017
1.52752,1016.98,0.0662636
1.52775,1017.08,0.10017
1.52777,1017.14,0.0662636
1.528,1017.24,0.10017
1.52802,1017.31,0.0662636
1.52825,1017.41,0.10017
1.52827,1017.48,0.0662636
1.5285,1017.58,0.10017
1.52852,1017.64,0.0662636
1.52875,1017.74,0.10017
1.52877,1017.81,0.0662636
1.529,1017.91,0.10017
1.52902,1017.98,0.0662636
1.52925,1018.08,0.10017
1.52927,1018.14,0.0662636
1.5295,1018.24,0.10017
1.52952,1018.31,0.0662636
1.52975,1018.41,0.10017
1.52977,1018.47,0.0662636
1.53,1018.57,0.10017
1.53002,1018.64,0.0662636
1.53025,1018.74,0.10017
1.53027,1018.81,0.0662636
1.5305,1018.91,0.10017
1.53052,1018.97,0.0662636
1.53075,1019.07,0.10017
1.53077,1019.14,0.0662636
1.531,1019.24,0.10017
1.53102,1019.31,0.0662636
1.53125,1019.41,0.10017
1.53127,1019.47,0.0662636
1.5315,1019.57,0.10017
1.53152,1019.64,0.0662636
1.53175,1019.74,0.10017
1.53177,1019.81,0.0662636
1.532,1019.91,0.10017
1.53202,1019.97,0.0662636
1.53225,1020.07,0.10017
1.53227,1020.14,0.0662636
1.5325,1020.24,0.10017
1.53252,1020.31,0.0662636
1.53275,1020.41,0.10017
1.53277,1020.47,0.0662636
1.533,1020.57,0.10017
1.53302,1020.64,0.0662636
1.53325,1020.74,0.10017
1.53327,1020.8,0.0662636
1.5335,1020.9,0.10017
1.53352,1020.97,0.0662636
1.53375,1021.07,0.10017
1.53377,1021.14,0.0662636
1.534,1021.24,0.10017
1.53402,1021.3,0.0662636
1.53425,1021.4,0.10017
1.53427,1021.47,0.0662636
1.5345,1021.57,0.10017
1.53452,1021.64,0.0662636
1.53475,1021.74,0.10017
1.53477,1021.8,0.0662636
1.535,1021.9,0.10017
1.53502,1021.97,0.0662636
1.53525,1022.07,0.10017
1.53527,1022.14,0.0662636
1.5355,1022.24,0.10017
1.53552,1022.3,0.0662636
1.53575,1022.4,0.10017
1.53577,1022.47,0.0662636
1.536,1022.57,0.10017
1.53602,1022.64,0.0662636
1.53625,1022.74,0.10017
1.53627,1022.8,0.0662636
1.5365,1022.9,0.10017
1.53652,1022.97,0.0662636
1.53675,1023.07,0.10017
1.53677,1023.13,0.0662636
1.537,1023.23,0.10017
1.53702,1023.3,0.0662636
1.53725,1023.4,0.10017
1.53727,1023.47,0.0662636
1.5375,1023.57,0.10017
1.53752,1023.63,0.0662636
1.53775,1023.73,0.10017
1.53777,1023.8,0.0662636
1.538,1023.9,0.10017
1.53802,1023.97,0.0662636
1.53825,1024.07,0.10017
1.53827,1024.13,0.0662636
1.5385,1024.23,0.10017
1.53852,1024.3,0.0662636
1.53875,1024.4,0.10017
1.53877,1024.47,0.0662636
1.539,1024.57,0.10017
1.53902,1024.63,0.0662636
1.53925,1024.73,0.10017
1.53927,1024.8,0.0662636
1.5395,1024.9,0.10017
1.53952,1024.97,0.0662636
1.53975,1025.07,0.10017
1.53977,1025.13,0.0662636
1.54,1025.23,0.10017
1.54002,1025.3,0.0662636
1.54025,1025.4,0.10017
1.54027,1025.46,0.0662636
1.5405,1025.56,0.10017
1.54052,1025.63,0.0662636
1.54075,1025.73,0.10017
1.54077,1025.8,0.0662636
1.541,1025.9,0.10017
1.54102,1025.96,0.0662636
1.54125,1026.06,0.10017
1.54127,1026.13,0.0662636
1.5415,1026.23,0.10017
1.54152,1026.3,0.0662636
1.54175,1026.4,0.10017
1.54177,1026.46,0.0662636
1.542,1026.56,0.10017
1.54202,1026.63,0.0662636
1.54225,1026.73,0.10017
1.54227,1026.8,0.0662636
1.5425,1026.9,0.10017
1.54252,1026.96,0.0662636
1.54275,1027.06,0.10017
1.54277,1027.13,0.0662636
1.543,1027.23,0.10017
1.54302,1027.3,0.0662636
1.54325,1027.4,0.10017
1.54327,1027.46,0.0662636
1.5435,1027.56,0.10017
1.54352,1027.63,0.0662636
1.54375,1027.73,0.10017
1.54377,1027.79,0.0662636
1.544,1027.89,0.10017
1.54402,1027.96,0.0662636
1.54425,1028.06,0.10017
1.54427,1028.13,0.0662636
1.5445,1028.23,0.10017
1.54452,1028.29,0.0662636
1.54475,1028.39,0.10017
1.54477,1028.46,0.0662636
1.545,1028.56,0.10017
1.54502,1028.63,0.0662636
1.54525,1028.73,0.10017
1.54527,1028.79,0.0662636
1.5455,1028.89,0.10017
1.54552,1028.96,0.0662636
1.54575,1029.06,0.10017
1.54577,1029.13,0.0662636
1.546,1029.23,0.10017
1.54602,1029.29,0.0662636
1.54625,1029.39,0.10017
1.54627,1029.46,0.0662636
1.5465,1029.56,0.10017
1.54652,1029.63,0.0662636
1.54675,1029.73,0.10017
1.54677,1029.79,0.0662636
1.547,1029.89,0.10017
1.54702,1029.96,0.0662636
1.54725,1030.06,0.10017
1.54727,1030.12,0.0662636
1.5475,1030.22,0.10017
1.54752,1030.29,0.0662636
1.54775,1030.39,0.10017
1.54777,1030.46,0.0662636
1.548,1030.56,0.10017
1.54802,1030.62,0.0662636
1.54825,1030.72,0.10017
1.54827,1030.79,0.0662636
1.5485,1030.89,0.10017
1.54852,1030.96,0.0662636
1.54875,1031.06,0.10017
1.54877,1031.12,0.0662636
1.549,1031.22,0.10017
1.54902,1031.29,0.0662636
1.54925,1031.39,0.10017
1.54927,1031.46,0.0662636
1.5495,1031.56,0.10017
1.54952,1031.62,0.0662636
1.54975,1031.72,0.10017
1.54977,1031.79,0.0662636
1.55,1031.89,0.10017
1.55002,1031.96,0.0662636
1.55025,1032.06,0.10017
1.55027,1032.12,0.0662636
1.5505,1032.22,0.10017
1.55052,1032.29,0.0662636
1.55075,1032.39,0.10017
1.55077,1032.45,0.0662636
1.551,1032.55,0.10017
1.55102,1032.62,0.0662636
1.55125,1032.72,0.10017
1.55127,1032.79,0.0662636
1.5515,1032.89,0.10017
1.55152,1032.95,0.0662636
1.55175,1033.05,0.10017
1.55177,1033.12,0.0662636
1.552,1033.22,0.10017
1.55202,1033.29,0.0662636
1.55225,1033.39,0.10017
1.55227,1033.45,0.0662636
1.5525,1033.55,0.10017
1.55252,1033.62,0.0662636
1.55275,1033.72,0.10017
1.55277,1033.79,0.0662636
1.553,1033.89,0.10017
1.55302,1033.95,0.0662636
1.55325,1034.05,0.10017
1.55327,1034.12,0.0662636
1.5535,1034.22,0.10017
1.55352,1034.29,0.0662636
1.55375,1034.39,0.10017
1.55377,1034.45,0.0662636
1.554,1034.55,0.10017
1.55402,1034.62,0.0662636
1.55425,1034.72,0.10017
1.55427,1034.78,0.0662636
1.5545,1034.89,0.10017
1.55452,1034.95,0.0662636
1.55475,1035.05,0.10017
1.55477,1035.12,0.0662636
1.555,1035.22,0.10017
1.55502,1035.28,0.0662636
1.55525,1035.38,0.10017
1.55527,1035.45,0.0662636
1.5555,1035.55,0.10017
1.55552,1035.62,0.0662636
1.55575,1035.72,0.10017
1.55577,1035.78,0.0662636
1.556,1035.88,0.10017
1.55602,1035.95,0.0662636
1.55625,1036.05,0.10017
1.55627,1036.12,0.0662636
1.5565,1036.22,0.10017
1.55652,1036.28,0.0662636
1.55675,1036.38,0.10017
1.55677,1036.45,0.0662636
1.557,1036.55,0.10017
1.55702,1036.62,0.0662636
1.55725,1036.72,0.10017
1.55727,1036.78,0.0662636
1.5575,1036.88,0.10017
1.55752,1036.95,0.0662636
1.55775,1037.05,0.10017
1.55777,1037.11,0.0662636
1.558,1037.22,0.10017
1.55802,1037.28,0.0662636
1.55825,1037.38,0.10017
1.55827,1037.45,0.0662636
1.5585,1037.55,0.10017
1.55852,1037.61,0.0662636
1.55875,1037.71,0.10017
1.55877,1037.78,0.0662636
1.559,1037.88,0.10017
1.55902,1037.95,0.0662636
1.55925,1038.05,0.10017
1.55927,1038.11,0.0662636
1.5595,1038.21,0.10017
1.55952,1038.28,0.0662636
1.55975,1038.38,0.10017
1.55977,1038.45,0.0662636
1.56,1038.55,0.10017
1.56002,1038.61,0.0662636
1.56025,1038.71,0.10017
1.56027,1038.78,0.0662636
1.5605,1038.88,0.10017
1.56052,1038.95,0.0662636
1.56075,1039.05,0.10017
1.56077,1039.11,0.0662636
1.561,1039.21,0.10017
1.56102,1039.28,0.0662636
1.56125,1039.38,0.10017
1.56127,1039.45,0.0662636
1.5615,1039.55,0.10017
1.56152,1039.61,0.0662636
1.56175,1039.71,0.10017
1.56177,1039.78,0.0662636
1.562,1039.88,0.10017
1.56202,1039.94,0.0662636
1.56225,1040.04,0.10017
1.56227,1040.11,0.0662636
1.5625,1040.21,0.10017
1.56252,1040.28,0.0662636
1.56275,1040.38,0.10017
1.56277,1040.44,0.0662636
1.563,1040.54,0.10017
1.56302,1040.61,0.0662636
1.56325,1040.71,0.10017
1.56327,1040.78,0.0662636
1.5635,1040.88,0.10017
1.56352,1040.94,0.0662636
1.56375,1041.04,0.10017
1.56377,1041.11,0.0662636
1.564,1041.21,0.10017
1.56402,1041.28,0.0662636
1.56425,1041.38,0.10017
1.56427,1041.44,0.0662636
1.5645,1041.54,0.10017
1.56452,1041.61,0.0662636
1.56475,1041.71,0.10017
1.56477,1041.78,0.0662636
1.565,1041.88,0.10017
1.56502,1041.94,0.0662636
1.56525,1042.04,0.10017
1.56527,1042.11,0.0662636
1.5655,1042.21,0.10017
1.56552,1042.27,0.0662636
1.56575,1042.37,0.10017
1.56577,1042.44,0.0662636
1.566,1042.54,0.10017
1.56602,1042.61,0.0662636
1.56625,1042.71,0.10017
1.56627,1042.77,0.0662636
1.5665,1042.87,0.10017
1.56652,1042.94,0.0662636
1.56675,1043.04,0.10017
1.56677,1043.11,0.0662636
1.567,1043.21,0.10017
1.56702,1043.27,0.0662636
1.56725,1043.37,0.10017
1.56727,1043.44,0.0662636
1.5675,1043.54,0.10017
1.56752,1043.61,0.0662636
1.56775,1043.71,0.10017
1.56777,1043.77,0.0662636
1.568,1043.87,0.10017
1.56802,1043.94,0.0662636
1.56825,1044.04,0.10017
1.56827,1044.11,0.0662636
1.5685,1044.21,0.10017
1.56852,1044.27,0.0662636
1.56875,1044.37,0.10017
1.56877,1044.44,0.0662636
1.569,1044.54,0.10017
1.56902,1044.6,0.0662636
1.56925,1044.7,0.10017
1.56927,1044.77,0.0662636
1.5695,1044.87,0.10017
1.56952,1044.94,0.0662636
1.56975,1045.04,0.10017
1.56977,1045.1,0.0662636
1.57,1045.2,0.10017
1.57002,1045.27,0.0662636
1.57025,1045.37,0.10017
1.57027,1045.44,0.0662636
1.5705,1045.54,0.10017
1.57052,1045.6,0.0662636
1.57075,1045.7,0.10017
1.57077,1045.77,0.0662636
1.571,1045.87,0.10017
1.57102,1045.94,0.0662636
1.57125,1046.04,0.10017
1.57127,1046.1,0.0662636
1.5715,1046.2,0.10017
1.57152,1046.27,0.0662636
1.57175,1046.37,0.10017
1.57177,1046.44,0.0662636
1.572,1046.54,0.10017
1.57202,1046.6,0.0662636
1.57225,1046.7,0.10017
1.57227,1046.77,0.0662636
1.5725,1046.87,0.10017
1.57252,1046.93,0.0662636
1.57275,1047.03,0.10017
1.57277,1047.1,0.0662636
1.573,1047.2,0.10017
1.57302,1047.27,0.0662636
1.57325,1047.37,0.10017
1.57327,1047.43,0.0662636
1.5735,1047.53,0.10017
1.57352,1047.6,0.0662636
1.57375,1047.7,0.10017
1.57377,1047.77,0.0662636
1.574,1047.87,0.10017
1.57402,1047.93,0.0662636
1.57425,1048.03,0.10017
1.57427,1048.1,0.0662636
1.5745,1048.2,0.10017
1.57452,1048.27,0.0662636
1.57475,1048.37,0.10017
1.57477,1048.43,0.0662636
1.575,1048.53,0.10017
1.57502,1048.6,0.0662636
1.57525,1048.7,0.10017
1.57527,1048.77,0.0662636
1.5755,1048.87,0.10017
1.57552,1048.93,0.0662636
1.57575,1049.03,0.10017
1.57577,1049.1,0.0662636
1.576,1049.2,0.10017
1.57602,1049.26,0.0662636
1.57625,1049.36,0.10017
1.57627,1049.43,0.0662636
1.5765,1049.53,0.10017
1.57652,1049.6,0.0662636
1.57675,1049.7,0.10017
1.57677,1049.76,0.0662636
1.577,1049.86,0.10017
1.57702,1049.93,0.0662636
1.57725,1050.03,0.10017
1.57727,1050.1,0.0662636
1.5775,1050.2,0.10017
1.57752,1050.26,0.0662636
1.57775,1050.36,0.10017
1.57777,1050.43,0.0662636
1.578,1050.53,0.10017
1.57802,1050.6,0.0662636
1.57825,1050.7,0.10017
1.57827,1050.76,0.0662636
1.5785,1050.86,0.10017
1.57852,1050.93,0.0662636
1.57875,1051.03,0.10017
1.57877,1051.1,0.0662636
1.579,1051.2,0.10017
1.57902,1051.26,0.0662636
1.57925,1051.36,0.10017
1.57927,1051.43,0.0662636
1.5795,1051.53,0.10017
1.57952,1051.59,0.0662636
1.57975,1051.69,0.10017
1.57977,1051.76,0.0662636
1.58,1051.86,0.10017
1.58002,1051.93,0.0662636
1.58025,1052.03,0.10017
1.58027,1052.09,0.0662636
1.5805,1052.19,0.10017
1.58052,1052.26,0.0662636
1.58075,1052.36,0.10017
1.58077,1052.43,0.0662636
1.581,1052.53,0.10017
1.58102,1052.59,0.0662636
1.58125,1052.69,0.10017
1.58127,1052.76,0.0662636
1.5815,1052.86,0.10017
1.58152,1052.93,0.0662636
1.58175,1053.03,0.10017
1.58177,1053.09,0.0662636
1.582,1053.19,0.10017
1.58202,1053.26,0.0662636
1.58225,1053.36,0.10017
1.58227,1053.43,0.0662636
1.5825,1053.53,0.10017
1.58252,1053.59,0.0662636
1.58275,1053.69,0.10017
1.58277,1053.76,0.0662636
1.583,1053.86,0.10017
1.58302,1053.92,0.0662636
1.58325,1054.02,0.10017
1.58327,1054.09,0.0662636
1.5835,1054.19,0.10017
1.58352,1054.26,0.0662636
1.58375,1054.36,0.10017
1.58377,1054.42,0.0662636
1.584,1054.52,0.10017
1.58402,1054.59,0.0662636
1.58425,1054.69,0.10017
1.58427,1054.76,0.0662636
1.5845,1054.86,0.10017
1.58452,1054.92,0.0662636
1.58475,1055.02,0.10017
1.58477,1055.09,0.0662636
1.585,1055.19,0.10017
1.58502,1055.26,0.0662636
1.58525,1055.36,0.10017
1.58527,1055.42,0.0662636
1.5855,1055.52,0.10017
1.58552,1055.59,0.0662636
1.58575,1055.69,0.10017
1.58577,1055.76,0.0662636
1.586,1055.86,0.10017
1.58602,1055.92,0.0662636
1.58625,1056.02,0.10017
1.58627,1056.09,0.0662636
1.5865,1056.19,0.10017
1.58652,1056.25,0.0662636
1.58675,1056.36,0.10017
1.58677,1056.42,0.0662636
1.587,1056.52,0.10017
1.58702,1056.59,0.0662636
1.58725,1056.69,0.10017
1.58727,1056.75,0.0662636
1.5875,1056.85,0.10017
1.58752,1056.92,0.0662636
1.58775,1057.02,0.10017
1.58777,1057.09,0.0662636
1.588,1057.19,0.10017
1.58802,1057.25,0.0662636
1.58825,1057.35,0.10017
1.58827,1057.42,0.0662636
1.5885,1057.52,0.10017
1.58852,1057.59,0.0662636
1.58875,1057.69,0.10017
1.58877,1057.75,0.0662636
1.589,1057.85,0.10017
1.58902,1057.92,0.0662636
1.58925,1058.02,0.10017
1.58927,1058.09,0.0662636
1.5895,1058.19,0.10017
1.58952,1058.25,0.0662636
1.58975,1058.35,0.10017
1.58977,1058.42,0.0662636
1.59,1058.52,0.10017
1.59002,1058.58,0.0662636
1.59025,1058.69,0.10017
1.59027,1058.75,0.0662636
1.5905,1058.85,0.10017
1.59052,1058.92,0.0662636
1.59075,1059.02,0.10017
1.59077,1059.08,0.0662636
1.591,1059.18,0.10017
1.59102,1059.25,0.0662636
1.59125,1059.35,0.10017
1.59127,1059.42,0.0662636
1.5915,1059.52,0.10017
1.59152,1059.58,0.0662636
1.59175,1059.68,0.10017
1.59177,1059.75,0.0662636
1.592,1059.85,0.10017
1.59202,1059.92,0.0662636
1.59225,1060.02,0.10017
1.59227,1060.08,0.0662636
1.5925,1060.18,0.10017
1.59252,1060.25,0.0662636
1.59275,1060.35,0.10017
1.59277,1060.42,0.0662636
1.593,1060.52,0.10017
1.59302,1060.58,0.0662636
1.59325,1060.68,0.10017
1.59327,1060.75,0.0662636
1.5935,1060.85,0.10017
1.59352,1060.91,0.0662636
1.59375,1061.02,0.10017
1.59377,1061.08,0.0662636
1.594,1061.18,0.10017
1.59402,1061.25,0.0662636
1.59425,1061.35,0.10017
1.59427,1061.41,0.0662636
1.5945,1061.51,0.10017
1.59452,1061.58,0.0662636
1.59475,1061.68,0.10017
1.59477,1061.75,0.0662636
1.595,1061.85,0.10017
1.59502,1061.91,0.0662636
1.59525,1062.01,0.10017
1.59527,1062.08,0.0662636
1.5955,1062.18,0.10017
1.59552,1062.25,0.0662636
1.59575,1062.35,0.10017
1.59577,1062.41,0.0662636
1.596,1062.51,0.10017
1.59602,1062.58,0.0662636
1.59625,1062.68,0.10017
1.59627,1062.75,0.0662636
1.5965,1062.85,0.10017
1.59652,1062.91,0.0662636
1.59675,1063.01,0.10017
1.59677,1063.08,0.0662636
1.597,1063.18,0.10017
1.59702,1063.25,0.0662636
1.59725,1063.35,0.10017
1.59727,1063.41,0.0662636
1.5975,1063.51,0.10017
1.59752,1063.58,0.0662636
1.59775,1063.68,0.10017
1.59777,1063.74,0.0662636
1.598,1063.84,0.10017
1.59802,1063.91,0.0662636
1.59825,1064.01,0.10017
1.59827,1064.08,0.0662636
1.5985,1064.18,0.10017
1.59852,1064.24,0.0662636
1.59875,1064.34,0.10017
1.59877,1064.41,0.0662636
1.599,1064.51,0.10017
1.59902,1064.58,0.0662636
1.59925,1064.68,0.10017
1.59927,1064.74,0.0662636
1.5995,1064.84,0.10017
1.59952,1064.91,0.0662636
1.59975,1065.01,0.10017
1.59977,1065.08,0.0662636
1.6,1065.18,0.10017
1.60002,1065.24,0.0662636
1.60025,1065.34,0.10017
1.60027,1065.41,0.0662636
1.6005,1065.51,0.10017
1.60052,1065.58,0.0662636
1.60075,1065.68,0.10017
1.60077,1065.74,0.0662636
1.601,1065.84,0.10017
1.60102,1065.91,0.0662636
1.60125,1066.01,0.10017
1.60127,1066.07,0.0662636
1.6015,1066.17,0.10017
1.60152,1066.24,0.0662636
1.60175,1066.34,0.10017
1.60177,1066.41,0.0662636
1.602,1066.51,0.10017
1.60202,1066.57,0.0662636
1.60225,1066.67,0.10017
1.60227,1066.74,0.0662636
1.6025,1066.84,0.10017
1.60252,1066.91,0.0662636
1.60275,1067.01,0.10017
1.60277,1067.07,0.0662636
1.603,1067.17,0.10017
1.60302,1067.24,0.0662636
1.60325,1067.34,0.10017
1.60327,1067.41,0.0662636
1.6035,1067.51,0.10017
1.60352,1067.57,0.0662636
1.60375,1067.67,0.10017
1.60377,1067.74,0.0662636
1.604,1067.84,0.10017
1.60402,1067.91,0.0662636
1.60425,1068.01,0.10017
1.60427,1068.07,0.0662636
1.6045,1068.17,0.10017
1.60452,1068.24,0.0662636
1.60475,1068.34,0.10017
1.60477,1068.4,0.0662636
1.605,1068.5,0.10017
1.60502,1068.57,0.0662636
1.60525,1068.67,0.10017
1.60527,1068.74,0.0662636
1.6055,1068.84,0.10017
1.60552,1068.9,0.0662636
1.60575,1069,0.10017
1.60577,1069.07,0.0662636
1.606,1069.17,0.10017
1.60602,1069.24,0.0662636
1.60625,1069.34,0.10017
1.60627,1069.4,0.0662636
1.6065,1069.5,0.10017
1.60652,1069.57,0.0662636
1.60675,1069.67,0.10017
1.60677,1069.74,0.0662636
1.607,1069.84,0.10017
1.60702,1069.9,0.0662636
1.60725,1070,0.10017
1.60727,1070.07,0.0662636
1.6075,1070.17,0.10017
1.60752,1070.24,0.0662636
1.60775,1070.34,0.10017
1.60777,1070.4,0.0662636
1.608,1070.5,0.10017
1.60802,1070.57,0.0662636
1.60825,1070.67,0.10017
1.60827,1070.73,0.0662636
1.6085,1070.83,0.10017
1.60852,1070.9,0.0662636
1.60875,1071,0.10017
1.60877,1071.07,0.0662636
1.609,1071.17,0.10017
1.60902,1071.23,0.0662636
1.60925,1071.33,0.10017
1.60927,1071.4,0.0662636
1.6095,1071.5,0.10017
1.60952,1071.57,0.0662636
1.60975,1071.67,0.10017
1.60977,1071.73,0.0662636
1.61,1071.83,0.10017
1.61002,1071.9,0.0662636
1.61025,1072,0.10017
1.61027,1072.07,0.0662636
1.6105,1072.17,0.10017
1.61052,1072.23,0.0662636
1.61075,1072.33,0.10017
1.61077,1072.4,0.0662636
1.611,1072.5,0.10017
1.61102,1072.57,0.0662636
1.61125,1072.67,0.10017
1.61127,1072.73,0.0662636
1.6115,1072.83,0.10017
1.61152,1072.9,0.0662636
1.61175,1073,0.10017
1.61177,1073.06,0.0662636
1.612,1073.16,0.10017
1.61202,1073.23,0.0662636
1.61225,1073.33,0.10017
1.61227,1073.4,0.0662636
1.6125,1073.5,0.10017
1.61252,1073.56,0.0662636
1.61275,1073.66,0.10017
1.61277,1073.73,0.0662636
1.613,1073.83,0.10017
1.61302,1073.9,0.0662636
1.61325,1074,0.10017
1.61327,1074.06,0.0662636
1.6135,1074.16,0.10017
1.61352,1074.23,0.0662636
1.61375,1074.33,0.10017
1.61377,1074.4,0.0662636
1.614,1074.5,0.10017
1.61402,1074.56,0.0662636
1.61425,1074.66,0.10017
1.61427,1074.73,0.0662636
1.6145,1074.83,0.10017
1.61452,1074.9,0.0662636
1.61475,1075,0.10017
1.61477,1075.06,0.0662636
1.615,1075.16,0.10017
1.61502,1075.23,0.0662636
1.61525,1075.33,0.10017
1.61527,1075.39,0.0662636
1.6155,1075.49,0.10017
1.61552,1075.56,0.0662636
1.61575,1075.66,0.10017
1.61577,1075.73,0.0662636
1.616,1075.83,0.10017
1.61602,1075.89,0.0662636
1.61625,1075.99,0.10017
1.61627,1076.06,0.0662636
1.6165,1076.16,0.10017
1.61652,1076.23,0.0662636
1.61675,1076.33,0.10017
1.61677,1076.39,0.0662636
1.617,1076.49,0.10017
1.61702,1076.56,0.0662636
1.61725,1076.66,0.10017
1.61727,1076.73,0.0662636
1.6175,1076.83,0.10017
1.61752,1076.89,0.0662636
1.61775,1076.99,0.10017
1.61777,1077.06,0.0662636
1.618,1077.16,0.10017
1.61802,1077.23,0.0662636
1.61825,1077.33,0.10017
1.61827,1077.39,0.0662636
1.6185,1077.49,0.10017
1.61852,1077.56,0.0662636
1.61875,1077.66,0.10017
1.61877,1077.72,0.0662636
1.619,1077.82,0.10017
1.61902,1077.89,0.0662636
1.61925,1077.99,0.10017
1.61927,1078.06,0.0662636
1.6195,1078.16,0.10017
1.61952,1078.22,0.0662636
1.61975,1078.32,0.10017
1.61977,1078.39,0.0662636
1.62,1078.49,0.10017
1.62002,1078.56,0.0662636
1.62025,1078.66,0.10017
1.62027,1078.72,0.0662636
1.6205,1078.82,0.10017
1.62052,1078.89,0.0662636
1.62075,1078.99,0.10017
1.62077,1079.06,0.0662636
1.621,1079.16,0.10017
1.62102,1079.22,0.0662636
1.62125,1079.32,0.10017
1.62127,1079.39,0.0662636
1.6215,1079.49,0.10017
1.62152,1079.56,0.0662636
1.62175,1079.66,0.10017
1.62177,1079.72,0.0662636
1.622,1079.82,0.10017
1.62202,1079.89,0.0662636
1.62225,1079.99,0.10017
1.62227,1080.05,0.0662636
1.6225,1080.16,0.10017
1.62252,1080.22,0.0662636
1.62275,1080.32,0.10017
1.62277,1080.39,0.0662636
1.623,1080.49,0.10017
1.62302,1080.55,0.0662636
1.62325,1080.65,0.10017
1.62327,1080.72,0.0662636
1.6235,1080.82,0.10017
1.62352,1080.89,0.0662636
1.62375,1080.99,0.10017
1.62377,1081.05,0.0662636
1.624,1081.15,0.10017
1.62402,1081.22,0.0662636
1.62425,1081.32,0.10017
1.62427,1081.39,0.0662636
1.6245,1081.49,0.10017
1.62452,1081.55,0.0662636
1.62475,1081.65,0.10017
1.62477,1081.72,0.0662636
1.625,1081.82,0.10017
1.62502,1081.89,0.0662636
1.62525,1081.99,0.10017
1.62527,1082.05,0.0662636
1.6255,1082.15,0.10017
1.62552,1082.22,0.0662636
1.62575,1082.32,0.10017
1.62577,1082.38,0.0662636
1.626,1082.49,0.10017
1.62602,1082.55,0.0662636
1.62625,1082.65,0.10017
1.62627,1082.72,0.0662636
1.6265,1082.82,0.10017
1.62652,1082.88,0.0662636
1.62675,1082.98,0.10017
1.62677,1083.05,0.0662636
1.627,1083.15,0.10017
1.62702,1083.22,0.0662636
1.62725,1083.32,0.10017
1.62727,1083.38,0.0662636
1.6275,1083.48,0.10017
1.62752,1083.55,0.0662636
1.62775,1083.65,0.10017
1.62777,1083.72,0.0662636
1.628,1083.82,0.10017
1.62802,1083.88,0.0662636
1.62825,1083.98,0.10017
1.62827,1084.05,0.0662636
1.6285,1084.15,0.10017
1.62852,1084.22,0.0662636
1.62875,1084.32,0.10017
1.62877,1084.38,0.0662636
1.629,1084.48,0.10017
1.62902,1084.55,0.0662636
1.62925,1084.65,0.10017
1.62927,1084.72,0.0662636
1.6295,1084.82,0.10017
1.62952,1084.88,0.0662636
1.62975,1084.98,0.10017
1.62977,1085.05,0.0662636
1.63,1085.15,0.10017
1.63002,1085.21,0.0662636
1.63025,1085.31,0.10017
1.63027,1085.38,0.0662636
1.6305,1085.48,0.10017
1.63052,1085.55,0.0662636
1.63075,1085.65,0.10017
1.63077,1085.71,0.0662636
1.631,1085.81,0.10017
1.63102,1085.88,0.0662636
1.63125,1085.98,0.10017
1.63127,1086.05,0.0662636
1.6315,1086.15,0.10017
1.63152,1086.21,0.0662636
1.63175,1086.31,0.10017
1.63177,1086.38,0.0662636
1.632,1086.48,0.10017
1.63202,1086.55,0.0662636
1.63225,1086.65,0.10017
1.63227,1086.71,0.0662636
1.6325,1086.81,0.10017
1.63252,1086.88,0.0662636
1.63275,1086.98,0.10017
1.63277,1087.05,0.0662636
1.633,1087.15,0.10017
1.63302,1087.21,0.0662636
1.63325,1087.31,0.10017
1.63327,1087.38,0.0662636
1.6335,1087.48,0.10017
1.63352,1087.54,0.0662636
1.63375,1087.64,0.10017
1.63377,1087.71,0.0662636
1.634,1087.81,0.10017
1.63402,1087.88,0.0662636
1.63425,1087.98,0.10017
1.63427,1088.04,0.0662636
1.6345,1088.14,0.10017
1.63452,1088.21,0.0662636
1.63475,1088.31,0.10017
1.63477,1088.38,0.0662636
1.635,1088.48,0.10017
1.63502,1088.54,0.0662636
1.63525,1088.64,0.10017
1.63527,1088.71,0.0662636
1.6355,1088.81,0.10017
1.63552,1088.88,0.0662636
1.63575,1088.98,0.10017
1.63577,1089.04,0.0662636
1.636,1089.14,0.10017
1.63602,1089.21,0.0662636
1.63625,1089.31,0.10017
1.63627,1089.38,0.0662636
1.6365,1089.48,0.10017
1.63652,1089.54,0.0662636
1.63675,1089.64,0.10017
1.63677,1089.71,0.0662636
1.637,1089.81,0.10017
1.63702,1089.87,0.0662636
1.63725,1089.97,0.10017
1.63727,1090.04,0.0662636
1.6375,1090.14,0.10017
1.63752,1090.21,0.0662636
1.63775,1090.31,0.10017
1.63777,1090.37,0.0662636
1.638,1090.47,0.10017
1.63802,1090.54,0.0662636
1.63825,1090.64,0.10017
1.63827,1090.71,0.0662636
1.6385,1090.81,0.10017
1.63852,1090.87,0.0662636
1.63875,1090.97,0.10017
1.63877,1091.04,0.0662636
1.639,1091.14,0.10017
1.63902,1091.21,0.0662636
1.63925,1091.31,0.10017
1.63927,1091.37,0.0662636
1.6395,1091.47,0.10017
1.63952,1091.54,0.0662636
1.63975,1091.64,0.10017
1.63977,1091.71,0.0662636
1.64,1091.81,0.10017
1.64002,1091.87,0.0662636
1.64025,1091.97,0.10017
1.64027,1092.04,0.0662636
1.6405,1092.14,0.10017
1.64052,1092.2,0.0662636
1.64075,1092.3,0.10017
1.64077,1092.37,0.0662636
1.641,1092.47,0.10017
1.64102,1092.54,0.0662636
1.64125,1092.64,0.10017
1.64127,1092.7,0.0662636
1.6415,1092.8,0.10017
1.64152,1092.87,0.0662636
1.64175,1092.97,0.10017
1.64177,1093.04,0.0662636
1.642,1093.14,0.10017
1.64202,1093.2,0.0662636
1.64225,1093.3,0.10017
1.64227,1093.37,0.0662636
1.6425,1093.47,0.10017
1.64252,1093.54,0.0662636
1.64275,1093.64,0.10017
1.64277,1093.7,0.0662636
1.643,1093.8,0.10017
1.64302,1093.87,0.0662636
1.64325,1093.97,0.10017
1.64327,1094.04,0.0662636
1.6435,1094.14,0.10017
1.64352,1094.2,0.0662636
1.64375,1094.3,0.10017
1.64377,1094.37,0.0662636
1.644,1094.47,0.10017
1.64402,1094.53,0.0662636
1.64425,1094.63,0.10017
1.64427,1094.7,0.0662636
1.6445,1094.8,0.10017
1.64452,1094.87,0.0662636
1.64475,1094.97,0.10017
1.64477,1095.03,0.0662636
1.645,1095.13,0.10017
1.64502,1095.2,0.0662636
1.64525,1095.3,0.10017
1.64527,1095.37,0.0662636
1.6455,1095.47,0.10017
1.64552,1095.53,0.0662636
1.64575,1095.63,0.10017
1.64577,1095.7,0.0662636
1.646,1095.8,0.10017
1.64602,1095.87,0.0662636
1.64625,1095.97,0.10017
1.64627,1096.03,0.0662636
1.6465,1096.13,0.10017
1.64652,1096.2,0.0662636
1.64675,1096.3,0.10017
1.64677,1096.37,0.0662636
1.647,1096.47,0.10017
1.64702,1096.53,0.0662636
1.64725,1096.63,0.10017
1.64727,1096.7,0.0662636
1.6475,1096.8,0.10017
1.64752,1096.86,0.0662636
1.64775,1096.96,0.10017
1.64777,1097.03,0.0662636
1.648,1097.13,0.10017
1.64802,1097.2,0.0662636
1.64825,1097.3,0.10017
1.64827,1097.36,0.0662636
1.6485,1097.46,0.10017
1.64852,1097.53,0.0662636
1.64875,1097.63,0.10017
1.64877,1097.7,0.0662636
1.649,1097.8,0.10017
1.64902,1097.86,0.0662636
1.64925,1097.96,0.10017
1.64927,1098.03,0.0662636
1.6495,1098.13,0.10017
1.64952,1098.2,0.0662636
1.64975,1098.3,0.10017
1.64977,1098.36,0.0662636
1.65,1098.46,0.10017
1.65002,1098.53,0.0662636
1.65025,1098.63,0.10017
1.65027,1098.7,0.0662636
1.6505,1098.8,0.10017
1.65052,1098.86,0.0662636
1.65075,1098.96,0.10017
1.65077,1099.03,0.0662636
1.651,1099.13,0.10017
1.65102,1099.19,0.0662636
1.65125,1099.29,0.10017
1.65127,1099.36,0.0662636
