Time,NetEnergy,DiffEnergy
1.7856e-05,0.0662636,0.0662636
0.00025,0.166434,0.10017
0.000267856,0.232697,0.0662636
0.0005,0.332868,0.10017
0.000517856,0.399131,0.0662636
0.00075,0.499301,0.10017
0.000767856,0.565565,0.0662636
0.001,0.665735,0.10017
0.00101786,0.731999,0.0662636
0.00125,0.832169,0.10017
0.00126786,0.898432,0.0662636
0.0015,0.998603,0.10017
0.00151786,1.06487,0.0662636
0.00175,1.16504,0.10017
0.00176786,1.2313,0.0662636
0.002,1.33147,0.10017
0.00201786,1.39773,0.0662636
0.00225,1.4979,0.10017
0.00226786,1.56417,0.0662636
0.0025,1.66434,0.10017
0.00251786,1.7306,0.0662636
0.00275,1.83077,0.10017
0.00276786,1.89703,0.0662636
0.003,1.99721,0.10017
0.00301786,2.06347,0.0662636
0.00325,2.16364,0.10017
0.00326786,2.2299,0.0662636
0.0035,2.33007,0.10017
0.00351786,2.39634,0.0662636
0.00375,2.49651,0.10017
0.00376786,2.56277,0.0662636
0.004,2.66294,0.10017
0.00401786,2.7292,0.0662636
0.00425,2.82937,0.10017
0.00426786,2.89564,0.0662636
0.0045,2.99581,0.10017
0.00451786,3.06207,0.0662636
0.00475,3.16224,0.10017
0.00476786,3.2285,0.0662636
0.005,3.32868,0.10017
0.00501786,3.39494,0.0662636
0.00525,3.49511,0.10017
0.00526786,3.56137,0.0662636
0.0055,3.66154,0.10017
0.00551786,3.72781,0.0662636
0.00575,3.82798,0.10017
0.00576786,3.89424,0.0662636
0.006,3.99441,0.10017
0.00601786,4.06067,0.0662636
0.00625,4.16084,0.10017
0.00626786,4.22711,0.0662636
0.0065,4.32728,0.10017
0.00651786,4.39354,0.0662636
0.00675,4.49371,0.10017
0.00676786,4.55997,0.0662636
0.007,4.66015,0.10017
0.00701786,4.72641,0.0662636
0.00725,4.82658,0.10017
0.00726786,4.89284,0.0662636
0.0075,4.99301,0.10017
0.00751786,5.05928,0.0662636
0.00775,5.15945,0.10017
0.00776786,5.22571,0.0662636
0.008,5.32588,0.10017
0.00801786,5.39214,0.0662636
0.00825,5.49231,0.10017
0.00826786,5.55858,0.0662636
0.0085,5.65875,0.10017
0.00851786,5.72501,0.0662636
0.00875,5.82518,0.10017
0.00876786,5.89144,0.0662636
0.009,5.99162,0.10017
0.00901786,6.05788,0.0662636
0.00925,6.15805,0.10017
0.00926786,6.22431,0.0662636
0.0095,6.32448,0.10017
0.00951786,6.39075,0.0662636
0.00975,6.49092,0.10017
0.00976786,6.55718,0.0662636
0.01,6.65735,0.10017
0.0100179,6.72361,0.0662636
0.01025,6.82378,0.10017
0.0102679,6.89005,0.0662636
0.0105,6.99022,0.10017
0.0105179,7.05648,0.0662636
0.01075,7.15665,0.10017
0.0107679,7.22291,0.0662636
0.011,7.32309,0.10017
0.0110179,7.38935,0.0662636
0.01125,7.48952,0.10017
0.0112679,7.55578,0.0662636
0.0115,7.65595,0.10017
0.0115179,7.72222,0.0662636
0.01175,7.82239,0.10017
0.0117679,7.88865,0.0662636
0.012,7.98882,0.10017
0.0120179,8.05508,0.0662636
0.01225,8.15525,0.10017
0.0122679,8.22152,0.0662636
0.0125,8.32169,0.10017
0.0125179,8.38795,0.0662636
0.01275,8.48812,0.10017
0.0127679,8.55438,0.0662636
0.013,8.65456,0.10017
0.0130179,8.72082,0.0662636
0.01325,8.82099,0.10017
0.0132679,8.88725,0.0662636
0.0135,8.98742,0.10017
0.0135179,9.05369,0.0662636
0.01375,9.15386,0.10017
0.0137679,9.22012,0.0662636
0.014,9.32029,0.10017
0.0140179,9.38655,0.0662636
0.01425,9.48672,0.10017
0.0142679,9.55299,0.0662636
0.0145,9.65316,0.10017
0.0145179,9.71942,0.0662636
0.01475,9.81959,0.10017
0.0147679,9.88585,0.0662636
0.015,9.98603,0.10017
0.0150179,10.0523,0.0662636
0.01525,10.1525,0.10017
0.0152679,10.2187,0.0662636
0.0155,10.3189,0.10017
0.0155179,10.3852,0.0662636
0.01575,10.4853,0.10017
0.0157679,10.5516,0.0662636
0.016,10.6518,0.10017
0.0160179,10.718,0.0662636
0.01625,10.8182,0.10017
0.0162679,10.8845,0.0662636
0.0165,10.9846,0.10017
0.0165179,11.0509,0.0662636
0.01675,11.1511,0.10017
0.0167679,11.2173,0.0662636
0.017,11.3175,0.10017
0.0170179,11.3838,0.0662636
0.01725,11.4839,0.10017
0.0172679,11.5502,0.0662636
0.0175,11.6504,0.10017
0.0175179,11.7166,0.0662636
0.01775,11.8168,0.10017
0.0177679,11.8831,0.0662636
0.018,11.9832,0.10017
0.0180179,12.0495,0.0662636
0.01825,12.1497,0.10017
0.0182679,12.2159,0.0662636
0.0185,12.3161,0.10017
0.0185179,12.3824,0.0662636
0.01875,12.4825,0.10017
0.0187679,12.5488,0.0662636
0.019,12.649,0.10017
0.0190179,12.7152,0.0662636
0.01925,12.8154,0.10017
0.0192679,12.8817,0.0662636
0.0195,12.9818,0.10017
0.0195179,13.0481,0.0662636
0.01975,13.1483,0.10017
0.0197679,13.2145,0.0662636
0.02,13.3147,0.10017
0.0200179,13.381,0.0662636
0.02025,13.4811,0.10017
0.0202679,13.5474,0.0662636
0.0205,13.6476,0.10017
0.0205179,13.7138,0.0662636
0.02075,13.814,0.10017
0.0207679,13.8803,0.0662636
0.021,13.9804,0.10017
0.0210179,14.0467,0.0662636
0.02125,14.1469,0.10017
0.0212679,14.2131,0.0662636
0.0215,14.3133,0.10017
0.0215179,14.3796,0.0662636
0.02175,14.4797,0.10017
0.0217679,14.546,0.0662636
0.022,14.6462,0.10017
0.0220179,14.7124,0.0662636
0.0222321,14.8049,0.092464
0.02225,14.8173,0.012401
0.02225,14.8173,1.2945e-06
0.0222679,14.8836,0.0662636
0.0224821,14.976,0.092464
0.0225,14.9884,0.012401
0.0225,14.9884,1.2945e-06
0.0225179,15.0547,0.0662636
0.0227321,15.1472,0.092464
0.02275,15.1596,0.012401
0.02275,15.1596,1.2945e-06
0.0227679,15.2258,0.0662636
0.0229821,15.3183,0.092464
0.023,15.3307,0.012401
0.023,15.3307,1.2945e-06
0.0230179,15.397,0.0662636
0.0232321,15.4894,0.092464
0.02325,15.5018,0.012401
0.02325,15.5018,1.2945e-06
0.0232679,15.5681,0.0662636
0.0234821,15.6605,0.092464
0.0235,15.6729,0.012401
0.0235,15.6729,1.2945e-06
0.0235179,15.7392,0.0662636
0.0237321,15.8317,0.092464
0.02375,15.8441,0.012401
0.02375,15.8441,1.2945e-06
0.0237679,15.9103,0.0662636
0.0239821,16.0028,0.092464
0.024,16.0152,0.012401
0.024,16.0152,1.2945e-06
0.0240179,16.0815,0.0662636
0.0242321,16.1739,0.092464
0.02425,16.1863,0.012401
0.02425,16.1863,1.2945e-06
0.0242679,16.2526,0.0662636
0.0244821,16.3451,0.092464
0.0245,16.3575,0.012401
0.0245,16.3575,1.2945e-06
0.0245179,16.4237,0.0662636
0.0247321,16.5162,0.092464
0.02475,16.5286,0.012401
0.02475,16.5286,1.2945e-06
0.0247679,16.5949,0.0662636
0.0249821,16.6873,0.092464
0.025,16.6997,0.012401
0.025,16.6997,1.2945e-06
0.0250179,16.766,0.0662636
0.0252321,16.8585,0.092464
0.02525,16.8709,0.012401
0.02525,16.8709,1.2945e-06
0.0252679,16.9371,0.0662636
0.0254821,17.0296,0.092464
0.0255,17.042,0.012401
0.0255,17.042,1.2945e-06
0.0255179,17.1083,0.0662636
0.0257321,17.2007,0.092464
0.02575,17.2131,0.012401
0.02575,17.2131,1.2945e-06
0.0257679,17.2794,0.0662636
0.0259821,17.3718,0.092464
0.026,17.3842,0.012401
0.026,17.3842,1.2945e-06
0.0260179,17.4505,0.0662636
0.0262321,17.543,0.092464
0.02625,17.5554,0.012401
0.02625,17.5554,1.2945e-06
0.0262679,17.6216,0.0662636
0.0264821,17.7141,0.092464
0.0265,17.7265,0.012401
0.0265,17.7265,1.2945e-06
0.0265179,17.7928,0.0662636
0.0267321,17.8852,0.092464
0.02675,17.8976,0.012401
0.02675,17.8976,1.2945e-06
0.0267679,17.9639,0.0662636
0.0269821,18.0564,0.092464
0.027,18.0688,0.012401
0.027,18.0688,1.2945e-06
0.0270179,18.135,0.0662636
0.0272321,18.2275,0.092464
0.02725,18.2399,0.012401
0.02725,18.2399,1.2945e-06
0.0272679,18.3062,0.0662636
0.0274821,18.3986,0.092464
0.0275,18.411,0.012401
0.0275,18.411,1.2945e-06
0.0275179,18.4773,0.0662636
0.0277321,18.5698,0.092464
0.02775,18.5822,0.012401
0.02775,18.5822,1.2945e-06
0.0277679,18.6484,0.0662636
0.0279821,18.7409,0.092464
0.028,18.7533,0.012401
0.028,18.7533,1.2945e-06
0.0280179,18.8196,0.0662636
0.0282321,18.912,0.092464
0.02825,18.9244,0.012401
0.02825,18.9244,1.2945e-06
0.0282679,18.9907,0.0662636
0.0284821,19.0831,0.092464
0.0285,19.0955,0.012401
0.0285,19.0955,1.2945e-06
0.0285179,19.1618,0.0662636
0.0287321,19.2543,0.092464
0.02875,19.2667,0.012401
0.02875,19.2667,1.2945e-06
0.0287679,19.3329,0.0662636
0.0289821,19.4254,0.092464
0.029,19.4378,0.012401
0.029,19.4378,1.2945e-06
0.0290179,19.5041,0.0662636
0.0292321,19.5965,0.092464
0.02925,19.6089,0.012401
0.02925,19.6089,1.2945e-06
0.0292679,19.6752,0.0662636
0.0294821,19.7677,0.092464
0.0295,19.7801,0.012401
0.0295,19.7801,1.2945e-06
0.0295179,19.8463,0.0662636
0.0297321,19.9388,0.092464
0.02975,19.9512,0.012401
0.02975,19.9512,1.2945e-06
0.0297679,20.0175,0.0662636
0.0299821,20.1099,0.092464
0.03,20.1223,0.012401
0.03,20.1223,1.2945e-06
0.0300179,20.1886,0.0662636
0.0302321,20.2811,0.092464
0.03025,20.2935,0.012401
0.03025,20.2935,1.2945e-06
0.0302679,20.3597,0.0662636
0.0304821,20.4522,0.092464
0.0305,20.4646,0.012401
0.0305,20.4646,1.2945e-06
0.0305179,20.5308,0.0662636
0.0307321,20.6233,0.092464
0.03075,20.6357,0.012401
0.03075,20.6357,1.2945e-06
0.0307679,20.702,0.0662636
0.0309821,20.7944,0.092464
0.031,20.8068,0.012401
0.031,20.8068,1.2945e-06
0.0310179,20.8731,0.0662636
0.0312321,20.9656,0.092464
0.03125,20.978,0.012401
0.03125,20.978,1.2945e-06
0.0312679,21.0442,0.0662636
0.0314821,21.1367,0.092464
0.0315,21.1491,0.012401
0.0315,21.1491,1.2945e-06
0.0315179,21.2154,0.0662636
0.0317321,21.3078,0.092464
0.03175,21.3202,0.012401
0.03175,21.3202,1.2945e-06
0.0317679,21.3865,0.0662636
0.0319821,21.479,0.092464
0.032,21.4914,0.012401
0.032,21.4914,1.2945e-06
0.0320179,21.5576,0.0662636
0.0322321,21.6501,0.092464
0.03225,21.6625,0.012401
0.03225,21.6625,1.2945e-06
0.0322679,21.7288,0.0662636
0.0324821,21.8212,0.092464
0.0325,21.8336,0.012401
0.0325,21.8336,1.2945e-06
0.0325179,21.8999,0.0662636
0.0327321,21.9924,0.092464
0.03275,22.0048,0.012401
0.03275,22.0048,1.2945e-06
0.0327679,22.071,0.0662636
0.0329821,22.1635,0.092464
0.033,22.1759,0.012401
0.033,22.1759,1.2945e-06
0.0330179,22.2421,0.0662636
0.0332321,22.3346,0.092464
0.03325,22.347,0.012401
0.03325,22.347,1.2945e-06
0.0332679,22.4133,0.0662636
0.0334821,22.5057,0.092464
0.0335,22.5181,0.012401
0.0335,22.5181,1.2945e-06
0.0335179,22.5844,0.0662636
0.0337321,22.6769,0.092464
0.03375,22.6893,0.012401
0.03375,22.6893,1.2945e-06
0.0337679,22.7555,0.0662636
0.0339821,22.848,0.092464
0.034,22.8604,0.012401
0.034,22.8604,1.2945e-06
0.0340179,22.9267,0.0662636
0.0342321,23.0191,0.092464
0.03425,23.0315,0.012401
0.03425,23.0315,1.2945e-06
0.0342679,23.0978,0.0662636
0.0344821,23.1903,0.092464
0.0345,23.2027,0.012401
0.0345,23.2027,1.2945e-06
0.0345179,23.2689,0.0662636
0.0347321,23.3614,0.092464
0.03475,23.3738,0.012401
0.03475,23.3738,1.2945e-06
0.0347679,23.4401,0.0662636
0.0349821,23.5325,0.092464
0.035,23.5449,0.012401
0.035,23.5449,1.2945e-06
0.0350179,23.6112,0.0662636
0.0352321,23.7037,0.092464
0.03525,23.7161,0.012401
0.03525,23.7161,1.2945e-06
0.0352679,23.7823,0.0662636
0.0354821,23.8748,0.092464
0.0355,23.8872,0.012401
0.0355,23.8872,1.2945e-06
0.0355179,23.9534,0.0662636
0.0357321,24.0459,0.092464
0.03575,24.0583,0.012401
0.03575,24.0583,1.2945e-06
0.0357679,24.1246,0.0662636
0.0359821,24.217,0.092464
0.036,24.2294,0.012401
0.036,24.2294,1.2945e-06
0.0360179,24.2957,0.0662636
0.0362321,24.3882,0.092464
0.03625,24.4006,0.012401
0.03625,24.4006,1.2945e-06
0.0362679,24.4668,0.0662636
0.0364821,24.5593,0.092464
0.0365,24.5717,0.012401
0.0365,24.5717,1.2945e-06
0.0365179,24.638,0.0662636
0.0367321,24.7304,0.092464
0.03675,24.7428,0.012401
0.03675,24.7428,1.2945e-06
0.0367679,24.8091,0.0662636
0.0369821,24.9016,0.092464
0.037,24.914,0.012401
0.037,24.914,1.2945e-06
0.0370179,24.9802,0.0662636
0.0372321,25.0727,0.092464
0.03725,25.0851,0.012401
0.03725,25.0851,1.2945e-06
0.0372679,25.1514,0.0662636
0.0374821,25.2438,0.092464
0.0375,25.2562,0.012401
0.0375,25.2562,1.2945e-06
0.0375179,25.3225,0.0662636
0.0377321,25.415,0.092464
0.03775,25.4274,0.012401
0.03775,25.4274,1.2945e-06
0.0377679,25.4936,0.0662636
0.0379821,25.5861,0.092464
0.038,25.5985,0.012401
0.038,25.5985,1.2945e-06
0.0380179,25.6647,0.0662636
0.0382321,25.7572,0.092464
0.03825,25.7696,0.012401
0.03825,25.7696,1.2945e-06
0.0382679,25.8359,0.0662636
0.0384821,25.9283,0.092464
0.0385,25.9407,0.012401
0.0385,25.9407,1.2945e-06
0.0385179,26.007,0.0662636
0.0387321,26.0995,0.092464
0.03875,26.1119,0.012401
0.03875,26.1119,1.2945e-06
0.0387679,26.1781,0.0662636
0.0389821,26.2706,0.092464
0.039,26.283,0.012401
0.039,26.283,1.2945e-06
0.0390179,26.3493,0.0662636
0.0392321,26.4417,0.092464
0.03925,26.4541,0.012401
0.03925,26.4541,1.2945e-06
0.0392679,26.5204,0.0662636
0.0394821,26.6129,0.092464
0.0395,26.6253,0.012401
0.0395,26.6253,1.2945e-06
0.0395179,26.6915,0.0662636
0.0397321,26.784,0.092464
0.03975,26.7964,0.012401
0.03975,26.7964,1.2945e-06
0.0397679,26.8627,0.0662636
0.0399821,26.9551,0.092464
0.04,26.9675,0.012401
0.04,26.9675,1.2945e-06
0.0400179,27.0338,0.0662636
0.0402321,27.1262,0.092464
0.04025,27.1387,0.012401
0.04025,27.1387,1.2945e-06
0.0402679,27.2049,0.0662636
0.0404821,27.2974,0.092464
0.0405,27.3098,0.012401
0.0405,27.3098,1.2945e-06
0.0405179,27.376,0.0662636
0.0407321,27.4685,0.092464
0.04075,27.4809,0.012401
0.04075,27.4809,1.2945e-06
0.0407679,27.5472,0.0662636
0.0409821,27.6396,0.092464
0.041,27.652,0.012401
0.041,27.652,1.2945e-06
0.0410179,27.7183,0.0662636
0.0412321,27.8108,0.092464
0.04125,27.8232,0.012401
0.04125,27.8232,1.2945e-06
0.0412679,27.8894,0.0662636
0.0414821,27.9819,0.092464
0.0415,27.9943,0.012401
0.0415,27.9943,1.2945e-06
0.0415179,28.0606,0.0662636
0.0417321,28.153,0.092464
0.04175,28.1654,0.012401
0.04175,28.1654,1.2945e-06
0.0417679,28.2317,0.0662636
0.0419821,28.3242,0.092464
0.042,28.3366,0.012401
0.042,28.3366,1.2945e-06
0.0420179,28.4028,0.0662636
0.0422321,28.4953,0.092464
0.04225,28.5077,0.012401
0.04225,28.5077,1.2945e-06
0.0422679,28.574,0.0662636
0.0424821,28.6664,0.092464
0.0425,28.6788,0.012401
0.0425,28.6788,1.2945e-06
0.0425179,28.7451,0.0662636
0.0427321,28.8375,0.092464
0.04275,28.8499,0.012401
0.04275,28.85,1.2945e-06
0.0427679,28.9162,0.0662636
0.0429821,29.0087,0.092464
0.043,29.0211,0.012401
0.043,29.0211,1.2945e-06
0.0430179,29.0873,0.0662636
0.0432321,29.1798,0.092464
0.04325,29.1922,0.012401
0.04325,29.1922,1.2945e-06
0.0432679,29.2585,0.0662636
0.0434821,29.3509,0.092464
0.0435,29.3633,0.012401
0.0435,29.3633,1.2945e-06
0.0435179,29.4296,0.0662636
0.0437321,29.5221,0.092464
0.04375,29.5345,0.012401
0.04375,29.5345,1.2945e-06
0.0437679,29.6007,0.0662636
0.0439821,29.6932,0.092464
0.044,29.7056,0.012401
0.044,29.7056,1.2945e-06
0.0440179,29.7719,0.0662636
0.0442321,29.8643,0.092464
0.04425,29.8767,0.012401
0.04425,29.8767,1.2945e-06
0.0442679,29.943,0.0662636
0.0444821,30.0355,0.092464
0.0445,30.0479,0.012401
0.0445,30.0479,1.2945e-06
0.0445179,30.1141,0.0662636
0.0447321,30.2066,0.092464
0.04475,30.219,0.012401
0.04475,30.219,1.2945e-06
0.0447679,30.2853,0.0662636
0.0449821,30.3777,0.092464
0.045,30.3901,0.012401
0.045,30.3901,1.2945e-06
0.0450179,30.4564,0.0662636
0.0452321,30.5488,0.092464
0.04525,30.5612,0.012401
0.04525,30.5612,1.2945e-06
0.0452679,30.6275,0.0662636
0.0454821,30.72,0.092464
0.0455,30.7324,0.012401
0.0455,30.7324,1.2945e-06
0.0455179,30.7986,0.0662636
0.0457321,30.8911,0.092464
0.04575,30.9035,0.012401
0.04575,30.9035,1.2945e-06
0.0457679,30.9698,0.0662636
0.0459821,31.0622,0.092464
0.046,31.0746,0.012401
0.046,31.0746,1.2945e-06
0.0460179,31.1409,0.0662636
0.0462321,31.2334,0.092464
0.04625,31.2458,0.012401
0.04625,31.2458,1.2945e-06
0.0462679,31.312,0.0662636
0.0464821,31.4045,0.092464
0.0465,31.4169,0.012401
0.0465,31.4169,1.2945e-06
0.0465179,31.4832,0.0662636
0.0467321,31.5756,0.092464
0.04675,31.588,0.012401
0.04675,31.588,1.2945e-06
0.0467679,31.6543,0.0662636
0.0469821,31.7468,0.092464
0.047,31.7592,0.012401
0.047,31.7592,1.2945e-06
0.0470179,31.8254,0.0662636
0.0472321,31.9179,0.092464
0.04725,31.9303,0.012401
0.04725,31.9303,1.2945e-06
0.0472679,31.9966,0.0662636
0.0474821,32.089,0.092464
0.0475,32.1014,0.012401
0.0475,32.1014,1.2945e-06
0.0475179,32.1677,0.0662636
0.0477321,32.2601,0.092464
0.04775,32.2725,0.012401
0.04775,32.2725,1.2945e-06
0.0477679,32.3388,0.0662636
0.0479821,32.4313,0.092464
0.048,32.4437,0.012401
0.048,32.4437,1.2945e-06
0.0480179,32.5099,0.0662636
0.0482321,32.6024,0.092464
0.04825,32.6148,0.012401
0.04825,32.6148,1.2945e-06
0.0482679,32.6811,0.0662636
0.0484821,32.7735,0.092464
0.0485,32.7859,0.012401
0.0485,32.7859,1.2945e-06
0.0485179,32.8522,0.0662636
0.0487321,32.9447,0.092464
0.04875,32.9571,0.012401
0.04875,32.9571,1.2945e-06
0.0487679,33.0233,0.0662636
0.0489821,33.1158,0.092464
0.049,33.1282,0.012401
0.049,33.1282,1.2945e-06
0.0490179,33.1945,0.0662636
0.0492321,33.2869,0.092464
0.04925,33.2993,0.012401
0.04925,33.2993,1.2945e-06
0.0492679,33.3656,0.0662636
0.0494821,33.4581,0.092464
0.0495,33.4705,0.012401
0.0495,33.4705,1.2945e-06
0.0495179,33.5367,0.0662636
0.0497321,33.6292,0.092464
0.04975,33.6416,0.012401
0.04975,33.6416,1.2945e-06
0.0497679,33.7079,0.0662636
0.0499821,33.8003,0.092464
0.05,33.8127,0.012401
0.05,33.8127,1.2945e-06
0.0500179,33.879,0.0662636
0.0502321,33.9714,0.092464
0.05025,33.9838,0.012401
0.05025,33.9838,1.2945e-06
0.0502679,34.0501,0.0662636
0.0504821,34.1426,0.092464
0.0505,34.155,0.012401
0.0505,34.155,1.2945e-06
0.0505179,34.2212,0.0662636
0.0507321,34.3137,0.092464
0.05075,34.3261,0.012401
0.05075,34.3261,1.2945e-06
0.0507679,34.3924,0.0662636
0.0509821,34.4848,0.092464
0.051,34.4972,0.012401
0.051,34.4972,1.2945e-06
0.0510179,34.5635,0.0662636
0.0512321,34.656,0.092464
0.05125,34.6684,0.012401
0.05125,34.6684,1.2945e-06
0.0512679,34.7346,0.0662636
0.0514821,34.8271,0.092464
0.0515,34.8395,0.012401
0.0515,34.8395,1.2945e-06
0.0515179,34.9058,0.0662636
0.0517321,34.9982,0.092464
0.05175,35.0106,0.012401
0.05175,35.0106,1.2945e-06
0.0517679,35.0769,0.0662636
0.0519821,35.1694,0.092464
0.052,35.1818,0.012401
0.052,35.1818,1.2945e-06
0.0520179,35.248,0.0662636
0.0522321,35.3405,0.092464
0.05225,35.3529,0.012401
0.05225,35.3529,1.2945e-06
0.0522679,35.4191,0.0662636
0.0524821,35.5116,0.092464
0.0525,35.524,0.012401
0.0525,35.524,1.2945e-06
0.0525179,35.5903,0.0662636
0.0527321,35.6827,0.092464
0.05275,35.6951,0.012401
0.05275,35.6951,1.2945e-06
0.0527679,35.7614,0.0662636
0.0529821,35.8539,0.092464
0.053,35.8663,0.012401
0.053,35.8663,1.2945e-06
0.0530179,35.9325,0.0662636
0.0532321,36.025,0.092464
0.05325,36.0374,0.012401
0.05325,36.0374,1.2945e-06
0.0532679,36.1037,0.0662636
0.0534821,36.1961,0.092464
0.0535,36.2085,0.012401
0.0535,36.2085,1.2945e-06
0.0535179,36.2748,0.0662636
0.0537321,36.3673,0.092464
0.05375,36.3797,0.012401
0.05375,36.3797,1.2945e-06
0.0537679,36.4459,0.0662636
0.0539821,36.5384,0.092464
0.054,36.5508,0.012401
0.054,36.5508,1.2945e-06
0.0540179,36.6171,0.0662636
0.0542321,36.7095,0.092464
0.05425,36.7219,0.012401
0.05425,36.7219,1.2945e-06
0.0542679,36.7882,0.0662636
0.0544821,36.8807,0.092464
0.0545,36.8931,0.012401
0.0545,36.8931,1.2945e-06
0.0545179,36.9593,0.0662636
0.0547321,37.0518,0.092464
0.05475,37.0642,0.012401
0.05475,37.0642,1.2945e-06
0.0547679,37.1304,0.0662636
0.0549821,37.2229,0.092464
0.055,37.2353,0.012401
0.055,37.2353,1.2945e-06
0.0550179,37.3016,0.0662636
0.0552321,37.394,0.092464
0.05525,37.4064,0.012401
0.05525,37.4064,1.2945e-06
0.0552679,37.4727,0.0662636
0.0554821,37.5652,0.092464
0.0555,37.5776,0.012401
0.0555,37.5776,1.2945e-06
0.0555179,37.6438,0.0662636
0.0557321,37.7363,0.092464
0.05575,37.7487,0.012401
0.05575,37.7487,1.2945e-06
0.0557679,37.815,0.0662636
0.0559821,37.9074,0.092464
0.056,37.9198,0.012401
0.056,37.9198,1.2945e-06
0.0560179,37.9861,0.0662636
0.0562321,38.0786,0.092464
0.05625,38.091,0.012401
0.05625,38.091,1.2945e-06
0.0562679,38.1572,0.0662636
0.0564821,38.2497,0.092464
0.0565,38.2621,0.012401
0.0565,38.2621,1.2945e-06
0.0565179,38.3284,0.0662636
0.0567321,38.4208,0.092464
0.05675,38.4332,0.012401
0.05675,38.4332,1.2945e-06
0.0567679,38.4995,0.0662636
0.0569821,38.592,0.092464
0.057,38.6044,0.012401
0.057,38.6044,1.2945e-06
0.0570179,38.6706,0.0662636
0.0572321,38.7631,0.092464
0.05725,38.7755,0.012401
0.05725,38.7755,1.2945e-06
0.0572679,38.8417,0.0662636
0.0574821,38.9342,0.092464
0.0575,38.9466,0.012401
0.0575,38.9466,1.2945e-06
0.0575179,39.0129,0.0662636
0.0577321,39.1053,0.092464
0.05775,39.1177,0.012401
0.05775,39.1177,1.2945e-06
0.0577679,39.184,0.0662636
0.0579821,39.2765,0.092464
0.058,39.2889,0.012401
0.058,39.2889,1.2945e-06
0.0580179,39.3551,0.0662636
0.0582321,39.4476,0.092464
0.05825,39.46,0.012401
0.05825,39.46,1.2945e-06
0.0582679,39.5263,0.0662636
0.0584821,39.6187,0.092464
0.0585,39.6311,0.012401
0.0585,39.6311,1.2945e-06
0.0585179,39.6974,0.0662636
0.0587321,39.7899,0.092464
0.05875,39.8023,0.012401
0.05875,39.8023,1.2945e-06
0.0587679,39.8685,0.0662636
0.0589821,39.961,0.092464
0.059,39.9734,0.012401
0.059,39.9734,1.2945e-06
0.0590179,40.0397,0.0662636
0.0592321,40.1321,0.092464
0.05925,40.1445,0.012401
0.05925,40.1445,1.2945e-06
0.0592679,40.2108,0.0662636
0.0594821,40.3032,0.092464
0.0595,40.3157,0.012401
0.0595,40.3157,1.2945e-06
0.0595179,40.3819,0.0662636
0.0597321,40.4744,0.092464
0.05975,40.4868,0.012401
0.05975,40.4868,1.2945e-06
0.0597679,40.553,0.0662636
0.0599821,40.6455,0.092464
0.06,40.6579,0.012401
0.06,40.6579,1.2945e-06
0.0600179,40.7242,0.0662636
0.0602321,40.8166,0.092464
0.06025,40.829,0.012401
0.06025,40.829,1.2945e-06
0.0602679,40.8953,0.0662636
0.0604821,40.9878,0.092464
0.0605,41.0002,0.012401
0.0605,41.0002,1.2945e-06
0.0605179,41.0664,0.0662636
0.0607321,41.1589,0.092464
0.06075,41.1713,0.012401
0.06075,41.1713,1.2945e-06
0.0607679,41.2376,0.0662636
0.0609821,41.33,0.092464
0.061,41.3424,0.012401
0.061,41.3424,1.2945e-06
0.0610179,41.4087,0.0662636
0.0612321,41.5012,0.092464
0.06125,41.5136,0.012401
0.06125,41.5136,1.2945e-06
0.0612679,41.5798,0.0662636
0.0614821,41.6723,0.092464
0.0615,41.6847,0.012401
0.0615,41.6847,1.2945e-06
0.0615179,41.751,0.0662636
0.0617321,41.8434,0.092464
0.06175,41.8558,0.012401
0.06175,41.8558,1.2945e-06
0.0617679,41.9221,0.0662636
0.0619821,42.0145,0.092464
0.062,42.0269,0.012401
0.062,42.027,1.2945e-06
0.0620179,42.0932,0.0662636
0.0622321,42.1857,0.092464
0.06225,42.1981,0.012401
0.06225,42.1981,1.2945e-06
0.0622679,42.2643,0.0662636
0.0624821,42.3568,0.092464
0.0625,42.3692,0.012401
0.0625,42.3692,1.2945e-06
0.0625179,42.4355,0.0662636
0.0627321,42.5279,0.092464
0.06275,42.5403,0.012401
0.06275,42.5403,1.2945e-06
0.0627679,42.6066,0.0662636
0.0629821,42.6991,0.092464
0.063,42.7115,0.012401
0.063,42.7115,1.2945e-06
0.0630179,42.7777,0.0662636
0.0632321,42.8702,0.092464
0.06325,42.8826,0.012401
0.06325,42.8826,1.2945e-06
0.0632679,42.9489,0.0662636
0.0634821,43.0413,0.092464
0.0635,43.0537,0.012401
0.0635,43.0537,1.2945e-06
0.0635179,43.12,0.0662636
0.0637321,43.2125,0.092464
0.06375,43.2249,0.012401
0.06375,43.2249,1.2945e-06
0.0637679,43.2911,0.0662636
0.0639821,43.3836,0.092464
0.064,43.396,0.012401
0.064,43.396,1.2945e-06
0.0640179,43.4623,0.0662636
0.0642321,43.5547,0.092464
0.06425,43.5671,0.012401
0.06425,43.5671,1.2945e-06
0.0642679,43.6334,0.0662636
0.0644821,43.7258,0.092464
0.0645,43.7382,0.012401
0.0645,43.7382,1.2945e-06
0.0645179,43.8045,0.0662636
0.0647321,43.897,0.092464
0.06475,43.9094,0.012401
0.06475,43.9094,1.2945e-06
0.0647679,43.9756,0.0662636
0.0649821,44.0681,0.092464
0.065,44.0805,0.012401
0.065,44.0805,1.2945e-06
0.0650179,44.1468,0.0662636
0.0652321,44.2392,0.092464
0.06525,44.2516,0.012401
0.06525,44.2516,1.2945e-06
0.0652679,44.3179,0.0662636
0.0654821,44.4104,0.092464
0.0655,44.4228,0.012401
0.0655,44.4228,1.2945e-06
0.0655179,44.489,0.0662636
0.0657321,44.5815,0.092464
0.06575,44.5939,0.012401
0.06575,44.5939,1.2945e-06
0.0657679,44.6602,0.0662636
0.0659821,44.7526,0.092464
0.066,44.765,0.012401
0.066,44.765,1.2945e-06
0.0660179,44.8313,0.0662636
0.0662321,44.9238,0.092464
0.06625,44.9362,0.012401
0.06625,44.9362,1.2945e-06
0.0662679,45.0024,0.0662636
0.0664821,45.0949,0.092464
0.0665,45.1073,0.012401
0.0665,45.1073,1.2945e-06
0.0665179,45.1736,0.0662636
0.0667321,45.266,0.092464
0.06675,45.2784,0.012401
0.06675,45.2784,1.2945e-06
0.0667679,45.3447,0.0662636
0.0669821,45.4371,0.092464
0.067,45.4495,0.012401
0.067,45.4495,1.2945e-06
0.0670179,45.5158,0.0662636
0.0672321,45.6083,0.092464
0.06725,45.6207,0.012401
0.06725,45.6207,1.2945e-06
0.0672679,45.6869,0.0662636
0.0674821,45.7794,0.092464
0.0675,45.7918,0.012401
0.0675,45.7918,1.2945e-06
0.0675179,45.8581,0.0662636
0.0677321,45.9505,0.092464
0.06775,45.9629,0.012401
0.06775,45.9629,1.2945e-06
0.0677679,46.0292,0.0662636
0.0679821,46.1217,0.092464
0.068,46.1341,0.012401
0.068,46.1341,1.2945e-06
0.0680179,46.2003,0.0662636
0.0682321,46.2928,0.092464
0.06825,46.3052,0.012401
0.06825,46.3052,1.2945e-06
0.0682679,46.3715,0.0662636
0.0684821,46.4639,0.092464
0.0685,46.4763,0.012401
0.0685,46.4763,1.2945e-06
0.0685179,46.5426,0.0662636
0.0687321,46.6351,0.092464
0.06875,46.6475,0.012401
0.06875,46.6475,1.2945e-06
0.0687679,46.7137,0.0662636
0.0689821,46.8062,0.092464
0.069,46.8186,0.012401
0.069,46.8186,1.2945e-06
0.0690179,46.8849,0.0662636
0.0692321,46.9773,0.092464
0.06925,46.9897,0.012401
0.06925,46.9897,1.2945e-06
0.0692679,47.056,0.0662636
0.0694821,47.1484,0.092464
0.0695,47.1608,0.012401
0.0695,47.1608,1.2945e-06
0.0695179,47.2271,0.0662636
0.0697321,47.3196,0.092464
0.06975,47.332,0.012401
0.06975,47.332,1.2945e-06
0.0697679,47.3982,0.0662636
0.0699821,47.4907,0.092464
0.07,47.5031,0.012401
0.07,47.5031,1.2945e-06
0.0700179,47.5694,0.0662636
0.0702321,47.6618,0.092464
0.07025,47.6742,0.012401
0.07025,47.6742,1.2945e-06
0.0702679,47.7405,0.0662636
0.0704821,47.833,0.092464
0.0705,47.8454,0.012401
0.0705,47.8454,1.2945e-06
0.0705179,47.9116,0.0662636
0.0707321,48.0041,0.092464
0.07075,48.0165,0.012401
0.07075,48.0165,1.2945e-06
0.0707679,48.0828,0.0662636
0.0709821,48.1752,0.092464
0.071,48.1876,0.012401
0.071,48.1876,1.2945e-06
0.0710179,48.2539,0.0662636
0.0712321,48.3464,0.092464
0.07125,48.3588,0.012401
0.07125,48.3588,1.2945e-06
0.0712679,48.425,0.0662636
0.0714821,48.5175,0.092464
0.0715,48.5299,0.012401
0.0715,48.5299,1.2945e-06
0.0715179,48.5962,0.0662636
0.0717321,48.6886,0.092464
0.07175,48.701,0.012401
0.07175,48.701,1.2945e-06
0.0717679,48.7673,0.0662636
0.0719821,48.8597,0.092464
0.072,48.8721,0.012401
0.072,48.8721,1.2945e-06
0.0720179,48.9384,0.0662636
0.0722321,49.0309,0.092464
0.07225,49.0433,0.012401
0.07225,49.0433,1.2945e-06
0.0722679,49.1095,0.0662636
0.0724821,49.202,0.092464
0.0725,49.2144,0.012401
0.0725,49.2144,1.2945e-06
0.0725179,49.2807,0.0662636
0.0727321,49.3731,0.092464
0.07275,49.3855,0.012401
0.07275,49.3855,1.2945e-06
0.0727679,49.4518,0.0662636
0.0729821,49.5443,0.092464
0.073,49.5567,0.012401
0.073,49.5567,1.2945e-06
0.0730179,49.6229,0.0662636
0.0732321,49.7154,0.092464
0.07325,49.7278,0.012401
0.07325,49.7278,1.2945e-06
0.0732679,49.7941,0.0662636
0.0734821,49.8865,0.092464
0.0735,49.8989,0.012401
0.0735,49.8989,1.2945e-06
0.0735179,49.9652,0.0662636
0.0737321,50.0577,0.092464
0.07375,50.0701,0.012401
0.07375,50.0701,1.2945e-06
0.0737679,50.1363,0.0662636
0.0739821,50.2288,0.092464
0.074,50.2412,0.012401
0.074,50.2412,1.2945e-06
0.0740179,50.3074,0.0662636
0.0742321,50.3999,0.092464
0.07425,50.4123,0.012401
0.07425,50.4123,1.2945e-06
0.0742679,50.4786,0.0662636
0.0744821,50.571,0.092464
0.0745,50.5834,0.012401
0.0745,50.5834,1.2945e-06
0.0745179,50.6497,0.0662636
0.0747321,50.7422,0.092464
0.07475,50.7546,0.012401
0.07475,50.7546,1.2945e-06
0.0747679,50.8208,0.0662636
0.0749821,50.9133,0.092464
0.075,50.9257,0.012401
0.075,50.9257,1.2945e-06
0.0750179,50.992,0.0662636
0.0752321,51.0844,0.092464
0.07525,51.0968,0.012401
0.07525,51.0968,1.2945e-06
0.0752679,51.1631,0.0662636
0.0754821,51.2556,0.092464
0.0755,51.268,0.012401
0.0755,51.268,1.2945e-06
0.0755179,51.3342,0.0662636
0.0757321,51.4267,0.092464
0.07575,51.4391,0.012401
0.07575,51.4391,1.2945e-06
0.0757679,51.5054,0.0662636
0.0759821,51.5978,0.092464
0.076,51.6102,0.012401
0.076,51.6102,1.2945e-06
0.0760179,51.6765,0.0662636
0.0762321,51.769,0.092464
0.07625,51.7814,0.012401
0.07625,51.7814,1.2945e-06
0.0762679,51.8476,0.0662636
0.0764821,51.9401,0.092464
0.0765,51.9525,0.012401
0.0765,51.9525,1.2945e-06
0.0765179,52.0187,0.0662636
0.0767321,52.1112,0.092464
0.07675,52.1236,0.012401
0.07675,52.1236,1.2945e-06
0.0767679,52.1899,0.0662636
0.0769821,52.2823,0.092464
0.077,52.2947,0.012401
0.077,52.2947,1.2945e-06
0.0770179,52.361,0.0662636
0.0772321,52.4535,0.092464
0.07725,52.4659,0.012401
0.07725,52.4659,1.2945e-06
0.0772679,52.5321,0.0662636
0.0774821,52.6246,0.092464
0.0775,52.637,0.012401
0.0775,52.637,1.2945e-06
0.0775179,52.7033,0.0662636
0.0777321,52.7957,0.092464
0.07775,52.8081,0.012401
0.07775,52.8081,1.2945e-06
0.0777679,52.8744,0.0662636
0.0779821,52.9669,0.092464
0.078,52.9793,0.012401
0.078,52.9793,1.2945e-06
0.0780179,53.0455,0.0662636
0.0782321,53.138,0.092464
0.07825,53.1504,0.012401
0.07825,53.1504,1.2945e-06
0.0782679,53.2167,0.0662636
0.0784821,53.3091,0.092464
0.0785,53.3215,0.012401
0.0785,53.3215,1.2945e-06
0.0785179,53.3878,0.0662636
0.0787321,53.4803,0.092464
0.07875,53.4927,0.012401
0.07875,53.4927,1.2945e-06
0.0787679,53.5589,0.0662636
0.0789821,53.6514,0.092464
0.079,53.6638,0.012401
0.079,53.6638,1.2945e-06
0.0790179,53.73,0.0662636
0.0792321,53.8225,0.092464
0.07925,53.8349,0.012401
0.07925,53.8349,1.2945e-06
0.0792679,53.9012,0.0662636
0.0794821,53.9936,0.092464
0.0795,54.006,0.012401
0.0795,54.006,1.2945e-06
0.0795179,54.0723,0.0662636
0.0797321,54.1648,0.092464
0.07975,54.1772,0.012401
0.07975,54.1772,1.2945e-06
0.0797679,54.2434,0.0662636
0.0799821,54.3359,0.092464
0.08,54.3483,0.012401
0.08,54.3483,1.2945e-06
0.0800179,54.4146,0.0662636
0.0802321,54.507,0.092464
0.08025,54.5194,0.012401
0.08025,54.5194,1.2945e-06
0.0802679,54.5857,0.0662636
0.0804821,54.6782,0.092464
0.0805,54.6906,0.012401
0.0805,54.6906,1.2945e-06
0.0805179,54.7568,0.0662636
0.0807321,54.8493,0.092464
0.08075,54.8617,0.012401
0.08075,54.8617,1.2945e-06
0.0807679,54.928,0.0662636
0.0809821,55.0204,0.092464
0.081,55.0328,0.012401
0.081,55.0328,1.2945e-06
0.0810179,55.0991,0.0662636
0.0812321,55.1915,0.092464
0.08125,55.204,0.012401
0.08125,55.204,1.2945e-06
0.0812679,55.2702,0.0662636
0.0814821,55.3627,0.092464
0.0815,55.3751,0.012401
0.0815,55.3751,1.2945e-06
0.0815179,55.4413,0.0662636
0.0817321,55.5338,0.092464
0.08175,55.5462,0.012401
0.08175,55.5462,1.2945e-06
0.0817679,55.6125,0.0662636
0.0819821,55.7049,0.092464
0.082,55.7173,0.012401
0.082,55.7173,1.2945e-06
0.0820179,55.7836,0.0662636
0.0822321,55.8761,0.092464
0.08225,55.8885,0.012401
0.08225,55.8885,1.2945e-06
0.0822679,55.9547,0.0662636
0.0824821,56.0472,0.092464
0.0825,56.0596,0.012401
0.0825,56.0596,1.2945e-06
0.0825179,56.1259,0.0662636
0.0827321,56.2183,0.092464
0.08275,56.2307,0.012401
0.08275,56.2307,1.2945e-06
0.0827679,56.297,0.0662636
0.0829821,56.3895,0.092464
0.083,56.4019,0.012401
0.083,56.4019,1.2945e-06
0.0830179,56.4681,0.0662636
0.0832321,56.5606,0.092464
0.08325,56.573,0.012401
0.08325,56.573,1.2945e-06
0.0832679,56.6393,0.0662636
0.0834821,56.7317,0.092464
0.0835,56.7441,0.012401
0.0835,56.7441,1.2945e-06
0.0835179,56.8104,0.0662636
0.0837321,56.9028,0.092464
0.08375,56.9152,0.012401
0.08375,56.9153,1.2945e-06
0.0837679,56.9815,0.0662636
0.0839821,57.074,0.092464
0.084,57.0864,0.012401
0.084,57.0864,1.2945e-06
0.0840179,57.1526,0.0662636
0.0842321,57.2451,0.092464
0.08425,57.2575,0.012401
0.08425,57.2575,1.2945e-06
0.0842679,57.3238,0.0662636
0.0844821,57.4162,0.092464
0.0845,57.4286,0.012401
0.0845,57.4286,1.2945e-06
0.0845179,57.4949,0.0662636
0.0847321,57.5874,0.092464
0.08475,57.5998,0.012401
0.08475,57.5998,1.2945e-06
0.0847679,57.666,0.0662636
0.0849821,57.7585,0.092464
0.085,57.7709,0.012401
0.085,57.7709,1.2945e-06
0.0850179,57.8372,0.0662636
0.0852321,57.9296,0.092464
0.08525,57.942,0.012401
0.08525,57.942,1.2945e-06
0.0852679,58.0083,0.0662636
0.0854821,58.1008,0.092464
0.0855,58.1132,0.012401
0.0855,58.1132,1.2945e-06
0.0855179,58.1794,0.0662636
0.0857321,58.2719,0.092464
0.08575,58.2843,0.012401
0.08575,58.2843,1.2945e-06
0.0857679,58.3506,0.0662636
0.0859821,58.443,0.092464
0.086,58.4554,0.012401
0.086,58.4554,1.2945e-06
0.0860179,58.5217,0.0662636
0.0862321,58.6141,0.092464
0.08625,58.6265,0.012401
0.08625,58.6265,1.2945e-06
0.0862679,58.6928,0.0662636
0.0864821,58.7853,0.092464
0.0865,58.7977,0.012401
0.0865,58.7977,1.2945e-06
0.0865179,58.8639,0.0662636
0.0867321,58.9564,0.092464
0.08675,58.9688,0.012401
0.08675,58.9688,1.2945e-06
0.0867679,59.0351,0.0662636
0.0869821,59.1275,0.092464
0.087,59.1399,0.012401
0.087,59.1399,1.2945e-06
0.0870179,59.2062,0.0662636
0.0872321,59.2987,0.092464
0.08725,59.3111,0.012401
0.08725,59.3111,1.2945e-06
0.0872679,59.3773,0.0662636
0.0874821,59.4698,0.092464
0.0875,59.4822,0.012401
0.0875,59.4822,1.2945e-06
0.0875179,59.5485,0.0662636
0.0877321,59.6409,0.092464
0.08775,59.6533,0.012401
0.08775,59.6533,1.2945e-06
0.0877679,59.7196,0.0662636
0.0879821,59.8121,0.092464
0.088,59.8245,0.012401
0.088,59.8245,1.2945e-06
0.0880179,59.8907,0.0662636
0.0882321,59.9832,0.092464
0.08825,59.9956,0.012401
0.08825,59.9956,1.2945e-06
0.0882679,60.0619,0.0662636
0.0884821,60.1543,0.092464
0.0885,60.1667,0.012401
0.0885,60.1667,1.2945e-06
0.0885179,60.233,0.0662636
0.0887321,60.3254,0.092464
0.08875,60.3378,0.012401
0.08875,60.3378,1.2945e-06
0.0887679,60.4041,0.0662636
0.0889821,60.4966,0.092464
0.089,60.509,0.012401
0.089,60.509,1.2945e-06
0.0890179,60.5752,0.0662636
0.0892321,60.6677,0.092464
0.08925,60.6801,0.012401
0.08925,60.6801,1.2945e-06
0.0892679,60.7464,0.0662636
0.0894821,60.8388,0.092464
0.0895,60.8512,0.012401
0.0895,60.8512,1.2945e-06
0.0895179,60.9175,0.0662636
0.0897321,61.01,0.092464
0.08975,61.0224,0.012401
0.08975,61.0224,1.2945e-06
0.0897679,61.0886,0.0662636
0.0899821,61.1811,0.092464
0.09,61.1935,0.012401
0.09,61.1935,1.2945e-06
0.0900179,61.2598,0.0662636
0.0902321,61.3522,0.092464
0.09025,61.3646,0.012401
0.09025,61.3646,1.2945e-06
0.0902679,61.4309,0.0662636
0.0904821,61.5234,0.092464
0.0905,61.5358,0.012401
0.0905,61.5358,1.2945e-06
0.0905179,61.602,0.0662636
0.0907321,61.6945,0.092464
0.09075,61.7069,0.012401
0.09075,61.7069,1.2945e-06
0.0907679,61.7732,0.0662636
0.0909821,61.8656,0.092464
0.091,61.878,0.012401
0.091,61.878,1.2945e-06
0.0910179,61.9443,0.0662636
0.0912321,62.0367,0.092464
0.09125,62.0491,0.012401
0.09125,62.0491,1.2945e-06
0.0912679,62.1154,0.0662636
0.0914821,62.2079,0.092464
0.0915,62.2203,0.012401
0.0915,62.2203,1.2945e-06
0.0915179,62.2865,0.0662636
0.0917321,62.379,0.092464
0.09175,62.3914,0.012401
0.09175,62.3914,1.2945e-06
0.0917679,62.4577,0.0662636
0.0919821,62.5501,0.092464
0.092,62.5625,0.012401
0.092,62.5625,1.2945e-06
0.0920179,62.6288,0.0662636
0.0922321,62.7213,0.092464
0.09225,62.7337,0.012401
0.09225,62.7337,1.2945e-06
0.0922679,62.7999,0.0662636
0.0924821,62.8924,0.092464
0.0925,62.9048,0.012401
0.0925,62.9048,1.2945e-06
0.0925179,62.9711,0.0662636
0.0927321,63.0635,0.092464
0.09275,63.0759,0.012401
0.09275,63.0759,1.2945e-06
0.0927679,63.1422,0.0662636
0.0929821,63.2347,0.092464
0.093,63.2471,0.012401
0.093,63.2471,1.2945e-06
0.0930179,63.3133,0.0662636
0.0932321,63.4058,0.092464
0.09325,63.4182,0.012401
0.09325,63.4182,1.2945e-06
0.0932679,63.4844,0.0662636
0.0934821,63.5769,0.092464
0.0935,63.5893,0.012401
0.0935,63.5893,1.2945e-06
0.0935179,63.6556,0.0662636
0.0937321,63.748,0.092464
0.09375,63.7604,0.012401
0.09375,63.7604,1.2945e-06
0.0937679,63.8267,0.0662636
0.0939821,63.9192,0.092464
0.094,63.9316,0.012401
0.094,63.9316,1.2945e-06
0.0940179,63.9978,0.0662636
0.0942321,64.0903,0.092464
0.09425,64.1027,0.012401
0.09425,64.1027,1.2945e-06
0.0942679,64.169,0.0662636
0.0944821,64.2614,0.092464
0.0945,64.2738,0.012401
0.0945,64.2738,1.2945e-06
0.0945179,64.3401,0.0662636
0.0947321,64.4326,0.092464
0.09475,64.445,0.012401
0.09475,64.445,1.2945e-06
0.0947679,64.5112,0.0662636
0.0949821,64.6037,0.092464
0.095,64.6161,0.012401
0.095,64.6161,1.2945e-06
0.0950179,64.6824,0.0662636
0.0952321,64.7748,0.092464
0.09525,64.7872,0.012401
0.09525,64.7872,1.2945e-06
0.0952679,64.8535,0.0662636
0.0954821,64.946,0.092464
0.0955,64.9584,0.012401
0.0955,64.9584,1.2945e-06
0.0955179,65.0246,0.0662636
0.0957321,65.1171,0.092464
0.09575,65.1295,0.012401
0.09575,65.1295,1.2945e-06
0.0957679,65.1957,0.0662636
0.0959821,65.2882,0.092464
0.096,65.3006,0.012401
0.096,65.3006,1.2945e-06
0.0960179,65.3669,0.0662636
0.0962321,65.4593,0.092464
0.09625,65.4717,0.012401
0.09625,65.4717,1.2945e-06
0.0962679,65.538,0.0662636
0.0964821,65.6305,0.092464
0.0965,65.6429,0.012401
0.0965,65.6429,1.2945e-06
0.0965179,65.7091,0.0662636
0.0967321,65.8016,0.092464
0.09675,65.814,0.012401
0.09675,65.814,1.2945e-06
0.0967679,65.8803,0.0662636
0.0969821,65.9727,0.092464
0.097,65.9851,0.012401
0.097,65.9851,1.2945e-06
0.0970179,66.0514,0.0662636
0.0972321,66.1439,0.092464
0.09725,66.1563,0.012401
0.09725,66.1563,1.2945e-06
0.0972679,66.2225,0.0662636
0.0974821,66.315,0.092464
0.0975,66.3274,0.012401
0.0975,66.3274,1.2945e-06
0.0975179,66.3937,0.0662636
0.0977321,66.4861,0.092464
0.09775,66.4985,0.012401
0.09775,66.4985,1.2945e-06
0.0977679,66.5648,0.0662636
0.0979821,66.6573,0.092464
0.098,66.6697,0.012401
0.098,66.6697,1.2945e-06
0.0980179,66.7359,0.0662636
0.0982321,66.8284,0.092464
0.09825,66.8408,0.012401
0.09825,66.8408,1.2945e-06
0.0982679,66.907,0.0662636
0.0984821,66.9995,0.092464
0.0985,67.0119,0.012401
0.0985,67.0119,1.2945e-06
0.0985179,67.0782,0.0662636
0.0987321,67.1706,0.092464
0.09875,67.183,0.012401
0.09875,67.183,1.2945e-06
0.0987679,67.2493,0.0662636
0.0989821,67.3418,0.092464
0.099,67.3542,0.012401
0.099,67.3542,1.2945e-06
0.0990179,67.4204,0.0662636
0.0992321,67.5129,0.092464
0.09925,67.5253,0.012401
0.09925,67.5253,1.2945e-06
0.0992679,67.5916,0.0662636
0.0994821,67.684,0.092464
0.0995,67.6964,0.012401
0.0995,67.6964,1.2945e-06
0.0995179,67.7627,0.0662636
0.0997321,67.8552,0.092464
0.09975,67.8676,0.012401
0.09975,67.8676,1.2945e-06
0.0997679,67.9338,0.0662636
0.0999821,68.0263,0.092464
0.1,68.0387,0.012401
0.1,68.0387,1.2945e-06
0.100018,68.105,0.0662636
0.100232,68.1974,0.092464
0.10025,68.2098,0.012401
0.10025,68.2098,1.2945e-06
0.100268,68.2761,0.0662636
0.100482,68.3686,0.092464
0.1005,68.381,0.012401
0.1005,68.381,1.2945e-06
0.100518,68.4472,0.0662636
0.100732,68.5397,0.092464
0.10075,68.5521,0.012401
0.10075,68.5521,1.2945e-06
0.100768,68.6183,0.0662636
0.100982,68.7108,0.092464
0.101,68.7232,0.012401
0.101,68.7232,1.2945e-06
0.101018,68.7895,0.0662636
0.101232,68.8819,0.092464
0.10125,68.8943,0.012401
0.10125,68.8943,1.2945e-06
0.101268,68.9606,0.0662636
0.101482,69.0531,0.092464
0.1015,69.0655,0.012401
0.1015,69.0655,1.2945e-06
0.101518,69.1317,0.0662636
0.101732,69.2242,0.092464
0.10175,69.2366,0.012401
0.10175,69.2366,1.2945e-06
0.101768,69.3029,0.0662636
0.101982,69.3953,0.092464
0.102,69.4077,0.012401
0.102,69.4077,1.2945e-06
0.102018,69.474,0.0662636
0.102232,69.5665,0.092464
0.10225,69.5789,0.012401
0.10225,69.5789,1.2945e-06
0.102268,69.6451,0.0662636
0.102482,69.7376,0.092464
0.1025,69.75,0.012401
0.1025,69.75,1.2945e-06
0.102518,69.8163,0.0662636
0.102732,69.9087,0.092464
0.10275,69.9211,0.012401
0.10275,69.9211,1.2945e-06
0.102768,69.9874,0.0662636
0.102982,70.0798,0.092464
0.103,70.0923,0.012401
0.103,70.0923,1.2945e-06
0.103018,70.1585,0.0662636
0.103232,70.251,0.092464
0.10325,70.2634,0.012401
0.10325,70.2634,1.2945e-06
0.103268,70.3296,0.0662636
0.103482,70.4221,0.092464
0.1035,70.4345,0.012401
0.1035,70.4345,1.2945e-06
0.103518,70.5008,0.0662636
0.103732,70.5932,0.092464
0.10375,70.6056,0.012401
0.10375,70.6056,1.2945e-06
0.103768,70.6719,0.0662636
0.103982,70.7644,0.092464
0.104,70.7768,0.012401
0.104,70.7768,1.2945e-06
0.104018,70.843,0.0662636
0.104232,70.9355,0.092464
0.10425,70.9479,0.012401
0.10425,70.9479,1.2945e-06
0.104268,71.0142,0.0662636
0.104482,71.1066,0.092464
0.1045,71.119,0.012401
0.1045,71.119,1.2945e-06
0.104518,71.1853,0.0662636
0.104732,71.2778,0.092464
0.10475,71.2902,0.012401
0.10475,71.2902,1.2945e-06
0.104768,71.3564,0.0662636
0.104982,71.4489,0.092464
0.105,71.4613,0.012401
0.105,71.4613,1.2945e-06
0.105018,71.5276,0.0662636
0.105232,71.62,0.092464
0.10525,71.6324,0.012401
0.10525,71.6324,1.2945e-06
0.105268,71.6987,0.0662636
0.105482,71.7911,0.092464
0.1055,71.8035,0.012401
0.1055,71.8036,1.2945e-06
0.105518,71.8698,0.0662636
0.105732,71.9623,0.092464
0.10575,71.9747,0.012401
0.10575,71.9747,1.2945e-06
0.105768,72.0409,0.0662636
0.105982,72.1334,0.092464
0.106,72.1458,0.012401
0.106,72.1458,1.2945e-06
0.106018,72.2121,0.0662636
0.106232,72.3045,0.092464
0.10625,72.3169,0.012401
0.10625,72.3169,1.2945e-06
0.106268,72.3832,0.0662636
0.106482,72.4757,0.092464
0.1065,72.4881,0.012401
0.1065,72.4881,1.2945e-06
0.106518,72.5543,0.0662636
0.106732,72.6468,0.092464
0.10675,72.6592,0.012401
0.10675,72.6592,1.2945e-06
0.106768,72.7255,0.0662636
0.106982,72.8179,0.092464
0.107,72.8303,0.012401
0.107,72.8303,1.2945e-06
0.107018,72.8966,0.0662636
0.107232,72.9891,0.092464
0.10725,73.0015,0.012401
0.10725,73.0015,1.2945e-06
0.107268,73.0677,0.0662636
0.107482,73.1602,0.092464
0.1075,73.1726,0.012401
0.1075,73.1726,1.2945e-06
0.107518,73.2389,0.0662636
0.107732,73.3313,0.092464
0.10775,73.3437,0.012401
0.10775,73.3437,1.2945e-06
0.107768,73.41,0.0662636
0.107982,73.5024,0.092464
0.108,73.5148,0.012401
0.108,73.5148,1.2945e-06
0.108018,73.5811,0.0662636
0.108232,73.6736,0.092464
0.10825,73.686,0.012401
0.10825,73.686,1.2945e-06
0.108268,73.7522,0.0662636
0.108482,73.8447,0.092464
0.1085,73.8571,0.012401
0.1085,73.8571,1.2945e-06
0.108518,73.9234,0.0662636
0.108732,74.0158,0.092464
0.10875,74.0282,0.012401
0.10875,74.0282,1.2945e-06
0.108768,74.0945,0.0662636
0.108982,74.187,0.092464
0.109,74.1994,0.012401
0.109,74.1994,1.2945e-06
0.109018,74.2656,0.0662636
0.109232,74.3581,0.092464
0.10925,74.3705,0.012401
0.10925,74.3705,1.2945e-06
0.109268,74.4368,0.0662636
0.109482,74.5292,0.092464
0.1095,74.5416,0.012401
0.1095,74.5416,1.2945e-06
0.109518,74.6079,0.0662636
0.109732,74.7004,0.092464
0.10975,74.7128,0.012401
0.10975,74.7128,1.2945e-06
0.109768,74.779,0.0662636
0.109982,74.8715,0.092464
0.11,74.8839,0.012401
0.11,74.8839,1.2945e-06
0.110018,74.9502,0.0662636
0.110232,75.0426,0.092464
0.11025,75.055,0.012401
0.11025,75.055,1.2945e-06
0.110268,75.1213,0.0662636
0.110482,75.2137,0.092464
0.1105,75.2261,0.012401
0.1105,75.2261,1.2945e-06
0.110518,75.2924,0.0662636
0.110732,75.3849,0.092464
0.11075,75.3973,0.012401
0.11075,75.3973,1.2945e-06
0.110768,75.4635,0.0662636
0.110982,75.556,0.092464
0.111,75.5684,0.012401
0.111,75.5684,1.2945e-06
0.111018,75.6347,0.0662636
0.111232,75.7271,0.092464
0.11125,75.7395,0.012401
0.11125,75.7395,1.2945e-06
0.111268,75.8058,0.0662636
0.111482,75.8983,0.092464
0.1115,75.9107,0.012401
0.1115,75.9107,1.2945e-06
0.111518,75.9769,0.0662636
0.111732,76.0694,0.092464
0.11175,76.0818,0.012401
0.11175,76.0818,1.2945e-06
0.111768,76.1481,0.0662636
0.111982,76.2405,0.092464
0.112,76.2529,0.012401
0.112,76.2529,1.2945e-06
0.112018,76.3192,0.0662636
0.112232,76.4117,0.092464
0.11225,76.4241,0.012401
0.11225,76.4241,1.2945e-06
0.112268,76.4903,0.0662636
0.112482,76.5828,0.092464
0.1125,76.5952,0.012401
0.1125,76.5952,1.2945e-06
0.112518,76.6615,0.0662636
0.112732,76.7539,0.092464
0.11275,76.7663,0.012401
0.11275,76.7663,1.2945e-06
0.112768,76.8326,0.0662636
0.112768,76.8326,8.63e-07
0.112982,77.6278,0.795201
0.112982,77.6278,4.315e-07
0.113,77.6402,0.012401
0.113,77.6402,1.2945e-06
0.113018,77.7064,0.0662636
0.113018,77.7064,8.63e-07
0.113232,78.5016,0.795201
0.113232,78.5016,4.315e-07
0.11325,78.5141,0.012401
0.11325,78.5141,1.2945e-06
0.113268,78.5803,0.0662636
0.113268,78.5803,8.63e-07
0.113482,79.3755,0.795201
0.113482,79.3755,4.315e-07
0.1135,79.3879,0.012401
0.1135,79.3879,1.2945e-06
0.113518,79.4542,0.0662636
0.113518,79.4542,8.63e-07
0.113554,79.5867,0.132527
0.113732,79.6638,0.0770534
0.11375,79.6762,0.012401
0.11375,79.6762,1.2945e-06
0.113768,79.7424,0.0662636
0.113768,79.7424,8.63e-07
0.113804,79.875,0.132527
0.113982,79.952,0.0770534
0.114,79.9644,0.012401
0.114,79.9644,1.2945e-06
0.114018,80.0307,0.0662636
0.114232,80.1231,0.092464
0.11425,80.1355,0.012401
0.11425,80.1355,1.2945e-06
0.114268,80.2018,0.0662636
0.114268,80.2018,8.63e-07
0.114304,80.3343,0.132527
0.114482,80.4114,0.0770534
0.1145,80.4238,0.012401
0.1145,80.4238,1.2945e-06
0.114518,80.4901,0.0662636
0.114518,80.4901,8.63e-07
0.114554,80.6226,0.132527
0.114554,80.6226,8.63e-07
0.114589,80.7551,0.132527
0.114732,80.8168,0.0616428
0.11475,80.8292,0.012401
0.11475,80.8292,1.2945e-06
0.114768,80.8954,0.0662636
0.114768,80.8954,8.63e-07
0.114804,81.0279,0.132527
0.114982,81.105,0.0770534
0.115,81.1174,0.012401
0.115,81.1174,1.2945e-06
0.115018,81.1837,0.0662636
0.115232,81.2761,0.092464
0.11525,81.2885,0.012401
0.11525,81.2885,1.2945e-06
0.115268,81.3548,0.0662636
0.115268,81.3548,8.63e-07
0.115304,81.4873,0.132527
0.115482,81.5644,0.0770534
0.1155,81.5768,0.012401
0.1155,81.5768,1.2945e-06
0.115518,81.643,0.0662636
0.115732,81.7355,0.092464
0.11575,81.7479,0.012401
0.11575,81.7479,1.2945e-06
0.115768,81.8142,0.0662636
0.115768,81.8142,8.63e-07
0.115804,81.9467,0.132527
0.115982,82.0238,0.0770534
0.116,82.0362,0.012401
0.116,82.0362,1.2945e-06
0.116018,82.1024,0.0662636
0.116018,82.1024,8.63e-07
0.116054,82.235,0.132527
0.116054,82.235,8.63e-07
0.116089,82.3675,0.132527
0.116232,82.4291,0.0616428
0.11625,82.4415,0.012401
0.11625,82.4415,1.2945e-06
0.116268,82.5078,0.0662636
0.116268,82.5078,8.63e-07
0.116304,82.6403,0.132527
0.116482,82.7174,0.0770534
0.1165,82.7298,0.012401
0.1165,82.7298,1.2945e-06
0.116518,82.796,0.0662636
0.116518,82.796,8.63e-07
0.116554,82.9286,0.132527
0.116554,82.9286,8.63e-07
0.116589,83.0611,0.132527
0.116732,83.1227,0.0616428
0.11675,83.1351,0.012401
0.11675,83.1351,1.2945e-06
0.116768,83.2014,0.0662636
0.116768,83.2014,8.63e-07
0.116804,83.3339,0.132527
0.116982,83.411,0.0770534
0.117,83.4234,0.012401
0.117,83.4234,1.2945e-06
0.117018,83.4896,0.0662636
0.117232,83.5821,0.092464
0.11725,83.5945,0.012401
0.11725,83.5945,1.2945e-06
0.117268,83.6608,0.0662636
0.117268,83.6608,8.63e-07
0.117304,83.7933,0.132527
0.117482,83.8704,0.0770534
0.1175,83.8828,0.012401
0.1175,83.8828,1.2945e-06
0.117518,83.949,0.0662636
0.117732,84.0415,0.092464
0.11775,84.0539,0.012401
0.11775,84.0539,1.2945e-06
0.117768,84.1202,0.0662636
0.117768,84.1202,8.63e-07
0.117804,84.2527,0.132527
0.117982,84.3297,0.0770534
0.118,84.3421,0.012401
0.118,84.3421,1.2945e-06
0.118018,84.4084,0.0662636
0.118018,84.4084,8.63e-07
0.118054,84.5409,0.132527
0.118054,84.5409,8.63e-07
0.118089,84.6735,0.132527
0.118232,84.7351,0.0616428
0.11825,84.7475,0.012401
0.11825,84.7475,1.2945e-06
0.118268,84.8138,0.0662636
0.118268,84.8138,8.63e-07
0.118304,84.9463,0.132527
0.118482,85.0233,0.0770534
0.1185,85.0357,0.012401
0.1185,85.0357,1.2945e-06
0.118518,85.102,0.0662636
0.118518,85.102,8.63e-07
0.118554,85.2345,0.132527
0.118554,85.2345,8.63e-07
0.118589,85.3671,0.132527
0.118732,85.4287,0.0616428
0.11875,85.4411,0.012401
0.11875,85.4411,1.2945e-06
0.118768,85.5074,0.0662636
0.118768,85.5074,8.63e-07
0.118804,85.6399,0.132527
0.118982,85.717,0.0770534
0.119,85.7294,0.012401
0.119,85.7294,1.2945e-06
0.119018,85.7956,0.0662636
0.119232,85.8881,0.092464
0.11925,85.9005,0.012401
0.11925,85.9005,1.2945e-06
0.119268,85.9668,0.0662636
0.119268,85.9668,8.63e-07
0.119304,86.0993,0.132527
0.119482,86.1763,0.0770534
0.1195,86.1887,0.012401
0.1195,86.1887,1.2945e-06
0.119518,86.255,0.0662636
0.119732,86.3475,0.092464
0.11975,86.3599,0.012401
0.11975,86.3599,1.2945e-06
0.119768,86.4261,0.0662636
0.119768,86.4261,8.63e-07
0.119804,86.5587,0.132527
0.119982,86.6357,0.0770534
0.12,86.6481,0.012401
0.12,86.6481,1.2945e-06
0.120018,86.7144,0.0662636
0.120018,86.7144,8.63e-07
0.120054,86.8469,0.132527
0.120054,86.8469,8.63e-07
0.120089,86.9794,0.132527
0.120232,87.0411,0.0616428
0.12025,87.0535,0.012401
0.12025,87.0535,1.2945e-06
0.120268,87.1197,0.0662636
0.120268,87.1197,8.63e-07
0.120304,87.2523,0.132527
0.120482,87.3293,0.0770534
0.1205,87.3417,0.012401
0.1205,87.3417,1.2945e-06
0.120518,87.408,0.0662636
0.120732,87.5005,0.092464
0.12075,87.5129,0.012401
0.12075,87.5129,1.2945e-06
0.120768,87.5791,0.0662636
0.120768,87.5791,8.63e-07
0.120804,87.7117,0.132527
0.120982,87.7887,0.0770534
0.121,87.8011,0.012401
0.121,87.8011,1.2945e-06
0.121018,87.8674,0.0662636
0.121232,87.9598,0.092464
0.12125,87.9722,0.012401
0.12125,87.9722,1.2945e-06
0.121268,88.0385,0.0662636
0.121268,88.0385,8.63e-07
0.121304,88.171,0.132527
0.121482,88.2481,0.0770534
0.1215,88.2605,0.012401
0.1215,88.2605,1.2945e-06
0.121518,88.3267,0.0662636
0.121732,88.4192,0.092464
0.12175,88.4316,0.012401
0.12175,88.4316,1.2945e-06
0.121768,88.4979,0.0662636
0.121768,88.4979,8.63e-07
0.121804,88.6304,0.132527
0.121982,88.7075,0.0770534
0.122,88.7199,0.012401
0.122,88.7199,1.2945e-06
0.122018,88.7861,0.0662636
0.122232,88.8786,0.092464
0.12225,88.891,0.012401
0.12225,88.891,1.2945e-06
0.122268,88.9573,0.0662636
0.122268,88.9573,8.63e-07
0.122304,89.0898,0.132527
0.122482,89.1668,0.0770534
0.1225,89.1792,0.012401
0.1225,89.1792,1.2945e-06
0.122518,89.2455,0.0662636
0.122732,89.338,0.092464
0.12275,89.3504,0.012401
0.12275,89.3504,1.2945e-06
0.122768,89.4166,0.0662636
0.122768,89.4166,8.63e-07
0.122804,89.5492,0.132527
0.122982,89.6262,0.0770534
0.123,89.6386,0.012401
0.123,89.6386,1.2945e-06
0.123018,89.7049,0.0662636
0.123232,89.7973,0.092464
0.12325,89.8097,0.012401
0.12325,89.8097,1.2945e-06
0.123268,89.876,0.0662636
0.123268,89.876,8.63e-07
0.123304,90.0085,0.132527
0.123482,90.0856,0.0770534
0.1235,90.098,0.012401
0.1235,90.098,1.2945e-06
0.123518,90.1643,0.0662636
0.123732,90.2567,0.092464
0.12375,90.2691,0.012401
0.12375,90.2691,1.2945e-06
0.123768,90.3354,0.0662636
0.123768,90.3354,8.63e-07
0.123804,90.4679,0.132527
0.123982,90.545,0.0770534
0.124,90.5574,0.012401
0.124,90.5574,1.2945e-06
0.124018,90.6236,0.0662636
0.124232,90.7161,0.092464
0.12425,90.7285,0.012401
0.12425,90.7285,1.2945e-06
0.124268,90.7948,0.0662636
0.124268,90.7948,8.63e-07
0.124304,90.9273,0.132527
0.124482,91.0043,0.0770534
0.1245,91.0167,0.012401
0.1245,91.0167,1.2945e-06
0.124518,91.083,0.0662636
0.124732,91.1755,0.092464
0.12475,91.1879,0.012401
0.12475,91.1879,1.2945e-06
0.124768,91.2541,0.0662636
0.124768,91.2541,8.63e-07
0.124804,91.3867,0.132527
0.124982,91.4637,0.0770534
0.125,91.4761,0.012401
0.125,91.4761,1.2945e-06
0.125018,91.5424,0.0662636
0.125232,91.6349,0.092464
0.12525,91.6473,0.012401
0.12525,91.6473,1.2945e-06
0.125268,91.7135,0.0662636
0.125268,91.7135,8.63e-07
0.125304,91.846,0.132527
0.125482,91.9231,0.0770534
0.1255,91.9355,0.012401
0.1255,91.9355,1.2945e-06
0.125518,92.0018,0.0662636
0.125732,92.0942,0.092464
0.12575,92.1066,0.012401
0.12575,92.1066,1.2945e-06
0.125768,92.1729,0.0662636
0.125768,92.1729,8.63e-07
0.125804,92.3054,0.132527
0.125982,92.3825,0.0770534
0.126,92.3949,0.012401
0.126,92.3949,1.2945e-06
0.126018,92.4611,0.0662636
0.126232,92.5536,0.092464
0.12625,92.566,0.012401
0.12625,92.566,1.2945e-06
0.126268,92.6323,0.0662636
0.126268,92.6323,8.63e-07
0.126304,92.7648,0.132527
0.126482,92.8419,0.0770534
0.1265,92.8543,0.012401
0.1265,92.8543,1.2945e-06
0.126518,92.9205,0.0662636
0.126732,93.013,0.092464
0.12675,93.0254,0.012401
0.12675,93.0254,1.2945e-06
0.126768,93.0916,0.0662636
0.126768,93.0917,8.63e-07
0.126804,93.2242,0.132527
0.126982,93.3012,0.0770534
0.127,93.3136,0.012401
0.127,93.3136,1.2945e-06
0.127018,93.3799,0.0662636
0.127232,93.4724,0.092464
0.12725,93.4848,0.012401
0.12725,93.4848,1.2945e-06
0.127268,93.551,0.0662636
0.127268,93.551,8.63e-07
0.127304,93.6836,0.132527
0.127482,93.7606,0.0770534
0.1275,93.773,0.012401
0.1275,93.773,1.2945e-06
0.127518,93.8393,0.0662636
0.127732,93.9317,0.092464
0.12775,93.9441,0.012401
0.12775,93.9441,1.2945e-06
0.127768,94.0104,0.0662636
0.127768,94.0104,8.63e-07
0.127804,94.1429,0.132527
0.127982,94.22,0.0770534
0.128,94.2324,0.012401
0.128,94.2324,1.2945e-06
0.128018,94.2987,0.0662636
0.128232,94.3911,0.092464
0.12825,94.4035,0.012401
0.12825,94.4035,1.2945e-06
0.128268,94.4698,0.0662636
0.128268,94.4698,8.63e-07
0.128304,94.6023,0.132527
0.128482,94.6794,0.0770534
0.1285,94.6918,0.012401
0.1285,94.6918,1.2945e-06
0.128518,94.758,0.0662636
0.128732,94.8505,0.092464
0.12875,94.8629,0.012401
0.12875,94.8629,1.2945e-06
0.128768,94.9292,0.0662636
0.128768,94.9292,8.63e-07
0.128804,95.0617,0.132527
0.128982,95.1387,0.0770534
0.129,95.1511,0.012401
0.129,95.1511,1.2945e-06
0.129018,95.2174,0.0662636
0.129232,95.3099,0.092464
0.12925,95.3223,0.012401
0.12925,95.3223,1.2945e-06
0.129268,95.3885,0.0662636
0.129268,95.3885,8.63e-07
0.129304,95.5211,0.132527
0.129482,95.5981,0.0770534
0.1295,95.6105,0.012401
0.1295,95.6105,1.2945e-06
0.129518,95.6768,0.0662636
0.129732,95.7692,0.092464
0.12975,95.7816,0.012401
0.12975,95.7816,1.2945e-06
0.129768,95.8479,0.0662636
0.129768,95.8479,8.63e-07
0.129804,95.9804,0.132527
0.129982,96.0575,0.0770534
0.13,96.0699,0.012401
0.13,96.0699,1.2945e-06
0.130018,96.1362,0.0662636
0.130232,96.2286,0.092464
0.13025,96.241,0.012401
0.13025,96.241,1.2945e-06
0.130268,96.3073,0.0662636
0.130268,96.3073,8.63e-07
0.130304,96.4398,0.132527
0.130482,96.5169,0.0770534
0.1305,96.5293,0.012401
0.1305,96.5293,1.2945e-06
0.130518,96.5955,0.0662636
0.130732,96.688,0.092464
0.13075,96.7004,0.012401
0.13075,96.7004,1.2945e-06
0.130768,96.7667,0.0662636
0.130768,96.7667,8.63e-07
0.130804,96.8992,0.132527
0.130982,96.9762,0.0770534
0.131,96.9887,0.012401
0.131,96.9887,1.2945e-06
0.131018,97.0549,0.0662636
0.131232,97.1474,0.092464
0.13125,97.1598,0.012401
0.13125,97.1598,1.2945e-06
0.131268,97.226,0.0662636
0.131268,97.226,8.63e-07
0.131304,97.3586,0.132527
0.131482,97.4356,0.0770534
0.1315,97.448,0.012401
0.1315,97.448,1.2945e-06
0.131518,97.5143,0.0662636
0.131732,97.6068,0.092464
0.13175,97.6192,0.012401
0.13175,97.6192,1.2945e-06
0.131768,97.6854,0.0662636
0.131768,97.6854,8.63e-07
0.131804,97.818,0.132527
0.131982,97.895,0.0770534
0.132,97.9074,0.012401
0.132,97.9074,1.2945e-06
0.132018,97.9737,0.0662636
0.132232,98.0661,0.092464
0.13225,98.0785,0.012401
0.13225,98.0785,1.2945e-06
0.132268,98.1448,0.0662636
0.132268,98.1448,8.63e-07
0.132304,98.2773,0.132527
0.132482,98.3544,0.0770534
0.1325,98.3668,0.012401
0.1325,98.3668,1.2945e-06
0.132518,98.433,0.0662636
0.132732,98.5255,0.092464
0.13275,98.5379,0.012401
0.13275,98.5379,1.2945e-06
0.132768,98.6042,0.0662636
0.132768,98.6042,8.63e-07
0.132804,98.7367,0.132527
0.132982,98.8138,0.0770534
0.133,98.8262,0.012401
0.133,98.8262,1.2945e-06
0.133018,98.8924,0.0662636
0.133232,98.9849,0.092464
0.13325,98.9973,0.012401
0.13325,98.9973,1.2945e-06
0.133268,99.0636,0.0662636
0.133268,99.0636,8.63e-07
0.133304,99.1961,0.132527
0.133482,99.2731,0.0770534
0.1335,99.2855,0.012401
0.1335,99.2855,1.2945e-06
0.133518,99.3518,0.0662636
0.133732,99.4443,0.092464
0.13375,99.4567,0.012401
0.13375,99.4567,1.2945e-06
0.133768,99.5229,0.0662636
0.133768,99.5229,8.63e-07
0.133804,99.6555,0.132527
0.133982,99.7325,0.0770534
0.134,99.7449,0.012401
0.134,99.7449,1.2945e-06
0.134018,99.8112,0.0662636
0.134232,99.9036,0.092464
0.13425,99.916,0.012401
0.13425,99.916,1.2945e-06
0.134268,99.9823,0.0662636
0.134268,99.9823,8.63e-07
0.134304,100.115,0.132527
0.134482,100.192,0.0770534
0.1345,100.204,0.012401
0.1345,100.204,1.2945e-06
0.134518,100.271,0.0662636
0.134732,100.363,0.092464
0.13475,100.375,0.012401
0.13475,100.375,1.2945e-06
0.134768,100.442,0.0662636
0.134768,100.442,8.63e-07
0.134804,100.574,0.132527
0.134982,100.651,0.0770534
0.135,100.664,0.012401
0.135,100.664,1.2945e-06
0.135018,100.73,0.0662636
0.135232,100.822,0.092464
0.13525,100.835,0.012401
0.13525,100.835,1.2945e-06
0.135268,100.901,0.0662636
0.135268,100.901,8.63e-07
0.135304,101.034,0.132527
0.135482,101.111,0.0770534
0.1355,101.123,0.012401
0.1355,101.123,1.2945e-06
0.135518,101.189,0.0662636
0.135732,101.282,0.092464
0.13575,101.294,0.012401
0.13575,101.294,1.2945e-06
0.135768,101.36,0.0662636
0.135768,101.36,8.63e-07
0.135804,101.493,0.132527
0.135982,101.57,0.0770534
0.136,101.582,0.012401
0.136,101.582,1.2945e-06
0.136018,101.649,0.0662636
0.136232,101.741,0.092464
0.13625,101.754,0.012401
0.13625,101.754,1.2945e-06
0.136268,101.82,0.0662636
0.136268,101.82,8.63e-07
0.136304,101.952,0.132527
0.136482,102.029,0.0770534
0.1365,102.042,0.012401
0.1365,102.042,1.2945e-06
0.136518,102.108,0.0662636
0.136732,102.201,0.092464
0.13675,102.213,0.012401
0.13675,102.213,1.2945e-06
0.136768,102.279,0.0662636
0.136768,102.279,8.63e-07
0.136804,102.412,0.132527
0.136982,102.489,0.0770534
0.137,102.501,0.012401
0.137,102.501,1.2945e-06
0.137018,102.567,0.0662636
0.137232,102.66,0.092464
0.13725,102.672,0.012401
0.13725,102.672,1.2945e-06
0.137268,102.739,0.0662636
0.137268,102.739,8.63e-07
0.137304,102.871,0.132527
0.137482,102.948,0.0770534
0.1375,102.961,0.012401
0.1375,102.961,1.2945e-06
0.137518,103.027,0.0662636
0.137732,103.119,0.092464
0.13775,103.132,0.012401
0.13775,103.132,1.2945e-06
0.137768,103.198,0.0662636
0.137768,103.198,8.63e-07
0.137804,103.33,0.132527
0.137982,103.408,0.0770534
0.138,103.42,0.012401
0.138,103.42,1.2945e-06
0.138018,103.486,0.0662636
0.138232,103.579,0.092464
0.13825,103.591,0.012401
0.13825,103.591,1.2945e-06
0.138268,103.657,0.0662636
0.138268,103.657,8.63e-07
0.138304,103.79,0.132527
0.138482,103.867,0.0770534
0.1385,103.879,0.012401
0.1385,103.879,1.2945e-06
0.138518,103.946,0.0662636
0.138732,104.038,0.092464
0.13875,104.05,0.012401
0.13875,104.05,1.2945e-06
0.138768,104.117,0.0662636
0.138768,104.117,8.63e-07
0.138804,104.249,0.132527
0.138982,104.326,0.0770534
0.139,104.339,0.012401
0.139,104.339,1.2945e-06
0.139018,104.405,0.0662636
0.139232,104.497,0.092464
0.13925,104.51,0.012401
0.13925,104.51,1.2945e-06
0.139268,104.576,0.0662636
0.139268,104.576,8.63e-07
0.139304,104.709,0.132527
0.139482,104.786,0.0770534
0.1395,104.798,0.012401
0.1395,104.798,1.2945e-06
0.139518,104.864,0.0662636
0.139732,104.957,0.092464
0.13975,104.969,0.012401
0.13975,104.969,1.2945e-06
0.139768,105.035,0.0662636
0.139768,105.035,8.63e-07
0.139804,105.168,0.132527
0.139982,105.245,0.0770534
0.14,105.257,0.012401
0.14,105.257,1.2945e-06
0.140018,105.324,0.0662636
0.140018,105.324,8.63e-07
0.140054,105.456,0.132527
0.140054,105.456,8.63e-07
0.140089,105.589,0.132527
0.140232,105.65,0.0616428
0.14025,105.663,0.012401
0.14025,105.663,1.2945e-06
0.140268,105.729,0.0662636
0.140268,105.729,8.63e-07
0.140304,105.862,0.132527
0.140482,105.939,0.0770534
0.1405,105.951,0.012401
0.1405,105.951,1.2945e-06
0.140518,106.017,0.0662636
0.140732,106.11,0.092464
0.14075,106.122,0.012401
0.14075,106.122,1.2945e-06
0.140768,106.188,0.0662636
0.140768,106.188,8.63e-07
0.140804,106.321,0.132527
0.140982,106.398,0.0770534
0.141,106.41,0.012401
0.141,106.41,1.2945e-06
0.141018,106.477,0.0662636
0.141232,106.569,0.092464
0.14125,106.582,0.012401
0.14125,106.582,1.2945e-06
0.141268,106.648,0.0662636
0.141268,106.648,8.63e-07
0.141304,106.78,0.132527
0.141482,106.857,0.0770534
0.1415,106.87,0.012401
0.1415,106.87,1.2945e-06
0.141518,106.936,0.0662636
0.141518,106.936,8.63e-07
0.141554,107.069,0.132527
0.141554,107.069,8.63e-07
0.141589,107.201,0.132527
0.141732,107.263,0.0616428
0.14175,107.275,0.012401
0.14175,107.275,1.2945e-06
0.141768,107.341,0.0662636
0.141768,107.341,8.63e-07
0.141804,107.474,0.132527
0.141982,107.551,0.0770534
0.142,107.563,0.012401
0.142,107.563,1.2945e-06
0.142018,107.63,0.0662636
0.142232,107.722,0.092464
0.14225,107.735,0.012401
0.14225,107.735,1.2945e-06
0.142268,107.801,0.0662636
0.142268,107.801,8.63e-07
0.142304,107.933,0.132527
0.142482,108.01,0.0770534
0.1425,108.023,0.012401
0.1425,108.023,1.2945e-06
0.142518,108.089,0.0662636
0.142732,108.182,0.092464
0.14275,108.194,0.012401
0.14275,108.194,1.2945e-06
0.142768,108.26,0.0662636
0.142768,108.26,8.63e-07
0.142804,108.393,0.132527
0.142982,108.47,0.0770534
0.143,108.482,0.012401
0.143,108.482,1.2945e-06
0.143018,108.548,0.0662636
0.143232,108.641,0.092464
0.14325,108.653,0.012401
0.14325,108.653,1.2945e-06
0.143268,108.72,0.0662636
0.143268,108.72,8.63e-07
0.143304,108.852,0.132527
0.143482,108.929,0.0770534
0.1435,108.942,0.012401
0.1435,108.942,1.2945e-06
0.143518,109.008,0.0662636
0.143518,109.008,8.63e-07
0.143554,109.14,0.132527
0.143554,109.14,8.63e-07
0.143589,109.273,0.132527
0.143732,109.335,0.0616428
0.14375,109.347,0.012401
0.14375,109.347,1.2945e-06
0.143768,109.413,0.0662636
0.143768,109.413,8.63e-07
0.143804,109.546,0.132527
0.143982,109.623,0.0770534
0.144,109.635,0.012401
0.144,109.635,1.2945e-06
0.144018,109.701,0.0662636
0.144018,109.701,8.63e-07
0.144054,109.834,0.132527
0.144054,109.834,8.63e-07
0.144089,109.966,0.132527
0.144232,110.028,0.0616428
0.14425,110.041,0.012401
0.14425,110.041,1.2945e-06
0.144268,110.107,0.0662636
0.144268,110.107,8.63e-07
0.144304,110.239,0.132527
0.144482,110.316,0.0770534
0.1445,110.329,0.012401
0.1445,110.329,1.2945e-06
0.144518,110.395,0.0662636
0.144732,110.488,0.092464
0.14475,110.5,0.012401
0.14475,110.5,1.2945e-06
0.144768,110.566,0.0662636
0.144768,110.566,8.63e-07
0.144804,110.699,0.132527
0.144982,110.776,0.0770534
0.145,110.788,0.012401
0.145,110.788,1.2945e-06
0.145018,110.854,0.0662636
0.145018,110.854,8.63e-07
0.145054,110.987,0.132527
0.145054,110.987,8.63e-07
0.145089,111.119,0.132527
0.145232,111.181,0.0616428
0.14525,111.194,0.012401
0.14525,111.194,1.2945e-06
0.145268,111.26,0.0662636
0.145268,111.26,8.63e-07
0.145304,111.392,0.132527
0.145482,111.469,0.0770534
0.1455,111.482,0.012401
0.1455,111.482,1.2945e-06
0.145518,111.548,0.0662636
0.145518,111.548,8.63e-07
0.145554,111.681,0.132527
0.145554,111.681,8.63e-07
0.145589,111.813,0.132527
0.145732,111.875,0.0616428
0.14575,111.887,0.012401
0.14575,111.887,1.2945e-06
0.145768,111.953,0.0662636
0.145768,111.953,8.63e-07
0.145804,112.086,0.132527
0.145982,112.163,0.0770534
0.146,112.175,0.012401
0.146,112.175,1.2945e-06
0.146018,112.242,0.0662636
0.146232,112.334,0.092464
0.14625,112.347,0.012401
0.14625,112.347,1.2945e-06
0.146268,112.413,0.0662636
0.146268,112.413,8.63e-07
0.146304,112.545,0.132527
0.146482,112.622,0.0770534
0.1465,112.635,0.012401
0.1465,112.635,1.2945e-06
0.146518,112.701,0.0662636
0.146732,112.793,0.092464
0.14675,112.806,0.012401
0.14675,112.806,1.2945e-06
0.146768,112.872,0.0662636
0.146768,112.872,8.63e-07
0.146804,113.005,0.132527
0.146982,113.082,0.0770534
0.147,113.094,0.012401
0.147,113.094,1.2945e-06
0.147018,113.16,0.0662636
0.147232,113.253,0.092464
0.14725,113.265,0.012401
0.14725,113.265,1.2945e-06
0.147268,113.332,0.0662636
0.147268,113.332,8.63e-07
0.147304,113.464,0.132527
0.147482,113.541,0.0770534
0.1475,113.554,0.012401
0.1475,113.554,1.2945e-06
0.147518,113.62,0.0662636
0.147732,113.712,0.092464
0.14775,113.725,0.012401
0.14775,113.725,1.2945e-06
0.147768,113.791,0.0662636
0.147768,113.791,8.63e-07
0.147804,113.923,0.132527
0.147982,114,0.0770534
0.148,114.013,0.012401
0.148,114.013,1.2945e-06
0.148018,114.079,0.0662636
0.148232,114.172,0.092464
0.14825,114.184,0.012401
0.14825,114.184,1.2945e-06
0.148268,114.25,0.0662636
0.148268,114.25,8.63e-07
0.148304,114.383,0.132527
0.148482,114.46,0.0770534
0.1485,114.472,0.012401
0.1485,114.472,1.2945e-06
0.148518,114.539,0.0662636
0.148732,114.631,0.092464
0.14875,114.643,0.012401
0.14875,114.643,1.2945e-06
0.148768,114.71,0.0662636
0.148768,114.71,8.63e-07
0.148804,114.842,0.132527
0.148982,114.919,0.0770534
0.149,114.932,0.012401
0.149,114.932,1.2945e-06
0.149018,114.998,0.0662636
0.149232,115.09,0.092464
0.14925,115.103,0.012401
0.14925,115.103,1.2945e-06
0.149268,115.169,0.0662636
0.149268,115.169,8.63e-07
0.149304,115.302,0.132527
0.149482,115.379,0.0770534
0.1495,115.391,0.012401
0.1495,115.391,1.2945e-06
0.149518,115.457,0.0662636
0.149732,115.55,0.092464
0.14975,115.562,0.012401
0.14975,115.562,1.2945e-06
0.149768,115.628,0.0662636
0.149768,115.628,8.63e-07
0.149804,115.761,0.132527
0.149982,115.838,0.0770534
0.15,115.85,0.012401
0.15,115.85,1.2945e-06
0.150018,115.917,0.0662636
0.150232,116.009,0.092464
0.15025,116.022,0.012401
0.15025,116.022,1.2945e-06
0.150268,116.088,0.0662636
0.150268,116.088,8.63e-07
0.150304,116.22,0.132527
0.150482,116.297,0.0770534
0.1505,116.31,0.012401
0.1505,116.31,1.2945e-06
0.150518,116.376,0.0662636
0.150732,116.469,0.092464
0.15075,116.481,0.012401
0.15075,116.481,1.2945e-06
0.150768,116.547,0.0662636
0.150768,116.547,8.63e-07
0.150804,116.68,0.132527
0.150982,116.757,0.0770534
0.151,116.769,0.012401
0.151,116.769,1.2945e-06
0.151018,116.835,0.0662636
0.151232,116.928,0.092464
0.15125,116.94,0.012401
0.15125,116.94,1.2945e-06
0.151268,117.007,0.0662636
0.151268,117.007,8.63e-07
0.151304,117.139,0.132527
0.151482,117.216,0.0770534
0.1515,117.229,0.012401
0.1515,117.229,1.2945e-06
0.151518,117.295,0.0662636
0.151732,117.387,0.092464
0.15175,117.4,0.012401
0.15175,117.4,1.2945e-06
0.151768,117.466,0.0662636
0.151768,117.466,8.63e-07
0.151804,117.598,0.132527
0.151982,117.676,0.0770534
0.152,117.688,0.012401
0.152,117.688,1.2945e-06
0.152018,117.754,0.0662636
0.152232,117.847,0.092464
0.15225,117.859,0.012401
0.15225,117.859,1.2945e-06
0.152268,117.925,0.0662636
0.152268,117.925,8.63e-07
0.152304,118.058,0.132527
0.152482,118.135,0.0770534
0.1525,118.147,0.012401
0.1525,118.147,1.2945e-06
0.152518,118.214,0.0662636
0.152732,118.306,0.092464
0.15275,118.318,0.012401
0.15275,118.318,1.2945e-06
0.152768,118.385,0.0662636
0.152768,118.385,8.63e-07
0.152804,118.517,0.132527
0.152982,118.594,0.0770534
0.153,118.607,0.012401
0.153,118.607,1.2945e-06
0.153018,118.673,0.0662636
0.153232,118.765,0.092464
0.15325,118.778,0.012401
0.15325,118.778,1.2945e-06
0.153268,118.844,0.0662636
0.153268,118.844,8.63e-07
0.153304,118.977,0.132527
0.153482,119.054,0.0770534
0.1535,119.066,0.012401
0.1535,119.066,1.2945e-06
0.153518,119.132,0.0662636
0.153732,119.225,0.092464
0.15375,119.237,0.012401
0.15375,119.237,1.2945e-06
0.153768,119.303,0.0662636
0.153768,119.303,8.63e-07
0.153804,119.436,0.132527
0.153982,119.513,0.0770534
0.154,119.525,0.012401
0.154,119.525,1.2945e-06
0.154018,119.592,0.0662636
0.154232,119.684,0.092464
0.15425,119.697,0.012401
0.15425,119.697,1.2945e-06
0.154268,119.763,0.0662636
0.154268,119.763,8.63e-07
0.154304,119.895,0.132527
0.154482,119.972,0.0770534
0.1545,119.985,0.012401
0.1545,119.985,1.2945e-06
0.154518,120.051,0.0662636
0.154732,120.144,0.092464
0.15475,120.156,0.012401
0.15475,120.156,1.2945e-06
0.154768,120.222,0.0662636
0.154768,120.222,8.63e-07
0.154804,120.355,0.132527
0.154982,120.432,0.0770534
0.155,120.444,0.012401
0.155,120.444,1.2945e-06
0.155018,120.51,0.0662636
0.155232,120.603,0.092464
0.15525,120.615,0.012401
0.15525,120.615,1.2945e-06
0.155268,120.682,0.0662636
0.155268,120.682,8.63e-07
0.155304,120.814,0.132527
0.155482,120.891,0.0770534
0.1555,120.904,0.012401
0.1555,120.904,1.2945e-06
0.155518,120.97,0.0662636
0.155732,121.062,0.092464
0.15575,121.075,0.012401
0.15575,121.075,1.2945e-06
0.155768,121.141,0.0662636
0.155768,121.141,8.63e-07
0.155804,121.273,0.132527
0.155982,121.351,0.0770534
0.156,121.363,0.012401
0.156,121.363,1.2945e-06
0.156018,121.429,0.0662636
0.156232,121.522,0.092464
0.15625,121.534,0.012401
0.15625,121.534,1.2945e-06
0.156268,121.6,0.0662636
0.156268,121.6,8.63e-07
0.156304,121.733,0.132527
0.156482,121.81,0.0770534
0.1565,121.822,0.012401
0.1565,121.822,1.2945e-06
0.156518,121.889,0.0662636
0.156732,121.981,0.092464
0.15675,121.993,0.012401
0.15675,121.993,1.2945e-06
0.156768,122.06,0.0662636
0.156768,122.06,8.63e-07
0.156804,122.192,0.132527
0.156982,122.269,0.0770534
0.157,122.282,0.012401
0.157,122.282,1.2945e-06
0.157018,122.348,0.0662636
0.157232,122.44,0.092464
0.15725,122.453,0.012401
0.15725,122.453,1.2945e-06
0.157268,122.519,0.0662636
0.157268,122.519,8.63e-07
0.157304,122.652,0.132527
0.157482,122.729,0.0770534
0.1575,122.741,0.012401
0.1575,122.741,1.2945e-06
0.157518,122.807,0.0662636
0.157732,122.9,0.092464
0.15775,122.912,0.012401
0.15775,122.912,1.2945e-06
0.157768,122.978,0.0662636
0.157768,122.978,8.63e-07
0.157804,123.111,0.132527
0.157982,123.188,0.0770534
0.158,123.2,0.012401
0.158,123.2,1.2945e-06
0.158018,123.267,0.0662636
0.158232,123.359,0.092464
0.15825,123.372,0.012401
0.15825,123.372,1.2945e-06
0.158268,123.438,0.0662636
0.158268,123.438,8.63e-07
0.158304,123.57,0.132527
0.158482,123.647,0.0770534
0.1585,123.66,0.012401
0.1585,123.66,1.2945e-06
0.158518,123.726,0.0662636
0.158732,123.819,0.092464
0.15875,123.831,0.012401
0.15875,123.831,1.2945e-06
0.158768,123.897,0.0662636
0.158768,123.897,8.63e-07
0.158804,124.03,0.132527
0.158982,124.107,0.0770534
0.159,124.119,0.012401
0.159,124.119,1.2945e-06
0.159018,124.185,0.0662636
0.159232,124.278,0.092464
0.15925,124.29,0.012401
0.15925,124.29,1.2945e-06
0.159268,124.357,0.0662636
0.159268,124.357,8.63e-07
0.159304,124.489,0.132527
0.159482,124.566,0.0770534
0.1595,124.579,0.012401
0.1595,124.579,1.2945e-06
0.159518,124.645,0.0662636
0.159732,124.737,0.092464
0.15975,124.75,0.012401
0.15975,124.75,1.2945e-06
0.159768,124.816,0.0662636
0.159768,124.816,8.63e-07
0.159804,124.948,0.132527
0.159982,125.026,0.0770534
0.16,125.038,0.012401
0.16,125.038,1.2945e-06
0.160018,125.104,0.0662636
0.160232,125.197,0.092464
0.16025,125.209,0.012401
0.16025,125.209,1.2945e-06
0.160268,125.275,0.0662636
0.160268,125.275,8.63e-07
0.160304,125.408,0.132527
0.160482,125.485,0.0770534
0.1605,125.497,0.012401
0.1605,125.497,1.2945e-06
0.160518,125.564,0.0662636
0.160732,125.656,0.092464
0.16075,125.668,0.012401
0.16075,125.668,1.2945e-06
0.160768,125.735,0.0662636
0.160768,125.735,8.63e-07
0.160804,125.867,0.132527
0.160982,125.944,0.0770534
0.161,125.957,0.012401
0.161,125.957,1.2945e-06
0.161018,126.023,0.0662636
0.161232,126.115,0.092464
0.16125,126.128,0.012401
0.16125,126.128,1.2945e-06
0.161268,126.194,0.0662636
0.161268,126.194,8.63e-07
0.161304,126.327,0.132527
0.161482,126.404,0.0770534
0.1615,126.416,0.012401
0.1615,126.416,1.2945e-06
0.161518,126.482,0.0662636
0.161732,126.575,0.092464
0.16175,126.587,0.012401
0.16175,126.587,1.2945e-06
0.161768,126.653,0.0662636
0.161768,126.653,8.63e-07
0.161804,126.786,0.132527
0.161982,126.863,0.0770534
0.162,126.875,0.012401
0.162,126.875,1.2945e-06
0.162018,126.942,0.0662636
0.162232,127.034,0.092464
0.16225,127.047,0.012401
0.16225,127.047,1.2945e-06
0.162268,127.113,0.0662636
0.162268,127.113,8.63e-07
0.162304,127.245,0.132527
0.162482,127.322,0.0770534
0.1625,127.335,0.012401
0.1625,127.335,1.2945e-06
0.162518,127.401,0.0662636
0.162732,127.494,0.092464
0.16275,127.506,0.012401
0.16275,127.506,1.2945e-06
0.162768,127.572,0.0662636
0.162768,127.572,8.63e-07
0.162804,127.705,0.132527
0.162982,127.782,0.0770534
0.163,127.794,0.012401
0.163,127.794,1.2945e-06
0.163018,127.86,0.0662636
0.163232,127.953,0.092464
0.16325,127.965,0.012401
0.16325,127.965,1.2945e-06
0.163268,128.032,0.0662636
0.163268,128.032,8.63e-07
0.163304,128.164,0.132527
0.163482,128.241,0.0770534
0.1635,128.254,0.012401
0.1635,128.254,1.2945e-06
0.163518,128.32,0.0662636
0.163732,128.412,0.092464
0.16375,128.425,0.012401
0.16375,128.425,1.2945e-06
0.163768,128.491,0.0662636
0.163768,128.491,8.63e-07
0.163804,128.624,0.132527
0.163982,128.701,0.0770534
0.164,128.713,0.012401
0.164,128.713,1.2945e-06
0.164018,128.779,0.0662636
0.164232,128.872,0.092464
0.16425,128.884,0.012401
0.16425,128.884,1.2945e-06
0.164268,128.95,0.0662636
0.164268,128.95,8.63e-07
0.164304,129.083,0.132527
0.164482,129.16,0.0770534
0.1645,129.172,0.012401
0.1645,129.172,1.2945e-06
0.164518,129.239,0.0662636
0.164732,129.331,0.092464
0.16475,129.343,0.012401
0.16475,129.343,1.2945e-06
0.164768,129.41,0.0662636
0.164768,129.41,8.63e-07
0.164804,129.542,0.132527
0.164982,129.619,0.0770534
0.165,129.632,0.012401
0.165,129.632,1.2945e-06
0.165018,129.698,0.0662636
0.165232,129.79,0.092464
0.16525,129.803,0.012401
0.16525,129.803,1.2945e-06
0.165268,129.869,0.0662636
0.165268,129.869,8.63e-07
0.165304,130.002,0.132527
0.165482,130.079,0.0770534
0.1655,130.091,0.012401
0.1655,130.091,1.2945e-06
0.165518,130.157,0.0662636
0.165732,130.25,0.092464
0.16575,130.262,0.012401
0.16575,130.262,1.2945e-06
0.165768,130.328,0.0662636
0.165768,130.328,8.63e-07
0.165804,130.461,0.132527
0.165982,130.538,0.0770534
0.166,130.55,0.012401
0.166,130.55,1.2945e-06
0.166018,130.617,0.0662636
0.166232,130.709,0.092464
0.16625,130.722,0.012401
0.16625,130.722,1.2945e-06
0.166268,130.788,0.0662636
0.166268,130.788,8.63e-07
0.166304,130.92,0.132527
0.166482,130.997,0.0770534
0.1665,131.01,0.012401
0.1665,131.01,1.2945e-06
0.166518,131.076,0.0662636
0.166732,131.169,0.092464
0.16675,131.181,0.012401
0.16675,131.181,1.2945e-06
0.166768,131.247,0.0662636
0.166768,131.247,8.63e-07
0.166804,131.38,0.132527
0.166982,131.457,0.0770534
0.167,131.469,0.012401
0.167,131.469,1.2945e-06
0.167018,131.535,0.0662636
0.167232,131.628,0.092464
0.16725,131.64,0.012401
0.16725,131.64,1.2945e-06
0.167268,131.707,0.0662636
0.167268,131.707,8.63e-07
0.167304,131.839,0.132527
0.167482,131.916,0.0770534
0.1675,131.929,0.012401
0.1675,131.929,1.2945e-06
0.167518,131.995,0.0662636
0.167732,132.087,0.092464
0.16775,132.1,0.012401
0.16775,132.1,1.2945e-06
0.167768,132.166,0.0662636
0.167768,132.166,8.63e-07
0.167804,132.299,0.132527
0.167982,132.376,0.0770534
0.168,132.388,0.012401
0.168,132.388,1.2945e-06
0.168018,132.454,0.0662636
0.168018,132.454,8.63e-07
0.168054,132.587,0.132527
0.168054,132.587,8.63e-07
0.168089,132.719,0.132527
0.168232,132.781,0.0616428
0.16825,132.793,0.012401
0.16825,132.793,1.2945e-06
0.168268,132.86,0.0662636
0.168268,132.86,8.63e-07
0.168304,132.992,0.132527
0.168482,133.069,0.0770534
0.1685,133.082,0.012401
0.1685,133.082,1.2945e-06
0.168518,133.148,0.0662636
0.168518,133.148,8.63e-07
0.168554,133.28,0.132527
0.168554,133.28,8.63e-07
0.168589,133.413,0.132527
0.168732,133.475,0.0616428
0.16875,133.487,0.012401
0.16875,133.487,1.2945e-06
0.168768,133.553,0.0662636
0.168768,133.553,8.63e-07
0.168804,133.686,0.132527
0.168982,133.763,0.0770534
0.169,133.775,0.012401
0.169,133.775,1.2945e-06
0.169018,133.841,0.0662636
0.169232,133.934,0.092464
0.16925,133.946,0.012401
0.16925,133.946,1.2945e-06
0.169268,134.013,0.0662636
0.169268,134.013,8.63e-07
0.169304,134.145,0.132527
0.169482,134.222,0.0770534
0.1695,134.235,0.012401
0.1695,134.235,1.2945e-06
0.169518,134.301,0.0662636
0.169518,134.301,8.63e-07
0.169554,134.433,0.132527
0.169554,134.433,8.63e-07
0.169589,134.566,0.132527
0.169732,134.628,0.0616428
0.16975,134.64,0.012401
0.16975,134.64,1.2945e-06
0.169768,134.706,0.0662636
0.169768,134.706,8.63e-07
0.169804,134.839,0.132527
0.169982,134.916,0.0770534
0.17,134.928,0.012401
0.17,134.928,1.2945e-06
0.170018,134.994,0.0662636
0.170018,134.994,8.63e-07
0.170054,135.127,0.132527
0.170054,135.127,8.63e-07
0.170089,135.26,0.132527
0.170232,135.321,0.0616428
0.17025,135.334,0.012401
0.17025,135.334,1.2945e-06
0.170268,135.4,0.0662636
0.170268,135.4,8.63e-07
0.170304,135.532,0.132527
0.170482,135.609,0.0770534
0.1705,135.622,0.012401
0.1705,135.622,1.2945e-06
0.170518,135.688,0.0662636
0.170732,135.781,0.092464
0.17075,135.793,0.012401
0.17075,135.793,1.2945e-06
0.170768,135.859,0.0662636
0.170768,135.859,8.63e-07
0.170804,135.992,0.132527
0.170982,136.069,0.0770534
0.171,136.081,0.012401
0.171,136.081,1.2945e-06
0.171018,136.147,0.0662636
0.171232,136.24,0.092464
0.17125,136.252,0.012401
0.17125,136.252,1.2945e-06
0.171268,136.319,0.0662636
0.171268,136.319,8.63e-07
0.171304,136.451,0.132527
0.171482,136.528,0.0770534
0.1715,136.541,0.012401
0.1715,136.541,1.2945e-06
0.171518,136.607,0.0662636
0.171732,136.699,0.092464
0.17175,136.712,0.012401
0.17175,136.712,1.2945e-06
0.171768,136.778,0.0662636
0.171768,136.778,8.63e-07
0.171804,136.91,0.132527
0.171982,136.988,0.0770534
0.172,137,0.012401
0.172,137,1.2945e-06
0.172018,137.066,0.0662636
0.172232,137.159,0.092464
0.17225,137.171,0.012401
0.17225,137.171,1.2945e-06
0.172268,137.237,0.0662636
0.172268,137.237,8.63e-07
0.172304,137.37,0.132527
0.172482,137.447,0.0770534
0.1725,137.459,0.012401
0.1725,137.459,1.2945e-06
0.172518,137.526,0.0662636
0.172732,137.618,0.092464
0.17275,137.63,0.012401
0.17275,137.63,1.2945e-06
0.172768,137.697,0.0662636
0.172768,137.697,8.63e-07
0.172804,137.829,0.132527
0.172982,137.906,0.0770534
0.173,137.919,0.012401
0.173,137.919,1.2945e-06
0.173018,137.985,0.0662636
0.173232,138.077,0.092464
0.17325,138.09,0.012401
0.17325,138.09,1.2945e-06
0.173268,138.156,0.0662636
0.173268,138.156,8.63e-07
0.173304,138.289,0.132527
0.173482,138.366,0.0770534
0.1735,138.378,0.012401
0.1735,138.378,1.2945e-06
0.173518,138.444,0.0662636
0.173732,138.537,0.092464
0.17375,138.549,0.012401
0.17375,138.549,1.2945e-06
0.173768,138.615,0.0662636
0.173768,138.615,8.63e-07
0.173804,138.748,0.132527
0.173982,138.825,0.0770534
0.174,138.837,0.012401
0.174,138.837,1.2945e-06
0.174018,138.904,0.0662636
0.174232,138.996,0.092464
0.17425,139.009,0.012401
0.17425,139.009,1.2945e-06
0.174268,139.075,0.0662636
0.174268,139.075,8.63e-07
0.174304,139.207,0.132527
0.174482,139.284,0.0770534
0.1745,139.297,0.012401
0.1745,139.297,1.2945e-06
0.174518,139.363,0.0662636
0.174732,139.456,0.092464
0.17475,139.468,0.012401
0.17475,139.468,1.2945e-06
0.174768,139.534,0.0662636
0.174768,139.534,8.63e-07
0.174804,139.667,0.132527
0.174982,139.744,0.0770534
0.175,139.756,0.012401
0.175,139.756,1.2945e-06
0.175018,139.822,0.0662636
0.175232,139.915,0.092464
0.17525,139.927,0.012401
0.17525,139.927,1.2945e-06
0.175268,139.994,0.0662636
0.175268,139.994,8.63e-07
0.175304,140.126,0.132527
0.175482,140.203,0.0770534
0.1755,140.216,0.012401
0.1755,140.216,1.2945e-06
0.175518,140.282,0.0662636
0.175732,140.374,0.092464
0.17575,140.387,0.012401
0.17575,140.387,1.2945e-06
0.175768,140.453,0.0662636
0.175768,140.453,8.63e-07
0.175804,140.585,0.132527
0.175982,140.663,0.0770534
0.176,140.675,0.012401
0.176,140.675,1.2945e-06
0.176018,140.741,0.0662636
0.176232,140.834,0.092464
0.17625,140.846,0.012401
0.17625,140.846,1.2945e-06
0.176268,140.912,0.0662636
0.176268,140.912,8.63e-07
0.176304,141.045,0.132527
0.176482,141.122,0.0770534
0.1765,141.134,0.012401
0.1765,141.134,1.2945e-06
0.176518,141.201,0.0662636
0.176732,141.293,0.092464
0.17675,141.305,0.012401
0.17675,141.305,1.2945e-06
0.176768,141.372,0.0662636
0.176768,141.372,8.63e-07
0.176804,141.504,0.132527
0.176982,141.581,0.0770534
0.177,141.594,0.012401
0.177,141.594,1.2945e-06
0.177018,141.66,0.0662636
0.177232,141.752,0.092464
0.17725,141.765,0.012401
0.17725,141.765,1.2945e-06
0.177268,141.831,0.0662636
0.177268,141.831,8.63e-07
0.177304,141.964,0.132527
0.177482,142.041,0.0770534
0.1775,142.053,0.012401
0.1775,142.053,1.2945e-06
0.177518,142.119,0.0662636
0.177732,142.212,0.092464
0.17775,142.224,0.012401
0.17775,142.224,1.2945e-06
0.177768,142.29,0.0662636
0.177768,142.29,8.63e-07
0.177804,142.423,0.132527
0.177982,142.5,0.0770534
0.178,142.512,0.012401
0.178,142.512,1.2945e-06
0.178018,142.579,0.0662636
0.178232,142.671,0.092464
0.17825,142.684,0.012401
0.17825,142.684,1.2945e-06
0.178268,142.75,0.0662636
0.178268,142.75,8.63e-07
0.178304,142.882,0.132527
0.178482,142.959,0.0770534
0.1785,142.972,0.012401
0.1785,142.972,1.2945e-06
0.178518,143.038,0.0662636
0.178732,143.131,0.092464
0.17875,143.143,0.012401
0.17875,143.143,1.2945e-06
0.178768,143.209,0.0662636
0.178768,143.209,8.63e-07
0.178804,143.342,0.132527
0.178982,143.419,0.0770534
0.179,143.431,0.012401
0.179,143.431,1.2945e-06
0.179018,143.497,0.0662636
0.179232,143.59,0.092464
0.17925,143.602,0.012401
0.17925,143.602,1.2945e-06
0.179268,143.669,0.0662636
0.179268,143.669,8.63e-07
0.179304,143.801,0.132527
0.179482,143.878,0.0770534
0.1795,143.891,0.012401
0.1795,143.891,1.2945e-06
0.179518,143.957,0.0662636
0.179732,144.049,0.092464
0.17975,144.062,0.012401
0.17975,144.062,1.2945e-06
0.179768,144.128,0.0662636
0.179768,144.128,8.63e-07
0.179804,144.261,0.132527
0.179982,144.338,0.0770534
0.18,144.35,0.012401
0.18,144.35,1.2945e-06
0.180018,144.416,0.0662636
0.180232,144.509,0.092464
0.18025,144.521,0.012401
0.18025,144.521,1.2945e-06
0.180268,144.587,0.0662636
0.180268,144.587,8.63e-07
0.180304,144.72,0.132527
0.180482,144.797,0.0770534
0.1805,144.809,0.012401
0.1805,144.809,1.2945e-06
0.180518,144.876,0.0662636
0.180732,144.968,0.092464
0.18075,144.98,0.012401
0.18075,144.98,1.2945e-06
0.180768,145.047,0.0662636
0.180768,145.047,8.63e-07
0.180804,145.179,0.132527
0.180982,145.256,0.0770534
0.181,145.269,0.012401
0.181,145.269,1.2945e-06
0.181018,145.335,0.0662636
0.181232,145.427,0.092464
0.18125,145.44,0.012401
0.18125,145.44,1.2945e-06
0.181268,145.506,0.0662636
0.181268,145.506,8.63e-07
0.181304,145.639,0.132527
0.181482,145.716,0.0770534
0.1815,145.728,0.012401
0.1815,145.728,1.2945e-06
0.181518,145.794,0.0662636
0.181732,145.887,0.092464
0.18175,145.899,0.012401
0.18175,145.899,1.2945e-06
0.181768,145.965,0.0662636
0.181768,145.965,8.63e-07
0.181804,146.098,0.132527
0.181982,146.175,0.0770534
0.182,146.187,0.012401
0.182,146.187,1.2945e-06
0.182018,146.254,0.0662636
0.182232,146.346,0.092464
0.18225,146.359,0.012401
0.18225,146.359,1.2945e-06
0.182268,146.425,0.0662636
0.182268,146.425,8.63e-07
0.182304,146.557,0.132527
0.182482,146.634,0.0770534
0.1825,146.647,0.012401
0.1825,146.647,1.2945e-06
0.182518,146.713,0.0662636
0.182732,146.806,0.092464
0.18275,146.818,0.012401
0.18275,146.818,1.2945e-06
0.182768,146.884,0.0662636
0.182768,146.884,8.63e-07
0.182804,147.017,0.132527
0.182982,147.094,0.0770534
0.183,147.106,0.012401
0.183,147.106,1.2945e-06
0.183018,147.173,0.0662636
0.183232,147.265,0.092464
0.18325,147.277,0.012401
0.18325,147.277,1.2945e-06
0.183268,147.344,0.0662636
0.183268,147.344,8.63e-07
0.183304,147.476,0.132527
0.183482,147.553,0.0770534
0.1835,147.566,0.012401
0.1835,147.566,1.2945e-06
0.183518,147.632,0.0662636
0.183732,147.724,0.092464
0.18375,147.737,0.012401
0.18375,147.737,1.2945e-06
0.183768,147.803,0.0662636
0.183768,147.803,8.63e-07
0.183804,147.936,0.132527
0.183982,148.013,0.0770534
0.184,148.025,0.012401
0.184,148.025,1.2945e-06
0.184018,148.091,0.0662636
0.184232,148.184,0.092464
0.18425,148.196,0.012401
0.18425,148.196,1.2945e-06
0.184268,148.262,0.0662636
0.184268,148.262,8.63e-07
0.184304,148.395,0.132527
0.184482,148.472,0.0770534
0.1845,148.484,0.012401
0.1845,148.484,1.2945e-06
0.184518,148.551,0.0662636
0.184732,148.643,0.092464
0.18475,148.655,0.012401
0.18475,148.655,1.2945e-06
0.184768,148.722,0.0662636
0.184768,148.722,8.63e-07
0.184804,148.854,0.132527
0.184982,148.931,0.0770534
0.185,148.944,0.012401
0.185,148.944,1.2945e-06
0.185018,149.01,0.0662636
0.185232,149.102,0.092464
0.18525,149.115,0.012401
0.18525,149.115,1.2945e-06
0.185268,149.181,0.0662636
0.185268,149.181,8.63e-07
0.185304,149.314,0.132527
0.185482,149.391,0.0770534
0.1855,149.403,0.012401
0.1855,149.403,1.2945e-06
0.185518,149.469,0.0662636
0.185732,149.562,0.092464
0.18575,149.574,0.012401
0.18575,149.574,1.2945e-06
0.185768,149.641,0.0662636
0.185768,149.641,8.63e-07
0.185804,149.773,0.132527
0.185982,149.85,0.0770534
0.186,149.862,0.012401
0.186,149.863,1.2945e-06
0.186018,149.929,0.0662636
0.186232,150.021,0.092464
0.18625,150.034,0.012401
0.18625,150.034,1.2945e-06
0.186268,150.1,0.0662636
0.186268,150.1,8.63e-07
0.186304,150.232,0.132527
0.186482,150.309,0.0770534
0.1865,150.322,0.012401
0.1865,150.322,1.2945e-06
0.186518,150.388,0.0662636
0.186732,150.481,0.092464
0.18675,150.493,0.012401
0.18675,150.493,1.2945e-06
0.186768,150.559,0.0662636
0.186768,150.559,8.63e-07
0.186804,150.692,0.132527
0.186982,150.769,0.0770534
0.187,150.781,0.012401
0.187,150.781,1.2945e-06
0.187018,150.848,0.0662636
0.187232,150.94,0.092464
0.18725,150.952,0.012401
0.18725,150.952,1.2945e-06
0.187268,151.019,0.0662636
0.187268,151.019,8.63e-07
0.187304,151.151,0.132527
0.187482,151.228,0.0770534
0.1875,151.241,0.012401
0.1875,151.241,1.2945e-06
0.187518,151.307,0.0662636
0.187732,151.399,0.092464
0.18775,151.412,0.012401
0.18775,151.412,1.2945e-06
0.187768,151.478,0.0662636
0.187768,151.478,8.63e-07
0.187804,151.611,0.132527
0.187982,151.688,0.0770534
0.188,151.7,0.012401
0.188,151.7,1.2945e-06
0.188018,151.766,0.0662636
0.188232,151.859,0.092464
0.18825,151.871,0.012401
0.18825,151.871,1.2945e-06
0.188268,151.937,0.0662636
0.188268,151.937,8.63e-07
0.188304,152.07,0.132527
0.188482,152.147,0.0770534
0.1885,152.159,0.012401
0.1885,152.159,1.2945e-06
0.188518,152.226,0.0662636
0.188732,152.318,0.092464
0.18875,152.331,0.012401
0.18875,152.331,1.2945e-06
0.188768,152.397,0.0662636
0.188768,152.397,8.63e-07
0.188804,152.529,0.132527
0.188982,152.606,0.0770534
0.189,152.619,0.012401
0.189,152.619,1.2945e-06
0.189018,152.685,0.0662636
0.189232,152.777,0.092464
0.18925,152.79,0.012401
0.18925,152.79,1.2945e-06
0.189268,152.856,0.0662636
0.189268,152.856,8.63e-07
0.189304,152.989,0.132527
0.189482,153.066,0.0770534
0.1895,153.078,0.012401
0.1895,153.078,1.2945e-06
0.189518,153.144,0.0662636
0.189732,153.237,0.092464
0.18975,153.249,0.012401
0.18975,153.249,1.2945e-06
0.189768,153.316,0.0662636
0.189768,153.316,8.63e-07
0.189804,153.448,0.132527
0.189982,153.525,0.0770534
0.19,153.538,0.012401
0.19,153.538,1.2945e-06
0.190018,153.604,0.0662636
0.190232,153.696,0.092464
0.19025,153.709,0.012401
0.19025,153.709,1.2945e-06
0.190268,153.775,0.0662636
0.190268,153.775,8.63e-07
0.190304,153.907,0.132527
0.190482,153.984,0.0770534
0.1905,153.997,0.012401
0.1905,153.997,1.2945e-06
0.190518,154.063,0.0662636
0.190732,154.156,0.092464
0.19075,154.168,0.012401
0.19075,154.168,1.2945e-06
0.190768,154.234,0.0662636
0.190768,154.234,8.63e-07
0.190804,154.367,0.132527
0.190982,154.444,0.0770534
0.191,154.456,0.012401
0.191,154.456,1.2945e-06
0.191018,154.523,0.0662636
0.191232,154.615,0.092464
0.19125,154.627,0.012401
0.19125,154.627,1.2945e-06
0.191268,154.694,0.0662636
0.191268,154.694,8.63e-07
0.191304,154.826,0.132527
0.191482,154.903,0.0770534
0.1915,154.916,0.012401
0.1915,154.916,1.2945e-06
0.191518,154.982,0.0662636
0.191732,155.074,0.092464
0.19175,155.087,0.012401
0.19175,155.087,1.2945e-06
0.191768,155.153,0.0662636
0.191768,155.153,8.63e-07
0.191804,155.286,0.132527
0.191982,155.363,0.0770534
0.192,155.375,0.012401
0.192,155.375,1.2945e-06
0.192018,155.441,0.0662636
0.192232,155.534,0.092464
0.19225,155.546,0.012401
0.19225,155.546,1.2945e-06
0.192268,155.612,0.0662636
0.192268,155.612,8.63e-07
0.192304,155.745,0.132527
0.192482,155.822,0.0770534
0.1925,155.834,0.012401
0.1925,155.834,1.2945e-06
0.192518,155.901,0.0662636
0.192732,155.993,0.092464
0.19275,156.006,0.012401
0.19275,156.006,1.2945e-06
0.192768,156.072,0.0662636
0.192768,156.072,8.63e-07
0.192804,156.204,0.132527
0.192982,156.281,0.0770534
0.193,156.294,0.012401
0.193,156.294,1.2945e-06
0.193018,156.36,0.0662636
0.193232,156.453,0.092464
0.19325,156.465,0.012401
0.19325,156.465,1.2945e-06
0.193268,156.531,0.0662636
0.193268,156.531,8.63e-07
0.193304,156.664,0.132527
0.193482,156.741,0.0770534
0.1935,156.753,0.012401
0.1935,156.753,1.2945e-06
0.193518,156.819,0.0662636
0.193732,156.912,0.092464
0.19375,156.924,0.012401
0.19375,156.924,1.2945e-06
0.193768,156.991,0.0662636
0.193768,156.991,8.63e-07
0.193804,157.123,0.132527
0.193982,157.2,0.0770534
0.194,157.213,0.012401
0.194,157.213,1.2945e-06
0.194018,157.279,0.0662636
0.194232,157.371,0.092464
0.19425,157.384,0.012401
0.19425,157.384,1.2945e-06
0.194268,157.45,0.0662636
0.194268,157.45,8.63e-07
0.194304,157.582,0.132527
0.194482,157.66,0.0770534
0.1945,157.672,0.012401
0.1945,157.672,1.2945e-06
0.194518,157.738,0.0662636
0.194732,157.831,0.092464
0.19475,157.843,0.012401
0.19475,157.843,1.2945e-06
0.194768,157.909,0.0662636
0.194768,157.909,8.63e-07
0.194804,158.042,0.132527
0.194982,158.119,0.0770534
0.195,158.131,0.012401
0.195,158.131,1.2945e-06
0.195018,158.198,0.0662636
0.195232,158.29,0.092464
0.19525,158.302,0.012401
0.19525,158.302,1.2945e-06
0.195268,158.369,0.0662636
0.195268,158.369,8.63e-07
0.195304,158.501,0.132527
0.195482,158.578,0.0770534
0.1955,158.591,0.012401
0.1955,158.591,1.2945e-06
0.195518,158.657,0.0662636
0.195732,158.749,0.092464
0.19575,158.762,0.012401
0.19575,158.762,1.2945e-06
0.195768,158.828,0.0662636
0.195768,158.828,8.63e-07
0.195804,158.961,0.132527
0.195982,159.038,0.0770534
0.196,159.05,0.012401
0.196,159.05,1.2945e-06
0.196018,159.116,0.0662636
0.196232,159.209,0.092464
0.19625,159.221,0.012401
0.19625,159.221,1.2945e-06
0.196268,159.287,0.0662636
0.196268,159.287,8.63e-07
0.196304,159.42,0.132527
0.196482,159.497,0.0770534
0.1965,159.509,0.012401
0.1965,159.509,1.2945e-06
0.196518,159.576,0.0662636
0.196732,159.668,0.092464
0.19675,159.681,0.012401
0.19675,159.681,1.2945e-06
0.196768,159.747,0.0662636
0.196768,159.747,8.63e-07
0.196804,159.879,0.132527
0.196982,159.956,0.0770534
0.197,159.969,0.012401
0.197,159.969,1.2945e-06
0.197018,160.035,0.0662636
0.197232,160.128,0.092464
0.19725,160.14,0.012401
0.19725,160.14,1.2945e-06
0.197268,160.206,0.0662636
0.197268,160.206,8.63e-07
0.197304,160.339,0.132527
0.197482,160.416,0.0770534
0.1975,160.428,0.012401
0.1975,160.428,1.2945e-06
0.197518,160.494,0.0662636
0.197732,160.587,0.092464
0.19775,160.599,0.012401
0.19775,160.599,1.2945e-06
0.197768,160.666,0.0662636
0.197768,160.666,8.63e-07
0.197804,160.798,0.132527
0.197982,160.875,0.0770534
0.198,160.888,0.012401
0.198,160.888,1.2945e-06
0.198018,160.954,0.0662636
0.198232,161.046,0.092464
0.19825,161.059,0.012401
0.19825,161.059,1.2945e-06
0.198268,161.125,0.0662636
0.198268,161.125,8.63e-07
0.198304,161.257,0.132527
0.198482,161.335,0.0770534
0.1985,161.347,0.012401
0.1985,161.347,1.2945e-06
0.198518,161.413,0.0662636
0.198732,161.506,0.092464
0.19875,161.518,0.012401
0.19875,161.518,1.2945e-06
0.198768,161.584,0.0662636
0.198768,161.584,8.63e-07
0.198804,161.717,0.132527
0.198982,161.794,0.0770534
0.199,161.806,0.012401
0.199,161.806,1.2945e-06
0.199018,161.873,0.0662636
0.199232,161.965,0.092464
0.19925,161.977,0.012401
0.19925,161.977,1.2945e-06
0.199268,162.044,0.0662636
0.199268,162.044,8.63e-07
0.199304,162.176,0.132527
0.199482,162.253,0.0770534
0.1995,162.266,0.012401
0.1995,162.266,1.2945e-06
0.199518,162.332,0.0662636
0.199732,162.424,0.092464
0.19975,162.437,0.012401
0.19975,162.437,1.2945e-06
0.199768,162.503,0.0662636
0.199768,162.503,8.63e-07
0.199804,162.636,0.132527
0.199982,162.713,0.0770534
0.2,162.725,0.012401
0.2,162.725,1.2945e-06
0.200018,162.791,0.0662636
0.200232,162.884,0.092464
0.20025,162.896,0.012401
0.20025,162.896,1.2945e-06
0.200268,162.962,0.0662636
0.200268,162.962,8.63e-07
0.200304,163.095,0.132527
0.200482,163.172,0.0770534
0.2005,163.184,0.012401
0.2005,163.184,1.2945e-06
0.200518,163.251,0.0662636
0.200732,163.343,0.092464
0.20075,163.356,0.012401
0.20075,163.356,1.2945e-06
0.200768,163.422,0.0662636
0.200768,163.422,8.63e-07
0.200804,163.554,0.132527
0.200982,163.631,0.0770534
0.201,163.644,0.012401
0.201,163.644,1.2945e-06
0.201018,163.71,0.0662636
0.201232,163.803,0.092464
0.20125,163.815,0.012401
0.20125,163.815,1.2945e-06
0.201268,163.881,0.0662636
0.201268,163.881,8.63e-07
0.201304,164.014,0.132527
0.201482,164.091,0.0770534
0.2015,164.103,0.012401
0.2015,164.103,1.2945e-06
0.201518,164.169,0.0662636
0.201732,164.262,0.092464
0.20175,164.274,0.012401
0.20175,164.274,1.2945e-06
0.201768,164.341,0.0662636
0.201768,164.341,8.63e-07
0.201804,164.473,0.132527
0.201982,164.55,0.0770534
0.202,164.563,0.012401
0.202,164.563,1.2945e-06
0.202018,164.629,0.0662636
0.202232,164.721,0.092464
0.20225,164.734,0.012401
0.20225,164.734,1.2945e-06
0.202268,164.8,0.0662636
0.202268,164.8,8.63e-07
0.202304,164.932,0.132527
0.202482,165.01,0.0770534
0.2025,165.022,0.012401
0.2025,165.022,1.2945e-06
0.202518,165.088,0.0662636
0.202732,165.181,0.092464
0.20275,165.193,0.012401
0.20275,165.193,1.2945e-06
0.202768,165.259,0.0662636
0.202768,165.259,8.63e-07
0.202804,165.392,0.132527
0.202982,165.469,0.0770534
0.203,165.481,0.012401
0.203,165.481,1.2945e-06
0.203018,165.548,0.0662636
0.203232,165.64,0.092464
0.20325,165.652,0.012401
0.20325,165.652,1.2945e-06
0.203268,165.719,0.0662636
0.203268,165.719,8.63e-07
0.203304,165.851,0.132527
0.203482,165.928,0.0770534
0.2035,165.941,0.012401
0.2035,165.941,1.2945e-06
0.203518,166.007,0.0662636
0.203732,166.099,0.092464
0.20375,166.112,0.012401
0.20375,166.112,1.2945e-06
0.203768,166.178,0.0662636
0.203768,166.178,8.63e-07
0.203804,166.311,0.132527
0.203982,166.388,0.0770534
0.204,166.4,0.012401
0.204,166.4,1.2945e-06
0.204018,166.466,0.0662636
0.204232,166.559,0.092464
0.20425,166.571,0.012401
0.20425,166.571,1.2945e-06
0.204268,166.637,0.0662636
0.204268,166.637,8.63e-07
0.204304,166.77,0.132527
0.204482,166.847,0.0770534
0.2045,166.859,0.012401
0.2045,166.859,1.2945e-06
0.204518,166.926,0.0662636
0.204732,167.018,0.092464
0.20475,167.031,0.012401
0.20475,167.031,1.2945e-06
0.204768,167.097,0.0662636
0.204768,167.097,8.63e-07
0.204804,167.229,0.132527
0.204982,167.306,0.0770534
0.205,167.319,0.012401
0.205,167.319,1.2945e-06
0.205018,167.385,0.0662636
0.205232,167.478,0.092464
0.20525,167.49,0.012401
0.20525,167.49,1.2945e-06
0.205268,167.556,0.0662636
0.205268,167.556,8.63e-07
0.205304,167.689,0.132527
0.205482,167.766,0.0770534
0.2055,167.778,0.012401
0.2055,167.778,1.2945e-06
0.205518,167.844,0.0662636
0.205732,167.937,0.092464
0.20575,167.949,0.012401
0.20575,167.949,1.2945e-06
0.205768,168.016,0.0662636
0.205768,168.016,8.63e-07
0.205804,168.148,0.132527
0.205982,168.225,0.0770534
0.206,168.238,0.012401
0.206,168.238,1.2945e-06
0.206018,168.304,0.0662636
0.206232,168.396,0.092464
0.20625,168.409,0.012401
0.20625,168.409,1.2945e-06
0.206268,168.475,0.0662636
0.206268,168.475,8.63e-07
0.206304,168.608,0.132527
0.206482,168.685,0.0770534
0.2065,168.697,0.012401
0.2065,168.697,1.2945e-06
0.206518,168.763,0.0662636
0.206732,168.856,0.092464
0.20675,168.868,0.012401
0.20675,168.868,1.2945e-06
0.206768,168.934,0.0662636
0.206768,168.934,8.63e-07
0.206804,169.067,0.132527
0.206982,169.144,0.0770534
0.207,169.156,0.012401
0.207,169.156,1.2945e-06
0.207018,169.223,0.0662636
0.207232,169.315,0.092464
0.20725,169.327,0.012401
0.20725,169.327,1.2945e-06
0.207268,169.394,0.0662636
0.207268,169.394,8.63e-07
0.207304,169.526,0.132527
0.207482,169.603,0.0770534
0.2075,169.616,0.012401
0.2075,169.616,1.2945e-06
0.207518,169.682,0.0662636
0.207732,169.774,0.092464
0.20775,169.787,0.012401
0.20775,169.787,1.2945e-06
0.207768,169.853,0.0662636
0.207768,169.853,8.63e-07
0.207804,169.986,0.132527
0.207982,170.063,0.0770534
0.208,170.075,0.012401
0.208,170.075,1.2945e-06
0.208018,170.141,0.0662636
0.208232,170.234,0.092464
0.20825,170.246,0.012401
0.20825,170.246,1.2945e-06
0.208268,170.312,0.0662636
0.208268,170.312,8.63e-07
0.208304,170.445,0.132527
0.208482,170.522,0.0770534
0.2085,170.534,0.012401
0.2085,170.534,1.2945e-06
0.208518,170.601,0.0662636
0.208732,170.693,0.092464
0.20875,170.706,0.012401
0.20875,170.706,1.2945e-06
0.208768,170.772,0.0662636
0.208768,170.772,8.63e-07
0.208804,170.904,0.132527
0.208982,170.981,0.0770534
0.209,170.994,0.012401
0.209,170.994,1.2945e-06
0.209018,171.06,0.0662636
0.209232,171.153,0.092464
0.20925,171.165,0.012401
0.20925,171.165,1.2945e-06
0.209268,171.231,0.0662636
0.209268,171.231,8.63e-07
0.209304,171.364,0.132527
0.209482,171.441,0.0770534
0.2095,171.453,0.012401
0.2095,171.453,1.2945e-06
0.209518,171.519,0.0662636
0.209732,171.612,0.092464
0.20975,171.624,0.012401
0.20975,171.624,1.2945e-06
0.209768,171.691,0.0662636
0.209768,171.691,8.63e-07
0.209804,171.823,0.132527
0.209982,171.9,0.0770534
0.21,171.913,0.012401
0.21,171.913,1.2945e-06
0.210018,171.979,0.0662636
0.210232,172.071,0.092464
0.21025,172.084,0.012401
0.21025,172.084,1.2945e-06
0.210268,172.15,0.0662636
0.210268,172.15,8.63e-07
0.210304,172.283,0.132527
0.210482,172.36,0.0770534
0.2105,172.372,0.012401
0.2105,172.372,1.2945e-06
0.210518,172.438,0.0662636
0.210732,172.531,0.092464
0.21075,172.543,0.012401
0.21075,172.543,1.2945e-06
0.210768,172.609,0.0662636
0.210768,172.609,8.63e-07
0.210804,172.742,0.132527
0.210982,172.819,0.0770534
0.211,172.831,0.012401
0.211,172.831,1.2945e-06
0.211018,172.898,0.0662636
0.211232,172.99,0.092464
0.21125,173.002,0.012401
0.21125,173.002,1.2945e-06
0.211268,173.069,0.0662636
0.211268,173.069,8.63e-07
0.211304,173.201,0.132527
0.211482,173.278,0.0770534
0.2115,173.291,0.012401
0.2115,173.291,1.2945e-06
0.211518,173.357,0.0662636
0.211732,173.449,0.092464
0.21175,173.462,0.012401
0.21175,173.462,1.2945e-06
0.211768,173.528,0.0662636
0.211768,173.528,8.63e-07
0.211804,173.661,0.132527
0.211982,173.738,0.0770534
0.212,173.75,0.012401
0.212,173.75,1.2945e-06
0.212018,173.816,0.0662636
0.212232,173.909,0.092464
0.21225,173.921,0.012401
0.21225,173.921,1.2945e-06
0.212268,173.988,0.0662636
0.212268,173.988,8.63e-07
0.212304,174.12,0.132527
0.212482,174.197,0.0770534
0.2125,174.209,0.012401
0.2125,174.209,1.2945e-06
0.212518,174.276,0.0662636
0.212732,174.368,0.092464
0.21275,174.381,0.012401
0.21275,174.381,1.2945e-06
0.212768,174.447,0.0662636
0.212768,174.447,8.63e-07
0.212804,174.579,0.132527
0.212982,174.656,0.0770534
0.213,174.669,0.012401
0.213,174.669,1.2945e-06
0.213018,174.735,0.0662636
0.213232,174.828,0.092464
0.21325,174.84,0.012401
0.21325,174.84,1.2945e-06
0.213268,174.906,0.0662636
0.213268,174.906,8.63e-07
0.213304,175.039,0.132527
0.213482,175.116,0.0770534
0.2135,175.128,0.012401
0.2135,175.128,1.2945e-06
0.213518,175.195,0.0662636
0.213732,175.287,0.092464
0.21375,175.299,0.012401
0.21375,175.299,1.2945e-06
0.213768,175.366,0.0662636
0.213768,175.366,8.63e-07
0.213804,175.498,0.132527
0.213982,175.575,0.0770534
0.214,175.588,0.012401
0.214,175.588,1.2945e-06
0.214018,175.654,0.0662636
0.214232,175.746,0.092464
0.21425,175.759,0.012401
0.21425,175.759,1.2945e-06
0.214268,175.825,0.0662636
0.214268,175.825,8.63e-07
0.214304,175.958,0.132527
0.214482,176.035,0.0770534
0.2145,176.047,0.012401
0.2145,176.047,1.2945e-06
0.214518,176.113,0.0662636
0.214732,176.206,0.092464
0.21475,176.218,0.012401
0.21475,176.218,1.2945e-06
0.214768,176.284,0.0662636
0.214768,176.284,8.63e-07
0.214804,176.417,0.132527
0.214982,176.494,0.0770534
0.215,176.506,0.012401
0.215,176.506,1.2945e-06
0.215018,176.573,0.0662636
0.215232,176.665,0.092464
0.21525,176.678,0.012401
0.21525,176.678,1.2945e-06
0.215268,176.744,0.0662636
0.215268,176.744,8.63e-07
0.215304,176.876,0.132527
0.215482,176.953,0.0770534
0.2155,176.966,0.012401
0.2155,176.966,1.2945e-06
0.215518,177.032,0.0662636
0.215732,177.124,0.092464
0.21575,177.137,0.012401
0.21575,177.137,1.2945e-06
0.215768,177.203,0.0662636
0.215768,177.203,8.63e-07
0.215804,177.336,0.132527
0.215982,177.413,0.0770534
0.216,177.425,0.012401
0.216,177.425,1.2945e-06
0.216018,177.491,0.0662636
0.216232,177.584,0.092464
0.21625,177.596,0.012401
0.21625,177.596,1.2945e-06
0.216268,177.663,0.0662636
0.216268,177.663,8.63e-07
0.216304,177.795,0.132527
0.216482,177.872,0.0770534
0.2165,177.885,0.012401
0.2165,177.885,1.2945e-06
0.216518,177.951,0.0662636
0.216732,178.043,0.092464
0.21675,178.056,0.012401
0.21675,178.056,1.2945e-06
0.216768,178.122,0.0662636
0.216768,178.122,8.63e-07
0.216804,178.254,0.132527
0.216982,178.331,0.0770534
0.217,178.344,0.012401
0.217,178.344,1.2945e-06
0.217018,178.41,0.0662636
0.217232,178.503,0.092464
0.21725,178.515,0.012401
0.21725,178.515,1.2945e-06
0.217268,178.581,0.0662636
0.217268,178.581,8.63e-07
0.217304,178.714,0.132527
0.217482,178.791,0.0770534
0.2175,178.803,0.012401
0.2175,178.803,1.2945e-06
0.217518,178.87,0.0662636
0.217732,178.962,0.092464
0.21775,178.974,0.012401
0.21775,178.974,1.2945e-06
0.217768,179.041,0.0662636
0.217768,179.041,8.63e-07
0.217804,179.173,0.132527
0.217982,179.25,0.0770534
0.218,179.263,0.012401
0.218,179.263,1.2945e-06
0.218018,179.329,0.0662636
0.218232,179.421,0.092464
0.21825,179.434,0.012401
0.21825,179.434,1.2945e-06
0.218268,179.5,0.0662636
0.218268,179.5,8.63e-07
0.218304,179.633,0.132527
0.218482,179.71,0.0770534
0.2185,179.722,0.012401
0.2185,179.722,1.2945e-06
0.218518,179.788,0.0662636
0.218732,179.881,0.092464
0.21875,179.893,0.012401
0.21875,179.893,1.2945e-06
0.218768,179.959,0.0662636
0.218768,179.959,8.63e-07
0.218804,180.092,0.132527
0.218982,180.169,0.0770534
0.219,180.181,0.012401
0.219,180.181,1.2945e-06
0.219018,180.248,0.0662636
0.219232,180.34,0.092464
0.21925,180.353,0.012401
0.21925,180.353,1.2945e-06
0.219268,180.419,0.0662636
0.219268,180.419,8.63e-07
0.219304,180.551,0.132527
0.219482,180.628,0.0770534
0.2195,180.641,0.012401
0.2195,180.641,1.2945e-06
0.219518,180.707,0.0662636
0.219732,180.8,0.092464
0.21975,180.812,0.012401
0.21975,180.812,1.2945e-06
0.219768,180.878,0.0662636
0.219768,180.878,8.63e-07
0.219804,181.011,0.132527
0.219982,181.088,0.0770534
0.22,181.1,0.012401
0.22,181.1,1.2945e-06
0.220018,181.166,0.0662636
0.220232,181.259,0.092464
0.22025,181.271,0.012401
0.22025,181.271,1.2945e-06
0.220268,181.338,0.0662636
0.220268,181.338,8.63e-07
0.220304,181.47,0.132527
0.220482,181.547,0.0770534
0.2205,181.56,0.012401
0.2205,181.56,1.2945e-06
0.220518,181.626,0.0662636
0.220732,181.718,0.092464
0.22075,181.731,0.012401
0.22075,181.731,1.2945e-06
0.220768,181.797,0.0662636
0.220768,181.797,8.63e-07
0.220804,181.929,0.132527
0.220982,182.007,0.0770534
0.221,182.019,0.012401
0.221,182.019,1.2945e-06
0.221018,182.085,0.0662636
0.221232,182.178,0.092464
0.22125,182.19,0.012401
0.22125,182.19,1.2945e-06
0.221268,182.256,0.0662636
0.221268,182.256,8.63e-07
0.221304,182.389,0.132527
0.221482,182.466,0.0770534
0.2215,182.478,0.012401
0.2215,182.478,1.2945e-06
0.221518,182.545,0.0662636
0.221732,182.637,0.092464
0.22175,182.649,0.012401
0.22175,182.649,1.2945e-06
0.221768,182.716,0.0662636
0.221768,182.716,8.63e-07
0.221804,182.848,0.132527
0.221982,182.925,0.0770534
0.222,182.938,0.012401
0.222,182.938,1.2945e-06
0.222018,183.004,0.0662636
0.222232,183.096,0.092464
0.22225,183.109,0.012401
0.22225,183.109,1.2945e-06
0.222268,183.175,0.0662636
0.222268,183.175,8.63e-07
0.222304,183.308,0.132527
0.222482,183.385,0.0770534
0.2225,183.397,0.012401
0.2225,183.397,1.2945e-06
0.222518,183.463,0.0662636
0.222732,183.556,0.092464
0.22275,183.568,0.012401
0.22275,183.568,1.2945e-06
0.222768,183.634,0.0662636
0.222768,183.634,8.63e-07
0.222804,183.767,0.132527
0.222982,183.844,0.0770534
0.223,183.856,0.012401
0.223,183.856,1.2945e-06
0.223018,183.923,0.0662636
0.223232,184.015,0.092464
0.22325,184.028,0.012401
0.22325,184.028,1.2945e-06
0.223268,184.094,0.0662636
0.223268,184.094,8.63e-07
0.223304,184.226,0.132527
0.223482,184.303,0.0770534
0.2235,184.316,0.012401
0.2235,184.316,1.2945e-06
0.223518,184.382,0.0662636
0.223732,184.475,0.092464
0.22375,184.487,0.012401
0.22375,184.487,1.2945e-06
0.223768,184.553,0.0662636
0.223768,184.553,8.63e-07
0.223804,184.686,0.132527
0.223982,184.763,0.0770534
0.224,184.775,0.012401
0.224,184.775,1.2945e-06
0.224018,184.841,0.0662636
0.224232,184.934,0.092464
0.22425,184.946,0.012401
0.22425,184.946,1.2945e-06
0.224268,185.013,0.0662636
0.224268,185.013,8.63e-07
0.224304,185.145,0.132527
0.224482,185.222,0.0770534
0.2245,185.235,0.012401
0.2245,185.235,1.2945e-06
0.224518,185.301,0.0662636
0.224732,185.393,0.092464
0.22475,185.406,0.012401
0.22475,185.406,1.2945e-06
0.224768,185.472,0.0662636
0.224768,185.472,8.63e-07
0.224804,185.604,0.132527
0.224982,185.682,0.0770534
0.225,185.694,0.012401
0.225,185.694,1.2945e-06
0.225018,185.76,0.0662636
0.225232,185.853,0.092464
0.22525,185.865,0.012401
0.22525,185.865,1.2945e-06
0.225268,185.931,0.0662636
0.225268,185.931,8.63e-07
0.225304,186.064,0.132527
0.225482,186.141,0.0770534
0.2255,186.153,0.012401
0.2255,186.153,1.2945e-06
0.225518,186.22,0.0662636
0.225732,186.312,0.092464
0.22575,186.324,0.012401
0.22575,186.324,1.2945e-06
0.225768,186.391,0.0662636
0.225768,186.391,8.63e-07
0.225804,186.523,0.132527
0.225982,186.6,0.0770534
0.226,186.613,0.012401
0.226,186.613,1.2945e-06
0.226018,186.679,0.0662636
0.226232,186.771,0.092464
0.22625,186.784,0.012401
0.22625,186.784,1.2945e-06
0.226268,186.85,0.0662636
0.226268,186.85,8.63e-07
0.226304,186.983,0.132527
0.226482,187.06,0.0770534
0.2265,187.072,0.012401
0.2265,187.072,1.2945e-06
0.226518,187.138,0.0662636
0.226732,187.231,0.092464
0.22675,187.243,0.012401
0.22675,187.243,1.2945e-06
0.226768,187.309,0.0662636
0.226768,187.309,8.63e-07
0.226804,187.442,0.132527
0.226982,187.519,0.0770534
0.227,187.531,0.012401
0.227,187.531,1.2945e-06
0.227018,187.598,0.0662636
0.227232,187.69,0.092464
0.22725,187.703,0.012401
0.22725,187.703,1.2945e-06
0.227268,187.769,0.0662636
0.227268,187.769,8.63e-07
0.227304,187.901,0.132527
0.227482,187.978,0.0770534
0.2275,187.991,0.012401
0.2275,187.991,1.2945e-06
0.227518,188.057,0.0662636
0.227732,188.15,0.092464
0.22775,188.162,0.012401
0.22775,188.162,1.2945e-06
0.227768,188.228,0.0662636
0.227768,188.228,8.63e-07
0.227804,188.361,0.132527
0.227982,188.438,0.0770534
0.228,188.45,0.012401
0.228,188.45,1.2945e-06
0.228018,188.516,0.0662636
0.228232,188.609,0.092464
0.22825,188.621,0.012401
0.22825,188.621,1.2945e-06
0.228268,188.688,0.0662636
0.228268,188.688,8.63e-07
0.228304,188.82,0.132527
0.228482,188.897,0.0770534
0.2285,188.91,0.012401
0.2285,188.91,1.2945e-06
0.228518,188.976,0.0662636
0.228732,189.068,0.092464
0.22875,189.081,0.012401
0.22875,189.081,1.2945e-06
0.228768,189.147,0.0662636
0.228768,189.147,8.63e-07
0.228804,189.279,0.132527
0.228982,189.357,0.0770534
0.229,189.369,0.012401
0.229,189.369,1.2945e-06
0.229018,189.435,0.0662636
0.229232,189.528,0.092464
0.22925,189.54,0.012401
0.22925,189.54,1.2945e-06
0.229268,189.606,0.0662636
0.229268,189.606,8.63e-07
0.229304,189.739,0.132527
0.229482,189.816,0.0770534
0.2295,189.828,0.012401
0.2295,189.828,1.2945e-06
0.229518,189.895,0.0662636
0.229732,189.987,0.092464
0.22975,189.999,0.012401
0.22975,189.999,1.2945e-06
0.229768,190.066,0.0662636
0.229768,190.066,8.63e-07
0.229804,190.198,0.132527
0.229982,190.275,0.0770534
0.23,190.288,0.012401
0.23,190.288,1.2945e-06
0.230018,190.354,0.0662636
0.230232,190.446,0.092464
0.23025,190.459,0.012401
0.23025,190.459,1.2945e-06
0.230268,190.525,0.0662636
0.230268,190.525,8.63e-07
0.230304,190.658,0.132527
0.230482,190.735,0.0770534
0.2305,190.747,0.012401
0.2305,190.747,1.2945e-06
0.230518,190.813,0.0662636
0.230732,190.906,0.092464
0.23075,190.918,0.012401
0.23075,190.918,1.2945e-06
0.230768,190.984,0.0662636
0.230768,190.984,8.63e-07
0.230804,191.117,0.132527
0.230982,191.194,0.0770534
0.231,191.206,0.012401
0.231,191.206,1.2945e-06
0.231018,191.273,0.0662636
0.231232,191.365,0.092464
0.23125,191.378,0.012401
0.23125,191.378,1.2945e-06
0.231268,191.444,0.0662636
0.231268,191.444,8.63e-07
0.231304,191.576,0.132527
0.231482,191.653,0.0770534
0.2315,191.666,0.012401
0.2315,191.666,1.2945e-06
0.231518,191.732,0.0662636
0.231732,191.825,0.092464
0.23175,191.837,0.012401
0.23175,191.837,1.2945e-06
0.231768,191.903,0.0662636
0.231768,191.903,8.63e-07
0.231804,192.036,0.132527
0.231982,192.113,0.0770534
0.232,192.125,0.012401
0.232,192.125,1.2945e-06
0.232018,192.191,0.0662636
0.232232,192.284,0.092464
0.23225,192.296,0.012401
0.23225,192.296,1.2945e-06
0.232268,192.363,0.0662636
0.232268,192.363,8.63e-07
0.232304,192.495,0.132527
0.232482,192.572,0.0770534
0.2325,192.585,0.012401
0.2325,192.585,1.2945e-06
0.232518,192.651,0.0662636
0.232732,192.743,0.092464
0.23275,192.756,0.012401
0.23275,192.756,1.2945e-06
0.232768,192.822,0.0662636
0.232768,192.822,8.63e-07
0.232804,192.955,0.132527
0.232982,193.032,0.0770534
0.233,193.044,0.012401
0.233,193.044,1.2945e-06
0.233018,193.11,0.0662636
0.233232,193.203,0.092464
0.23325,193.215,0.012401
0.23325,193.215,1.2945e-06
0.233268,193.281,0.0662636
0.233268,193.281,8.63e-07
0.233304,193.414,0.132527
0.233482,193.491,0.0770534
0.2335,193.503,0.012401
0.2335,193.503,1.2945e-06
0.233518,193.57,0.0662636
0.233732,193.662,0.092464
0.23375,193.674,0.012401
0.23375,193.674,1.2945e-06
0.233768,193.741,0.0662636
0.233768,193.741,8.63e-07
0.233804,193.873,0.132527
0.233982,193.95,0.0770534
0.234,193.963,0.012401
0.234,193.963,1.2945e-06
0.234018,194.029,0.0662636
0.234232,194.121,0.092464
0.23425,194.134,0.012401
0.23425,194.134,1.2945e-06
0.234268,194.2,0.0662636
0.234268,194.2,8.63e-07
0.234304,194.333,0.132527
0.234482,194.41,0.0770534
0.2345,194.422,0.012401
0.2345,194.422,1.2945e-06
0.234518,194.488,0.0662636
0.234732,194.581,0.092464
0.23475,194.593,0.012401
0.23475,194.593,1.2945e-06
0.234768,194.659,0.0662636
0.234768,194.659,8.63e-07
0.234804,194.792,0.132527
0.234982,194.869,0.0770534
0.235,194.881,0.012401
0.235,194.881,1.2945e-06
0.235018,194.948,0.0662636
0.235232,195.04,0.092464
0.23525,195.053,0.012401
0.23525,195.053,1.2945e-06
0.235268,195.119,0.0662636
0.235268,195.119,8.63e-07
0.235304,195.251,0.132527
0.235482,195.328,0.0770534
0.2355,195.341,0.012401
0.2355,195.341,1.2945e-06
0.235518,195.407,0.0662636
0.235732,195.5,0.092464
0.23575,195.512,0.012401
0.23575,195.512,1.2945e-06
0.235768,195.578,0.0662636
0.235768,195.578,8.63e-07
0.235804,195.711,0.132527
0.235982,195.788,0.0770534
0.236,195.8,0.012401
0.236,195.8,1.2945e-06
0.236018,195.866,0.0662636
0.236232,195.959,0.092464
0.23625,195.971,0.012401
0.23625,195.971,1.2945e-06
0.236268,196.038,0.0662636
0.236268,196.038,8.63e-07
0.236304,196.17,0.132527
0.236482,196.247,0.0770534
0.2365,196.26,0.012401
0.2365,196.26,1.2945e-06
0.236518,196.326,0.0662636
0.236732,196.418,0.092464
0.23675,196.431,0.012401
0.23675,196.431,1.2945e-06
0.236768,196.497,0.0662636
0.236768,196.497,8.63e-07
0.236804,196.63,0.132527
0.236982,196.707,0.0770534
0.237,196.719,0.012401
0.237,196.719,1.2945e-06
0.237018,196.785,0.0662636
0.237232,196.878,0.092464
0.23725,196.89,0.012401
0.23725,196.89,1.2945e-06
0.237268,196.956,0.0662636
0.237268,196.956,8.63e-07
0.237304,197.089,0.132527
0.237482,197.166,0.0770534
0.2375,197.178,0.012401
0.2375,197.178,1.2945e-06
0.237518,197.245,0.0662636
0.237732,197.337,0.092464
0.23775,197.349,0.012401
0.23775,197.349,1.2945e-06
0.237768,197.416,0.0662636
0.237768,197.416,8.63e-07
0.237804,197.548,0.132527
0.237982,197.625,0.0770534
0.238,197.638,0.012401
0.238,197.638,1.2945e-06
0.238018,197.704,0.0662636
0.238232,197.796,0.092464
0.23825,197.809,0.012401
0.23825,197.809,1.2945e-06
0.238268,197.875,0.0662636
0.238268,197.875,8.63e-07
0.238304,198.008,0.132527
0.238482,198.085,0.0770534
0.2385,198.097,0.012401
0.2385,198.097,1.2945e-06
0.238518,198.163,0.0662636
0.238732,198.256,0.092464
0.23875,198.268,0.012401
0.23875,198.268,1.2945e-06
0.238768,198.335,0.0662636
0.238768,198.335,8.63e-07
0.238804,198.467,0.132527
0.238982,198.544,0.0770534
0.239,198.556,0.012401
0.239,198.556,1.2945e-06
0.239018,198.623,0.0662636
0.239232,198.715,0.092464
0.23925,198.728,0.012401
0.23925,198.728,1.2945e-06
0.239268,198.794,0.0662636
0.239268,198.794,8.63e-07
0.239304,198.926,0.132527
0.239482,199.003,0.0770534
0.2395,199.016,0.012401
0.2395,199.016,1.2945e-06
0.239518,199.082,0.0662636
0.239732,199.175,0.092464
0.23975,199.187,0.012401
0.23975,199.187,1.2945e-06
0.239768,199.253,0.0662636
0.239768,199.253,8.63e-07
0.239804,199.386,0.132527
0.239982,199.463,0.0770534
0.24,199.475,0.012401
0.24,199.475,1.2945e-06
0.240018,199.542,0.0662636
0.240232,199.634,0.092464
0.24025,199.646,0.012401
0.24025,199.646,1.2945e-06
0.240268,199.713,0.0662636
0.240268,199.713,8.63e-07
0.240304,199.845,0.132527
0.240482,199.922,0.0770534
0.2405,199.935,0.012401
0.2405,199.935,1.2945e-06
0.240518,200.001,0.0662636
0.240732,200.093,0.092464
0.24075,200.106,0.012401
0.24075,200.106,1.2945e-06
0.240768,200.172,0.0662636
0.240768,200.172,8.63e-07
0.240804,200.305,0.132527
0.240982,200.382,0.0770534
0.241,200.394,0.012401
0.241,200.394,1.2945e-06
0.241018,200.46,0.0662636
0.241232,200.553,0.092464
0.24125,200.565,0.012401
0.24125,200.565,1.2945e-06
0.241268,200.631,0.0662636
0.241268,200.631,8.63e-07
0.241304,200.764,0.132527
0.241482,200.841,0.0770534
0.2415,200.853,0.012401
0.2415,200.853,1.2945e-06
0.241518,200.92,0.0662636
0.241732,201.012,0.092464
0.24175,201.025,0.012401
0.24175,201.025,1.2945e-06
0.241768,201.091,0.0662636
0.241768,201.091,8.63e-07
0.241804,201.223,0.132527
0.241982,201.3,0.0770534
0.242,201.313,0.012401
0.242,201.313,1.2945e-06
0.242018,201.379,0.0662636
0.242018,201.379,8.63e-07
0.242054,201.512,0.132527
0.242054,201.512,8.63e-07
0.242089,201.644,0.132527
0.242232,201.706,0.0616428
0.24225,201.718,0.012401
0.24225,201.718,1.2945e-06
0.242268,201.784,0.0662636
0.242268,201.784,8.63e-07
0.242304,201.917,0.132527
0.242482,201.994,0.0770534
0.2425,202.006,0.012401
0.2425,202.006,1.2945e-06
0.242518,202.073,0.0662636
0.242732,202.165,0.092464
0.24275,202.177,0.012401
0.24275,202.177,1.2945e-06
0.242768,202.244,0.0662636
0.242768,202.244,8.63e-07
0.242804,202.376,0.132527
0.242982,202.453,0.0770534
0.243,202.466,0.012401
0.243,202.466,1.2945e-06
0.243018,202.532,0.0662636
0.243232,202.624,0.092464
0.24325,202.637,0.012401
0.24325,202.637,1.2945e-06
0.243268,202.703,0.0662636
0.243268,202.703,8.63e-07
0.243304,202.836,0.132527
0.243482,202.913,0.0770534
0.2435,202.925,0.012401
0.2435,202.925,1.2945e-06
0.243518,202.991,0.0662636
0.243732,203.084,0.092464
0.24375,203.096,0.012401
0.24375,203.096,1.2945e-06
0.243768,203.163,0.0662636
0.243768,203.163,8.63e-07
0.243804,203.295,0.132527
0.243982,203.372,0.0770534
0.244,203.384,0.012401
0.244,203.384,1.2945e-06
0.244018,203.451,0.0662636
0.244232,203.543,0.092464
0.24425,203.556,0.012401
0.24425,203.556,1.2945e-06
0.244268,203.622,0.0662636
0.244268,203.622,8.63e-07
0.244304,203.754,0.132527
0.244482,203.831,0.0770534
0.2445,203.844,0.012401
0.2445,203.844,1.2945e-06
0.244518,203.91,0.0662636
0.244732,204.003,0.092464
0.24475,204.015,0.012401
0.24475,204.015,1.2945e-06
0.244768,204.081,0.0662636
0.244768,204.081,8.63e-07
0.244804,204.214,0.132527
0.244982,204.291,0.0770534
0.245,204.303,0.012401
0.245,204.303,1.2945e-06
0.245018,204.37,0.0662636
0.245232,204.462,0.092464
0.24525,204.474,0.012401
0.24525,204.474,1.2945e-06
0.245268,204.541,0.0662636
0.245268,204.541,8.63e-07
0.245304,204.673,0.132527
0.245482,204.75,0.0770534
0.2455,204.763,0.012401
0.2455,204.763,1.2945e-06
0.245518,204.829,0.0662636
0.245732,204.921,0.092464
0.24575,204.934,0.012401
0.24575,204.934,1.2945e-06
0.245768,205,0.0662636
0.245768,205,8.63e-07
0.245804,205.133,0.132527
0.245982,205.21,0.0770534
0.246,205.222,0.012401
0.246,205.222,1.2945e-06
0.246018,205.288,0.0662636
0.246232,205.381,0.092464
0.24625,205.393,0.012401
0.24625,205.393,1.2945e-06
0.246268,205.459,0.0662636
0.246268,205.459,8.63e-07
0.246304,205.592,0.132527
0.246482,205.669,0.0770534
0.2465,205.681,0.012401
0.2465,205.681,1.2945e-06
0.246518,205.748,0.0662636
0.246732,205.84,0.092464
0.24675,205.853,0.012401
0.24675,205.853,1.2945e-06
0.246768,205.919,0.0662636
0.246768,205.919,8.63e-07
0.246804,206.051,0.132527
0.246982,206.128,0.0770534
0.247,206.141,0.012401
0.247,206.141,1.2945e-06
0.247018,206.207,0.0662636
0.247232,206.299,0.092464
0.24725,206.312,0.012401
0.24725,206.312,1.2945e-06
0.247268,206.378,0.0662636
0.247268,206.378,8.63e-07
0.247304,206.511,0.132527
0.247482,206.588,0.0770534
0.2475,206.6,0.012401
0.2475,206.6,1.2945e-06
0.247518,206.666,0.0662636
0.247732,206.759,0.092464
0.24775,206.771,0.012401
0.24775,206.771,1.2945e-06
0.247768,206.838,0.0662636
0.247768,206.838,8.63e-07
0.247804,206.97,0.132527
0.247982,207.047,0.0770534
0.248,207.06,0.012401
0.248,207.06,1.2945e-06
0.248018,207.126,0.0662636
0.248232,207.218,0.092464
0.24825,207.231,0.012401
0.24825,207.231,1.2945e-06
0.248268,207.297,0.0662636
0.248268,207.297,8.63e-07
0.248304,207.429,0.132527
0.248482,207.506,0.0770534
0.2485,207.519,0.012401
0.2485,207.519,1.2945e-06
0.248518,207.585,0.0662636
0.248732,207.678,0.092464
0.24875,207.69,0.012401
0.24875,207.69,1.2945e-06
0.248768,207.756,0.0662636
0.248768,207.756,8.63e-07
0.248804,207.889,0.132527
0.248982,207.966,0.0770534
0.249,207.978,0.012401
0.249,207.978,1.2945e-06
0.249018,208.045,0.0662636
0.249232,208.137,0.092464
0.24925,208.149,0.012401
0.24925,208.149,1.2945e-06
0.249268,208.216,0.0662636
0.249268,208.216,8.63e-07
0.249304,208.348,0.132527
0.249482,208.425,0.0770534
0.2495,208.438,0.012401
0.2495,208.438,1.2945e-06
0.249518,208.504,0.0662636
0.249732,208.596,0.092464
0.24975,208.609,0.012401
0.24975,208.609,1.2945e-06
0.249768,208.675,0.0662636
0.249768,208.675,8.63e-07
0.249804,208.808,0.132527
0.249982,208.885,0.0770534
0.25,208.897,0.012401
0.25,208.897,1.2945e-06
0.250018,208.963,0.0662636
0.250232,209.056,0.092464
0.25025,209.068,0.012401
0.25025,209.068,1.2945e-06
0.250268,209.134,0.0662636
0.250268,209.134,8.63e-07
0.250304,209.267,0.132527
0.250482,209.344,0.0770534
0.2505,209.356,0.012401
0.2505,209.356,1.2945e-06
0.250518,209.423,0.0662636
0.250732,209.515,0.092464
0.25075,209.528,0.012401
0.25075,209.528,1.2945e-06
0.250768,209.594,0.0662636
0.250768,209.594,8.63e-07
0.250804,209.726,0.132527
0.250982,209.803,0.0770534
0.251,209.816,0.012401
0.251,209.816,1.2945e-06
0.251018,209.882,0.0662636
0.251232,209.975,0.092464
0.25125,209.987,0.012401
0.25125,209.987,1.2945e-06
0.251268,210.053,0.0662636
0.251268,210.053,8.63e-07
0.251304,210.186,0.132527
0.251482,210.263,0.0770534
0.2515,210.275,0.012401
0.2515,210.275,1.2945e-06
0.251518,210.341,0.0662636
0.251732,210.434,0.092464
0.25175,210.446,0.012401
0.25175,210.446,1.2945e-06
0.251768,210.513,0.0662636
0.251768,210.513,8.63e-07
0.251804,210.645,0.132527
0.251982,210.722,0.0770534
0.252,210.735,0.012401
0.252,210.735,1.2945e-06
0.252018,210.801,0.0662636
0.252232,210.893,0.092464
0.25225,210.906,0.012401
0.25225,210.906,1.2945e-06
0.252268,210.972,0.0662636
0.252268,210.972,8.63e-07
0.252304,211.104,0.132527
0.252482,211.182,0.0770534
0.2525,211.194,0.012401
0.2525,211.194,1.2945e-06
0.252518,211.26,0.0662636
0.252732,211.353,0.092464
0.25275,211.365,0.012401
0.25275,211.365,1.2945e-06
0.252768,211.431,0.0662636
0.252768,211.431,8.63e-07
0.252804,211.564,0.132527
0.252982,211.641,0.0770534
0.253,211.653,0.012401
0.253,211.653,1.2945e-06
0.253018,211.72,0.0662636
0.253232,211.812,0.092464
0.25325,211.824,0.012401
0.25325,211.824,1.2945e-06
0.253268,211.891,0.0662636
0.253268,211.891,8.63e-07
0.253304,212.023,0.132527
0.253482,212.1,0.0770534
0.2535,212.113,0.012401
0.2535,212.113,1.2945e-06
0.253518,212.179,0.0662636
0.253732,212.271,0.092464
0.25375,212.284,0.012401
0.25375,212.284,1.2945e-06
0.253768,212.35,0.0662636
0.253768,212.35,8.63e-07
0.253804,212.483,0.132527
0.253982,212.56,0.0770534
0.254,212.572,0.012401
0.254,212.572,1.2945e-06
0.254018,212.638,0.0662636
0.254232,212.731,0.092464
0.25425,212.743,0.012401
0.25425,212.743,1.2945e-06
0.254268,212.809,0.0662636
0.254268,212.809,8.63e-07
0.254304,212.942,0.132527
0.254482,213.019,0.0770534
0.2545,213.031,0.012401
0.2545,213.031,1.2945e-06
0.254518,213.098,0.0662636
0.254732,213.19,0.092464
0.25475,213.203,0.012401
0.25475,213.203,1.2945e-06
0.254768,213.269,0.0662636
0.254768,213.269,8.63e-07
0.254804,213.401,0.132527
0.254982,213.478,0.0770534
0.255,213.491,0.012401
0.255,213.491,1.2945e-06
0.255018,213.557,0.0662636
0.255232,213.65,0.092464
0.25525,213.662,0.012401
0.25525,213.662,1.2945e-06
0.255268,213.728,0.0662636
0.255268,213.728,8.63e-07
0.255304,213.861,0.132527
0.255482,213.938,0.0770534
0.2555,213.95,0.012401
0.2555,213.95,1.2945e-06
0.255518,214.016,0.0662636
0.255732,214.109,0.092464
0.25575,214.121,0.012401
0.25575,214.121,1.2945e-06
0.255768,214.188,0.0662636
0.255768,214.188,8.63e-07
0.255804,214.32,0.132527
0.255982,214.397,0.0770534
0.256,214.41,0.012401
0.256,214.41,1.2945e-06
0.256018,214.476,0.0662636
0.256232,214.568,0.092464
0.25625,214.581,0.012401
0.25625,214.581,1.2945e-06
0.256268,214.647,0.0662636
0.256268,214.647,8.63e-07
0.256304,214.779,0.132527
0.256482,214.857,0.0770534
0.2565,214.869,0.012401
0.2565,214.869,1.2945e-06
0.256518,214.935,0.0662636
0.256732,215.028,0.092464
0.25675,215.04,0.012401
0.25675,215.04,1.2945e-06
0.256768,215.106,0.0662636
0.256768,215.106,8.63e-07
0.256804,215.239,0.132527
0.256982,215.316,0.0770534
0.257,215.328,0.012401
0.257,215.328,1.2945e-06
0.257018,215.395,0.0662636
0.257232,215.487,0.092464
0.25725,215.499,0.012401
0.25725,215.499,1.2945e-06
0.257268,215.566,0.0662636
0.257268,215.566,8.63e-07
0.257304,215.698,0.132527
0.257482,215.775,0.0770534
0.2575,215.788,0.012401
0.2575,215.788,1.2945e-06
0.257518,215.854,0.0662636
0.257732,215.946,0.092464
0.25775,215.959,0.012401
0.25775,215.959,1.2945e-06
0.257768,216.025,0.0662636
0.257768,216.025,8.63e-07
0.257804,216.158,0.132527
0.257982,216.235,0.0770534
0.258,216.247,0.012401
0.258,216.247,1.2945e-06
0.258018,216.313,0.0662636
0.258232,216.406,0.092464
0.25825,216.418,0.012401
0.25825,216.418,1.2945e-06
0.258268,216.484,0.0662636
0.258268,216.484,8.63e-07
0.258304,216.617,0.132527
0.258482,216.694,0.0770534
0.2585,216.706,0.012401
0.2585,216.706,1.2945e-06
0.258518,216.773,0.0662636
0.258518,216.773,8.63e-07
0.258554,216.905,0.132527
0.258554,216.905,8.63e-07
0.258589,217.038,0.132527
0.258732,217.099,0.0616428
0.25875,217.112,0.012401
0.25875,217.112,1.2945e-06
0.258768,217.178,0.0662636
0.258768,217.178,8.63e-07
0.258804,217.311,0.132527
0.258982,217.388,0.0770534
0.259,217.4,0.012401
0.259,217.4,1.2945e-06
0.259018,217.466,0.0662636
0.259232,217.559,0.092464
0.25925,217.571,0.012401
0.25925,217.571,1.2945e-06
0.259268,217.637,0.0662636
0.259268,217.637,8.63e-07
0.259304,217.77,0.132527
0.259482,217.847,0.0770534
0.2595,217.859,0.012401
0.2595,217.859,1.2945e-06
0.259518,217.926,0.0662636
0.259732,218.018,0.092464
0.25975,218.031,0.012401
0.25975,218.031,1.2945e-06
0.259768,218.097,0.0662636
0.259768,218.097,8.63e-07
0.259804,218.229,0.132527
0.259982,218.306,0.0770534
0.26,218.319,0.012401
0.26,218.319,1.2945e-06
0.260018,218.385,0.0662636
0.260018,218.385,8.63e-07
0.260054,218.518,0.132527
0.260054,218.518,8.63e-07
0.260089,218.65,0.132527
0.260232,218.712,0.0616428
0.26025,218.724,0.012401
0.26025,218.724,1.2945e-06
0.260268,218.79,0.0662636
0.260268,218.79,8.63e-07
0.260304,218.923,0.132527
0.260482,219,0.0770534
0.2605,219.012,0.012401
0.2605,219.012,1.2945e-06
0.260518,219.079,0.0662636
0.260732,219.171,0.092464
0.26075,219.184,0.012401
0.26075,219.184,1.2945e-06
0.260768,219.25,0.0662636
0.260768,219.25,8.63e-07
0.260804,219.382,0.132527
0.260982,219.459,0.0770534
0.261,219.472,0.012401
0.261,219.472,1.2945e-06
0.261018,219.538,0.0662636
0.261232,219.631,0.092464
0.26125,219.643,0.012401
0.26125,219.643,1.2945e-06
0.261268,219.709,0.0662636
0.261268,219.709,8.63e-07
0.261304,219.842,0.132527
0.261482,219.919,0.0770534
0.2615,219.931,0.012401
0.2615,219.931,1.2945e-06
0.261518,219.997,0.0662636
0.261518,219.997,8.63e-07
0.261554,220.13,0.132527
0.261554,220.13,8.63e-07
0.261589,220.262,0.132527
0.261732,220.324,0.0616428
0.26175,220.337,0.012401
0.26175,220.337,1.2945e-06
0.261768,220.403,0.0662636
0.261768,220.403,8.63e-07
0.261804,220.535,0.132527
0.261982,220.612,0.0770534
0.262,220.625,0.012401
0.262,220.625,1.2945e-06
0.262018,220.691,0.0662636
0.262232,220.784,0.092464
0.26225,220.796,0.012401
0.26225,220.796,1.2945e-06
0.262268,220.862,0.0662636
0.262268,220.862,8.63e-07
0.262304,220.995,0.132527
0.262482,221.072,0.0770534
0.2625,221.084,0.012401
0.2625,221.084,1.2945e-06
0.262518,221.15,0.0662636
0.262732,221.243,0.092464
0.26275,221.255,0.012401
0.26275,221.255,1.2945e-06
0.262768,221.322,0.0662636
0.262768,221.322,8.63e-07
0.262804,221.454,0.132527
0.262982,221.531,0.0770534
0.263,221.544,0.012401
0.263,221.544,1.2945e-06
0.263018,221.61,0.0662636
0.263018,221.61,8.63e-07
0.263054,221.742,0.132527
0.263054,221.742,8.63e-07
0.263089,221.875,0.132527
0.263232,221.937,0.0616428
0.26325,221.949,0.012401
0.26325,221.949,1.2945e-06
0.263268,222.015,0.0662636
0.263268,222.015,8.63e-07
0.263304,222.148,0.132527
0.263482,222.225,0.0770534
0.2635,222.237,0.012401
0.2635,222.237,1.2945e-06
0.263518,222.303,0.0662636
0.263732,222.396,0.092464
0.26375,222.408,0.012401
0.26375,222.408,1.2945e-06
0.263768,222.475,0.0662636
0.263768,222.475,8.63e-07
0.263804,222.607,0.132527
0.263982,222.684,0.0770534
0.264,222.697,0.012401
0.264,222.697,1.2945e-06
0.264018,222.763,0.0662636
0.264232,222.855,0.092464
0.26425,222.868,0.012401
0.26425,222.868,1.2945e-06
0.264268,222.934,0.0662636
0.264268,222.934,8.63e-07
0.264304,223.066,0.132527
0.264482,223.144,0.0770534
0.2645,223.156,0.012401
0.2645,223.156,1.2945e-06
0.264518,223.222,0.0662636
0.264732,223.315,0.092464
0.26475,223.327,0.012401
0.26475,223.327,1.2945e-06
0.264768,223.393,0.0662636
0.264768,223.393,8.63e-07
0.264804,223.526,0.132527
0.264982,223.603,0.0770534
0.265,223.615,0.012401
0.265,223.615,1.2945e-06
0.265018,223.682,0.0662636
0.265232,223.774,0.092464
0.26525,223.786,0.012401
0.26525,223.786,1.2945e-06
0.265268,223.853,0.0662636
0.265268,223.853,8.63e-07
0.265304,223.985,0.132527
0.265482,224.062,0.0770534
0.2655,224.075,0.012401
0.2655,224.075,1.2945e-06
0.265518,224.141,0.0662636
0.265518,224.141,8.63e-07
0.265554,224.273,0.132527
0.265554,224.273,8.63e-07
0.265589,224.406,0.132527
0.265732,224.468,0.0616428
0.26575,224.48,0.012401
0.26575,224.48,1.2945e-06
0.265768,224.546,0.0662636
0.265768,224.546,8.63e-07
0.265804,224.679,0.132527
0.265982,224.756,0.0770534
0.266,224.768,0.012401
0.266,224.768,1.2945e-06
0.266018,224.835,0.0662636
0.266018,224.835,8.63e-07
0.266054,224.967,0.132527
0.266054,224.967,8.63e-07
0.266089,225.1,0.132527
0.266232,225.161,0.0616428
0.26625,225.174,0.012401
0.26625,225.174,1.2945e-06
0.266268,225.24,0.0662636
0.266268,225.24,8.63e-07
0.266304,225.372,0.132527
0.266482,225.449,0.0770534
0.2665,225.462,0.012401
0.2665,225.462,1.2945e-06
0.266518,225.528,0.0662636
0.266732,225.621,0.092464
0.26675,225.633,0.012401
0.26675,225.633,1.2945e-06
0.266768,225.699,0.0662636
0.266768,225.699,8.63e-07
0.266804,225.832,0.132527
0.266982,225.909,0.0770534
0.267,225.921,0.012401
0.267,225.921,1.2945e-06
0.267018,225.988,0.0662636
0.267018,225.988,8.63e-07
0.267054,226.12,0.132527
0.267054,226.12,8.63e-07
0.267089,226.253,0.132527
0.267232,226.314,0.0616428
0.26725,226.327,0.012401
0.26725,226.327,1.2945e-06
0.267268,226.393,0.0662636
0.267268,226.393,8.63e-07
0.267304,226.525,0.132527
0.267482,226.602,0.0770534
0.2675,226.615,0.012401
0.2675,226.615,1.2945e-06
0.267518,226.681,0.0662636
0.267732,226.774,0.092464
0.26775,226.786,0.012401
0.26775,226.786,1.2945e-06
0.267768,226.852,0.0662636
0.267768,226.852,8.63e-07
0.267804,226.985,0.132527
0.267982,227.062,0.0770534
0.268,227.074,0.012401
0.268,227.074,1.2945e-06
0.268018,227.141,0.0662636
0.268232,227.233,0.092464
0.26825,227.245,0.012401
0.26825,227.245,1.2945e-06
0.268268,227.312,0.0662636
0.268268,227.312,8.63e-07
0.268304,227.444,0.132527
0.268482,227.521,0.0770534
0.2685,227.534,0.012401
0.2685,227.534,1.2945e-06
0.268518,227.6,0.0662636
0.268518,227.6,8.63e-07
0.268554,227.732,0.132527
0.268554,227.732,8.63e-07
0.268589,227.865,0.132527
0.268732,227.927,0.0616428
0.26875,227.939,0.012401
0.26875,227.939,1.2945e-06
0.268768,228.005,0.0662636
0.268768,228.005,8.63e-07
0.268804,228.138,0.132527
0.268982,228.215,0.0770534
0.269,228.227,0.012401
0.269,228.227,1.2945e-06
0.269018,228.294,0.0662636
0.269232,228.386,0.092464
0.26925,228.398,0.012401
0.26925,228.398,1.2945e-06
0.269268,228.465,0.0662636
0.269268,228.465,8.63e-07
0.269304,228.597,0.132527
0.269482,228.674,0.0770534
0.2695,228.687,0.012401
0.2695,228.687,1.2945e-06
0.269518,228.753,0.0662636
0.269732,228.845,0.092464
0.26975,228.858,0.012401
0.26975,228.858,1.2945e-06
0.269768,228.924,0.0662636
0.269768,228.924,8.63e-07
0.269804,229.057,0.132527
0.269982,229.134,0.0770534
0.27,229.146,0.012401
0.27,229.146,1.2945e-06
0.270018,229.212,0.0662636
0.270018,229.212,8.63e-07
0.270054,229.345,0.132527
0.270054,229.345,8.63e-07
0.270089,229.477,0.132527
0.270232,229.539,0.0616428
0.27025,229.551,0.012401
0.27025,229.551,1.2945e-06
0.270268,229.618,0.0662636
0.270268,229.618,8.63e-07
0.270304,229.75,0.132527
0.270482,229.827,0.0770534
0.2705,229.84,0.012401
0.2705,229.84,1.2945e-06
0.270518,229.906,0.0662636
0.270732,229.998,0.092464
0.27075,230.011,0.012401
0.27075,230.011,1.2945e-06
0.270768,230.077,0.0662636
0.270768,230.077,8.63e-07
0.270804,230.21,0.132527
0.270982,230.287,0.0770534
0.271,230.299,0.012401
0.271,230.299,1.2945e-06
0.271018,230.365,0.0662636
0.271232,230.458,0.092464
0.27125,230.47,0.012401
0.27125,230.47,1.2945e-06
0.271268,230.536,0.0662636
0.271268,230.536,8.63e-07
0.271304,230.669,0.132527
0.271482,230.746,0.0770534
0.2715,230.758,0.012401
0.2715,230.758,1.2945e-06
0.271518,230.825,0.0662636
0.271518,230.825,8.63e-07
0.271554,230.957,0.132527
0.271554,230.957,8.63e-07
0.271589,231.09,0.132527
0.271732,231.151,0.0616428
0.27175,231.164,0.012401
0.27175,231.164,1.2945e-06
0.271768,231.23,0.0662636
0.271768,231.23,8.63e-07
0.271804,231.363,0.132527
0.271982,231.44,0.0770534
0.272,231.452,0.012401
0.272,231.452,1.2945e-06
0.272018,231.518,0.0662636
0.272232,231.611,0.092464
0.27225,231.623,0.012401
0.27225,231.623,1.2945e-06
0.272268,231.689,0.0662636
0.272268,231.689,8.63e-07
0.272304,231.822,0.132527
0.272482,231.899,0.0770534
0.2725,231.911,0.012401
0.2725,231.911,1.2945e-06
0.272518,231.978,0.0662636
0.272732,232.07,0.092464
0.27275,232.082,0.012401
0.27275,232.082,1.2945e-06
0.272768,232.149,0.0662636
0.272768,232.149,8.63e-07
0.272804,232.281,0.132527
0.272982,232.358,0.0770534
0.273,232.371,0.012401
0.273,232.371,1.2945e-06
0.273018,232.437,0.0662636
0.273232,232.529,0.092464
0.27325,232.542,0.012401
0.27325,232.542,1.2945e-06
0.273268,232.608,0.0662636
0.273268,232.608,8.63e-07
0.273304,232.741,0.132527
0.273482,232.818,0.0770534
0.2735,232.83,0.012401
0.2735,232.83,1.2945e-06
0.273518,232.896,0.0662636
0.273732,232.989,0.092464
0.27375,233.001,0.012401
0.27375,233.001,1.2945e-06
0.273768,233.068,0.0662636
0.273768,233.068,8.63e-07
0.273804,233.2,0.132527
0.273982,233.277,0.0770534
0.274,233.289,0.012401
0.274,233.289,1.2945e-06
0.274018,233.356,0.0662636
0.274232,233.448,0.092464
0.27425,233.461,0.012401
0.27425,233.461,1.2945e-06
0.274268,233.527,0.0662636
0.274268,233.527,8.63e-07
0.274304,233.659,0.132527
0.274482,233.736,0.0770534
0.2745,233.749,0.012401
0.2745,233.749,1.2945e-06
0.274518,233.815,0.0662636
0.274732,233.908,0.092464
0.27475,233.92,0.012401
0.27475,233.92,1.2945e-06
0.274768,233.986,0.0662636
0.274768,233.986,8.63e-07
0.274804,234.119,0.132527
0.274982,234.196,0.0770534
0.275,234.208,0.012401
0.275,234.208,1.2945e-06
0.275018,234.275,0.0662636
0.275232,234.367,0.092464
0.27525,234.379,0.012401
0.27525,234.379,1.2945e-06
0.275268,234.446,0.0662636
0.275268,234.446,8.63e-07
0.275304,234.578,0.132527
0.275482,234.655,0.0770534
0.2755,234.668,0.012401
0.2755,234.668,1.2945e-06
0.275518,234.734,0.0662636
0.275732,234.826,0.092464
0.27575,234.839,0.012401
0.27575,234.839,1.2945e-06
0.275768,234.905,0.0662636
0.275768,234.905,8.63e-07
0.275804,235.038,0.132527
0.275982,235.115,0.0770534
0.276,235.127,0.012401
0.276,235.127,1.2945e-06
0.276018,235.193,0.0662636
0.276232,235.286,0.092464
0.27625,235.298,0.012401
0.27625,235.298,1.2945e-06
0.276268,235.364,0.0662636
0.276268,235.364,8.63e-07
0.276304,235.497,0.132527
0.276482,235.574,0.0770534
0.2765,235.586,0.012401
0.2765,235.586,1.2945e-06
0.276518,235.653,0.0662636
0.276732,235.745,0.092464
0.27675,235.757,0.012401
0.27675,235.758,1.2945e-06
0.276768,235.824,0.0662636
0.276768,235.824,8.63e-07
0.276804,235.956,0.132527
0.276982,236.033,0.0770534
0.277,236.046,0.012401
0.277,236.046,1.2945e-06
0.277018,236.112,0.0662636
0.277232,236.204,0.092464
0.27725,236.217,0.012401
0.27725,236.217,1.2945e-06
0.277268,236.283,0.0662636
0.277268,236.283,8.63e-07
0.277304,236.416,0.132527
0.277482,236.493,0.0770534
0.2775,236.505,0.012401
0.2775,236.505,1.2945e-06
0.277518,236.571,0.0662636
0.277518,236.571,8.63e-07
0.277554,236.704,0.132527
0.277554,236.704,8.63e-07
0.277589,236.836,0.132527
0.277732,236.898,0.0616428
0.27775,236.91,0.012401
0.27775,236.91,1.2945e-06
0.277768,236.977,0.0662636
0.277768,236.977,8.63e-07
0.277804,237.109,0.132527
0.277982,237.186,0.0770534
0.278,237.199,0.012401
0.278,237.199,1.2945e-06
0.278018,237.265,0.0662636
0.278232,237.357,0.092464
0.27825,237.37,0.012401
0.27825,237.37,1.2945e-06
0.278268,237.436,0.0662636
0.278268,237.436,8.63e-07
0.278304,237.569,0.132527
0.278482,237.646,0.0770534
0.2785,237.658,0.012401
0.2785,237.658,1.2945e-06
0.278518,237.724,0.0662636
0.278732,237.817,0.092464
0.27875,237.829,0.012401
0.27875,237.829,1.2945e-06
0.278768,237.896,0.0662636
0.278768,237.896,8.63e-07
0.278804,238.028,0.132527
0.278982,238.105,0.0770534
0.279,238.117,0.012401
0.279,238.117,1.2945e-06
0.279018,238.184,0.0662636
0.279232,238.276,0.092464
0.27925,238.289,0.012401
0.27925,238.289,1.2945e-06
0.279268,238.355,0.0662636
0.279268,238.355,8.63e-07
0.279304,238.487,0.132527
0.279482,238.564,0.0770534
0.2795,238.577,0.012401
0.2795,238.577,1.2945e-06
0.279518,238.643,0.0662636
0.279732,238.736,0.092464
0.27975,238.748,0.012401
0.27975,238.748,1.2945e-06
0.279768,238.814,0.0662636
0.279768,238.814,8.63e-07
0.279804,238.947,0.132527
0.279982,239.024,0.0770534
0.28,239.036,0.012401
0.28,239.036,1.2945e-06
0.280018,239.103,0.0662636
0.280232,239.195,0.092464
0.28025,239.207,0.012401
0.28025,239.207,1.2945e-06
0.280268,239.274,0.0662636
0.280268,239.274,8.63e-07
0.280304,239.406,0.132527
0.280482,239.483,0.0770534
0.2805,239.496,0.012401
0.2805,239.496,1.2945e-06
0.280518,239.562,0.0662636
0.280732,239.654,0.092464
0.28075,239.667,0.012401
0.28075,239.667,1.2945e-06
0.280768,239.733,0.0662636
0.280768,239.733,8.63e-07
0.280804,239.866,0.132527
0.280982,239.943,0.0770534
0.281,239.955,0.012401
0.281,239.955,1.2945e-06
0.281018,240.021,0.0662636
0.281232,240.114,0.092464
0.28125,240.126,0.012401
0.28125,240.126,1.2945e-06
0.281268,240.192,0.0662636
0.281268,240.192,8.63e-07
0.281304,240.325,0.132527
0.281482,240.402,0.0770534
0.2815,240.414,0.012401
0.2815,240.414,1.2945e-06
0.281518,240.481,0.0662636
0.281732,240.573,0.092464
0.28175,240.586,0.012401
0.28175,240.586,1.2945e-06
0.281768,240.652,0.0662636
0.281768,240.652,8.63e-07
0.281804,240.784,0.132527
0.281982,240.861,0.0770534
0.282,240.874,0.012401
0.282,240.874,1.2945e-06
0.282018,240.94,0.0662636
0.282232,241.032,0.092464
0.28225,241.045,0.012401
0.28225,241.045,1.2945e-06
0.282268,241.111,0.0662636
0.282268,241.111,8.63e-07
0.282304,241.244,0.132527
0.282482,241.321,0.0770534
0.2825,241.333,0.012401
0.2825,241.333,1.2945e-06
0.282518,241.399,0.0662636
0.282732,241.492,0.092464
0.28275,241.504,0.012401
0.28275,241.504,1.2945e-06
0.282768,241.571,0.0662636
0.282768,241.571,8.63e-07
0.282804,241.703,0.132527
0.282982,241.78,0.0770534
0.283,241.793,0.012401
0.283,241.793,1.2945e-06
0.283018,241.859,0.0662636
0.283232,241.951,0.092464
0.28325,241.964,0.012401
0.28325,241.964,1.2945e-06
0.283268,242.03,0.0662636
0.283268,242.03,8.63e-07
0.283304,242.162,0.132527
0.283482,242.239,0.0770534
0.2835,242.252,0.012401
0.2835,242.252,1.2945e-06
0.283518,242.318,0.0662636
0.283732,242.411,0.092464
0.28375,242.423,0.012401
0.28375,242.423,1.2945e-06
0.283768,242.489,0.0662636
0.283768,242.489,8.63e-07
0.283804,242.622,0.132527
0.283982,242.699,0.0770534
0.284,242.711,0.012401
0.284,242.711,1.2945e-06
0.284018,242.778,0.0662636
0.284232,242.87,0.092464
0.28425,242.882,0.012401
0.28425,242.882,1.2945e-06
0.284268,242.949,0.0662636
0.284268,242.949,8.63e-07
0.284304,243.081,0.132527
0.284482,243.158,0.0770534
0.2845,243.171,0.012401
0.2845,243.171,1.2945e-06
0.284518,243.237,0.0662636
0.284732,243.329,0.092464
0.28475,243.342,0.012401
0.28475,243.342,1.2945e-06
0.284768,243.408,0.0662636
0.284768,243.408,8.63e-07
0.284804,243.541,0.132527
0.284982,243.618,0.0770534
0.285,243.63,0.012401
0.285,243.63,1.2945e-06
0.285018,243.696,0.0662636
0.285232,243.789,0.092464
0.28525,243.801,0.012401
0.28525,243.801,1.2945e-06
0.285268,243.867,0.0662636
0.285268,243.867,8.63e-07
0.285304,244,0.132527
0.285482,244.077,0.0770534
0.2855,244.089,0.012401
0.2855,244.089,1.2945e-06
0.285518,244.156,0.0662636
0.285732,244.248,0.092464
0.28575,244.261,0.012401
0.28575,244.261,1.2945e-06
0.285768,244.327,0.0662636
0.285768,244.327,8.63e-07
0.285804,244.459,0.132527
0.285982,244.536,0.0770534
0.286,244.549,0.012401
0.286,244.549,1.2945e-06
0.286018,244.615,0.0662636
0.286232,244.708,0.092464
0.28625,244.72,0.012401
0.28625,244.72,1.2945e-06
0.286268,244.786,0.0662636
0.286268,244.786,8.63e-07
0.286304,244.919,0.132527
0.286482,244.996,0.0770534
0.2865,245.008,0.012401
0.2865,245.008,1.2945e-06
0.286518,245.074,0.0662636
0.286732,245.167,0.092464
0.28675,245.179,0.012401
0.28675,245.179,1.2945e-06
0.286768,245.246,0.0662636
0.286768,245.246,8.63e-07
0.286804,245.378,0.132527
0.286982,245.455,0.0770534
0.287,245.468,0.012401
0.287,245.468,1.2945e-06
0.287018,245.534,0.0662636
0.287232,245.626,0.092464
0.28725,245.639,0.012401
0.28725,245.639,1.2945e-06
0.287268,245.705,0.0662636
0.287268,245.705,8.63e-07
0.287304,245.837,0.132527
0.287482,245.915,0.0770534
0.2875,245.927,0.012401
0.2875,245.927,1.2945e-06
0.287518,245.993,0.0662636
0.287732,246.086,0.092464
0.28775,246.098,0.012401
0.28775,246.098,1.2945e-06
0.287768,246.164,0.0662636
0.287768,246.164,8.63e-07
0.287804,246.297,0.132527
0.287982,246.374,0.0770534
0.288,246.386,0.012401
0.288,246.386,1.2945e-06
0.288018,246.453,0.0662636
0.288232,246.545,0.092464
0.28825,246.557,0.012401
0.28825,246.557,1.2945e-06
0.288268,246.624,0.0662636
0.288268,246.624,8.63e-07
0.288304,246.756,0.132527
0.288482,246.833,0.0770534
0.2885,246.846,0.012401
0.2885,246.846,1.2945e-06
0.288518,246.912,0.0662636
0.288732,247.004,0.092464
0.28875,247.017,0.012401
0.28875,247.017,1.2945e-06
0.288768,247.083,0.0662636
0.288768,247.083,8.63e-07
0.288804,247.216,0.132527
0.288982,247.293,0.0770534
0.289,247.305,0.012401
0.289,247.305,1.2945e-06
0.289018,247.371,0.0662636
0.289232,247.464,0.092464
0.28925,247.476,0.012401
0.28925,247.476,1.2945e-06
0.289268,247.542,0.0662636
0.289268,247.542,8.63e-07
0.289304,247.675,0.132527
0.289482,247.752,0.0770534
0.2895,247.764,0.012401
0.2895,247.764,1.2945e-06
0.289518,247.831,0.0662636
0.289732,247.923,0.092464
0.28975,247.936,0.012401
0.28975,247.936,1.2945e-06
0.289768,248.002,0.0662636
0.289768,248.002,8.63e-07
0.289804,248.134,0.132527
0.289982,248.211,0.0770534
0.29,248.224,0.012401
0.29,248.224,1.2945e-06
0.290018,248.29,0.0662636
0.290232,248.383,0.092464
0.29025,248.395,0.012401
0.29025,248.395,1.2945e-06
0.290268,248.461,0.0662636
0.290268,248.461,8.63e-07
0.290304,248.594,0.132527
0.290482,248.671,0.0770534
0.2905,248.683,0.012401
0.2905,248.683,1.2945e-06
0.290518,248.749,0.0662636
0.290732,248.842,0.092464
0.29075,248.854,0.012401
0.29075,248.854,1.2945e-06
0.290768,248.921,0.0662636
0.290768,248.921,8.63e-07
0.290804,249.053,0.132527
0.290982,249.13,0.0770534
0.291,249.143,0.012401
0.291,249.143,1.2945e-06
0.291018,249.209,0.0662636
0.291232,249.301,0.092464
0.29125,249.314,0.012401
0.29125,249.314,1.2945e-06
0.291268,249.38,0.0662636
0.291268,249.38,8.63e-07
0.291304,249.512,0.132527
0.291482,249.59,0.0770534
0.2915,249.602,0.012401
0.2915,249.602,1.2945e-06
0.291518,249.668,0.0662636
0.291732,249.761,0.092464
0.29175,249.773,0.012401
0.29175,249.773,1.2945e-06
0.291768,249.839,0.0662636
0.291768,249.839,8.63e-07
0.291804,249.972,0.132527
0.291982,250.049,0.0770534
0.292,250.061,0.012401
0.292,250.061,1.2945e-06
0.292018,250.128,0.0662636
0.292232,250.22,0.092464
0.29225,250.232,0.012401
0.29225,250.232,1.2945e-06
0.292268,250.299,0.0662636
0.292268,250.299,8.63e-07
0.292304,250.431,0.132527
0.292482,250.508,0.0770534
0.2925,250.521,0.012401
0.2925,250.521,1.2945e-06
0.292518,250.587,0.0662636
0.292732,250.679,0.092464
0.29275,250.692,0.012401
0.29275,250.692,1.2945e-06
0.292768,250.758,0.0662636
0.292768,250.758,8.63e-07
0.292804,250.891,0.132527
0.292982,250.968,0.0770534
0.293,250.98,0.012401
0.293,250.98,1.2945e-06
0.293018,251.046,0.0662636
0.293232,251.139,0.092464
0.29325,251.151,0.012401
0.29325,251.151,1.2945e-06
0.293268,251.217,0.0662636
0.293268,251.217,8.63e-07
0.293304,251.35,0.132527
0.293482,251.427,0.0770534
0.2935,251.439,0.012401
0.2935,251.439,1.2945e-06
0.293518,251.506,0.0662636
0.293732,251.598,0.092464
0.29375,251.611,0.012401
0.29375,251.611,1.2945e-06
0.293768,251.677,0.0662636
0.293768,251.677,8.63e-07
0.293804,251.809,0.132527
0.293982,251.886,0.0770534
0.294,251.899,0.012401
0.294,251.899,1.2945e-06
0.294018,251.965,0.0662636
0.294232,252.058,0.092464
0.29425,252.07,0.012401
0.29425,252.07,1.2945e-06
0.294268,252.136,0.0662636
0.294268,252.136,8.63e-07
0.294304,252.269,0.132527
0.294482,252.346,0.0770534
0.2945,252.358,0.012401
0.2945,252.358,1.2945e-06
0.294518,252.424,0.0662636
0.294732,252.517,0.092464
0.29475,252.529,0.012401
0.29475,252.529,1.2945e-06
0.294768,252.596,0.0662636
0.294768,252.596,8.63e-07
0.294804,252.728,0.132527
0.294982,252.805,0.0770534
0.295,252.818,0.012401
0.295,252.818,1.2945e-06
0.295018,252.884,0.0662636
0.295232,252.976,0.092464
0.29525,252.989,0.012401
0.29525,252.989,1.2945e-06
0.295268,253.055,0.0662636
0.295268,253.055,8.63e-07
0.295304,253.187,0.132527
0.295482,253.265,0.0770534
0.2955,253.277,0.012401
0.2955,253.277,1.2945e-06
0.295518,253.343,0.0662636
0.295732,253.436,0.092464
0.29575,253.448,0.012401
0.29575,253.448,1.2945e-06
0.295768,253.514,0.0662636
0.295768,253.514,8.63e-07
0.295804,253.647,0.132527
0.295982,253.724,0.0770534
0.296,253.736,0.012401
0.296,253.736,1.2945e-06
0.296018,253.803,0.0662636
0.296232,253.895,0.092464
0.29625,253.907,0.012401
0.29625,253.907,1.2945e-06
0.296268,253.974,0.0662636
0.296268,253.974,8.63e-07
0.296304,254.106,0.132527
0.296482,254.183,0.0770534
0.2965,254.196,0.012401
0.2965,254.196,1.2945e-06
0.296518,254.262,0.0662636
0.296732,254.354,0.092464
0.29675,254.367,0.012401
0.29675,254.367,1.2945e-06
0.296768,254.433,0.0662636
0.296768,254.433,8.63e-07
0.296804,254.566,0.132527
0.296982,254.643,0.0770534
0.297,254.655,0.012401
0.297,254.655,1.2945e-06
0.297018,254.721,0.0662636
0.297232,254.814,0.092464
0.29725,254.826,0.012401
0.29725,254.826,1.2945e-06
0.297268,254.892,0.0662636
0.297268,254.892,8.63e-07
0.297304,255.025,0.132527
0.297482,255.102,0.0770534
0.2975,255.114,0.012401
0.2975,255.114,1.2945e-06
0.297518,255.181,0.0662636
0.297732,255.273,0.092464
0.29775,255.286,0.012401
0.29775,255.286,1.2945e-06
0.297768,255.352,0.0662636
0.297768,255.352,8.63e-07
0.297804,255.484,0.132527
0.297982,255.561,0.0770534
0.298,255.574,0.012401
0.298,255.574,1.2945e-06
0.298018,255.64,0.0662636
0.298232,255.733,0.092464
0.29825,255.745,0.012401
0.29825,255.745,1.2945e-06
0.298268,255.811,0.0662636
0.298268,255.811,8.63e-07
0.298304,255.944,0.132527
0.298482,256.021,0.0770534
0.2985,256.033,0.012401
0.2985,256.033,1.2945e-06
0.298518,256.099,0.0662636
0.298732,256.192,0.092464
0.29875,256.204,0.012401
0.29875,256.204,1.2945e-06
0.298768,256.271,0.0662636
0.298768,256.271,8.63e-07
0.298804,256.403,0.132527
0.298982,256.48,0.0770534
0.299,256.493,0.012401
0.299,256.493,1.2945e-06
0.299018,256.559,0.0662636
0.299232,256.651,0.092464
0.29925,256.664,0.012401
0.29925,256.664,1.2945e-06
0.299268,256.73,0.0662636
0.299268,256.73,8.63e-07
0.299304,256.863,0.132527
0.299482,256.94,0.0770534
0.2995,256.952,0.012401
0.2995,256.952,1.2945e-06
0.299518,257.018,0.0662636
0.299732,257.111,0.092464
0.29975,257.123,0.012401
0.29975,257.123,1.2945e-06
0.299768,257.189,0.0662636
0.299768,257.189,8.63e-07
0.299804,257.322,0.132527
0.299982,257.399,0.0770534
0.3,257.411,0.012401
0.3,257.411,1.2945e-06
0.300018,257.478,0.0662636
0.300232,257.57,0.092464
0.30025,257.582,0.012401
0.30025,257.582,1.2945e-06
0.300268,257.649,0.0662636
0.300268,257.649,8.63e-07
0.300304,257.781,0.132527
0.300482,257.858,0.0770534
0.3005,257.871,0.012401
0.3005,257.871,1.2945e-06
0.300518,257.937,0.0662636
0.300732,258.029,0.092464
0.30075,258.042,0.012401
0.30075,258.042,1.2945e-06
0.300768,258.108,0.0662636
0.300768,258.108,8.63e-07
0.300804,258.241,0.132527
0.300982,258.318,0.0770534
0.301,258.33,0.012401
0.301,258.33,1.2945e-06
0.301018,258.396,0.0662636
0.301018,258.396,8.63e-07
0.301054,258.529,0.132527
0.301054,258.529,8.63e-07
0.301089,258.661,0.132527
0.301232,258.723,0.0616428
0.30125,258.735,0.012401
0.30125,258.735,1.2945e-06
0.301268,258.802,0.0662636
0.301268,258.802,8.63e-07
0.301304,258.934,0.132527
0.301482,259.011,0.0770534
0.3015,259.024,0.012401
0.3015,259.024,1.2945e-06
0.301518,259.09,0.0662636
0.301518,259.09,8.63e-07
0.301554,259.222,0.132527
0.301554,259.222,8.63e-07
0.301589,259.355,0.132527
0.301732,259.417,0.0616428
0.30175,259.429,0.012401
0.30175,259.429,1.2945e-06
0.301768,259.495,0.0662636
0.301768,259.495,8.63e-07
0.301804,259.628,0.132527
0.301982,259.705,0.0770534
0.302,259.717,0.012401
0.302,259.717,1.2945e-06
0.302018,259.784,0.0662636
0.302232,259.876,0.092464
0.30225,259.888,0.012401
0.30225,259.888,1.2945e-06
0.302268,259.955,0.0662636
0.302268,259.955,8.63e-07
0.302304,260.087,0.132527
0.302482,260.164,0.0770534
0.3025,260.177,0.012401
0.3025,260.177,1.2945e-06
0.302518,260.243,0.0662636
0.302732,260.335,0.092464
0.30275,260.348,0.012401
0.30275,260.348,1.2945e-06
0.302768,260.414,0.0662636
0.302768,260.414,8.63e-07
0.302804,260.547,0.132527
0.302982,260.624,0.0770534
0.303,260.636,0.012401
0.303,260.636,1.2945e-06
0.303018,260.702,0.0662636
0.303232,260.795,0.092464
0.30325,260.807,0.012401
0.30325,260.807,1.2945e-06
0.303268,260.873,0.0662636
0.303268,260.873,8.63e-07
0.303304,261.006,0.132527
0.303482,261.083,0.0770534
0.3035,261.095,0.012401
0.3035,261.095,1.2945e-06
0.303518,261.162,0.0662636
0.303732,261.254,0.092464
0.30375,261.267,0.012401
0.30375,261.267,1.2945e-06
0.303768,261.333,0.0662636
0.303768,261.333,8.63e-07
0.303804,261.465,0.132527
0.303982,261.542,0.0770534
0.304,261.555,0.012401
0.304,261.555,1.2945e-06
0.304018,261.621,0.0662636
0.304232,261.714,0.092464
0.30425,261.726,0.012401
0.30425,261.726,1.2945e-06
0.304268,261.792,0.0662636
0.304268,261.792,8.63e-07
0.304304,261.925,0.132527
0.304482,262.002,0.0770534
0.3045,262.014,0.012401
0.3045,262.014,1.2945e-06
0.304518,262.08,0.0662636
0.304732,262.173,0.092464
0.30475,262.185,0.012401
0.30475,262.185,1.2945e-06
0.304768,262.252,0.0662636
0.304768,262.252,8.63e-07
0.304804,262.384,0.132527
0.304982,262.461,0.0770534
0.305,262.474,0.012401
0.305,262.474,1.2945e-06
0.305018,262.54,0.0662636
0.305232,262.632,0.092464
0.30525,262.645,0.012401
0.30525,262.645,1.2945e-06
0.305268,262.711,0.0662636
0.305268,262.711,8.63e-07
0.305304,262.844,0.132527
0.305482,262.921,0.0770534
0.3055,262.933,0.012401
0.3055,262.933,1.2945e-06
0.305518,262.999,0.0662636
0.305732,263.092,0.092464
0.30575,263.104,0.012401
0.30575,263.104,1.2945e-06
0.305768,263.17,0.0662636
0.305768,263.17,8.63e-07
0.305804,263.303,0.132527
0.305982,263.38,0.0770534
0.306,263.392,0.012401
0.306,263.392,1.2945e-06
0.306018,263.459,0.0662636
0.306232,263.551,0.092464
0.30625,263.563,0.012401
0.30625,263.563,1.2945e-06
0.306268,263.63,0.0662636
0.306268,263.63,8.63e-07
0.306304,263.762,0.132527
0.306482,263.839,0.0770534
0.3065,263.852,0.012401
0.3065,263.852,1.2945e-06
0.306518,263.918,0.0662636
0.306732,264.01,0.092464
0.30675,264.023,0.012401
0.30675,264.023,1.2945e-06
0.306768,264.089,0.0662636
0.306768,264.089,8.63e-07
0.306804,264.222,0.132527
0.306982,264.299,0.0770534
0.307,264.311,0.012401
0.307,264.311,1.2945e-06
0.307018,264.377,0.0662636
0.307232,264.47,0.092464
0.30725,264.482,0.012401
0.30725,264.482,1.2945e-06
0.307268,264.548,0.0662636
0.307268,264.548,8.63e-07
0.307304,264.681,0.132527
0.307482,264.758,0.0770534
0.3075,264.77,0.012401
0.3075,264.77,1.2945e-06
0.307518,264.837,0.0662636
0.307518,264.837,8.63e-07
0.307554,264.969,0.132527
0.307554,264.969,8.63e-07
0.307589,265.102,0.132527
0.307732,265.163,0.0616428
0.30775,265.176,0.012401
0.30775,265.176,1.2945e-06
0.307768,265.242,0.0662636
0.307768,265.242,8.63e-07
0.307804,265.375,0.132527
0.307982,265.452,0.0770534
0.308,265.464,0.012401
0.308,265.464,1.2945e-06
0.308018,265.53,0.0662636
0.308232,265.623,0.092464
0.30825,265.635,0.012401
0.30825,265.635,1.2945e-06
0.308268,265.701,0.0662636
0.308268,265.701,8.63e-07
0.308304,265.834,0.132527
0.308482,265.911,0.0770534
0.3085,265.923,0.012401
0.3085,265.923,1.2945e-06
0.308518,265.99,0.0662636
0.308732,266.082,0.092464
0.30875,266.095,0.012401
0.30875,266.095,1.2945e-06
0.308768,266.161,0.0662636
0.308768,266.161,8.63e-07
0.308804,266.293,0.132527
0.308982,266.37,0.0770534
0.309,266.383,0.012401
0.309,266.383,1.2945e-06
0.309018,266.449,0.0662636
0.309232,266.542,0.092464
0.30925,266.554,0.012401
0.30925,266.554,1.2945e-06
0.309268,266.62,0.0662636
0.309268,266.62,8.63e-07
0.309304,266.753,0.132527
0.309482,266.83,0.0770534
0.3095,266.842,0.012401
0.3095,266.842,1.2945e-06
0.309518,266.908,0.0662636
0.309732,267.001,0.092464
0.30975,267.013,0.012401
0.30975,267.013,1.2945e-06
0.309768,267.08,0.0662636
0.309768,267.08,8.63e-07
0.309804,267.212,0.132527
0.309982,267.289,0.0770534
0.31,267.302,0.012401
0.31,267.302,1.2945e-06
0.310018,267.368,0.0662636
0.310232,267.46,0.092464
0.31025,267.473,0.012401
0.31025,267.473,1.2945e-06
0.310268,267.539,0.0662636
0.310268,267.539,8.63e-07
0.310304,267.672,0.132527
0.310482,267.749,0.0770534
0.3105,267.761,0.012401
0.3105,267.761,1.2945e-06
0.310518,267.827,0.0662636
0.310732,267.92,0.092464
0.31075,267.932,0.012401
0.31075,267.932,1.2945e-06
0.310768,267.998,0.0662636
0.310768,267.998,8.63e-07
0.310804,268.131,0.132527
0.310982,268.208,0.0770534
0.311,268.22,0.012401
0.311,268.22,1.2945e-06
0.311018,268.287,0.0662636
0.311232,268.379,0.092464
0.31125,268.391,0.012401
0.31125,268.391,1.2945e-06
0.311268,268.458,0.0662636
0.311268,268.458,8.63e-07
0.311304,268.59,0.132527
0.311482,268.667,0.0770534
0.3115,268.68,0.012401
0.3115,268.68,1.2945e-06
0.311518,268.746,0.0662636
0.311732,268.838,0.092464
0.31175,268.851,0.012401
0.31175,268.851,1.2945e-06
0.311768,268.917,0.0662636
0.311768,268.917,8.63e-07
0.311804,269.05,0.132527
0.311982,269.127,0.0770534
0.312,269.139,0.012401
0.312,269.139,1.2945e-06
0.312018,269.205,0.0662636
0.312018,269.205,8.63e-07
0.312054,269.338,0.132527
0.312054,269.338,8.63e-07
0.312089,269.47,0.132527
0.312232,269.532,0.0616428
0.31225,269.544,0.012401
0.31225,269.544,1.2945e-06
0.312268,269.611,0.0662636
0.312268,269.611,8.63e-07
0.312304,269.743,0.132527
0.312482,269.82,0.0770534
0.3125,269.833,0.012401
0.3125,269.833,1.2945e-06
0.312518,269.899,0.0662636
0.312518,269.899,8.63e-07
0.312554,270.032,0.132527
0.312554,270.032,8.63e-07
0.312589,270.164,0.132527
0.312732,270.226,0.0616428
0.31275,270.238,0.012401
0.31275,270.238,1.2945e-06
0.312768,270.304,0.0662636
0.312768,270.304,8.63e-07
0.312804,270.437,0.132527
0.312982,270.514,0.0770534
0.313,270.526,0.012401
0.313,270.526,1.2945e-06
0.313018,270.593,0.0662636
0.313232,270.685,0.092464
0.31325,270.697,0.012401
0.31325,270.697,1.2945e-06
0.313268,270.764,0.0662636
0.313268,270.764,8.63e-07
0.313304,270.896,0.132527
0.313482,270.973,0.0770534
0.3135,270.986,0.012401
0.3135,270.986,1.2945e-06
0.313518,271.052,0.0662636
0.313518,271.052,8.63e-07
0.313554,271.184,0.132527
0.313554,271.184,8.63e-07
0.313589,271.317,0.132527
0.313732,271.379,0.0616428
0.31375,271.391,0.012401
0.31375,271.391,1.2945e-06
0.313768,271.457,0.0662636
0.313768,271.457,8.63e-07
0.313804,271.59,0.132527
0.313982,271.667,0.0770534
0.314,271.679,0.012401
0.314,271.679,1.2945e-06
0.314018,271.746,0.0662636
0.314018,271.746,8.63e-07
0.314054,271.878,0.132527
0.314054,271.878,8.63e-07
0.314089,272.011,0.132527
0.314232,272.072,0.0616428
0.31425,272.085,0.012401
0.31425,272.085,1.2945e-06
0.314268,272.151,0.0662636
0.314268,272.151,8.63e-07
0.314304,272.283,0.132527
0.314482,272.361,0.0770534
0.3145,272.373,0.012401
0.3145,272.373,1.2945e-06
0.314518,272.439,0.0662636
0.314732,272.532,0.092464
0.31475,272.544,0.012401
0.31475,272.544,1.2945e-06
0.314768,272.61,0.0662636
0.314768,272.61,8.63e-07
0.314804,272.743,0.132527
0.314982,272.82,0.0770534
0.315,272.832,0.012401
0.315,272.832,1.2945e-06
0.315018,272.899,0.0662636
0.315232,272.991,0.092464
0.31525,273.003,0.012401
0.31525,273.003,1.2945e-06
0.315268,273.07,0.0662636
0.315268,273.07,8.63e-07
0.315304,273.202,0.132527
0.315482,273.279,0.0770534
0.3155,273.292,0.012401
0.3155,273.292,1.2945e-06
0.315518,273.358,0.0662636
0.315732,273.45,0.092464
0.31575,273.463,0.012401
0.31575,273.463,1.2945e-06
0.315768,273.529,0.0662636
0.315768,273.529,8.63e-07
0.315804,273.662,0.132527
0.315982,273.739,0.0770534
0.316,273.751,0.012401
0.316,273.751,1.2945e-06
0.316018,273.817,0.0662636
0.316232,273.91,0.092464
0.31625,273.922,0.012401
0.31625,273.922,1.2945e-06
0.316268,273.988,0.0662636
0.316268,273.988,8.63e-07
0.316304,274.121,0.132527
0.316482,274.198,0.0770534
0.3165,274.21,0.012401
0.3165,274.21,1.2945e-06
0.316518,274.277,0.0662636
0.316732,274.369,0.092464
0.31675,274.382,0.012401
0.31675,274.382,1.2945e-06
0.316768,274.448,0.0662636
0.316768,274.448,8.63e-07
0.316804,274.58,0.132527
0.316982,274.657,0.0770534
0.317,274.67,0.012401
0.317,274.67,1.2945e-06
0.317018,274.736,0.0662636
0.317232,274.829,0.092464
0.31725,274.841,0.012401
0.31725,274.841,1.2945e-06
0.317268,274.907,0.0662636
0.317268,274.907,8.63e-07
0.317304,275.04,0.132527
0.317482,275.117,0.0770534
0.3175,275.129,0.012401
0.3175,275.129,1.2945e-06
0.317518,275.195,0.0662636
0.317732,275.288,0.092464
0.31775,275.3,0.012401
0.31775,275.3,1.2945e-06
0.317768,275.367,0.0662636
0.317768,275.367,8.63e-07
0.317804,275.499,0.132527
0.317982,275.576,0.0770534
0.318,275.589,0.012401
0.318,275.589,1.2945e-06
0.318018,275.655,0.0662636
0.318232,275.747,0.092464
0.31825,275.76,0.012401
0.31825,275.76,1.2945e-06
0.318268,275.826,0.0662636
0.318268,275.826,8.63e-07
0.318304,275.958,0.132527
0.318482,276.036,0.0770534
0.3185,276.048,0.012401
0.3185,276.048,1.2945e-06
0.318518,276.114,0.0662636
0.318732,276.207,0.092464
0.31875,276.219,0.012401
0.31875,276.219,1.2945e-06
0.318768,276.285,0.0662636
0.318768,276.285,8.63e-07
0.318804,276.418,0.132527
0.318982,276.495,0.0770534
0.319,276.507,0.012401
0.319,276.507,1.2945e-06
0.319018,276.574,0.0662636
0.319232,276.666,0.092464
0.31925,276.678,0.012401
0.31925,276.678,1.2945e-06
0.319268,276.745,0.0662636
0.319268,276.745,8.63e-07
0.319304,276.877,0.132527
0.319482,276.954,0.0770534
0.3195,276.967,0.012401
0.3195,276.967,1.2945e-06
0.319518,277.033,0.0662636
0.319732,277.125,0.092464
0.31975,277.138,0.012401
0.31975,277.138,1.2945e-06
0.319768,277.204,0.0662636
0.319768,277.204,8.63e-07
0.319804,277.337,0.132527
0.319982,277.414,0.0770534
0.32,277.426,0.012401
0.32,277.426,1.2945e-06
0.320018,277.492,0.0662636
0.320232,277.585,0.092464
0.32025,277.597,0.012401
0.32025,277.597,1.2945e-06
0.320268,277.663,0.0662636
0.320268,277.663,8.63e-07
0.320304,277.796,0.132527
0.320482,277.873,0.0770534
0.3205,277.885,0.012401
0.3205,277.885,1.2945e-06
0.320518,277.952,0.0662636
0.320732,278.044,0.092464
0.32075,278.057,0.012401
0.32075,278.057,1.2945e-06
0.320768,278.123,0.0662636
0.320768,278.123,8.63e-07
0.320804,278.255,0.132527
0.320982,278.332,0.0770534
0.321,278.345,0.012401
0.321,278.345,1.2945e-06
0.321018,278.411,0.0662636
0.321232,278.504,0.092464
0.32125,278.516,0.012401
0.32125,278.516,1.2945e-06
0.321268,278.582,0.0662636
0.321268,278.582,8.63e-07
0.321304,278.715,0.132527
0.321482,278.792,0.0770534
0.3215,278.804,0.012401
0.3215,278.804,1.2945e-06
0.321518,278.87,0.0662636
0.321732,278.963,0.092464
0.32175,278.975,0.012401
0.32175,278.975,1.2945e-06
0.321768,279.042,0.0662636
0.321768,279.042,8.63e-07
0.321804,279.174,0.132527
0.321982,279.251,0.0770534
0.322,279.264,0.012401
0.322,279.264,1.2945e-06
0.322018,279.33,0.0662636
0.322232,279.422,0.092464
0.32225,279.435,0.012401
0.32225,279.435,1.2945e-06
0.322268,279.501,0.0662636
0.322268,279.501,8.63e-07
0.322304,279.634,0.132527
0.322482,279.711,0.0770534
0.3225,279.723,0.012401
0.3225,279.723,1.2945e-06
0.322518,279.789,0.0662636
0.322732,279.882,0.092464
0.32275,279.894,0.012401
0.32275,279.894,1.2945e-06
0.322768,279.96,0.0662636
0.322768,279.96,8.63e-07
0.322804,280.093,0.132527
0.322982,280.17,0.0770534
0.323,280.182,0.012401
0.323,280.182,1.2945e-06
0.323018,280.249,0.0662636
0.323232,280.341,0.092464
0.32325,280.353,0.012401
0.32325,280.353,1.2945e-06
0.323268,280.42,0.0662636
0.323268,280.42,8.63e-07
0.323304,280.552,0.132527
0.323482,280.629,0.0770534
0.3235,280.642,0.012401
0.3235,280.642,1.2945e-06
0.323518,280.708,0.0662636
0.323732,280.8,0.092464
0.32375,280.813,0.012401
0.32375,280.813,1.2945e-06
0.323768,280.879,0.0662636
0.323768,280.879,8.63e-07
0.323804,281.012,0.132527
0.323982,281.089,0.0770534
0.324,281.101,0.012401
0.324,281.101,1.2945e-06
0.324018,281.167,0.0662636
0.324232,281.26,0.092464
0.32425,281.272,0.012401
0.32425,281.272,1.2945e-06
0.324268,281.338,0.0662636
0.324268,281.338,8.63e-07
0.324304,281.471,0.132527
0.324482,281.548,0.0770534
0.3245,281.56,0.012401
0.3245,281.56,1.2945e-06
0.324518,281.627,0.0662636
0.324732,281.719,0.092464
0.32475,281.732,0.012401
0.32475,281.732,1.2945e-06
0.324768,281.798,0.0662636
0.324768,281.798,8.63e-07
0.324804,281.93,0.132527
0.324982,282.007,0.0770534
0.325,282.02,0.012401
0.325,282.02,1.2945e-06
0.325018,282.086,0.0662636
0.325232,282.179,0.092464
0.32525,282.191,0.012401
0.32525,282.191,1.2945e-06
0.325268,282.257,0.0662636
0.325268,282.257,8.63e-07
0.325304,282.39,0.132527
0.325482,282.467,0.0770534
0.3255,282.479,0.012401
0.3255,282.479,1.2945e-06
0.325518,282.545,0.0662636
0.325732,282.638,0.092464
0.32575,282.65,0.012401
0.32575,282.65,1.2945e-06
0.325768,282.717,0.0662636
0.325768,282.717,8.63e-07
0.325804,282.849,0.132527
0.325982,282.926,0.0770534
0.326,282.939,0.012401
0.326,282.939,1.2945e-06
0.326018,283.005,0.0662636
0.326018,283.005,8.63e-07
0.326054,283.137,0.132527
0.326054,283.137,8.63e-07
0.326089,283.27,0.132527
0.326232,283.332,0.0616428
0.32625,283.344,0.012401
0.32625,283.344,1.2945e-06
0.326268,283.41,0.0662636
0.326268,283.41,8.63e-07
0.326304,283.543,0.132527
0.326482,283.62,0.0770534
0.3265,283.632,0.012401
0.3265,283.632,1.2945e-06
0.326518,283.698,0.0662636
0.326518,283.698,8.63e-07
0.326554,283.831,0.132527
0.326554,283.831,8.63e-07
0.326589,283.964,0.132527
0.326732,284.025,0.0616428
0.32675,284.038,0.012401
0.32675,284.038,1.2945e-06
0.326768,284.104,0.0662636
0.326768,284.104,8.63e-07
0.326804,284.236,0.132527
0.326982,284.313,0.0770534
0.327,284.326,0.012401
0.327,284.326,1.2945e-06
0.327018,284.392,0.0662636
0.327232,284.485,0.092464
0.32725,284.497,0.012401
0.32725,284.497,1.2945e-06
0.327268,284.563,0.0662636
0.327268,284.563,8.63e-07
0.327304,284.696,0.132527
0.327482,284.773,0.0770534
0.3275,284.785,0.012401
0.3275,284.785,1.2945e-06
0.327518,284.851,0.0662636
0.327518,284.851,8.63e-07
0.327554,284.984,0.132527
0.327554,284.984,8.63e-07
0.327589,285.117,0.132527
0.327732,285.178,0.0616428
0.32775,285.191,0.012401
0.32775,285.191,1.2945e-06
0.327768,285.257,0.0662636
0.327768,285.257,8.63e-07
0.327804,285.389,0.132527
0.327982,285.466,0.0770534
0.328,285.479,0.012401
0.328,285.479,1.2945e-06
0.328018,285.545,0.0662636
0.328018,285.545,8.63e-07
0.328054,285.678,0.132527
0.328054,285.678,8.63e-07
0.328089,285.81,0.132527
0.328232,285.872,0.0616428
0.32825,285.884,0.012401
0.32825,285.884,1.2945e-06
0.328268,285.95,0.0662636
0.328268,285.95,8.63e-07
0.328304,286.083,0.132527
0.328482,286.16,0.0770534
0.3285,286.172,0.012401
0.3285,286.172,1.2945e-06
0.328518,286.239,0.0662636
0.328518,286.239,8.63e-07
0.328554,286.371,0.132527
0.328554,286.371,8.63e-07
0.328589,286.504,0.132527
0.328732,286.565,0.0616428
0.32875,286.578,0.012401
0.32875,286.578,1.2945e-06
0.328768,286.644,0.0662636
0.328768,286.644,8.63e-07
0.328804,286.777,0.132527
0.328982,286.854,0.0770534
0.329,286.866,0.012401
0.329,286.866,1.2945e-06
0.329018,286.932,0.0662636
0.329232,287.025,0.092464
0.32925,287.037,0.012401
0.32925,287.037,1.2945e-06
0.329268,287.103,0.0662636
0.329268,287.103,8.63e-07
0.329304,287.236,0.132527
0.329482,287.313,0.0770534
0.3295,287.325,0.012401
0.3295,287.325,1.2945e-06
0.329518,287.392,0.0662636
0.329732,287.484,0.092464
0.32975,287.497,0.012401
0.32975,287.497,1.2945e-06
0.329768,287.563,0.0662636
0.329768,287.563,8.63e-07
0.329821,287.762,0.198795
0.329982,287.831,0.0693481
0.33,287.843,0.012401
0.33,287.843,1.2945e-06
0.330018,287.91,0.0662636
0.330018,287.91,8.63e-07
0.330054,288.042,0.132527
0.330054,288.042,8.63e-07
0.330089,288.175,0.132527
0.330232,288.236,0.0616428
0.33025,288.249,0.012401
0.33025,288.249,1.2945e-06
0.330268,288.315,0.0662636
0.330268,288.315,8.63e-07
0.330321,288.514,0.198795
0.330482,288.583,0.0693481
0.3305,288.596,0.012401
0.3305,288.596,1.2945e-06
0.330518,288.662,0.0662636
0.330518,288.662,8.63e-07
0.330571,288.861,0.198795
0.330571,288.861,8.63e-07
0.330625,289.059,0.198795
0.330732,289.106,0.0462322
0.33075,289.118,0.012401
0.33075,289.118,1.2945e-06
0.330768,289.184,0.0662636
0.330768,289.184,8.63e-07
0.330821,289.383,0.198795
0.330982,289.452,0.0693481
0.331,289.465,0.012401
0.331,289.465,1.2945e-06
0.331018,289.531,0.0662636
0.331232,289.624,0.092464
0.33125,289.636,0.012401
0.33125,289.636,1.2945e-06
0.331268,289.702,0.0662636
0.331268,289.702,8.63e-07
0.331321,289.901,0.198795
0.331482,289.97,0.0693481
0.3315,289.983,0.012401
0.3315,289.983,1.2945e-06
0.331518,290.049,0.0662636
0.331732,290.141,0.092464
0.33175,290.154,0.012401
0.33175,290.154,1.2945e-06
0.331768,290.22,0.0662636
0.331768,290.22,8.63e-07
0.331821,290.419,0.198795
0.331982,290.488,0.0693481
0.332,290.501,0.012401
0.332,290.501,1.2945e-06
0.332018,290.567,0.0662636
0.332018,290.567,8.63e-07
0.332071,290.766,0.198795
0.332071,290.766,8.63e-07
0.332125,290.965,0.198795
0.332232,291.011,0.0462322
0.33225,291.023,0.012401
0.33225,291.023,1.2945e-06
0.332268,291.089,0.0662636
0.332268,291.089,8.63e-07
0.332321,291.288,0.198795
0.332482,291.358,0.0693481
0.3325,291.37,0.012401
0.3325,291.37,1.2945e-06
0.332518,291.436,0.0662636
0.332732,291.529,0.092464
0.33275,291.541,0.012401
0.33275,291.541,1.2945e-06
0.332768,291.607,0.0662636
0.332768,291.607,8.63e-07
0.332804,291.74,0.132527
0.332982,291.817,0.0770534
0.333,291.829,0.012401
0.333,291.829,1.2945e-06
0.333018,291.896,0.0662636
0.333232,291.988,0.092464
0.33325,292.001,0.012401
0.33325,292.001,1.2945e-06
0.333268,292.067,0.0662636
0.333268,292.067,8.63e-07
0.333321,292.266,0.198795
0.333482,292.335,0.0693481
0.3335,292.347,0.012401
0.3335,292.347,1.2945e-06
0.333518,292.414,0.0662636
0.333518,292.414,8.63e-07
0.333554,292.546,0.132527
0.333554,292.546,8.63e-07
0.333589,292.679,0.132527
0.333732,292.74,0.0616428
0.33375,292.753,0.012401
0.33375,292.753,1.2945e-06
0.333768,292.819,0.0662636
0.333768,292.819,8.63e-07
0.333821,293.018,0.198795
0.333982,293.087,0.0693481
0.334,293.099,0.012401
0.334,293.099,1.2945e-06
0.334018,293.166,0.0662636
0.334232,293.258,0.092464
0.33425,293.271,0.012401
0.33425,293.271,1.2945e-06
0.334268,293.337,0.0662636
0.334268,293.337,8.63e-07
0.334304,293.469,0.132527
0.334482,293.546,0.0770534
0.3345,293.559,0.012401
0.3345,293.559,1.2945e-06
0.334518,293.625,0.0662636
0.334732,293.718,0.092464
0.33475,293.73,0.012401
0.33475,293.73,1.2945e-06
0.334768,293.796,0.0662636
0.334768,293.796,8.63e-07
0.334821,293.995,0.198795
0.334982,294.064,0.0693481
0.335,294.077,0.012401
0.335,294.077,1.2945e-06
0.335018,294.143,0.0662636
0.335018,294.143,8.63e-07
0.335054,294.276,0.132527
0.335054,294.276,8.63e-07
0.335089,294.408,0.132527
0.335232,294.47,0.0616428
0.33525,294.482,0.012401
0.33525,294.482,1.2945e-06
0.335268,294.548,0.0662636
0.335268,294.548,8.63e-07
0.335321,294.747,0.198795
0.335482,294.817,0.0693481
0.3355,294.829,0.012401
0.3355,294.829,1.2945e-06
0.335518,294.895,0.0662636
0.335732,294.988,0.092464
0.33575,295,0.012401
0.33575,295,1.2945e-06
0.335768,295.066,0.0662636
0.335768,295.066,8.63e-07
0.335804,295.199,0.132527
0.335982,295.276,0.0770534
0.336,295.288,0.012401
0.336,295.288,1.2945e-06
0.336018,295.355,0.0662636
0.336232,295.447,0.092464
0.33625,295.459,0.012401
0.33625,295.459,1.2945e-06
0.336268,295.526,0.0662636
0.336268,295.526,8.63e-07
0.336304,295.658,0.132527
0.336482,295.735,0.0770534
0.3365,295.748,0.012401
0.3365,295.748,1.2945e-06
0.336518,295.814,0.0662636
0.336518,295.814,8.63e-07
0.336554,295.947,0.132527
0.336554,295.947,8.63e-07
0.336589,296.079,0.132527
0.336732,296.141,0.0616428
0.33675,296.153,0.012401
0.33675,296.153,1.2945e-06
0.336768,296.219,0.0662636
0.336768,296.219,8.63e-07
0.336821,296.418,0.198795
0.336982,296.488,0.0693481
0.337,296.5,0.012401
0.337,296.5,1.2945e-06
0.337018,296.566,0.0662636
0.337018,296.566,8.63e-07
0.337054,296.699,0.132527
0.337054,296.699,8.63e-07
0.337089,296.831,0.132527
0.337232,296.893,0.0616428
0.33725,296.905,0.012401
0.33725,296.905,1.2945e-06
0.337268,296.972,0.0662636
0.337268,296.972,8.63e-07
0.337304,297.104,0.132527
0.337482,297.181,0.0770534
0.3375,297.194,0.012401
0.3375,297.194,1.2945e-06
0.337518,297.26,0.0662636
0.337732,297.352,0.092464
0.33775,297.365,0.012401
0.33775,297.365,1.2945e-06
0.337768,297.431,0.0662636
0.337768,297.431,8.63e-07
0.337821,297.63,0.198795
0.337982,297.699,0.0693481
0.338,297.711,0.012401
0.338,297.711,1.2945e-06
0.338018,297.778,0.0662636
0.338018,297.778,8.63e-07
0.338054,297.91,0.132527
0.338054,297.91,8.63e-07
0.338089,298.043,0.132527
0.338232,298.104,0.0616428
0.33825,298.117,0.012401
0.33825,298.117,1.2945e-06
0.338268,298.183,0.0662636
0.338268,298.183,8.63e-07
0.338321,298.382,0.198795
0.338482,298.451,0.0693481
0.3385,298.464,0.012401
0.3385,298.464,1.2945e-06
0.338518,298.53,0.0662636
0.338732,298.622,0.092464
0.33875,298.635,0.012401
0.33875,298.635,1.2945e-06
0.338768,298.701,0.0662636
0.338768,298.701,8.63e-07
0.338804,298.834,0.132527
0.338982,298.911,0.0770534
0.339,298.923,0.012401
0.339,298.923,1.2945e-06
0.339018,298.989,0.0662636
0.339232,299.082,0.092464
0.33925,299.094,0.012401
0.33925,299.094,1.2945e-06
0.339268,299.16,0.0662636
0.339268,299.16,8.63e-07
0.339304,299.293,0.132527
0.339482,299.37,0.0770534
0.3395,299.382,0.012401
0.3395,299.382,1.2945e-06
0.339518,299.449,0.0662636
0.339518,299.449,8.63e-07
0.339554,299.581,0.132527
0.339554,299.581,8.63e-07
0.339589,299.714,0.132527
0.339732,299.775,0.0616428
0.33975,299.788,0.012401
0.33975,299.788,1.2945e-06
0.339768,299.854,0.0662636
0.339768,299.854,8.63e-07
0.339821,300.053,0.198795
0.339982,300.122,0.0693481
0.34,300.135,0.012401
0.34,300.135,1.2945e-06
0.340018,300.201,0.0662636
0.340018,300.201,8.63e-07
0.340054,300.333,0.132527
0.340054,300.333,8.63e-07
0.340089,300.466,0.132527
0.340232,300.528,0.0616428
0.34025,300.54,0.012401
0.34025,300.54,1.2945e-06
0.340268,300.606,0.0662636
0.340268,300.606,8.63e-07
0.340304,300.739,0.132527
0.340482,300.816,0.0770534
0.3405,300.828,0.012401
0.3405,300.828,1.2945e-06
0.340518,300.894,0.0662636
0.340732,300.987,0.092464
0.34075,300.999,0.012401
0.34075,300.999,1.2945e-06
0.340768,301.066,0.0662636
0.340768,301.066,8.63e-07
0.340804,301.198,0.132527
0.340982,301.275,0.0770534
0.341,301.288,0.012401
0.341,301.288,1.2945e-06
0.341018,301.354,0.0662636
0.341018,301.354,8.63e-07
0.341054,301.486,0.132527
0.341054,301.486,8.63e-07
0.341089,301.619,0.132527
0.341232,301.681,0.0616428
0.34125,301.693,0.012401
0.34125,301.693,1.2945e-06
0.341268,301.759,0.0662636
0.341268,301.759,8.63e-07
0.341321,301.958,0.198795
0.341482,302.027,0.0693481
0.3415,302.04,0.012401
0.3415,302.04,1.2945e-06
0.341518,302.106,0.0662636
0.341518,302.106,8.63e-07
0.341554,302.239,0.132527
0.341554,302.239,8.63e-07
0.341589,302.371,0.132527
0.341732,302.433,0.0616428
0.34175,302.445,0.012401
0.34175,302.445,1.2945e-06
0.341768,302.511,0.0662636
0.341768,302.511,8.63e-07
0.341804,302.644,0.132527
0.341982,302.721,0.0770534
0.342,302.733,0.012401
0.342,302.733,1.2945e-06
0.342018,302.8,0.0662636
0.342232,302.892,0.092464
0.34225,302.904,0.012401
0.34225,302.904,1.2945e-06
0.342268,302.971,0.0662636
0.342268,302.971,8.63e-07
0.342304,303.103,0.132527
0.342482,303.18,0.0770534
0.3425,303.193,0.012401
0.3425,303.193,1.2945e-06
0.342518,303.259,0.0662636
0.342518,303.259,8.63e-07
0.342554,303.392,0.132527
0.342554,303.392,8.63e-07
0.342589,303.524,0.132527
0.342732,303.586,0.0616428
0.34275,303.598,0.012401
0.34275,303.598,1.2945e-06
0.342768,303.664,0.0662636
0.342768,303.664,8.63e-07
0.342821,303.863,0.198795
0.342982,303.932,0.0693481
0.343,303.945,0.012401
0.343,303.945,1.2945e-06
0.343018,304.011,0.0662636
0.343018,304.011,8.63e-07
0.343054,304.144,0.132527
0.343054,304.144,8.63e-07
0.343089,304.276,0.132527
0.343232,304.338,0.0616428
0.34325,304.35,0.012401
0.34325,304.35,1.2945e-06
0.343268,304.417,0.0662636
0.343268,304.417,8.63e-07
0.343304,304.549,0.132527
0.343482,304.626,0.0770534
0.3435,304.639,0.012401
0.3435,304.639,1.2945e-06
0.343518,304.705,0.0662636
0.343732,304.797,0.092464
0.34375,304.81,0.012401
0.34375,304.81,1.2945e-06
0.343768,304.876,0.0662636
0.343768,304.876,8.63e-07
0.343804,305.008,0.132527
0.343982,305.085,0.0770534
0.344,305.098,0.012401
0.344,305.098,1.2945e-06
0.344018,305.164,0.0662636
0.344018,305.164,8.63e-07
0.344054,305.297,0.132527
0.344054,305.297,8.63e-07
0.344089,305.429,0.132527
0.344232,305.491,0.0616428
0.34425,305.503,0.012401
0.34425,305.503,1.2945e-06
0.344268,305.57,0.0662636
0.344268,305.57,8.63e-07
0.344321,305.768,0.198795
0.344482,305.838,0.0693481
0.3445,305.85,0.012401
0.3445,305.85,1.2945e-06
0.344518,305.916,0.0662636
0.344518,305.916,8.63e-07
0.344554,306.049,0.132527
0.344554,306.049,8.63e-07
0.344589,306.181,0.132527
0.344732,306.243,0.0616428
0.34475,306.255,0.012401
0.34475,306.255,1.2945e-06
0.344768,306.322,0.0662636
0.344768,306.322,8.63e-07
0.344804,306.454,0.132527
0.344982,306.531,0.0770534
0.345,306.544,0.012401
0.345,306.544,1.2945e-06
0.345018,306.61,0.0662636
0.345232,306.702,0.092464
0.34525,306.715,0.012401
0.34525,306.715,1.2945e-06
0.345268,306.781,0.0662636
0.345268,306.781,8.63e-07
0.345304,306.914,0.132527
0.345482,306.991,0.0770534
0.3455,307.003,0.012401
0.3455,307.003,1.2945e-06
0.345518,307.069,0.0662636
0.345518,307.069,8.63e-07
0.345554,307.202,0.132527
0.345554,307.202,8.63e-07
0.345589,307.334,0.132527
0.345732,307.396,0.0616428
0.34575,307.408,0.012401
0.34575,307.408,1.2945e-06
0.345768,307.475,0.0662636
0.345768,307.475,8.63e-07
0.345839,307.74,0.265062
0.345982,307.801,0.0616428
0.346,307.814,0.012401
0.346,307.814,1.2945e-06
0.346018,307.88,0.0662636
0.346018,307.88,8.63e-07
0.346054,308.013,0.132527
0.346054,308.013,8.63e-07
0.346089,308.145,0.132527
0.346232,308.207,0.0616428
0.34625,308.219,0.012401
0.34625,308.219,1.2945e-06
0.346268,308.285,0.0662636
0.346268,308.285,8.63e-07
0.346304,308.418,0.132527
0.346482,308.495,0.0770534
0.3465,308.507,0.012401
0.3465,308.507,1.2945e-06
0.346518,308.574,0.0662636
0.346732,308.666,0.092464
0.34675,308.679,0.012401
0.34675,308.679,1.2945e-06
0.346768,308.745,0.0662636
0.346768,308.745,8.63e-07
0.346804,308.877,0.132527
0.346982,308.954,0.0770534
0.347,308.967,0.012401
0.347,308.967,1.2945e-06
0.347018,309.033,0.0662636
0.347232,309.126,0.092464
0.34725,309.138,0.012401
0.34725,309.138,1.2945e-06
0.347268,309.204,0.0662636
0.347268,309.204,8.63e-07
0.347357,309.536,0.331329
0.347482,309.589,0.0539375
0.3475,309.602,0.012401
0.3475,309.602,1.2945e-06
0.347518,309.668,0.0662636
0.347732,309.761,0.092464
0.34775,309.773,0.012401
0.34775,309.773,1.2945e-06
0.347768,309.839,0.0662636
0.347768,309.839,8.63e-07
0.347857,310.171,0.331329
0.347982,310.225,0.0539375
0.348,310.237,0.012401
0.348,310.237,1.2945e-06
0.348018,310.303,0.0662636
0.348232,310.396,0.092464
0.34825,310.408,0.012401
0.34825,310.408,1.2945e-06
0.348268,310.474,0.0662636
0.348268,310.474,8.63e-07
0.348321,310.673,0.198795
0.348482,310.742,0.0693481
0.3485,310.755,0.012401
0.3485,310.755,1.2945e-06
0.348518,310.821,0.0662636
0.348732,310.914,0.092464
0.34875,310.926,0.012401
0.34875,310.926,1.2945e-06
0.348768,310.992,0.0662636
0.348768,310.992,8.63e-07
0.348821,311.191,0.198795
0.348982,311.26,0.0693481
0.349,311.273,0.012401
0.349,311.273,1.2945e-06
0.349018,311.339,0.0662636
0.349018,311.339,8.63e-07
0.349071,311.538,0.198795
0.349071,311.538,8.63e-07
0.349125,311.737,0.198795
0.349232,311.783,0.0462322
0.34925,311.795,0.012401
0.34925,311.795,1.2945e-06
0.349268,311.862,0.0662636
0.349268,311.862,8.63e-07
0.349321,312.06,0.198795
0.349482,312.13,0.0693481
0.3495,312.142,0.012401
0.3495,312.142,1.2945e-06
0.349518,312.208,0.0662636
0.349732,312.301,0.092464
0.34975,312.313,0.012401
0.34975,312.313,1.2945e-06
0.349768,312.379,0.0662636
0.349768,312.379,8.63e-07
0.349804,312.512,0.132527
0.349982,312.589,0.0770534
0.35,312.601,0.012401
0.35,312.601,1.2945e-06
0.350018,312.668,0.0662636
0.350232,312.76,0.092464
0.35025,312.773,0.012401
0.35025,312.773,1.2945e-06
0.350268,312.839,0.0662636
0.350268,312.839,8.63e-07
0.350321,313.038,0.198795
0.350482,313.107,0.0693481
0.3505,313.119,0.012401
0.3505,313.119,1.2945e-06
0.350518,313.186,0.0662636
0.350518,313.186,8.63e-07
0.350554,313.318,0.132527
0.350554,313.318,8.63e-07
0.350589,313.451,0.132527
0.350732,313.512,0.0616428
0.35075,313.525,0.012401
0.35075,313.525,1.2945e-06
0.350768,313.591,0.0662636
0.350768,313.591,8.63e-07
0.350839,313.856,0.265062
0.350982,313.918,0.0616428
0.351,313.93,0.012401
0.351,313.93,1.2945e-06
0.351018,313.996,0.0662636
0.351232,314.089,0.092464
0.35125,314.101,0.012401
0.35125,314.101,1.2945e-06
0.351268,314.168,0.0662636
0.351268,314.168,8.63e-07
0.351304,314.3,0.132527
0.351482,314.377,0.0770534
0.3515,314.39,0.012401
0.3515,314.39,1.2945e-06
0.351518,314.456,0.0662636
0.351732,314.548,0.092464
0.35175,314.561,0.012401
0.35175,314.561,1.2945e-06
0.351768,314.627,0.0662636
0.351768,314.627,8.63e-07
0.351804,314.759,0.132527
0.351982,314.836,0.0770534
0.352,314.849,0.012401
0.352,314.849,1.2945e-06
0.352018,314.915,0.0662636
0.352018,314.915,8.63e-07
0.352054,315.048,0.132527
0.352054,315.048,8.63e-07
0.352089,315.18,0.132527
0.352232,315.242,0.0616428
0.35225,315.254,0.012401
0.35225,315.254,1.2945e-06
0.352268,315.321,0.0662636
0.352268,315.321,8.63e-07
0.352321,315.519,0.198795
0.352482,315.589,0.0693481
0.3525,315.601,0.012401
0.3525,315.601,1.2945e-06
0.352518,315.667,0.0662636
0.352518,315.667,8.63e-07
0.352554,315.8,0.132527
0.352554,315.8,8.63e-07
0.352589,315.932,0.132527
0.352732,315.994,0.0616428
0.35275,316.006,0.012401
0.35275,316.006,1.2945e-06
0.352768,316.073,0.0662636
0.352768,316.073,8.63e-07
0.352804,316.205,0.132527
0.352982,316.282,0.0770534
0.353,316.295,0.012401
0.353,316.295,1.2945e-06
0.353018,316.361,0.0662636
0.353232,316.453,0.092464
0.35325,316.466,0.012401
0.35325,316.466,1.2945e-06
0.353268,316.532,0.0662636
0.353268,316.532,8.63e-07
0.353304,316.665,0.132527
0.353482,316.742,0.0770534
0.3535,316.754,0.012401
0.3535,316.754,1.2945e-06
0.353518,316.82,0.0662636
0.353518,316.82,8.63e-07
0.353554,316.953,0.132527
0.353554,316.953,8.63e-07
0.353589,317.085,0.132527
0.353732,317.147,0.0616428
0.35375,317.159,0.012401
0.35375,317.159,1.2945e-06
0.353768,317.226,0.0662636
0.353768,317.226,8.63e-07
0.353821,317.424,0.198795
0.353982,317.494,0.0693481
0.354,317.506,0.012401
0.354,317.506,1.2945e-06
0.354018,317.572,0.0662636
0.354018,317.572,8.63e-07
0.354054,317.705,0.132527
0.354054,317.705,8.63e-07
0.354089,317.838,0.132527
0.354232,317.899,0.0616428
0.35425,317.912,0.012401
0.35425,317.912,1.2945e-06
0.354268,317.978,0.0662636
0.354268,317.978,8.63e-07
0.354304,318.11,0.132527
0.354482,318.187,0.0770534
0.3545,318.2,0.012401
0.3545,318.2,1.2945e-06
0.354518,318.266,0.0662636
0.354732,318.359,0.092464
0.35475,318.371,0.012401
0.35475,318.371,1.2945e-06
0.354768,318.437,0.0662636
0.354768,318.437,8.63e-07
0.354804,318.57,0.132527
0.354982,318.647,0.0770534
0.355,318.659,0.012401
0.355,318.659,1.2945e-06
0.355018,318.725,0.0662636
0.355018,318.725,8.63e-07
0.355054,318.858,0.132527
0.355054,318.858,8.63e-07
0.355089,318.991,0.132527
0.355232,319.052,0.0616428
0.35525,319.065,0.012401
0.35525,319.065,1.2945e-06
0.355268,319.131,0.0662636
0.355268,319.131,8.63e-07
0.355321,319.33,0.198795
0.355482,319.399,0.0693481
0.3555,319.411,0.012401
0.3555,319.411,1.2945e-06
0.355518,319.478,0.0662636
0.355518,319.478,8.63e-07
0.355554,319.61,0.132527
0.355554,319.61,8.63e-07
0.355589,319.743,0.132527
0.355732,319.804,0.0616428
0.35575,319.817,0.012401
0.35575,319.817,1.2945e-06
0.355768,319.883,0.0662636
0.355768,319.883,8.63e-07
0.355804,320.016,0.132527
0.355982,320.093,0.0770534
0.356,320.105,0.012401
0.356,320.105,1.2945e-06
0.356018,320.171,0.0662636
0.356232,320.264,0.092464
0.35625,320.276,0.012401
0.35625,320.276,1.2945e-06
0.356268,320.342,0.0662636
0.356268,320.342,8.63e-07
0.356304,320.475,0.132527
0.356482,320.552,0.0770534
0.3565,320.564,0.012401
0.3565,320.564,1.2945e-06
0.356518,320.631,0.0662636
0.356518,320.631,8.63e-07
0.356554,320.763,0.132527
0.356554,320.763,8.63e-07
0.356589,320.896,0.132527
0.356732,320.957,0.0616428
0.35675,320.97,0.012401
0.35675,320.97,1.2945e-06
0.356768,321.036,0.0662636
0.356768,321.036,8.63e-07
0.356821,321.235,0.198795
0.356982,321.304,0.0693481
0.357,321.317,0.012401
0.357,321.317,1.2945e-06
0.357018,321.383,0.0662636
0.357018,321.383,8.63e-07
0.357054,321.515,0.132527
0.357054,321.515,8.63e-07
0.357089,321.648,0.132527
0.357232,321.71,0.0616428
0.35725,321.722,0.012401
0.35725,321.722,1.2945e-06
0.357268,321.788,0.0662636
0.357268,321.788,8.63e-07
0.357321,321.987,0.198795
0.357482,322.056,0.0693481
0.3575,322.069,0.012401
0.3575,322.069,1.2945e-06
0.357518,322.135,0.0662636
0.357732,322.227,0.092464
0.35775,322.24,0.012401
0.35775,322.24,1.2945e-06
0.357768,322.306,0.0662636
0.357768,322.306,8.63e-07
0.357804,322.439,0.132527
0.357982,322.516,0.0770534
0.358,322.528,0.012401
0.358,322.528,1.2945e-06
0.358018,322.594,0.0662636
0.358232,322.687,0.092464
0.35825,322.699,0.012401
0.35825,322.699,1.2945e-06
0.358268,322.765,0.0662636
0.358268,322.765,8.63e-07
0.358304,322.898,0.132527
0.358482,322.975,0.0770534
0.3585,322.987,0.012401
0.3585,322.987,1.2945e-06
0.358518,323.054,0.0662636
0.358518,323.054,8.63e-07
0.358554,323.186,0.132527
0.358554,323.186,8.63e-07
0.358589,323.319,0.132527
0.358732,323.38,0.0616428
0.35875,323.393,0.012401
0.35875,323.393,1.2945e-06
0.358768,323.459,0.0662636
0.358768,323.459,8.63e-07
0.358821,323.658,0.198795
0.358982,323.727,0.0693481
0.359,323.74,0.012401
0.359,323.74,1.2945e-06
0.359018,323.806,0.0662636
0.359018,323.806,8.63e-07
0.359054,323.938,0.132527
0.359054,323.938,8.63e-07
0.359089,324.071,0.132527
0.359232,324.133,0.0616428
0.35925,324.145,0.012401
0.35925,324.145,1.2945e-06
0.359268,324.211,0.0662636
0.359268,324.211,8.63e-07
0.359304,324.344,0.132527
0.359482,324.421,0.0770534
0.3595,324.433,0.012401
0.3595,324.433,1.2945e-06
0.359518,324.5,0.0662636
0.359732,324.592,0.092464
0.35975,324.604,0.012401
0.35975,324.604,1.2945e-06
0.359768,324.671,0.0662636
0.359768,324.671,8.63e-07
0.359804,324.803,0.132527
0.359982,324.88,0.0770534
0.36,324.893,0.012401
0.36,324.893,1.2945e-06
0.360018,324.959,0.0662636
0.360232,325.051,0.092464
0.36025,325.064,0.012401
0.36025,325.064,1.2945e-06
0.360268,325.13,0.0662636
0.360268,325.13,8.63e-07
0.360321,325.329,0.198795
0.360482,325.398,0.0693481
0.3605,325.411,0.012401
0.3605,325.411,1.2945e-06
0.360518,325.477,0.0662636
0.360518,325.477,8.63e-07
0.360554,325.609,0.132527
0.360554,325.609,8.63e-07
0.360589,325.742,0.132527
0.360732,325.804,0.0616428
0.36075,325.816,0.012401
0.36075,325.816,1.2945e-06
0.360768,325.882,0.0662636
0.360768,325.882,8.63e-07
0.360821,326.081,0.198795
0.360982,326.15,0.0693481
0.361,326.163,0.012401
0.361,326.163,1.2945e-06
0.361018,326.229,0.0662636
0.361232,326.321,0.092464
0.36125,326.334,0.012401
0.36125,326.334,1.2945e-06
0.361268,326.4,0.0662636
0.361268,326.4,8.63e-07
0.361304,326.533,0.132527
0.361482,326.61,0.0770534
0.3615,326.622,0.012401
0.3615,326.622,1.2945e-06
0.361518,326.688,0.0662636
0.361732,326.781,0.092464
0.36175,326.793,0.012401
0.36175,326.793,1.2945e-06
0.361768,326.86,0.0662636
0.361768,326.86,8.63e-07
0.361821,327.058,0.198795
0.361982,327.128,0.0693481
0.362,327.14,0.012401
0.362,327.14,1.2945e-06
0.362018,327.206,0.0662636
0.362018,327.206,8.63e-07
0.362054,327.339,0.132527
0.362054,327.339,8.63e-07
0.362089,327.471,0.132527
0.362232,327.533,0.0616428
0.36225,327.545,0.012401
0.36225,327.545,1.2945e-06
0.362268,327.612,0.0662636
0.362268,327.612,8.63e-07
0.362321,327.811,0.198795
0.362482,327.88,0.0693481
0.3625,327.892,0.012401
0.3625,327.892,1.2945e-06
0.362518,327.959,0.0662636
0.362732,328.051,0.092464
0.36275,328.063,0.012401
0.36275,328.063,1.2945e-06
0.362768,328.13,0.0662636
0.362768,328.13,8.63e-07
0.362804,328.262,0.132527
0.362982,328.339,0.0770534
0.363,328.352,0.012401
0.363,328.352,1.2945e-06
0.363018,328.418,0.0662636
0.363232,328.51,0.092464
0.36325,328.523,0.012401
0.36325,328.523,1.2945e-06
0.363268,328.589,0.0662636
0.363268,328.589,8.63e-07
0.363321,328.788,0.198795
0.363482,328.857,0.0693481
0.3635,328.87,0.012401
0.3635,328.87,1.2945e-06
0.363518,328.936,0.0662636
0.363518,328.936,8.63e-07
0.363554,329.068,0.132527
0.363554,329.068,8.63e-07
0.363589,329.201,0.132527
0.363732,329.263,0.0616428
0.36375,329.275,0.012401
0.36375,329.275,1.2945e-06
0.363768,329.341,0.0662636
0.363768,329.341,8.63e-07
0.363839,329.606,0.265062
0.363982,329.668,0.0616428
0.364,329.68,0.012401
0.364,329.68,1.2945e-06
0.364018,329.747,0.0662636
0.364232,329.839,0.092464
0.36425,329.851,0.012401
0.36425,329.851,1.2945e-06
0.364268,329.918,0.0662636
0.364268,329.918,8.63e-07
0.364304,330.05,0.132527
0.364482,330.127,0.0770534
0.3645,330.14,0.012401
0.3645,330.14,1.2945e-06
0.364518,330.206,0.0662636
0.364732,330.298,0.092464
0.36475,330.311,0.012401
0.36475,330.311,1.2945e-06
0.364768,330.377,0.0662636
0.364768,330.377,8.63e-07
0.364821,330.576,0.198795
0.364982,330.645,0.0693481
0.365,330.658,0.012401
0.365,330.658,1.2945e-06
0.365018,330.724,0.0662636
0.365018,330.724,8.63e-07
0.365054,330.856,0.132527
0.365054,330.856,8.63e-07
0.365089,330.989,0.132527
0.365232,331.051,0.0616428
0.36525,331.063,0.012401
0.36525,331.063,1.2945e-06
0.365268,331.129,0.0662636
0.365268,331.129,8.63e-07
0.365321,331.328,0.198795
0.365482,331.397,0.0693481
0.3655,331.41,0.012401
0.3655,331.41,1.2945e-06
0.365518,331.476,0.0662636
0.365732,331.569,0.092464
0.36575,331.581,0.012401
0.36575,331.581,1.2945e-06
0.365768,331.647,0.0662636
0.365768,331.647,8.63e-07
0.365804,331.78,0.132527
0.365982,331.857,0.0770534
0.366,331.869,0.012401
0.366,331.869,1.2945e-06
0.366018,331.935,0.0662636
0.366232,332.028,0.092464
0.36625,332.04,0.012401
0.36625,332.04,1.2945e-06
0.366268,332.107,0.0662636
0.366268,332.107,8.63e-07
0.366321,332.305,0.198795
0.366482,332.375,0.0693481
0.3665,332.387,0.012401
0.3665,332.387,1.2945e-06
0.366518,332.453,0.0662636
0.366518,332.453,8.63e-07
0.366554,332.586,0.132527
0.366554,332.586,8.63e-07
0.366589,332.718,0.132527
0.366732,332.78,0.0616428
0.36675,332.792,0.012401
0.36675,332.792,1.2945e-06
0.366768,332.859,0.0662636
0.366768,332.859,8.63e-07
0.366821,333.058,0.198795
0.366982,333.127,0.0693481
0.367,333.139,0.012401
0.367,333.139,1.2945e-06
0.367018,333.206,0.0662636
0.367232,333.298,0.092464
0.36725,333.31,0.012401
0.36725,333.31,1.2945e-06
0.367268,333.377,0.0662636
0.367268,333.377,8.63e-07
0.367304,333.509,0.132527
0.367482,333.586,0.0770534
0.3675,333.599,0.012401
0.3675,333.599,1.2945e-06
0.367518,333.665,0.0662636
0.367732,333.757,0.092464
0.36775,333.77,0.012401
0.36775,333.77,1.2945e-06
0.367768,333.836,0.0662636
0.367768,333.836,8.63e-07
0.367804,333.969,0.132527
0.367982,334.046,0.0770534
0.368,334.058,0.012401
0.368,334.058,1.2945e-06
0.368018,334.124,0.0662636
0.368018,334.124,8.63e-07
0.368054,334.257,0.132527
0.368054,334.257,8.63e-07
0.368089,334.389,0.132527
0.368232,334.451,0.0616428
0.36825,334.463,0.012401
0.36825,334.463,1.2945e-06
0.368268,334.53,0.0662636
0.368268,334.53,8.63e-07
0.368321,334.728,0.198795
0.368482,334.798,0.0693481
0.3685,334.81,0.012401
0.3685,334.81,1.2945e-06
0.368518,334.876,0.0662636
0.368518,334.876,8.63e-07
0.368554,335.009,0.132527
0.368554,335.009,8.63e-07
0.368589,335.142,0.132527
0.368732,335.203,0.0616428
0.36875,335.216,0.012401
0.36875,335.216,1.2945e-06
0.368768,335.282,0.0662636
0.368768,335.282,8.63e-07
0.368804,335.414,0.132527
0.368982,335.491,0.0770534
0.369,335.504,0.012401
0.369,335.504,1.2945e-06
0.369018,335.57,0.0662636
0.369232,335.663,0.092464
0.36925,335.675,0.012401
0.36925,335.675,1.2945e-06
0.369268,335.741,0.0662636
0.369268,335.741,8.63e-07
0.369304,335.874,0.132527
0.369482,335.951,0.0770534
0.3695,335.963,0.012401
0.3695,335.963,1.2945e-06
0.369518,336.029,0.0662636
0.369518,336.029,8.63e-07
0.369554,336.162,0.132527
0.369554,336.162,8.63e-07
0.369589,336.295,0.132527
0.369732,336.356,0.0616428
0.36975,336.369,0.012401
0.36975,336.369,1.2945e-06
0.369768,336.435,0.0662636
0.369768,336.435,8.63e-07
0.369821,336.634,0.198795
0.369982,336.703,0.0693481
0.37,336.715,0.012401
0.37,336.715,1.2945e-06
0.370018,336.782,0.0662636
0.370018,336.782,8.63e-07
0.370054,336.914,0.132527
0.370054,336.914,8.63e-07
0.370089,337.047,0.132527
0.370232,337.108,0.0616428
0.37025,337.121,0.012401
0.37025,337.121,1.2945e-06
0.370268,337.187,0.0662636
0.370268,337.187,8.63e-07
0.370304,337.32,0.132527
0.370482,337.397,0.0770534
0.3705,337.409,0.012401
0.3705,337.409,1.2945e-06
0.370518,337.475,0.0662636
0.370732,337.568,0.092464
0.37075,337.58,0.012401
0.37075,337.58,1.2945e-06
0.370768,337.646,0.0662636
0.370768,337.646,8.63e-07
0.370804,337.779,0.132527
0.370982,337.856,0.0770534
0.371,337.868,0.012401
0.371,337.868,1.2945e-06
0.371018,337.935,0.0662636
0.371018,337.935,8.63e-07
0.371054,338.067,0.132527
0.371054,338.067,8.63e-07
0.371089,338.2,0.132527
0.371232,338.261,0.0616428
0.37125,338.274,0.012401
0.37125,338.274,1.2945e-06
0.371268,338.34,0.0662636
0.371268,338.34,8.63e-07
0.371321,338.539,0.198795
0.371482,338.608,0.0693481
0.3715,338.621,0.012401
0.3715,338.621,1.2945e-06
0.371518,338.687,0.0662636
0.371518,338.687,8.63e-07
0.371554,338.819,0.132527
0.371554,338.819,8.63e-07
0.371589,338.952,0.132527
0.371732,339.014,0.0616428
0.37175,339.026,0.012401
0.37175,339.026,1.2945e-06
0.371768,339.092,0.0662636
0.371768,339.092,8.63e-07
0.371804,339.225,0.132527
0.371982,339.302,0.0770534
0.372,339.314,0.012401
0.372,339.314,1.2945e-06
0.372018,339.38,0.0662636
0.372232,339.473,0.092464
0.37225,339.485,0.012401
0.37225,339.485,1.2945e-06
0.372268,339.552,0.0662636
0.372268,339.552,8.63e-07
0.372304,339.684,0.132527
0.372482,339.761,0.0770534
0.3725,339.774,0.012401
0.3725,339.774,1.2945e-06
0.372518,339.84,0.0662636
0.372518,339.84,8.63e-07
0.372554,339.972,0.132527
0.372554,339.972,8.63e-07
0.372589,340.105,0.132527
0.372732,340.166,0.0616428
0.37275,340.179,0.012401
0.37275,340.179,1.2945e-06
0.372768,340.245,0.0662636
0.372768,340.245,8.63e-07
0.372821,340.444,0.198795
0.372982,340.513,0.0693481
0.373,340.526,0.012401
0.373,340.526,1.2945e-06
0.373018,340.592,0.0662636
0.373018,340.592,8.63e-07
0.373054,340.724,0.132527
0.373054,340.724,8.63e-07
0.373089,340.857,0.132527
0.373232,340.919,0.0616428
0.37325,340.931,0.012401
0.37325,340.931,1.2945e-06
0.373268,340.997,0.0662636
0.373268,340.997,8.63e-07
0.373304,341.13,0.132527
0.373482,341.207,0.0770534
0.3735,341.219,0.012401
0.3735,341.219,1.2945e-06
0.373518,341.286,0.0662636
0.373732,341.378,0.092464
0.37375,341.39,0.012401
0.37375,341.39,1.2945e-06
0.373768,341.457,0.0662636
0.373768,341.457,8.63e-07
0.373804,341.589,0.132527
0.373982,341.666,0.0770534
0.374,341.679,0.012401
0.374,341.679,1.2945e-06
0.374018,341.745,0.0662636
0.374018,341.745,8.63e-07
0.374054,341.877,0.132527
0.374054,341.877,8.63e-07
0.374089,342.01,0.132527
0.374232,342.072,0.0616428
0.37425,342.084,0.012401
0.37425,342.084,1.2945e-06
0.374268,342.15,0.0662636
0.374268,342.15,8.63e-07
0.374321,342.349,0.198795
0.374482,342.418,0.0693481
0.3745,342.431,0.012401
0.3745,342.431,1.2945e-06
0.374518,342.497,0.0662636
0.374518,342.497,8.63e-07
0.374554,342.63,0.132527
0.374554,342.63,8.63e-07
0.374589,342.762,0.132527
0.374732,342.824,0.0616428
0.37475,342.836,0.012401
0.37475,342.836,1.2945e-06
0.374768,342.902,0.0662636
0.374768,342.902,8.63e-07
0.374804,343.035,0.132527
0.374982,343.112,0.0770534
0.375,343.124,0.012401
0.375,343.124,1.2945e-06
0.375018,343.191,0.0662636
0.375232,343.283,0.092464
0.37525,343.296,0.012401
0.37525,343.296,1.2945e-06
0.375268,343.362,0.0662636
0.375268,343.362,8.63e-07
0.375304,343.494,0.132527
0.375482,343.571,0.0770534
0.3755,343.584,0.012401
0.3755,343.584,1.2945e-06
0.375518,343.65,0.0662636
0.375518,343.65,8.63e-07
0.375554,343.783,0.132527
0.375554,343.783,8.63e-07
0.375589,343.915,0.132527
0.375732,343.977,0.0616428
0.37575,343.989,0.012401
0.37575,343.989,1.2945e-06
0.375768,344.055,0.0662636
0.375768,344.055,8.63e-07
0.375821,344.254,0.198795
0.375982,344.324,0.0693481
0.376,344.336,0.012401
0.376,344.336,1.2945e-06
0.376018,344.402,0.0662636
0.376232,344.495,0.092464
0.37625,344.507,0.012401
0.37625,344.507,1.2945e-06
0.376268,344.573,0.0662636
0.376268,344.573,8.63e-07
0.376304,344.706,0.132527
0.376482,344.783,0.0770534
0.3765,344.795,0.012401
0.3765,344.795,1.2945e-06
0.376518,344.862,0.0662636
0.376732,344.954,0.092464
0.37675,344.967,0.012401
0.37675,344.967,1.2945e-06
0.376768,345.033,0.0662636
0.376768,345.033,8.63e-07
0.376821,345.232,0.198795
0.376982,345.301,0.0693481
0.377,345.313,0.012401
0.377,345.313,1.2945e-06
0.377018,345.38,0.0662636
0.377018,345.38,8.63e-07
0.377054,345.512,0.132527
0.377054,345.512,8.63e-07
0.377089,345.645,0.132527
0.377232,345.706,0.0616428
0.37725,345.719,0.012401
0.37725,345.719,1.2945e-06
0.377268,345.785,0.0662636
0.377268,345.785,8.63e-07
0.377339,346.05,0.265062
0.377482,346.112,0.0616428
0.3775,346.124,0.012401
0.3775,346.124,1.2945e-06
0.377518,346.19,0.0662636
0.377518,346.19,8.63e-07
0.377571,346.389,0.198795
0.377571,346.389,8.63e-07
0.377625,346.588,0.198795
0.377732,346.634,0.0462322
0.37775,346.647,0.012401
0.37775,346.647,1.2945e-06
0.377768,346.713,0.0662636
0.377768,346.713,8.63e-07
0.377804,346.845,0.132527
0.377982,346.922,0.0770534
0.378,346.935,0.012401
0.378,346.935,1.2945e-06
0.378018,347.001,0.0662636
0.378232,347.094,0.092464
0.37825,347.106,0.012401
0.37825,347.106,1.2945e-06
0.378268,347.172,0.0662636
0.378268,347.172,8.63e-07
0.378304,347.305,0.132527
0.378482,347.382,0.0770534
0.3785,347.394,0.012401
0.3785,347.394,1.2945e-06
0.378518,347.46,0.0662636
0.378732,347.553,0.092464
0.37875,347.565,0.012401
0.37875,347.565,1.2945e-06
0.378768,347.632,0.0662636
0.378768,347.632,8.63e-07
0.378839,347.897,0.265062
0.378982,347.958,0.0616428
0.379,347.971,0.012401
0.379,347.971,1.2945e-06
0.379018,348.037,0.0662636
0.379018,348.037,8.63e-07
0.379054,348.169,0.132527
0.379054,348.169,8.63e-07
0.379089,348.302,0.132527
0.379232,348.364,0.0616428
0.37925,348.376,0.012401
0.37925,348.376,1.2945e-06
0.379268,348.442,0.0662636
0.379268,348.442,8.63e-07
0.379339,348.707,0.265062
0.379482,348.769,0.0616428
0.3795,348.781,0.012401
0.3795,348.781,1.2945e-06
0.379518,348.848,0.0662636
0.379732,348.94,0.092464
0.37975,348.953,0.012401
0.37975,348.953,1.2945e-06
0.379768,349.019,0.0662636
0.379768,349.019,8.63e-07
0.379804,349.151,0.132527
0.379982,349.228,0.0770534
0.38,349.241,0.012401
0.38,349.241,1.2945e-06
0.380018,349.307,0.0662636
0.380232,349.4,0.092464
0.38025,349.412,0.012401
0.38025,349.412,1.2945e-06
0.380268,349.478,0.0662636
0.380268,349.478,8.63e-07
0.380321,349.677,0.198795
0.380482,349.746,0.0693481
0.3805,349.759,0.012401
0.3805,349.759,1.2945e-06
0.380518,349.825,0.0662636
0.380518,349.825,8.63e-07
0.380554,349.958,0.132527
0.380554,349.958,8.63e-07
0.380589,350.09,0.132527
0.380732,350.152,0.0616428
0.38075,350.164,0.012401
0.38075,350.164,1.2945e-06
0.380768,350.23,0.0662636
0.380768,350.23,8.63e-07
0.380839,350.495,0.265062
0.380982,350.557,0.0616428
0.381,350.569,0.012401
0.381,350.569,1.2945e-06
0.381018,350.636,0.0662636
0.381232,350.728,0.092464
0.38125,350.741,0.012401
0.38125,350.741,1.2945e-06
0.381268,350.807,0.0662636
0.381268,350.807,8.63e-07
0.381304,350.939,0.132527
0.381482,351.016,0.0770534
0.3815,351.029,0.012401
0.3815,351.029,1.2945e-06
0.381518,351.095,0.0662636
0.381732,351.188,0.092464
0.38175,351.2,0.012401
0.38175,351.2,1.2945e-06
0.381768,351.266,0.0662636
0.381768,351.266,8.63e-07
0.381821,351.465,0.198795
0.381982,351.534,0.0693481
0.382,351.547,0.012401
0.382,351.547,1.2945e-06
0.382018,351.613,0.0662636
0.382018,351.613,8.63e-07
0.382054,351.746,0.132527
0.382054,351.746,8.63e-07
0.382089,351.878,0.132527
0.382232,351.94,0.0616428
0.38225,351.952,0.012401
0.38225,351.952,1.2945e-06
0.382268,352.018,0.0662636
0.382268,352.018,8.63e-07
0.382339,352.283,0.265062
0.382482,352.345,0.0616428
0.3825,352.358,0.012401
0.3825,352.358,1.2945e-06
0.382518,352.424,0.0662636
0.382732,352.516,0.092464
0.38275,352.529,0.012401
0.38275,352.529,1.2945e-06
0.382768,352.595,0.0662636
0.382768,352.595,8.63e-07
0.382804,352.727,0.132527
0.382982,352.805,0.0770534
0.383,352.817,0.012401
0.383,352.817,1.2945e-06
0.383018,352.883,0.0662636
0.383232,352.976,0.092464
0.38325,352.988,0.012401
0.38325,352.988,1.2945e-06
0.383268,353.054,0.0662636
0.383268,353.054,8.63e-07
0.383321,353.253,0.198795
0.383482,353.322,0.0693481
0.3835,353.335,0.012401
0.3835,353.335,1.2945e-06
0.383518,353.401,0.0662636
0.383518,353.401,8.63e-07
0.383554,353.534,0.132527
0.383554,353.534,8.63e-07
0.383589,353.666,0.132527
0.383732,353.728,0.0616428
0.38375,353.74,0.012401
0.38375,353.74,1.2945e-06
0.383768,353.806,0.0662636
0.383768,353.806,8.63e-07
0.383821,354.005,0.198795
0.383982,354.075,0.0693481
0.384,354.087,0.012401
0.384,354.087,1.2945e-06
0.384018,354.153,0.0662636
0.384232,354.246,0.092464
0.38425,354.258,0.012401
0.38425,354.258,1.2945e-06
0.384268,354.324,0.0662636
0.384268,354.324,8.63e-07
0.384304,354.457,0.132527
0.384482,354.534,0.0770534
0.3845,354.546,0.012401
0.3845,354.546,1.2945e-06
0.384518,354.613,0.0662636
0.384732,354.705,0.092464
0.38475,354.718,0.012401
0.38475,354.718,1.2945e-06
0.384768,354.784,0.0662636
0.384768,354.784,8.63e-07
0.384804,354.916,0.132527
0.384982,354.993,0.0770534
0.385,355.006,0.012401
0.385,355.006,1.2945e-06
0.385018,355.072,0.0662636
0.385018,355.072,8.63e-07
0.385054,355.205,0.132527
0.385054,355.205,8.63e-07
0.385089,355.337,0.132527
0.385232,355.399,0.0616428
0.38525,355.411,0.012401
0.38525,355.411,1.2945e-06
0.385268,355.477,0.0662636
0.385268,355.477,8.63e-07
0.385321,355.676,0.198795
0.385482,355.746,0.0693481
0.3855,355.758,0.012401
0.3855,355.758,1.2945e-06
0.385518,355.824,0.0662636
0.385518,355.824,8.63e-07
0.385554,355.957,0.132527
0.385554,355.957,8.63e-07
0.385589,356.089,0.132527
0.385732,356.151,0.0616428
0.38575,356.163,0.012401
0.38575,356.163,1.2945e-06
0.385768,356.23,0.0662636
0.385768,356.23,8.63e-07
0.385804,356.362,0.132527
0.385982,356.439,0.0770534
0.386,356.452,0.012401
0.386,356.452,1.2945e-06
0.386018,356.518,0.0662636
0.386232,356.61,0.092464
0.38625,356.623,0.012401
0.38625,356.623,1.2945e-06
0.386268,356.689,0.0662636
0.386268,356.689,8.63e-07
0.386321,356.888,0.198795
0.386482,356.957,0.0693481
0.3865,356.97,0.012401
0.3865,356.97,1.2945e-06
0.386518,357.036,0.0662636
0.386518,357.036,8.63e-07
0.386554,357.168,0.132527
0.386554,357.168,8.63e-07
0.386589,357.301,0.132527
0.386732,357.362,0.0616428
0.38675,357.375,0.012401
0.38675,357.375,1.2945e-06
0.386768,357.441,0.0662636
0.386768,357.441,8.63e-07
0.386821,357.64,0.198795
0.386982,357.709,0.0693481
0.387,357.722,0.012401
0.387,357.722,1.2945e-06
0.387018,357.788,0.0662636
0.387232,357.88,0.092464
0.38725,357.893,0.012401
0.38725,357.893,1.2945e-06
0.387268,357.959,0.0662636
0.387268,357.959,8.63e-07
0.387304,358.092,0.132527
0.387482,358.169,0.0770534
0.3875,358.181,0.012401
0.3875,358.181,1.2945e-06
0.387518,358.247,0.0662636
0.387732,358.34,0.092464
0.38775,358.352,0.012401
0.38775,358.352,1.2945e-06
0.387768,358.418,0.0662636
0.387768,358.418,8.63e-07
0.387804,358.551,0.132527
0.387982,358.628,0.0770534
0.388,358.64,0.012401
0.388,358.64,1.2945e-06
0.388018,358.707,0.0662636
0.388018,358.707,8.63e-07
0.388054,358.839,0.132527
0.388054,358.839,8.63e-07
0.388089,358.972,0.132527
0.388232,359.033,0.0616428
0.38825,359.046,0.012401
0.38825,359.046,1.2945e-06
0.388268,359.112,0.0662636
0.388268,359.112,8.63e-07
0.388321,359.311,0.198795
0.388482,359.38,0.0693481
0.3885,359.393,0.012401
0.3885,359.393,1.2945e-06
0.388518,359.459,0.0662636
0.388518,359.459,8.63e-07
0.388554,359.591,0.132527
0.388554,359.591,8.63e-07
0.388589,359.724,0.132527
0.388732,359.786,0.0616428
0.38875,359.798,0.012401
0.38875,359.798,1.2945e-06
0.388768,359.864,0.0662636
0.388768,359.864,8.63e-07
0.388804,359.997,0.132527
0.388982,360.074,0.0770534
0.389,360.086,0.012401
0.389,360.086,1.2945e-06
0.389018,360.152,0.0662636
0.389232,360.245,0.092464
0.38925,360.257,0.012401
0.38925,360.257,1.2945e-06
0.389268,360.324,0.0662636
0.389268,360.324,8.63e-07
0.389304,360.456,0.132527
0.389482,360.533,0.0770534
0.3895,360.546,0.012401
0.3895,360.546,1.2945e-06
0.389518,360.612,0.0662636
0.389518,360.612,8.63e-07
0.389554,360.744,0.132527
0.389554,360.744,8.63e-07
0.389589,360.877,0.132527
0.389732,360.939,0.0616428
0.38975,360.951,0.012401
0.38975,360.951,1.2945e-06
0.389768,361.017,0.0662636
0.389768,361.017,8.63e-07
0.389821,361.216,0.198795
0.389982,361.285,0.0693481
0.39,361.298,0.012401
0.39,361.298,1.2945e-06
0.390018,361.364,0.0662636
0.390018,361.364,8.63e-07
0.390054,361.497,0.132527
0.390054,361.497,8.63e-07
0.390089,361.629,0.132527
0.390232,361.691,0.0616428
0.39025,361.703,0.012401
0.39025,361.703,1.2945e-06
0.390268,361.769,0.0662636
0.390268,361.769,8.63e-07
0.390304,361.902,0.132527
0.390482,361.979,0.0770534
0.3905,361.991,0.012401
0.3905,361.991,1.2945e-06
0.390518,362.058,0.0662636
0.390732,362.15,0.092464
0.39075,362.163,0.012401
0.39075,362.163,1.2945e-06
0.390768,362.229,0.0662636
0.390768,362.229,8.63e-07
0.390804,362.361,0.132527
0.390982,362.438,0.0770534
0.391,362.451,0.012401
0.391,362.451,1.2945e-06
0.391018,362.517,0.0662636
0.391018,362.517,8.63e-07
0.391054,362.65,0.132527
0.391054,362.65,8.63e-07
0.391089,362.782,0.132527
0.391232,362.844,0.0616428
0.39125,362.856,0.012401
0.39125,362.856,1.2945e-06
0.391268,362.922,0.0662636
0.391268,362.922,8.63e-07
0.391321,363.121,0.198795
0.391482,363.191,0.0693481
0.3915,363.203,0.012401
0.3915,363.203,1.2945e-06
0.391518,363.269,0.0662636
0.391518,363.269,8.63e-07
0.391554,363.402,0.132527
0.391554,363.402,8.63e-07
0.391589,363.534,0.132527
0.391732,363.596,0.0616428
0.39175,363.608,0.012401
0.39175,363.608,1.2945e-06
0.391768,363.675,0.0662636
0.391768,363.675,8.63e-07
0.391804,363.807,0.132527
0.391982,363.884,0.0770534
0.392,363.897,0.012401
0.392,363.897,1.2945e-06
0.392018,363.963,0.0662636
0.392232,364.055,0.092464
0.39225,364.068,0.012401
0.39225,364.068,1.2945e-06
0.392268,364.134,0.0662636
0.392268,364.134,8.63e-07
0.392304,364.266,0.132527
0.392482,364.344,0.0770534
0.3925,364.356,0.012401
0.3925,364.356,1.2945e-06
0.392518,364.422,0.0662636
0.392518,364.422,8.63e-07
0.392554,364.555,0.132527
0.392554,364.555,8.63e-07
0.392589,364.687,0.132527
0.392732,364.749,0.0616428
0.39275,364.761,0.012401
0.39275,364.761,1.2945e-06
0.392768,364.828,0.0662636
0.392768,364.828,8.63e-07
0.392839,365.093,0.265062
0.392982,365.154,0.0616428
0.393,365.167,0.012401
0.393,365.167,1.2945e-06
0.393018,365.233,0.0662636
0.393232,365.325,0.092464
0.39325,365.338,0.012401
0.39325,365.338,1.2945e-06
0.393268,365.404,0.0662636
0.393268,365.404,8.63e-07
0.393304,365.537,0.132527
0.393482,365.614,0.0770534
0.3935,365.626,0.012401
0.3935,365.626,1.2945e-06
0.393518,365.692,0.0662636
0.393732,365.785,0.092464
0.39375,365.797,0.012401
0.39375,365.797,1.2945e-06
0.393768,365.863,0.0662636
0.393768,365.863,8.63e-07
0.393821,366.062,0.198795
0.393982,366.132,0.0693481
0.394,366.144,0.012401
0.394,366.144,1.2945e-06
0.394018,366.21,0.0662636
0.394232,366.303,0.092464
0.39425,366.315,0.012401
0.39425,366.315,1.2945e-06
0.394268,366.381,0.0662636
0.394268,366.381,8.63e-07
0.394339,366.646,0.265062
0.394482,366.708,0.0616428
0.3945,366.72,0.012401
0.3945,366.72,1.2945e-06
0.394518,366.787,0.0662636
0.394518,366.787,8.63e-07
0.394571,366.986,0.198795
0.394571,366.986,8.63e-07
0.394625,367.184,0.198795
0.394732,367.231,0.0462322
0.39475,367.243,0.012401
0.39475,367.243,1.2945e-06
0.394768,367.309,0.0662636
0.394768,367.309,8.63e-07
0.394821,367.508,0.198795
0.394982,367.577,0.0693481
0.395,367.59,0.012401
0.395,367.59,1.2945e-06
0.395018,367.656,0.0662636
0.395232,367.749,0.092464
0.39525,367.761,0.012401
0.39525,367.761,1.2945e-06
0.395268,367.827,0.0662636
0.395268,367.827,8.63e-07
0.395304,367.96,0.132527
0.395482,368.037,0.0770534
0.3955,368.049,0.012401
0.3955,368.049,1.2945e-06
0.395518,368.115,0.0662636
0.395732,368.208,0.092464
0.39575,368.22,0.012401
0.39575,368.22,1.2945e-06
0.395768,368.287,0.0662636
0.395768,368.287,8.63e-07
0.395821,368.485,0.198795
0.395982,368.555,0.0693481
0.396,368.567,0.012401
0.396,368.567,1.2945e-06
0.396018,368.633,0.0662636
0.396018,368.633,8.63e-07
0.396054,368.766,0.132527
0.396054,368.766,8.63e-07
0.396089,368.898,0.132527
0.396232,368.96,0.0616428
0.39625,368.972,0.012401
0.39625,368.972,1.2945e-06
0.396268,369.039,0.0662636
0.396268,369.039,8.63e-07
0.396357,369.37,0.331329
0.396482,369.424,0.0539375
0.3965,369.436,0.012401
0.3965,369.436,1.2945e-06
0.396518,369.503,0.0662636
0.396732,369.595,0.092464
0.39675,369.608,0.012401
0.39675,369.608,1.2945e-06
0.396768,369.674,0.0662636
0.396768,369.674,8.63e-07
0.396804,369.806,0.132527
0.396982,369.883,0.0770534
0.397,369.896,0.012401
0.397,369.896,1.2945e-06
0.397018,369.962,0.0662636
0.397232,370.055,0.092464
0.39725,370.067,0.012401
0.39725,370.067,1.2945e-06
0.397268,370.133,0.0662636
0.397268,370.133,8.63e-07
0.397321,370.332,0.198795
0.397482,370.401,0.0693481
0.3975,370.414,0.012401
0.3975,370.414,1.2945e-06
0.397518,370.48,0.0662636
0.397518,370.48,8.63e-07
0.397554,370.613,0.132527
0.397554,370.613,8.63e-07
0.397589,370.745,0.132527
0.397732,370.807,0.0616428
0.39775,370.819,0.012401
0.39775,370.819,1.2945e-06
0.397768,370.885,0.0662636
0.397768,370.885,8.63e-07
0.397839,371.15,0.265062
0.397982,371.212,0.0616428
0.398,371.224,0.012401
0.398,371.224,1.2945e-06
0.398018,371.291,0.0662636
0.398232,371.383,0.092464
0.39825,371.396,0.012401
0.39825,371.396,1.2945e-06
0.398268,371.462,0.0662636
0.398268,371.462,8.63e-07
0.398339,371.727,0.265062
0.398482,371.789,0.0616428
0.3985,371.801,0.012401
0.3985,371.801,1.2945e-06
0.398518,371.867,0.0662636
0.398732,371.96,0.092464
0.39875,371.972,0.012401
0.39875,371.972,1.2945e-06
0.398768,372.038,0.0662636
0.398768,372.038,8.63e-07
0.398821,372.237,0.198795
0.398982,372.306,0.0693481
0.399,372.319,0.012401
0.399,372.319,1.2945e-06
0.399018,372.385,0.0662636
0.399232,372.478,0.092464
0.39925,372.49,0.012401
0.39925,372.49,1.2945e-06
0.399268,372.556,0.0662636
0.399268,372.556,8.63e-07
0.399304,372.689,0.132527
0.399482,372.766,0.0770534
0.3995,372.778,0.012401
0.3995,372.778,1.2945e-06
0.399518,372.845,0.0662636
0.399732,372.937,0.092464
0.39975,372.949,0.012401
0.39975,372.949,1.2945e-06
0.399768,373.016,0.0662636
0.399768,373.016,8.63e-07
0.399821,373.214,0.198795
0.399982,373.284,0.0693481
0.4,373.296,0.012401
0.4,373.296,1.2945e-06
0.400018,373.362,0.0662636
0.400018,373.362,8.63e-07
0.400054,373.495,0.132527
0.400054,373.495,8.63e-07
0.400089,373.628,0.132527
0.400232,373.689,0.0616428
0.40025,373.702,0.012401
0.40025,373.702,1.2945e-06
0.400268,373.768,0.0662636
0.400268,373.768,8.63e-07
0.400321,373.967,0.198795
0.400482,374.036,0.0693481
0.4005,374.048,0.012401
0.4005,374.048,1.2945e-06
0.400518,374.115,0.0662636
0.400732,374.207,0.092464
0.40075,374.22,0.012401
0.40075,374.22,1.2945e-06
0.400768,374.286,0.0662636
0.400768,374.286,8.63e-07
0.400804,374.418,0.132527
0.400982,374.495,0.0770534
0.401,374.508,0.012401
0.401,374.508,1.2945e-06
0.401018,374.574,0.0662636
0.401232,374.666,0.092464
0.40125,374.679,0.012401
0.40125,374.679,1.2945e-06
0.401268,374.745,0.0662636
0.401268,374.745,8.63e-07
0.401304,374.878,0.132527
0.401482,374.955,0.0770534
0.4015,374.967,0.012401
0.4015,374.967,1.2945e-06
0.401518,375.033,0.0662636
0.401518,375.033,8.63e-07
0.401554,375.166,0.132527
0.401554,375.166,8.63e-07
0.401589,375.298,0.132527
0.401732,375.36,0.0616428
0.40175,375.373,0.012401
0.40175,375.373,1.2945e-06
0.401768,375.439,0.0662636
0.401768,375.439,8.63e-07
0.401804,375.571,0.132527
0.401982,375.648,0.0770534
0.402,375.661,0.012401
0.402,375.661,1.2945e-06
0.402018,375.727,0.0662636
0.402018,375.727,8.63e-07
0.402054,375.86,0.132527
0.402054,375.86,8.63e-07
0.402089,375.992,0.132527
0.402232,376.054,0.0616428
0.40225,376.066,0.012401
0.40225,376.066,1.2945e-06
0.402268,376.132,0.0662636
0.402268,376.132,8.63e-07
0.402304,376.265,0.132527
0.402482,376.342,0.0770534
0.4025,376.354,0.012401
0.4025,376.354,1.2945e-06
0.402518,376.421,0.0662636
0.402732,376.513,0.092464
0.40275,376.525,0.012401
0.40275,376.525,1.2945e-06
0.402768,376.592,0.0662636
0.402768,376.592,8.63e-07
0.402804,376.724,0.132527
0.402982,376.801,0.0770534
0.403,376.814,0.012401
0.403,376.814,1.2945e-06
0.403018,376.88,0.0662636
0.403232,376.972,0.092464
0.40325,376.985,0.012401
0.40325,376.985,1.2945e-06
0.403268,377.051,0.0662636
0.403268,377.051,8.63e-07
0.403304,377.184,0.132527
0.403482,377.261,0.0770534
0.4035,377.273,0.012401
0.4035,377.273,1.2945e-06
0.403518,377.339,0.0662636
0.403732,377.432,0.092464
0.40375,377.444,0.012401
0.40375,377.444,1.2945e-06
0.403768,377.511,0.0662636
0.403768,377.511,8.63e-07
0.403804,377.643,0.132527
0.403982,377.72,0.0770534
0.404,377.732,0.012401
0.404,377.732,1.2945e-06
0.404018,377.799,0.0662636
0.404232,377.891,0.092464
0.40425,377.904,0.012401
0.40425,377.904,1.2945e-06
0.404268,377.97,0.0662636
0.404268,377.97,8.63e-07
0.404304,378.102,0.132527
0.404482,378.179,0.0770534
0.4045,378.192,0.012401
0.4045,378.192,1.2945e-06
0.404518,378.258,0.0662636
0.404732,378.351,0.092464
0.40475,378.363,0.012401
0.40475,378.363,1.2945e-06
0.404768,378.429,0.0662636
0.404768,378.429,8.63e-07
0.404804,378.562,0.132527
0.404982,378.639,0.0770534
0.405,378.651,0.012401
0.405,378.651,1.2945e-06
0.405018,378.718,0.0662636
0.405232,378.81,0.092464
0.40525,378.822,0.012401
0.40525,378.822,1.2945e-06
0.405268,378.889,0.0662636
0.405268,378.889,8.63e-07
0.405304,379.021,0.132527
0.405482,379.098,0.0770534
0.4055,379.111,0.012401
0.4055,379.111,1.2945e-06
0.405518,379.177,0.0662636
0.405732,379.269,0.092464
0.40575,379.282,0.012401
0.40575,379.282,1.2945e-06
0.405768,379.348,0.0662636
0.405768,379.348,8.63e-07
0.405804,379.481,0.132527
0.405982,379.558,0.0770534
0.406,379.57,0.012401
0.406,379.57,1.2945e-06
0.406018,379.636,0.0662636
0.406232,379.729,0.092464
0.40625,379.741,0.012401
0.40625,379.741,1.2945e-06
0.406268,379.807,0.0662636
0.406268,379.807,8.63e-07
0.406304,379.94,0.132527
0.406482,380.017,0.0770534
0.4065,380.029,0.012401
0.4065,380.029,1.2945e-06
0.406518,380.096,0.0662636
0.406732,380.188,0.092464
0.40675,380.201,0.012401
0.40675,380.201,1.2945e-06
0.406768,380.267,0.0662636
0.406768,380.267,8.63e-07
0.406804,380.399,0.132527
0.406982,380.476,0.0770534
0.407,380.489,0.012401
0.407,380.489,1.2945e-06
0.407018,380.555,0.0662636
0.407232,380.647,0.092464
0.40725,380.66,0.012401
0.40725,380.66,1.2945e-06
0.407268,380.726,0.0662636
0.407268,380.726,8.63e-07
0.407304,380.859,0.132527
0.407482,380.936,0.0770534
0.4075,380.948,0.012401
0.4075,380.948,1.2945e-06
0.407518,381.014,0.0662636
0.407732,381.107,0.092464
0.40775,381.119,0.012401
0.40775,381.119,1.2945e-06
0.407768,381.186,0.0662636
0.407768,381.186,8.63e-07
0.407804,381.318,0.132527
0.407982,381.395,0.0770534
0.408,381.408,0.012401
0.408,381.408,1.2945e-06
0.408018,381.474,0.0662636
0.408232,381.566,0.092464
0.40825,381.579,0.012401
0.40825,381.579,1.2945e-06
0.408268,381.645,0.0662636
0.408268,381.645,8.63e-07
0.408304,381.777,0.132527
0.408482,381.854,0.0770534
0.4085,381.867,0.012401
0.4085,381.867,1.2945e-06
0.408518,381.933,0.0662636
0.408732,382.026,0.092464
0.40875,382.038,0.012401
0.40875,382.038,1.2945e-06
0.408768,382.104,0.0662636
0.408768,382.104,8.63e-07
0.408804,382.237,0.132527
0.408982,382.314,0.0770534
0.409,382.326,0.012401
0.409,382.326,1.2945e-06
0.409018,382.393,0.0662636
0.409232,382.485,0.092464
0.40925,382.497,0.012401
0.40925,382.497,1.2945e-06
0.409268,382.564,0.0662636
0.409268,382.564,8.63e-07
0.409304,382.696,0.132527
0.409482,382.773,0.0770534
0.4095,382.786,0.012401
0.4095,382.786,1.2945e-06
0.409518,382.852,0.0662636
0.409732,382.944,0.092464
0.40975,382.957,0.012401
0.40975,382.957,1.2945e-06
0.409768,383.023,0.0662636
0.409768,383.023,8.63e-07
0.409804,383.156,0.132527
0.409982,383.233,0.0770534
0.41,383.245,0.012401
0.41,383.245,1.2945e-06
0.410018,383.311,0.0662636
0.410232,383.404,0.092464
0.41025,383.416,0.012401
0.41025,383.416,1.2945e-06
0.410268,383.482,0.0662636
0.410268,383.482,8.63e-07
0.410304,383.615,0.132527
0.410482,383.692,0.0770534
0.4105,383.704,0.012401
0.4105,383.704,1.2945e-06
0.410518,383.771,0.0662636
0.410732,383.863,0.092464
0.41075,383.876,0.012401
0.41075,383.876,1.2945e-06
0.410768,383.942,0.0662636
0.410768,383.942,8.63e-07
0.410804,384.074,0.132527
0.410982,384.151,0.0770534
0.411,384.164,0.012401
0.411,384.164,1.2945e-06
0.411018,384.23,0.0662636
0.411232,384.323,0.092464
0.41125,384.335,0.012401
0.41125,384.335,1.2945e-06
0.411268,384.401,0.0662636
0.411268,384.401,8.63e-07
0.411304,384.534,0.132527
0.411482,384.611,0.0770534
0.4115,384.623,0.012401
0.4115,384.623,1.2945e-06
0.411518,384.689,0.0662636
0.411732,384.782,0.092464
0.41175,384.794,0.012401
0.41175,384.794,1.2945e-06
0.411768,384.861,0.0662636
0.411768,384.861,8.63e-07
0.411804,384.993,0.132527
0.411982,385.07,0.0770534
0.412,385.083,0.012401
0.412,385.083,1.2945e-06
0.412018,385.149,0.0662636
0.412232,385.241,0.092464
0.41225,385.254,0.012401
0.41225,385.254,1.2945e-06
0.412268,385.32,0.0662636
0.412268,385.32,8.63e-07
0.412304,385.452,0.132527
0.412482,385.53,0.0770534
0.4125,385.542,0.012401
0.4125,385.542,1.2945e-06
0.412518,385.608,0.0662636
0.412732,385.701,0.092464
0.41275,385.713,0.012401
0.41275,385.713,1.2945e-06
0.412768,385.779,0.0662636
0.412768,385.779,8.63e-07
0.412804,385.912,0.132527
0.412982,385.989,0.0770534
0.413,386.001,0.012401
0.413,386.001,1.2945e-06
0.413018,386.068,0.0662636
0.413232,386.16,0.092464
0.41325,386.172,0.012401
0.41325,386.172,1.2945e-06
0.413268,386.239,0.0662636
0.413268,386.239,8.63e-07
0.413304,386.371,0.132527
0.413482,386.448,0.0770534
0.4135,386.461,0.012401
0.4135,386.461,1.2945e-06
0.413518,386.527,0.0662636
0.413732,386.619,0.092464
0.41375,386.632,0.012401
0.41375,386.632,1.2945e-06
0.413768,386.698,0.0662636
0.413768,386.698,8.63e-07
0.413804,386.831,0.132527
0.413982,386.908,0.0770534
0.414,386.92,0.012401
0.414,386.92,1.2945e-06
0.414018,386.986,0.0662636
0.414232,387.079,0.092464
0.41425,387.091,0.012401
0.41425,387.091,1.2945e-06
0.414268,387.157,0.0662636
0.414268,387.157,8.63e-07
0.414304,387.29,0.132527
0.414482,387.367,0.0770534
0.4145,387.379,0.012401
0.4145,387.379,1.2945e-06
0.414518,387.446,0.0662636
0.414732,387.538,0.092464
0.41475,387.551,0.012401
0.41475,387.551,1.2945e-06
0.414768,387.617,0.0662636
0.414768,387.617,8.63e-07
0.414804,387.749,0.132527
0.414982,387.826,0.0770534
0.415,387.839,0.012401
0.415,387.839,1.2945e-06
0.415018,387.905,0.0662636
0.415232,387.998,0.092464
0.41525,388.01,0.012401
0.41525,388.01,1.2945e-06
0.415268,388.076,0.0662636
0.415268,388.076,8.63e-07
0.415304,388.209,0.132527
0.415482,388.286,0.0770534
0.4155,388.298,0.012401
0.4155,388.298,1.2945e-06
0.415518,388.364,0.0662636
0.415732,388.457,0.092464
0.41575,388.469,0.012401
0.41575,388.469,1.2945e-06
0.415768,388.536,0.0662636
0.415768,388.536,8.63e-07
0.415804,388.668,0.132527
0.415982,388.745,0.0770534
0.416,388.758,0.012401
0.416,388.758,1.2945e-06
0.416018,388.824,0.0662636
0.416232,388.916,0.092464
0.41625,388.929,0.012401
0.41625,388.929,1.2945e-06
0.416268,388.995,0.0662636
0.416268,388.995,8.63e-07
0.416304,389.127,0.132527
0.416482,389.205,0.0770534
0.4165,389.217,0.012401
0.4165,389.217,1.2945e-06
0.416518,389.283,0.0662636
0.416732,389.376,0.092464
0.41675,389.388,0.012401
0.41675,389.388,1.2945e-06
0.416768,389.454,0.0662636
0.416768,389.454,8.63e-07
0.416804,389.587,0.132527
0.416982,389.664,0.0770534
0.417,389.676,0.012401
0.417,389.676,1.2945e-06
0.417018,389.743,0.0662636
0.417232,389.835,0.092464
0.41725,389.847,0.012401
0.41725,389.847,1.2945e-06
0.417268,389.914,0.0662636
0.417268,389.914,8.63e-07
0.417304,390.046,0.132527
0.417482,390.123,0.0770534
0.4175,390.136,0.012401
0.4175,390.136,1.2945e-06
0.417518,390.202,0.0662636
0.417732,390.294,0.092464
0.41775,390.307,0.012401
0.41775,390.307,1.2945e-06
0.417768,390.373,0.0662636
0.417768,390.373,8.63e-07
0.417804,390.506,0.132527
0.417982,390.583,0.0770534
0.418,390.595,0.012401
0.418,390.595,1.2945e-06
0.418018,390.661,0.0662636
0.418232,390.754,0.092464
0.41825,390.766,0.012401
0.41825,390.766,1.2945e-06
0.418268,390.832,0.0662636
0.418268,390.832,8.63e-07
0.418304,390.965,0.132527
0.418482,391.042,0.0770534
0.4185,391.054,0.012401
0.4185,391.054,1.2945e-06
0.418518,391.121,0.0662636
0.418732,391.213,0.092464
0.41875,391.226,0.012401
0.41875,391.226,1.2945e-06
0.418768,391.292,0.0662636
0.418768,391.292,8.63e-07
0.418804,391.424,0.132527
0.418982,391.501,0.0770534
0.419,391.514,0.012401
0.419,391.514,1.2945e-06
0.419018,391.58,0.0662636
0.419232,391.673,0.092464
0.41925,391.685,0.012401
0.41925,391.685,1.2945e-06
0.419268,391.751,0.0662636
0.419268,391.751,8.63e-07
0.419304,391.884,0.132527
0.419482,391.961,0.0770534
0.4195,391.973,0.012401
0.4195,391.973,1.2945e-06
0.419518,392.039,0.0662636
0.419732,392.132,0.092464
0.41975,392.144,0.012401
0.41975,392.144,1.2945e-06
0.419768,392.211,0.0662636
0.419768,392.211,8.63e-07
0.419804,392.343,0.132527
0.419982,392.42,0.0770534
0.42,392.433,0.012401
0.42,392.433,1.2945e-06
0.420018,392.499,0.0662636
0.420232,392.591,0.092464
0.42025,392.604,0.012401
0.42025,392.604,1.2945e-06
0.420268,392.67,0.0662636
0.420268,392.67,8.63e-07
0.420304,392.802,0.132527
0.420482,392.88,0.0770534
0.4205,392.892,0.012401
0.4205,392.892,1.2945e-06
0.420518,392.958,0.0662636
0.420732,393.051,0.092464
0.42075,393.063,0.012401
0.42075,393.063,1.2945e-06
0.420768,393.129,0.0662636
0.420768,393.129,8.63e-07
0.420804,393.262,0.132527
0.420982,393.339,0.0770534
0.421,393.351,0.012401
0.421,393.351,1.2945e-06
0.421018,393.418,0.0662636
0.421232,393.51,0.092464
0.42125,393.522,0.012401
0.42125,393.522,1.2945e-06
0.421268,393.589,0.0662636
0.421268,393.589,8.63e-07
0.421304,393.721,0.132527
0.421482,393.798,0.0770534
0.4215,393.811,0.012401
0.4215,393.811,1.2945e-06
0.421518,393.877,0.0662636
0.421732,393.969,0.092464
0.42175,393.982,0.012401
0.42175,393.982,1.2945e-06
0.421768,394.048,0.0662636
0.421768,394.048,8.63e-07
0.421804,394.181,0.132527
0.421982,394.258,0.0770534
0.422,394.27,0.012401
0.422,394.27,1.2945e-06
0.422018,394.336,0.0662636
0.422232,394.429,0.092464
0.42225,394.441,0.012401
0.42225,394.441,1.2945e-06
0.422268,394.507,0.0662636
0.422268,394.507,8.63e-07
0.422304,394.64,0.132527
0.422482,394.717,0.0770534
0.4225,394.729,0.012401
0.4225,394.729,1.2945e-06
0.422518,394.796,0.0662636
0.422732,394.888,0.092464
0.42275,394.901,0.012401
0.42275,394.901,1.2945e-06
0.422768,394.967,0.0662636
0.422768,394.967,8.63e-07
0.422804,395.099,0.132527
0.422982,395.176,0.0770534
0.423,395.189,0.012401
0.423,395.189,1.2945e-06
0.423018,395.255,0.0662636
0.423232,395.348,0.092464
0.42325,395.36,0.012401
0.42325,395.36,1.2945e-06
0.423268,395.426,0.0662636
0.423268,395.426,8.63e-07
0.423304,395.559,0.132527
0.423482,395.636,0.0770534
0.4235,395.648,0.012401
0.4235,395.648,1.2945e-06
0.423518,395.714,0.0662636
0.423732,395.807,0.092464
0.42375,395.819,0.012401
0.42375,395.819,1.2945e-06
0.423768,395.886,0.0662636
0.423768,395.886,8.63e-07
0.423804,396.018,0.132527
0.423982,396.095,0.0770534
0.424,396.108,0.012401
0.424,396.108,1.2945e-06
0.424018,396.174,0.0662636
0.424232,396.266,0.092464
0.42425,396.279,0.012401
0.42425,396.279,1.2945e-06
0.424268,396.345,0.0662636
0.424268,396.345,8.63e-07
0.424304,396.478,0.132527
0.424482,396.555,0.0770534
0.4245,396.567,0.012401
0.4245,396.567,1.2945e-06
0.424518,396.633,0.0662636
0.424732,396.726,0.092464
0.42475,396.738,0.012401
0.42475,396.738,1.2945e-06
0.424768,396.804,0.0662636
0.424768,396.804,8.63e-07
0.424804,396.937,0.132527
0.424982,397.014,0.0770534
0.425,397.026,0.012401
0.425,397.026,1.2945e-06
0.425018,397.093,0.0662636
0.425232,397.185,0.092464
0.42525,397.197,0.012401
0.42525,397.197,1.2945e-06
0.425268,397.264,0.0662636
0.425268,397.264,8.63e-07
0.425304,397.396,0.132527
0.425482,397.473,0.0770534
0.4255,397.486,0.012401
0.4255,397.486,1.2945e-06
0.425518,397.552,0.0662636
0.425732,397.644,0.092464
0.42575,397.657,0.012401
0.42575,397.657,1.2945e-06
0.425768,397.723,0.0662636
0.425768,397.723,8.63e-07
0.425804,397.856,0.132527
0.425982,397.933,0.0770534
0.426,397.945,0.012401
0.426,397.945,1.2945e-06
0.426018,398.011,0.0662636
0.426232,398.104,0.092464
0.42625,398.116,0.012401
0.42625,398.116,1.2945e-06
0.426268,398.182,0.0662636
0.426268,398.182,8.63e-07
0.426304,398.315,0.132527
0.426482,398.392,0.0770534
0.4265,398.404,0.012401
0.4265,398.404,1.2945e-06
0.426518,398.471,0.0662636
0.426732,398.563,0.092464
0.42675,398.576,0.012401
0.42675,398.576,1.2945e-06
0.426768,398.642,0.0662636
0.426768,398.642,8.63e-07
0.426804,398.774,0.132527
0.426982,398.851,0.0770534
0.427,398.864,0.012401
0.427,398.864,1.2945e-06
0.427018,398.93,0.0662636
0.427232,399.023,0.092464
0.42725,399.035,0.012401
0.42725,399.035,1.2945e-06
0.427268,399.101,0.0662636
0.427268,399.101,8.63e-07
0.427304,399.234,0.132527
0.427482,399.311,0.0770534
0.4275,399.323,0.012401
0.4275,399.323,1.2945e-06
0.427518,399.389,0.0662636
0.427732,399.482,0.092464
0.42775,399.494,0.012401
0.42775,399.494,1.2945e-06
0.427768,399.561,0.0662636
0.427768,399.561,8.63e-07
0.427804,399.693,0.132527
0.427982,399.77,0.0770534
0.428,399.783,0.012401
0.428,399.783,1.2945e-06
0.428018,399.849,0.0662636
0.428232,399.941,0.092464
0.42825,399.954,0.012401
0.42825,399.954,1.2945e-06
0.428268,400.02,0.0662636
0.428268,400.02,8.63e-07
0.428304,400.153,0.132527
0.428482,400.23,0.0770534
0.4285,400.242,0.012401
0.4285,400.242,1.2945e-06
0.428518,400.308,0.0662636
0.428732,400.401,0.092464
0.42875,400.413,0.012401
0.42875,400.413,1.2945e-06
0.428768,400.479,0.0662636
0.428768,400.479,8.63e-07
0.428804,400.612,0.132527
0.428982,400.689,0.0770534
0.429,400.701,0.012401
0.429,400.701,1.2945e-06
0.429018,400.768,0.0662636
0.429232,400.86,0.092464
0.42925,400.872,0.012401
0.42925,400.872,1.2945e-06
0.429268,400.939,0.0662636
0.429268,400.939,8.63e-07
0.429304,401.071,0.132527
0.429482,401.148,0.0770534
0.4295,401.161,0.012401
0.4295,401.161,1.2945e-06
0.429518,401.227,0.0662636
0.429732,401.319,0.092464
0.42975,401.332,0.012401
0.42975,401.332,1.2945e-06
0.429768,401.398,0.0662636
0.429768,401.398,8.63e-07
0.429804,401.531,0.132527
0.429982,401.608,0.0770534
0.43,401.62,0.012401
0.43,401.62,1.2945e-06
0.430018,401.686,0.0662636
0.430232,401.779,0.092464
0.43025,401.791,0.012401
0.43025,401.791,1.2945e-06
0.430268,401.858,0.0662636
0.430268,401.858,8.63e-07
0.430304,401.99,0.132527
0.430482,402.067,0.0770534
0.4305,402.079,0.012401
0.4305,402.079,1.2945e-06
0.430518,402.146,0.0662636
0.430732,402.238,0.092464
0.43075,402.251,0.012401
0.43075,402.251,1.2945e-06
0.430768,402.317,0.0662636
0.430768,402.317,8.63e-07
0.430804,402.449,0.132527
0.430982,402.526,0.0770534
0.431,402.539,0.012401
0.431,402.539,1.2945e-06
0.431018,402.605,0.0662636
0.431232,402.698,0.092464
0.43125,402.71,0.012401
0.43125,402.71,1.2945e-06
0.431268,402.776,0.0662636
0.431268,402.776,8.63e-07
0.431304,402.909,0.132527
0.431482,402.986,0.0770534
0.4315,402.998,0.012401
0.4315,402.998,1.2945e-06
0.431518,403.065,0.0662636
0.431732,403.157,0.092464
0.43175,403.169,0.012401
0.43175,403.169,1.2945e-06
0.431768,403.236,0.0662636
0.431768,403.236,8.63e-07
0.431804,403.368,0.132527
0.431982,403.445,0.0770534
0.432,403.458,0.012401
0.432,403.458,1.2945e-06
0.432018,403.524,0.0662636
0.432232,403.616,0.092464
0.43225,403.629,0.012401
0.43225,403.629,1.2945e-06
0.432268,403.695,0.0662636
0.432268,403.695,8.63e-07
0.432304,403.828,0.132527
0.432482,403.905,0.0770534
0.4325,403.917,0.012401
0.4325,403.917,1.2945e-06
0.432518,403.983,0.0662636
0.432732,404.076,0.092464
0.43275,404.088,0.012401
0.43275,404.088,1.2945e-06
0.432768,404.154,0.0662636
0.432768,404.154,8.63e-07
0.432804,404.287,0.132527
0.432982,404.364,0.0770534
0.433,404.376,0.012401
0.433,404.376,1.2945e-06
0.433018,404.443,0.0662636
0.433232,404.535,0.092464
0.43325,404.548,0.012401
0.43325,404.548,1.2945e-06
0.433268,404.614,0.0662636
0.433268,404.614,8.63e-07
0.433304,404.746,0.132527
0.433482,404.823,0.0770534
0.4335,404.836,0.012401
0.4335,404.836,1.2945e-06
0.433518,404.902,0.0662636
0.433732,404.994,0.092464
0.43375,405.007,0.012401
0.43375,405.007,1.2945e-06
0.433768,405.073,0.0662636
0.433768,405.073,8.63e-07
0.433804,405.206,0.132527
0.433982,405.283,0.0770534
0.434,405.295,0.012401
0.434,405.295,1.2945e-06
0.434018,405.361,0.0662636
0.434232,405.454,0.092464
0.43425,405.466,0.012401
0.43425,405.466,1.2945e-06
0.434268,405.533,0.0662636
0.434268,405.533,8.63e-07
0.434304,405.665,0.132527
0.434482,405.742,0.0770534
0.4345,405.755,0.012401
0.4345,405.755,1.2945e-06
0.434518,405.821,0.0662636
0.434732,405.913,0.092464
0.43475,405.926,0.012401
0.43475,405.926,1.2945e-06
0.434768,405.992,0.0662636
0.434768,405.992,8.63e-07
0.434804,406.124,0.132527
0.434982,406.201,0.0770534
0.435,406.214,0.012401
0.435,406.214,1.2945e-06
0.435018,406.28,0.0662636
0.435232,406.373,0.092464
0.43525,406.385,0.012401
0.43525,406.385,1.2945e-06
0.435268,406.451,0.0662636
0.435268,406.451,8.63e-07
0.435304,406.584,0.132527
0.435482,406.661,0.0770534
0.4355,406.673,0.012401
0.4355,406.673,1.2945e-06
0.435518,406.74,0.0662636
0.435518,406.74,8.63e-07
0.435554,406.872,0.132527
0.435554,406.872,8.63e-07
0.435589,407.005,0.132527
0.435732,407.066,0.0616428
0.43575,407.079,0.012401
0.43575,407.079,1.2945e-06
0.435768,407.145,0.0662636
0.435768,407.145,8.63e-07
0.435804,407.277,0.132527
0.435982,407.354,0.0770534
0.436,407.367,0.012401
0.436,407.367,1.2945e-06
0.436018,407.433,0.0662636
0.436232,407.526,0.092464
0.43625,407.538,0.012401
0.43625,407.538,1.2945e-06
0.436268,407.604,0.0662636
0.436268,407.604,8.63e-07
0.436304,407.737,0.132527
0.436482,407.814,0.0770534
0.4365,407.826,0.012401
0.4365,407.826,1.2945e-06
0.436518,407.893,0.0662636
0.436518,407.893,8.63e-07
0.436554,408.025,0.132527
0.436554,408.025,8.63e-07
0.436589,408.158,0.132527
0.436732,408.219,0.0616428
0.43675,408.232,0.012401
0.43675,408.232,1.2945e-06
0.436768,408.298,0.0662636
0.436768,408.298,8.63e-07
0.436804,408.43,0.132527
0.436982,408.507,0.0770534
0.437,408.52,0.012401
0.437,408.52,1.2945e-06
0.437018,408.586,0.0662636
0.437018,408.586,8.63e-07
0.437054,408.719,0.132527
0.437054,408.719,8.63e-07
0.437089,408.851,0.132527
0.437232,408.913,0.0616428
0.43725,408.925,0.012401
0.43725,408.925,1.2945e-06
0.437268,408.991,0.0662636
0.437268,408.991,8.63e-07
0.437304,409.124,0.132527
0.437482,409.201,0.0770534
0.4375,409.213,0.012401
0.4375,409.213,1.2945e-06
0.437518,409.28,0.0662636
0.437518,409.28,8.63e-07
0.437554,409.412,0.132527
0.437554,409.412,8.63e-07
0.437589,409.545,0.132527
0.437732,409.606,0.0616428
0.43775,409.619,0.012401
0.43775,409.619,1.2945e-06
0.437768,409.685,0.0662636
0.437768,409.685,8.63e-07
0.437804,409.818,0.132527
0.437982,409.895,0.0770534
0.438,409.907,0.012401
0.438,409.907,1.2945e-06
0.438018,409.973,0.0662636
0.438018,409.973,8.63e-07
0.438054,410.106,0.132527
0.438054,410.106,8.63e-07
0.438089,410.238,0.132527
0.438232,410.3,0.0616428
0.43825,410.312,0.012401
0.43825,410.312,1.2945e-06
0.438268,410.379,0.0662636
0.438268,410.379,8.63e-07
0.438304,410.511,0.132527
0.438482,410.588,0.0770534
0.4385,410.601,0.012401
0.4385,410.601,1.2945e-06
0.438518,410.667,0.0662636
0.438518,410.667,8.63e-07
0.438554,410.799,0.132527
0.438554,410.799,8.63e-07
0.438589,410.932,0.132527
0.438732,410.994,0.0616428
0.43875,411.006,0.012401
0.43875,411.006,1.2945e-06
0.438768,411.072,0.0662636
0.438768,411.072,8.63e-07
0.438804,411.205,0.132527
0.438982,411.282,0.0770534
0.439,411.294,0.012401
0.439,411.294,1.2945e-06
0.439018,411.361,0.0662636
0.439018,411.361,8.63e-07
0.439054,411.493,0.132527
0.439054,411.493,8.63e-07
0.439089,411.626,0.132527
0.439232,411.687,0.0616428
0.43925,411.7,0.012401
0.43925,411.7,1.2945e-06
0.439268,411.766,0.0662636
0.439268,411.766,8.63e-07
0.439304,411.898,0.132527
0.439482,411.976,0.0770534
0.4395,411.988,0.012401
0.4395,411.988,1.2945e-06
0.439518,412.054,0.0662636
0.439518,412.054,8.63e-07
0.439554,412.187,0.132527
0.439554,412.187,8.63e-07
0.439589,412.319,0.132527
0.439732,412.381,0.0616428
0.43975,412.393,0.012401
0.43975,412.393,1.2945e-06
0.439768,412.46,0.0662636
0.439768,412.46,8.63e-07
0.439804,412.592,0.132527
0.439982,412.669,0.0770534
0.44,412.682,0.012401
0.44,412.682,1.2945e-06
0.440018,412.748,0.0662636
0.440018,412.748,8.63e-07
0.440054,412.88,0.132527
0.440054,412.88,8.63e-07
0.440089,413.013,0.132527
0.440232,413.075,0.0616428
0.44025,413.087,0.012401
0.44025,413.087,1.2945e-06
0.440268,413.153,0.0662636
0.440268,413.153,8.63e-07
0.440304,413.286,0.132527
0.440482,413.363,0.0770534
0.4405,413.375,0.012401
0.4405,413.375,1.2945e-06
0.440518,413.441,0.0662636
0.440732,413.534,0.092464
0.44075,413.546,0.012401
0.44075,413.546,1.2945e-06
0.440768,413.613,0.0662636
0.440768,413.613,8.63e-07
0.440804,413.745,0.132527
0.440982,413.822,0.0770534
0.441,413.835,0.012401
0.441,413.835,1.2945e-06
0.441018,413.901,0.0662636
0.441232,413.993,0.092464
0.44125,414.006,0.012401
0.44125,414.006,1.2945e-06
0.441268,414.072,0.0662636
0.441268,414.072,8.63e-07
0.441304,414.204,0.132527
0.441482,414.282,0.0770534
0.4415,414.294,0.012401
0.4415,414.294,1.2945e-06
0.441518,414.36,0.0662636
0.441732,414.453,0.092464
0.44175,414.465,0.012401
0.44175,414.465,1.2945e-06
0.441768,414.531,0.0662636
0.441768,414.531,8.63e-07
0.441804,414.664,0.132527
0.441982,414.741,0.0770534
0.442,414.753,0.012401
0.442,414.753,1.2945e-06
0.442018,414.82,0.0662636
0.442232,414.912,0.092464
0.44225,414.924,0.012401
0.44225,414.924,1.2945e-06
0.442268,414.991,0.0662636
0.442268,414.991,8.63e-07
0.442304,415.123,0.132527
0.442482,415.2,0.0770534
0.4425,415.213,0.012401
0.4425,415.213,1.2945e-06
0.442518,415.279,0.0662636
0.442732,415.371,0.092464
0.44275,415.384,0.012401
0.44275,415.384,1.2945e-06
0.442768,415.45,0.0662636
0.442768,415.45,8.63e-07
0.442804,415.583,0.132527
0.442982,415.66,0.0770534
0.443,415.672,0.012401
0.443,415.672,1.2945e-06
0.443018,415.738,0.0662636
0.443232,415.831,0.092464
0.44325,415.843,0.012401
0.44325,415.843,1.2945e-06
0.443268,415.909,0.0662636
0.443268,415.909,8.63e-07
0.443304,416.042,0.132527
0.443482,416.119,0.0770534
0.4435,416.131,0.012401
0.4435,416.131,1.2945e-06
0.443518,416.198,0.0662636
0.443732,416.29,0.092464
0.44375,416.303,0.012401
0.44375,416.303,1.2945e-06
0.443768,416.369,0.0662636
0.443768,416.369,8.63e-07
0.443804,416.501,0.132527
0.443982,416.578,0.0770534
0.444,416.591,0.012401
0.444,416.591,1.2945e-06
0.444018,416.657,0.0662636
0.444232,416.75,0.092464
0.44425,416.762,0.012401
0.44425,416.762,1.2945e-06
0.444268,416.828,0.0662636
0.444268,416.828,8.63e-07
0.444304,416.961,0.132527
0.444482,417.038,0.0770534
0.4445,417.05,0.012401
0.4445,417.05,1.2945e-06
0.444518,417.116,0.0662636
0.444732,417.209,0.092464
0.44475,417.221,0.012401
0.44475,417.221,1.2945e-06
0.444768,417.288,0.0662636
0.444768,417.288,8.63e-07
0.444804,417.42,0.132527
0.444982,417.497,0.0770534
0.445,417.51,0.012401
0.445,417.51,1.2945e-06
0.445018,417.576,0.0662636
0.445232,417.668,0.092464
0.44525,417.681,0.012401
0.44525,417.681,1.2945e-06
0.445268,417.747,0.0662636
0.445268,417.747,8.63e-07
0.445304,417.879,0.132527
0.445482,417.957,0.0770534
0.4455,417.969,0.012401
0.4455,417.969,1.2945e-06
0.445518,418.035,0.0662636
0.445732,418.128,0.092464
0.44575,418.14,0.012401
0.44575,418.14,1.2945e-06
0.445768,418.206,0.0662636
0.445768,418.206,8.63e-07
0.445804,418.339,0.132527
0.445982,418.416,0.0770534
0.446,418.428,0.012401
0.446,418.428,1.2945e-06
0.446018,418.495,0.0662636
0.446232,418.587,0.092464
0.44625,418.599,0.012401
0.44625,418.599,1.2945e-06
0.446268,418.666,0.0662636
0.446268,418.666,8.63e-07
0.446304,418.798,0.132527
0.446482,418.875,0.0770534
0.4465,418.888,0.012401
0.4465,418.888,1.2945e-06
0.446518,418.954,0.0662636
0.446732,419.046,0.092464
0.44675,419.059,0.012401
0.44675,419.059,1.2945e-06
0.446768,419.125,0.0662636
0.446768,419.125,8.63e-07
0.446804,419.258,0.132527
0.446982,419.335,0.0770534
0.447,419.347,0.012401
0.447,419.347,1.2945e-06
0.447018,419.413,0.0662636
0.447232,419.506,0.092464
0.44725,419.518,0.012401
0.44725,419.518,1.2945e-06
0.447268,419.584,0.0662636
0.447268,419.584,8.63e-07
0.447304,419.717,0.132527
0.447482,419.794,0.0770534
0.4475,419.806,0.012401
0.4475,419.806,1.2945e-06
0.447518,419.873,0.0662636
0.447732,419.965,0.092464
0.44775,419.978,0.012401
0.44775,419.978,1.2945e-06
0.447768,420.044,0.0662636
0.447768,420.044,8.63e-07
0.447804,420.176,0.132527
0.447982,420.253,0.0770534
0.448,420.266,0.012401
0.448,420.266,1.2945e-06
0.448018,420.332,0.0662636
0.448232,420.425,0.092464
0.44825,420.437,0.012401
0.44825,420.437,1.2945e-06
0.448268,420.503,0.0662636
0.448268,420.503,8.63e-07
0.448304,420.636,0.132527
0.448482,420.713,0.0770534
0.4485,420.725,0.012401
0.4485,420.725,1.2945e-06
0.448518,420.791,0.0662636
0.448732,420.884,0.092464
0.44875,420.896,0.012401
0.44875,420.896,1.2945e-06
0.448768,420.963,0.0662636
0.448768,420.963,8.63e-07
0.448804,421.095,0.132527
0.448982,421.172,0.0770534
0.449,421.185,0.012401
0.449,421.185,1.2945e-06
0.449018,421.251,0.0662636
0.449232,421.343,0.092464
0.44925,421.356,0.012401
0.44925,421.356,1.2945e-06
0.449268,421.422,0.0662636
0.449268,421.422,8.63e-07
0.449304,421.554,0.132527
0.449482,421.632,0.0770534
0.4495,421.644,0.012401
0.4495,421.644,1.2945e-06
0.449518,421.71,0.0662636
0.449732,421.803,0.092464
0.44975,421.815,0.012401
0.44975,421.815,1.2945e-06
0.449768,421.881,0.0662636
0.449768,421.881,8.63e-07
0.449804,422.014,0.132527
0.449982,422.091,0.0770534
0.45,422.103,0.012401
0.45,422.103,1.2945e-06
0.450018,422.17,0.0662636
0.450232,422.262,0.092464
0.45025,422.274,0.012401
0.45025,422.274,1.2945e-06
0.450268,422.341,0.0662636
0.450268,422.341,8.63e-07
0.450304,422.473,0.132527
0.450482,422.55,0.0770534
0.4505,422.563,0.012401
0.4505,422.563,1.2945e-06
0.450518,422.629,0.0662636
0.450732,422.721,0.092464
0.45075,422.734,0.012401
0.45075,422.734,1.2945e-06
0.450768,422.8,0.0662636
0.450768,422.8,8.63e-07
0.450804,422.933,0.132527
0.450982,423.01,0.0770534
0.451,423.022,0.012401
0.451,423.022,1.2945e-06
0.451018,423.088,0.0662636
0.451232,423.181,0.092464
0.45125,423.193,0.012401
0.45125,423.193,1.2945e-06
0.451268,423.259,0.0662636
0.451268,423.259,8.63e-07
0.451304,423.392,0.132527
0.451482,423.469,0.0770534
0.4515,423.481,0.012401
0.4515,423.481,1.2945e-06
0.451518,423.548,0.0662636
0.451732,423.64,0.092464
0.45175,423.653,0.012401
0.45175,423.653,1.2945e-06
0.451768,423.719,0.0662636
0.451768,423.719,8.63e-07
0.451804,423.851,0.132527
0.451982,423.928,0.0770534
0.452,423.941,0.012401
0.452,423.941,1.2945e-06
0.452018,424.007,0.0662636
0.452232,424.1,0.092464
0.45225,424.112,0.012401
0.45225,424.112,1.2945e-06
0.452268,424.178,0.0662636
0.452268,424.178,8.63e-07
0.452304,424.311,0.132527
0.452482,424.388,0.0770534
0.4525,424.4,0.012401
0.4525,424.4,1.2945e-06
0.452518,424.466,0.0662636
0.452732,424.559,0.092464
0.45275,424.571,0.012401
0.45275,424.571,1.2945e-06
0.452768,424.638,0.0662636
0.452768,424.638,8.63e-07
0.452804,424.77,0.132527
0.452982,424.847,0.0770534
0.453,424.86,0.012401
0.453,424.86,1.2945e-06
0.453018,424.926,0.0662636
0.453018,424.926,8.63e-07
0.453054,425.058,0.132527
0.453054,425.058,8.63e-07
0.453089,425.191,0.132527
0.453232,425.253,0.0616428
0.45325,425.265,0.012401
0.45325,425.265,1.2945e-06
0.453268,425.331,0.0662636
0.453268,425.331,8.63e-07
0.453304,425.464,0.132527
0.453482,425.541,0.0770534
0.4535,425.553,0.012401
0.4535,425.553,1.2945e-06
0.453518,425.619,0.0662636
0.453518,425.619,8.63e-07
0.453554,425.752,0.132527
0.453554,425.752,8.63e-07
0.453589,425.885,0.132527
0.453732,425.946,0.0616428
0.45375,425.959,0.012401
0.45375,425.959,1.2945e-06
0.453768,426.025,0.0662636
0.453768,426.025,8.63e-07
0.453804,426.157,0.132527
0.453982,426.234,0.0770534
0.454,426.247,0.012401
0.454,426.247,1.2945e-06
0.454018,426.313,0.0662636
0.454232,426.406,0.092464
0.45425,426.418,0.012401
0.45425,426.418,1.2945e-06
0.454268,426.484,0.0662636
0.454268,426.484,8.63e-07
0.454304,426.617,0.132527
0.454482,426.694,0.0770534
0.4545,426.706,0.012401
0.4545,426.706,1.2945e-06
0.454518,426.772,0.0662636
0.454518,426.772,8.63e-07
0.454554,426.905,0.132527
0.454554,426.905,8.63e-07
0.454589,427.038,0.132527
0.454732,427.099,0.0616428
0.45475,427.112,0.012401
0.45475,427.112,1.2945e-06
0.454768,427.178,0.0662636
0.454768,427.178,8.63e-07
0.454804,427.31,0.132527
0.454982,427.387,0.0770534
0.455,427.4,0.012401
0.455,427.4,1.2945e-06
0.455018,427.466,0.0662636
0.455018,427.466,8.63e-07
0.455054,427.599,0.132527
0.455054,427.599,8.63e-07
0.455089,427.731,0.132527
0.455232,427.793,0.0616428
0.45525,427.805,0.012401
0.45525,427.805,1.2945e-06
0.455268,427.871,0.0662636
0.455268,427.871,8.63e-07
0.455304,428.004,0.132527
0.455482,428.081,0.0770534
0.4555,428.093,0.012401
0.4555,428.093,1.2945e-06
0.455518,428.16,0.0662636
0.455732,428.252,0.092464
0.45575,428.265,0.012401
0.45575,428.265,1.2945e-06
0.455768,428.331,0.0662636
0.455768,428.331,8.63e-07
0.455804,428.463,0.132527
0.455982,428.54,0.0770534
0.456,428.553,0.012401
0.456,428.553,1.2945e-06
0.456018,428.619,0.0662636
0.456018,428.619,8.63e-07
0.456054,428.752,0.132527
0.456054,428.752,8.63e-07
0.456089,428.884,0.132527
0.456232,428.946,0.0616428
0.45625,428.958,0.012401
0.45625,428.958,1.2945e-06
0.456268,429.024,0.0662636
0.456268,429.024,8.63e-07
0.456304,429.157,0.132527
0.456482,429.234,0.0770534
0.4565,429.246,0.012401
0.4565,429.246,1.2945e-06
0.456518,429.313,0.0662636
0.456518,429.313,8.63e-07
0.456554,429.445,0.132527
0.456554,429.445,8.63e-07
0.456589,429.578,0.132527
0.456732,429.639,0.0616428
0.45675,429.652,0.012401
0.45675,429.652,1.2945e-06
0.456768,429.718,0.0662636
0.456768,429.718,8.63e-07
0.456804,429.851,0.132527
0.456982,429.928,0.0770534
0.457,429.94,0.012401
0.457,429.94,1.2945e-06
0.457018,430.006,0.0662636
0.457232,430.099,0.092464
0.45725,430.111,0.012401
0.45725,430.111,1.2945e-06
0.457268,430.177,0.0662636
0.457268,430.177,8.63e-07
0.457304,430.31,0.132527
0.457482,430.387,0.0770534
0.4575,430.399,0.012401
0.4575,430.399,1.2945e-06
0.457518,430.466,0.0662636
0.457518,430.466,8.63e-07
0.457554,430.598,0.132527
0.457554,430.598,8.63e-07
0.457589,430.731,0.132527
0.457732,430.792,0.0616428
0.45775,430.805,0.012401
0.45775,430.805,1.2945e-06
0.457768,430.871,0.0662636
0.457768,430.871,8.63e-07
0.457804,431.004,0.132527
0.457982,431.081,0.0770534
0.458,431.093,0.012401
0.458,431.093,1.2945e-06
0.458018,431.159,0.0662636
0.458018,431.159,8.63e-07
0.458054,431.292,0.132527
0.458054,431.292,8.63e-07
0.458089,431.424,0.132527
0.458232,431.486,0.0616428
0.45825,431.498,0.012401
0.45825,431.498,1.2945e-06
0.458268,431.565,0.0662636
0.458268,431.565,8.63e-07
0.458304,431.697,0.132527
0.458482,431.774,0.0770534
0.4585,431.787,0.012401
0.4585,431.787,1.2945e-06
0.458518,431.853,0.0662636
0.458732,431.945,0.092464
0.45875,431.958,0.012401
0.45875,431.958,1.2945e-06
0.458768,432.024,0.0662636
0.458768,432.024,8.63e-07
0.458804,432.157,0.132527
0.458982,432.234,0.0770534
0.459,432.246,0.012401
0.459,432.246,1.2945e-06
0.459018,432.312,0.0662636
0.459018,432.312,8.63e-07
0.459054,432.445,0.132527
0.459054,432.445,8.63e-07
0.459089,432.577,0.132527
0.459232,432.639,0.0616428
0.45925,432.651,0.012401
0.45925,432.651,1.2945e-06
0.459268,432.718,0.0662636
0.459268,432.718,8.63e-07
0.459304,432.85,0.132527
0.459482,432.927,0.0770534
0.4595,432.94,0.012401
0.4595,432.94,1.2945e-06
0.459518,433.006,0.0662636
0.459732,433.098,0.092464
0.45975,433.111,0.012401
0.45975,433.111,1.2945e-06
0.459768,433.177,0.0662636
0.459768,433.177,8.63e-07
0.459804,433.31,0.132527
0.459982,433.387,0.0770534
0.46,433.399,0.012401
0.46,433.399,1.2945e-06
0.460018,433.465,0.0662636
0.460232,433.558,0.092464
0.46025,433.57,0.012401
0.46025,433.57,1.2945e-06
0.460268,433.636,0.0662636
0.460268,433.636,8.63e-07
0.460304,433.769,0.132527
0.460482,433.846,0.0770534
0.4605,433.858,0.012401
0.4605,433.858,1.2945e-06
0.460518,433.925,0.0662636
0.460518,433.925,8.63e-07
0.460554,434.057,0.132527
0.460554,434.057,8.63e-07
0.460589,434.19,0.132527
0.460732,434.251,0.0616428
0.46075,434.264,0.012401
0.46075,434.264,1.2945e-06
0.460768,434.33,0.0662636
0.460768,434.33,8.63e-07
0.460804,434.463,0.132527
0.460982,434.54,0.0770534
0.461,434.552,0.012401
0.461,434.552,1.2945e-06
0.461018,434.618,0.0662636
0.461232,434.711,0.092464
0.46125,434.723,0.012401
0.46125,434.723,1.2945e-06
0.461268,434.789,0.0662636
0.461268,434.789,8.63e-07
0.461304,434.922,0.132527
0.461482,434.999,0.0770534
0.4615,435.011,0.012401
0.4615,435.011,1.2945e-06
0.461518,435.078,0.0662636
0.461732,435.17,0.092464
0.46175,435.182,0.012401
0.46175,435.182,1.2945e-06
0.461768,435.249,0.0662636
0.461768,435.249,8.63e-07
0.461804,435.381,0.132527
0.461982,435.458,0.0770534
0.462,435.471,0.012401
0.462,435.471,1.2945e-06
0.462018,435.537,0.0662636
0.462018,435.537,8.63e-07
0.462054,435.67,0.132527
0.462054,435.67,8.63e-07
0.462089,435.802,0.132527
0.462232,435.864,0.0616428
0.46225,435.876,0.012401
0.46225,435.876,1.2945e-06
0.462268,435.942,0.0662636
0.462268,435.942,8.63e-07
0.462304,436.075,0.132527
0.462482,436.152,0.0770534
0.4625,436.164,0.012401
0.4625,436.164,1.2945e-06
0.462518,436.231,0.0662636
0.462732,436.323,0.092464
0.46275,436.335,0.012401
0.46275,436.335,1.2945e-06
0.462768,436.402,0.0662636
0.462768,436.402,8.63e-07
0.462804,436.534,0.132527
0.462982,436.611,0.0770534
0.463,436.624,0.012401
0.463,436.624,1.2945e-06
0.463018,436.69,0.0662636
0.463232,436.782,0.092464
0.46325,436.795,0.012401
0.46325,436.795,1.2945e-06
0.463268,436.861,0.0662636
0.463268,436.861,8.63e-07
0.463304,436.994,0.132527
0.463482,437.071,0.0770534
0.4635,437.083,0.012401
0.4635,437.083,1.2945e-06
0.463518,437.149,0.0662636
0.463518,437.149,8.63e-07
0.463554,437.282,0.132527
0.463554,437.282,8.63e-07
0.463589,437.414,0.132527
0.463732,437.476,0.0616428
0.46375,437.488,0.012401
0.46375,437.488,1.2945e-06
0.463768,437.555,0.0662636
0.463768,437.555,8.63e-07
0.463804,437.687,0.132527
0.463982,437.764,0.0770534
0.464,437.777,0.012401
0.464,437.777,1.2945e-06
0.464018,437.843,0.0662636
0.464018,437.843,8.63e-07
0.464054,437.975,0.132527
0.464054,437.975,8.63e-07
0.464089,438.108,0.132527
0.464232,438.17,0.0616428
0.46425,438.182,0.012401
0.46425,438.182,1.2945e-06
0.464268,438.248,0.0662636
0.464268,438.248,8.63e-07
0.464304,438.381,0.132527
0.464482,438.458,0.0770534
0.4645,438.47,0.012401
0.4645,438.47,1.2945e-06
0.464518,438.537,0.0662636
0.464518,438.537,8.63e-07
0.464554,438.669,0.132527
0.464554,438.669,8.63e-07
0.464589,438.802,0.132527
0.464732,438.863,0.0616428
0.46475,438.876,0.012401
0.46475,438.876,1.2945e-06
0.464768,438.942,0.0662636
0.464768,438.942,8.63e-07
0.464804,439.074,0.132527
0.464982,439.152,0.0770534
0.465,439.164,0.012401
0.465,439.164,1.2945e-06
0.465018,439.23,0.0662636
0.465018,439.23,8.63e-07
0.465054,439.363,0.132527
0.465054,439.363,8.63e-07
0.465089,439.495,0.132527
0.465232,439.557,0.0616428
0.46525,439.569,0.012401
0.46525,439.569,1.2945e-06
0.465268,439.636,0.0662636
0.465268,439.636,8.63e-07
0.465304,439.768,0.132527
0.465482,439.845,0.0770534
0.4655,439.858,0.012401
0.4655,439.858,1.2945e-06
0.465518,439.924,0.0662636
0.465518,439.924,8.63e-07
0.465554,440.056,0.132527
0.465554,440.056,8.63e-07
0.465589,440.189,0.132527
0.465732,440.251,0.0616428
0.46575,440.263,0.012401
0.46575,440.263,1.2945e-06
0.465768,440.329,0.0662636
0.465768,440.329,8.63e-07
0.465804,440.462,0.132527
0.465982,440.539,0.0770534
0.466,440.551,0.012401
0.466,440.551,1.2945e-06
0.466018,440.617,0.0662636
0.466018,440.617,8.63e-07
0.466054,440.75,0.132527
0.466054,440.75,8.63e-07
0.466089,440.882,0.132527
0.466232,440.944,0.0616428
0.46625,440.957,0.012401
0.46625,440.957,1.2945e-06
0.466268,441.023,0.0662636
0.466268,441.023,8.63e-07
0.466304,441.155,0.132527
0.466482,441.232,0.0770534
0.4665,441.245,0.012401
0.4665,441.245,1.2945e-06
0.466518,441.311,0.0662636
0.466518,441.311,8.63e-07
0.466554,441.444,0.132527
0.466554,441.444,8.63e-07
0.466589,441.576,0.132527
0.466732,441.638,0.0616428
0.46675,441.65,0.012401
0.46675,441.65,1.2945e-06
0.466768,441.716,0.0662636
0.466768,441.716,8.63e-07
0.466804,441.849,0.132527
0.466982,441.926,0.0770534
0.467,441.938,0.012401
0.467,441.938,1.2945e-06
0.467018,442.005,0.0662636
0.467018,442.005,8.63e-07
0.467054,442.137,0.132527
0.467054,442.137,8.63e-07
0.467089,442.27,0.132527
0.467232,442.331,0.0616428
0.46725,442.344,0.012401
0.46725,442.344,1.2945e-06
0.467268,442.41,0.0662636
0.467268,442.41,8.63e-07
0.467304,442.543,0.132527
0.467482,442.62,0.0770534
0.4675,442.632,0.012401
0.4675,442.632,1.2945e-06
0.467518,442.698,0.0662636
0.467518,442.698,8.63e-07
0.467554,442.831,0.132527
0.467554,442.831,8.63e-07
0.467589,442.963,0.132527
0.467732,443.025,0.0616428
0.46775,443.037,0.012401
0.46775,443.037,1.2945e-06
0.467768,443.104,0.0662636
0.467768,443.104,8.63e-07
0.467804,443.236,0.132527
0.467982,443.313,0.0770534
0.468,443.326,0.012401
0.468,443.326,1.2945e-06
0.468018,443.392,0.0662636
0.468018,443.392,8.63e-07
0.468054,443.524,0.132527
0.468054,443.524,8.63e-07
0.468089,443.657,0.132527
0.468232,443.719,0.0616428
0.46825,443.731,0.012401
0.46825,443.731,1.2945e-06
0.468268,443.797,0.0662636
0.468268,443.797,8.63e-07
0.468304,443.93,0.132527
0.468482,444.007,0.0770534
0.4685,444.019,0.012401
0.4685,444.019,1.2945e-06
0.468518,444.085,0.0662636
0.468518,444.085,8.63e-07
0.468554,444.218,0.132527
0.468554,444.218,8.63e-07
0.468589,444.351,0.132527
0.468732,444.412,0.0616428
0.46875,444.425,0.012401
0.46875,444.425,1.2945e-06
0.468768,444.491,0.0662636
0.468768,444.491,8.63e-07
0.468804,444.623,0.132527
0.468982,444.7,0.0770534
0.469,444.713,0.012401
0.469,444.713,1.2945e-06
0.469018,444.779,0.0662636
0.469018,444.779,8.63e-07
0.469054,444.912,0.132527
0.469054,444.912,8.63e-07
0.469089,445.044,0.132527
0.469232,445.106,0.0616428
0.46925,445.118,0.012401
0.46925,445.118,1.2945e-06
0.469268,445.184,0.0662636
0.469268,445.184,8.63e-07
0.469304,445.317,0.132527
0.469482,445.394,0.0770534
0.4695,445.406,0.012401
0.4695,445.406,1.2945e-06
0.469518,445.473,0.0662636
0.469518,445.473,8.63e-07
0.469554,445.605,0.132527
0.469554,445.605,8.63e-07
0.469589,445.738,0.132527
0.469732,445.799,0.0616428
0.46975,445.812,0.012401
0.46975,445.812,1.2945e-06
0.469768,445.878,0.0662636
0.469768,445.878,8.63e-07
0.469804,446.011,0.132527
0.469982,446.088,0.0770534
0.47,446.1,0.012401
0.47,446.1,1.2945e-06
0.470018,446.166,0.0662636
0.470018,446.166,8.63e-07
0.470054,446.299,0.132527
0.470054,446.299,8.63e-07
0.470089,446.431,0.132527
0.470232,446.493,0.0616428
0.47025,446.505,0.012401
0.47025,446.505,1.2945e-06
0.470268,446.572,0.0662636
0.470268,446.572,8.63e-07
0.470304,446.704,0.132527
0.470482,446.781,0.0770534
0.4705,446.794,0.012401
0.4705,446.794,1.2945e-06
0.470518,446.86,0.0662636
0.470518,446.86,8.63e-07
0.470554,446.992,0.132527
0.470554,446.992,8.63e-07
0.470589,447.125,0.132527
0.470732,447.187,0.0616428
0.47075,447.199,0.012401
0.47075,447.199,1.2945e-06
0.470768,447.265,0.0662636
0.470768,447.265,8.63e-07
0.470804,447.398,0.132527
0.470982,447.475,0.0770534
0.471,447.487,0.012401
0.471,447.487,1.2945e-06
0.471018,447.554,0.0662636
0.471018,447.554,8.63e-07
0.471054,447.686,0.132527
0.471054,447.686,8.63e-07
0.471089,447.819,0.132527
0.471232,447.88,0.0616428
0.47125,447.893,0.012401
0.47125,447.893,1.2945e-06
0.471268,447.959,0.0662636
0.471268,447.959,8.63e-07
0.471304,448.091,0.132527
0.471482,448.168,0.0770534
0.4715,448.181,0.012401
0.4715,448.181,1.2945e-06
0.471518,448.247,0.0662636
0.471518,448.247,8.63e-07
0.471554,448.38,0.132527
0.471554,448.38,8.63e-07
0.471589,448.512,0.132527
0.471732,448.574,0.0616428
0.47175,448.586,0.012401
0.47175,448.586,1.2945e-06
0.471768,448.653,0.0662636
0.471768,448.653,8.63e-07
0.471804,448.785,0.132527
0.471982,448.862,0.0770534
0.472,448.874,0.012401
0.472,448.875,1.2945e-06
0.472018,448.941,0.0662636
0.472018,448.941,8.63e-07
0.472054,449.073,0.132527
0.472054,449.073,8.63e-07
0.472089,449.206,0.132527
0.472232,449.267,0.0616428
0.47225,449.28,0.012401
0.47225,449.28,1.2945e-06
0.472268,449.346,0.0662636
0.472268,449.346,8.63e-07
0.472304,449.479,0.132527
0.472482,449.556,0.0770534
0.4725,449.568,0.012401
0.4725,449.568,1.2945e-06
0.472518,449.634,0.0662636
0.472518,449.634,8.63e-07
0.472554,449.767,0.132527
0.472554,449.767,8.63e-07
0.472589,449.899,0.132527
0.472732,449.961,0.0616428
0.47275,449.973,0.012401
0.47275,449.973,1.2945e-06
0.472768,450.04,0.0662636
0.472768,450.04,8.63e-07
0.472804,450.172,0.132527
0.472982,450.249,0.0770534
0.473,450.262,0.012401
0.473,450.262,1.2945e-06
0.473018,450.328,0.0662636
0.473018,450.328,8.63e-07
0.473054,450.461,0.132527
0.473054,450.461,8.63e-07
0.473089,450.593,0.132527
0.473232,450.655,0.0616428
0.47325,450.667,0.012401
0.47325,450.667,1.2945e-06
0.473268,450.733,0.0662636
0.473268,450.733,8.63e-07
0.473304,450.866,0.132527
0.473482,450.943,0.0770534
0.4735,450.955,0.012401
0.4735,450.955,1.2945e-06
0.473518,451.022,0.0662636
0.473518,451.022,8.63e-07
0.473554,451.154,0.132527
0.473554,451.154,8.63e-07
0.473589,451.287,0.132527
0.473732,451.348,0.0616428
0.47375,451.361,0.012401
0.47375,451.361,1.2945e-06
0.473768,451.427,0.0662636
0.473768,451.427,8.63e-07
0.473804,451.559,0.132527
0.473982,451.637,0.0770534
0.474,451.649,0.012401
0.474,451.649,1.2945e-06
0.474018,451.715,0.0662636
0.474018,451.715,8.63e-07
0.474054,451.848,0.132527
0.474054,451.848,8.63e-07
0.474089,451.98,0.132527
0.474232,452.042,0.0616428
0.47425,452.054,0.012401
0.47425,452.054,1.2945e-06
0.474268,452.121,0.0662636
0.474268,452.121,8.63e-07
0.474304,452.253,0.132527
0.474482,452.33,0.0770534
0.4745,452.343,0.012401
0.4745,452.343,1.2945e-06
0.474518,452.409,0.0662636
0.474518,452.409,8.63e-07
0.474554,452.541,0.132527
0.474554,452.541,8.63e-07
0.474589,452.674,0.132527
0.474732,452.736,0.0616428
0.47475,452.748,0.012401
0.47475,452.748,1.2945e-06
0.474768,452.814,0.0662636
0.474768,452.814,8.63e-07
0.474804,452.947,0.132527
0.474982,453.024,0.0770534
0.475,453.036,0.012401
0.475,453.036,1.2945e-06
0.475018,453.102,0.0662636
0.475018,453.102,8.63e-07
0.475054,453.235,0.132527
0.475054,453.235,8.63e-07
0.475089,453.367,0.132527
0.475232,453.429,0.0616428
0.47525,453.442,0.012401
0.47525,453.442,1.2945e-06
0.475268,453.508,0.0662636
0.475268,453.508,8.63e-07
0.475304,453.64,0.132527
0.475482,453.717,0.0770534
0.4755,453.73,0.012401
0.4755,453.73,1.2945e-06
0.475518,453.796,0.0662636
0.475518,453.796,8.63e-07
0.475554,453.929,0.132527
0.475554,453.929,8.63e-07
0.475589,454.061,0.132527
0.475732,454.123,0.0616428
0.47575,454.135,0.012401
0.47575,454.135,1.2945e-06
0.475768,454.201,0.0662636
0.475768,454.201,8.63e-07
0.475804,454.334,0.132527
0.475982,454.411,0.0770534
0.476,454.423,0.012401
0.476,454.423,1.2945e-06
0.476018,454.49,0.0662636
0.476018,454.49,8.63e-07
0.476054,454.622,0.132527
0.476054,454.622,8.63e-07
0.476089,454.755,0.132527
0.476232,454.816,0.0616428
0.47625,454.829,0.012401
0.47625,454.829,1.2945e-06
0.476268,454.895,0.0662636
0.476268,454.895,8.63e-07
0.476304,455.028,0.132527
0.476482,455.105,0.0770534
0.4765,455.117,0.012401
0.4765,455.117,1.2945e-06
0.476518,455.183,0.0662636
0.476518,455.183,8.63e-07
0.476554,455.316,0.132527
0.476554,455.316,8.63e-07
0.476589,455.448,0.132527
0.476732,455.51,0.0616428
0.47675,455.522,0.012401
0.47675,455.522,1.2945e-06
0.476768,455.589,0.0662636
0.476768,455.589,8.63e-07
0.476804,455.721,0.132527
0.476982,455.798,0.0770534
0.477,455.811,0.012401
0.477,455.811,1.2945e-06
0.477018,455.877,0.0662636
0.477018,455.877,8.63e-07
0.477054,456.009,0.132527
0.477054,456.009,8.63e-07
0.477089,456.142,0.132527
0.477232,456.204,0.0616428
0.47725,456.216,0.012401
0.47725,456.216,1.2945e-06
0.477268,456.282,0.0662636
0.477268,456.282,8.63e-07
0.477304,456.415,0.132527
0.477482,456.492,0.0770534
0.4775,456.504,0.012401
0.4775,456.504,1.2945e-06
0.477518,456.57,0.0662636
0.477518,456.571,8.63e-07
0.477554,456.703,0.132527
0.477554,456.703,8.63e-07
0.477589,456.836,0.132527
0.477732,456.897,0.0616428
0.47775,456.91,0.012401
0.47775,456.91,1.2945e-06
0.477768,456.976,0.0662636
0.477768,456.976,8.63e-07
0.477804,457.108,0.132527
0.477982,457.185,0.0770534
0.478,457.198,0.012401
0.478,457.198,1.2945e-06
0.478018,457.264,0.0662636
0.478018,457.264,8.63e-07
0.478054,457.397,0.132527
0.478054,457.397,8.63e-07
0.478089,457.529,0.132527
0.478232,457.591,0.0616428
0.47825,457.603,0.012401
0.47825,457.603,1.2945e-06
0.478268,457.669,0.0662636
0.478268,457.669,8.63e-07
0.478304,457.802,0.132527
0.478482,457.879,0.0770534
0.4785,457.891,0.012401
0.4785,457.891,1.2945e-06
0.478518,457.958,0.0662636
0.478518,457.958,8.63e-07
0.478554,458.09,0.132527
0.478554,458.09,8.63e-07
0.478589,458.223,0.132527
0.478732,458.284,0.0616428
0.47875,458.297,0.012401
0.47875,458.297,1.2945e-06
0.478768,458.363,0.0662636
0.478768,458.363,8.63e-07
0.478804,458.496,0.132527
0.478982,458.573,0.0770534
0.479,458.585,0.012401
0.479,458.585,1.2945e-06
0.479018,458.651,0.0662636
0.479018,458.651,8.63e-07
0.479054,458.784,0.132527
0.479054,458.784,8.63e-07
0.479089,458.916,0.132527
0.479232,458.978,0.0616428
0.47925,458.99,0.012401
0.47925,458.99,1.2945e-06
0.479268,459.057,0.0662636
0.479268,459.057,8.63e-07
0.479304,459.189,0.132527
0.479482,459.266,0.0770534
0.4795,459.279,0.012401
0.4795,459.279,1.2945e-06
0.479518,459.345,0.0662636
0.479518,459.345,8.63e-07
0.479554,459.477,0.132527
0.479554,459.477,8.63e-07
0.479589,459.61,0.132527
0.479732,459.672,0.0616428
0.47975,459.684,0.012401
0.47975,459.684,1.2945e-06
0.479768,459.75,0.0662636
0.479768,459.75,8.63e-07
0.479804,459.883,0.132527
0.479982,459.96,0.0770534
0.48,459.972,0.012401
0.48,459.972,1.2945e-06
0.480018,460.039,0.0662636
0.480018,460.039,8.63e-07
0.480054,460.171,0.132527
0.480054,460.171,8.63e-07
0.480089,460.304,0.132527
0.480232,460.365,0.0616428
0.48025,460.378,0.012401
0.48025,460.378,1.2945e-06
0.480268,460.444,0.0662636
0.480268,460.444,8.63e-07
0.480304,460.576,0.132527
0.480482,460.654,0.0770534
0.4805,460.666,0.012401
0.4805,460.666,1.2945e-06
0.480518,460.732,0.0662636
0.480518,460.732,8.63e-07
0.480554,460.865,0.132527
0.480554,460.865,8.63e-07
0.480589,460.997,0.132527
0.480732,461.059,0.0616428
0.48075,461.071,0.012401
0.48075,461.071,1.2945e-06
0.480768,461.138,0.0662636
0.480768,461.138,8.63e-07
0.480804,461.27,0.132527
0.480982,461.347,0.0770534
0.481,461.36,0.012401
0.481,461.36,1.2945e-06
0.481018,461.426,0.0662636
0.481018,461.426,8.63e-07
0.481054,461.558,0.132527
0.481054,461.558,8.63e-07
0.481089,461.691,0.132527
0.481232,461.752,0.0616428
0.48125,461.765,0.012401
0.48125,461.765,1.2945e-06
0.481268,461.831,0.0662636
0.481268,461.831,8.63e-07
0.481304,461.964,0.132527
0.481482,462.041,0.0770534
0.4815,462.053,0.012401
0.4815,462.053,1.2945e-06
0.481518,462.119,0.0662636
0.481518,462.119,8.63e-07
0.481554,462.252,0.132527
0.481554,462.252,8.63e-07
0.481589,462.384,0.132527
0.481732,462.446,0.0616428
0.48175,462.458,0.012401
0.48175,462.458,1.2945e-06
0.481768,462.525,0.0662636
0.481768,462.525,8.63e-07
0.481804,462.657,0.132527
0.481982,462.734,0.0770534
0.482,462.747,0.012401
0.482,462.747,1.2945e-06
0.482018,462.813,0.0662636
0.482018,462.813,8.63e-07
0.482054,462.946,0.132527
0.482054,462.946,8.63e-07
0.482089,463.078,0.132527
0.482232,463.14,0.0616428
0.48225,463.152,0.012401
0.48225,463.152,1.2945e-06
0.482268,463.218,0.0662636
0.482268,463.218,8.63e-07
0.482304,463.351,0.132527
0.482482,463.428,0.0770534
0.4825,463.44,0.012401
0.4825,463.44,1.2945e-06
0.482518,463.507,0.0662636
0.482518,463.507,8.63e-07
0.482554,463.639,0.132527
0.482554,463.639,8.63e-07
0.482589,463.772,0.132527
0.482732,463.833,0.0616428
0.48275,463.846,0.012401
0.48275,463.846,1.2945e-06
0.482768,463.912,0.0662636
0.482768,463.912,8.63e-07
0.482804,464.045,0.132527
0.482982,464.122,0.0770534
0.483,464.134,0.012401
0.483,464.134,1.2945e-06
0.483018,464.2,0.0662636
0.483018,464.2,8.63e-07
0.483054,464.333,0.132527
0.483054,464.333,8.63e-07
0.483089,464.465,0.132527
0.483232,464.527,0.0616428
0.48325,464.539,0.012401
0.48325,464.539,1.2945e-06
0.483268,464.606,0.0662636
0.483268,464.606,8.63e-07
0.483304,464.738,0.132527
0.483482,464.815,0.0770534
0.4835,464.828,0.012401
0.4835,464.828,1.2945e-06
0.483518,464.894,0.0662636
0.483518,464.894,8.63e-07
0.483554,465.026,0.132527
0.483554,465.026,8.63e-07
0.483589,465.159,0.132527
0.483732,465.221,0.0616428
0.48375,465.233,0.012401
0.48375,465.233,1.2945e-06
0.483768,465.299,0.0662636
0.483768,465.299,8.63e-07
0.483804,465.432,0.132527
0.483982,465.509,0.0770534
0.484,465.521,0.012401
0.484,465.521,1.2945e-06
0.484018,465.587,0.0662636
0.484018,465.587,8.63e-07
0.484054,465.72,0.132527
0.484054,465.72,8.63e-07
0.484089,465.853,0.132527
0.484232,465.914,0.0616428
0.48425,465.927,0.012401
0.48425,465.927,1.2945e-06
0.484268,465.993,0.0662636
0.484268,465.993,8.63e-07
0.484304,466.125,0.132527
0.484482,466.202,0.0770534
0.4845,466.215,0.012401
0.4845,466.215,1.2945e-06
0.484518,466.281,0.0662636
0.484518,466.281,8.63e-07
0.484554,466.414,0.132527
0.484554,466.414,8.63e-07
0.484589,466.546,0.132527
0.484732,466.608,0.0616428
0.48475,466.62,0.012401
0.48475,466.62,1.2945e-06
0.484768,466.686,0.0662636
0.484768,466.686,8.63e-07
0.484804,466.819,0.132527
0.484982,466.896,0.0770534
0.485,466.908,0.012401
0.485,466.908,1.2945e-06
0.485018,466.975,0.0662636
0.485018,466.975,8.63e-07
0.485054,467.107,0.132527
0.485054,467.107,8.63e-07
0.485089,467.24,0.132527
0.485232,467.301,0.0616428
0.48525,467.314,0.012401
0.48525,467.314,1.2945e-06
0.485268,467.38,0.0662636
0.485268,467.38,8.63e-07
0.485304,467.513,0.132527
0.485482,467.59,0.0770534
0.4855,467.602,0.012401
0.4855,467.602,1.2945e-06
0.485518,467.668,0.0662636
0.485518,467.668,8.63e-07
0.485554,467.801,0.132527
0.485554,467.801,8.63e-07
0.485589,467.933,0.132527
0.485732,467.995,0.0616428
0.48575,468.007,0.012401
0.48575,468.007,1.2945e-06
0.485768,468.074,0.0662636
0.485768,468.074,8.63e-07
0.485804,468.206,0.132527
0.485982,468.283,0.0770534
0.486,468.296,0.012401
0.486,468.296,1.2945e-06
0.486018,468.362,0.0662636
0.486018,468.362,8.63e-07
0.486054,468.494,0.132527
0.486054,468.494,8.63e-07
0.486089,468.627,0.132527
0.486232,468.689,0.0616428
0.48625,468.701,0.012401
0.48625,468.701,1.2945e-06
0.486268,468.767,0.0662636
0.486268,468.767,8.63e-07
0.486304,468.9,0.132527
0.486482,468.977,0.0770534
0.4865,468.989,0.012401
0.4865,468.989,1.2945e-06
0.486518,469.056,0.0662636
0.486518,469.056,8.63e-07
0.486554,469.188,0.132527
0.486554,469.188,8.63e-07
0.486589,469.321,0.132527
0.486732,469.382,0.0616428
0.48675,469.395,0.012401
0.48675,469.395,1.2945e-06
0.486768,469.461,0.0662636
0.486768,469.461,8.63e-07
0.486804,469.593,0.132527
0.486982,469.67,0.0770534
0.487,469.683,0.012401
0.487,469.683,1.2945e-06
0.487018,469.749,0.0662636
0.487232,469.842,0.092464
0.48725,469.854,0.012401
0.48725,469.854,1.2945e-06
0.487268,469.92,0.0662636
0.487268,469.92,8.63e-07
0.487304,470.053,0.132527
0.487482,470.13,0.0770534
0.4875,470.142,0.012401
0.4875,470.142,1.2945e-06
0.487518,470.209,0.0662636
0.487518,470.209,8.63e-07
0.487554,470.341,0.132527
0.487554,470.341,8.63e-07
0.487589,470.474,0.132527
0.487732,470.535,0.0616428
0.48775,470.548,0.012401
0.48775,470.548,1.2945e-06
0.487768,470.614,0.0662636
0.487768,470.614,8.63e-07
0.487804,470.746,0.132527
0.487982,470.823,0.0770534
0.488,470.836,0.012401
0.488,470.836,1.2945e-06
0.488018,470.902,0.0662636
0.488018,470.902,8.63e-07
0.488054,471.035,0.132527
0.488054,471.035,8.63e-07
0.488089,471.167,0.132527
0.488232,471.229,0.0616428
0.48825,471.241,0.012401
0.48825,471.241,1.2945e-06
0.488268,471.307,0.0662636
0.488268,471.307,8.63e-07
0.488304,471.44,0.132527
0.488482,471.517,0.0770534
0.4885,471.529,0.012401
0.4885,471.529,1.2945e-06
0.488518,471.596,0.0662636
0.488732,471.688,0.092464
0.48875,471.701,0.012401
0.48875,471.701,1.2945e-06
0.488768,471.767,0.0662636
0.488768,471.767,8.63e-07
0.488804,471.899,0.132527
0.488982,471.976,0.0770534
0.489,471.989,0.012401
0.489,471.989,1.2945e-06
0.489018,472.055,0.0662636
0.489018,472.055,8.63e-07
0.489054,472.188,0.132527
0.489054,472.188,8.63e-07
0.489089,472.32,0.132527
0.489232,472.382,0.0616428
0.48925,472.394,0.012401
0.48925,472.394,1.2945e-06
0.489268,472.46,0.0662636
0.489268,472.46,8.63e-07
0.489304,472.593,0.132527
0.489482,472.67,0.0770534
0.4895,472.682,0.012401
0.4895,472.682,1.2945e-06
0.489518,472.749,0.0662636
0.489732,472.841,0.092464
0.48975,472.854,0.012401
0.48975,472.854,1.2945e-06
0.489768,472.92,0.0662636
0.489768,472.92,8.63e-07
0.489804,473.052,0.132527
0.489982,473.129,0.0770534
0.49,473.142,0.012401
0.49,473.142,1.2945e-06
0.490018,473.208,0.0662636
0.490232,473.301,0.092464
0.49025,473.313,0.012401
0.49025,473.313,1.2945e-06
0.490268,473.379,0.0662636
0.490268,473.379,8.63e-07
0.490304,473.512,0.132527
0.490482,473.589,0.0770534
0.4905,473.601,0.012401
0.4905,473.601,1.2945e-06
0.490518,473.667,0.0662636
0.490518,473.667,8.63e-07
0.490554,473.8,0.132527
0.490554,473.8,8.63e-07
0.490589,473.933,0.132527
0.490732,473.994,0.0616428
0.49075,474.007,0.012401
0.49075,474.007,1.2945e-06
0.490768,474.073,0.0662636
0.490768,474.073,8.63e-07
0.490804,474.205,0.132527
0.490982,474.282,0.0770534
0.491,474.295,0.012401
0.491,474.295,1.2945e-06
0.491018,474.361,0.0662636
0.491232,474.454,0.092464
0.49125,474.466,0.012401
0.49125,474.466,1.2945e-06
0.491268,474.532,0.0662636
0.491268,474.532,8.63e-07
0.491304,474.665,0.132527
0.491482,474.742,0.0770534
0.4915,474.754,0.012401
0.4915,474.754,1.2945e-06
0.491518,474.82,0.0662636
0.491732,474.913,0.092464
0.49175,474.925,0.012401
0.49175,474.925,1.2945e-06
0.491768,474.992,0.0662636
0.491768,474.992,8.63e-07
0.491804,475.124,0.132527
0.491982,475.201,0.0770534
0.492,475.214,0.012401
0.492,475.214,1.2945e-06
0.492018,475.28,0.0662636
0.492018,475.28,8.63e-07
0.492054,475.412,0.132527
0.492054,475.412,8.63e-07
0.492089,475.545,0.132527
0.492232,475.607,0.0616428
0.49225,475.619,0.012401
0.49225,475.619,1.2945e-06
0.492268,475.685,0.0662636
0.492268,475.685,8.63e-07
0.492304,475.818,0.132527
0.492482,475.895,0.0770534
0.4925,475.907,0.012401
0.4925,475.907,1.2945e-06
0.492518,475.973,0.0662636
0.492732,476.066,0.092464
0.49275,476.078,0.012401
0.49275,476.078,1.2945e-06
0.492768,476.145,0.0662636
0.492768,476.145,8.63e-07
0.492804,476.277,0.132527
0.492982,476.354,0.0770534
0.493,476.367,0.012401
0.493,476.367,1.2945e-06
0.493018,476.433,0.0662636
0.493232,476.525,0.092464
0.49325,476.538,0.012401
0.49325,476.538,1.2945e-06
0.493268,476.604,0.0662636
0.493268,476.604,8.63e-07
0.493304,476.736,0.132527
0.493482,476.814,0.0770534
0.4935,476.826,0.012401
0.4935,476.826,1.2945e-06
0.493518,476.892,0.0662636
0.493732,476.985,0.092464
0.49375,476.997,0.012401
0.49375,476.997,1.2945e-06
0.493768,477.063,0.0662636
0.493768,477.063,8.63e-07
0.493804,477.196,0.132527
0.493982,477.273,0.0770534
0.494,477.285,0.012401
0.494,477.285,1.2945e-06
0.494018,477.352,0.0662636
0.494232,477.444,0.092464
0.49425,477.456,0.012401
0.49425,477.456,1.2945e-06
0.494268,477.523,0.0662636
0.494268,477.523,8.63e-07
0.494304,477.655,0.132527
0.494482,477.732,0.0770534
0.4945,477.745,0.012401
0.4945,477.745,1.2945e-06
0.494518,477.811,0.0662636
0.494732,477.903,0.092464
0.49475,477.916,0.012401
0.49475,477.916,1.2945e-06
0.494768,477.982,0.0662636
0.494768,477.982,8.63e-07
0.494804,478.115,0.132527
0.494982,478.192,0.0770534
0.495,478.204,0.012401
0.495,478.204,1.2945e-06
0.495018,478.27,0.0662636
0.495232,478.363,0.092464
0.49525,478.375,0.012401
0.49525,478.375,1.2945e-06
0.495268,478.441,0.0662636
0.495268,478.441,8.63e-07
0.495304,478.574,0.132527
0.495482,478.651,0.0770534
0.4955,478.663,0.012401
0.4955,478.663,1.2945e-06
0.495518,478.73,0.0662636
0.495732,478.822,0.092464
0.49575,478.835,0.012401
0.49575,478.835,1.2945e-06
0.495768,478.901,0.0662636
0.495768,478.901,8.63e-07
0.495804,479.033,0.132527
0.495982,479.11,0.0770534
0.496,479.123,0.012401
0.496,479.123,1.2945e-06
0.496018,479.189,0.0662636
0.496232,479.282,0.092464
0.49625,479.294,0.012401
0.49625,479.294,1.2945e-06
0.496268,479.36,0.0662636
0.496268,479.36,8.63e-07
0.496304,479.493,0.132527
0.496482,479.57,0.0770534
0.4965,479.582,0.012401
0.4965,479.582,1.2945e-06
0.496518,479.648,0.0662636
0.496732,479.741,0.092464
0.49675,479.753,0.012401
0.49675,479.753,1.2945e-06
0.496768,479.82,0.0662636
0.496768,479.82,8.63e-07
0.496804,479.952,0.132527
0.496982,480.029,0.0770534
0.497,480.042,0.012401
0.497,480.042,1.2945e-06
0.497018,480.108,0.0662636
0.497232,480.2,0.092464
0.49725,480.213,0.012401
0.49725,480.213,1.2945e-06
0.497268,480.279,0.0662636
0.497268,480.279,8.63e-07
0.497304,480.412,0.132527
0.497482,480.489,0.0770534
0.4975,480.501,0.012401
0.4975,480.501,1.2945e-06
0.497518,480.567,0.0662636
0.497732,480.66,0.092464
0.49775,480.672,0.012401
0.49775,480.672,1.2945e-06
0.497768,480.738,0.0662636
0.497768,480.738,8.63e-07
0.497804,480.871,0.132527
0.497982,480.948,0.0770534
0.498,480.96,0.012401
0.498,480.96,1.2945e-06
0.498018,481.027,0.0662636
0.498232,481.119,0.092464
0.49825,481.131,0.012401
0.49825,481.131,1.2945e-06
0.498268,481.198,0.0662636
0.498268,481.198,8.63e-07
0.498304,481.33,0.132527
0.498482,481.407,0.0770534
0.4985,481.42,0.012401
0.4985,481.42,1.2945e-06
0.498518,481.486,0.0662636
0.498732,481.578,0.092464
0.49875,481.591,0.012401
0.49875,481.591,1.2945e-06
0.498768,481.657,0.0662636
0.498768,481.657,8.63e-07
0.498804,481.79,0.132527
0.498982,481.867,0.0770534
0.499,481.879,0.012401
0.499,481.879,1.2945e-06
0.499018,481.945,0.0662636
0.499232,482.038,0.092464
0.49925,482.05,0.012401
0.49925,482.05,1.2945e-06
0.499268,482.116,0.0662636
0.499268,482.116,8.63e-07
0.499304,482.249,0.132527
0.499482,482.326,0.0770534
0.4995,482.338,0.012401
0.4995,482.338,1.2945e-06
0.499518,482.405,0.0662636
0.499732,482.497,0.092464
0.49975,482.51,0.012401
0.49975,482.51,1.2945e-06
0.499768,482.576,0.0662636
0.499768,482.576,8.63e-07
0.499804,482.708,0.132527
0.499982,482.785,0.0770534
0.5,482.798,0.012401
0.5,482.798,1.2945e-06
0.500018,482.864,0.0662636
0.500232,482.957,0.092464
0.50025,482.969,0.012401
0.50025,482.969,1.2945e-06
0.500268,483.035,0.0662636
0.500268,483.035,8.63e-07
0.500304,483.168,0.132527
0.500482,483.245,0.0770534
0.5005,483.257,0.012401
0.5005,483.257,1.2945e-06
0.500518,483.323,0.0662636
0.500732,483.416,0.092464
0.50075,483.428,0.012401
0.50075,483.428,1.2945e-06
0.500768,483.495,0.0662636
0.500768,483.495,8.63e-07
0.500804,483.627,0.132527
0.500982,483.704,0.0770534
0.501,483.717,0.012401
0.501,483.717,1.2945e-06
0.501018,483.783,0.0662636
0.501232,483.875,0.092464
0.50125,483.888,0.012401
0.50125,483.888,1.2945e-06
0.501268,483.954,0.0662636
0.501268,483.954,8.63e-07
0.501304,484.087,0.132527
0.501482,484.164,0.0770534
0.5015,484.176,0.012401
0.5015,484.176,1.2945e-06
0.501518,484.242,0.0662636
0.501518,484.242,8.63e-07
0.501554,484.375,0.132527
0.501554,484.375,8.63e-07
0.501589,484.507,0.132527
0.501732,484.569,0.0616428
0.50175,484.581,0.012401
0.50175,484.581,1.2945e-06
0.501768,484.648,0.0662636
0.501768,484.648,8.63e-07
0.501804,484.78,0.132527
0.501982,484.857,0.0770534
0.502,484.87,0.012401
0.502,484.87,1.2945e-06
0.502018,484.936,0.0662636
0.502018,484.936,8.63e-07
0.502054,485.068,0.132527
0.502054,485.068,8.63e-07
0.502089,485.201,0.132527
0.502232,485.263,0.0616428
0.50225,485.275,0.012401
0.50225,485.275,1.2945e-06
0.502268,485.341,0.0662636
0.502268,485.341,8.63e-07
0.502304,485.474,0.132527
0.502482,485.551,0.0770534
0.5025,485.563,0.012401
0.5025,485.563,1.2945e-06
0.502518,485.629,0.0662636
0.502518,485.629,8.63e-07
0.502554,485.762,0.132527
0.502554,485.762,8.63e-07
0.502589,485.895,0.132527
0.502732,485.956,0.0616428
0.50275,485.969,0.012401
0.50275,485.969,1.2945e-06
0.502768,486.035,0.0662636
0.502768,486.035,8.63e-07
0.502804,486.167,0.132527
0.502982,486.244,0.0770534
0.503,486.257,0.012401
0.503,486.257,1.2945e-06
0.503018,486.323,0.0662636
0.503018,486.323,8.63e-07
0.503054,486.456,0.132527
0.503054,486.456,8.63e-07
0.503089,486.588,0.132527
0.503232,486.65,0.0616428
0.50325,486.662,0.012401
0.50325,486.662,1.2945e-06
0.503268,486.728,0.0662636
0.503268,486.728,8.63e-07
0.503304,486.861,0.132527
0.503482,486.938,0.0770534
0.5035,486.95,0.012401
0.5035,486.95,1.2945e-06
0.503518,487.017,0.0662636
0.503518,487.017,8.63e-07
0.503554,487.149,0.132527
0.503554,487.149,8.63e-07
0.503589,487.282,0.132527
0.503732,487.343,0.0616428
0.50375,487.356,0.012401
0.50375,487.356,1.2945e-06
0.503768,487.422,0.0662636
0.503768,487.422,8.63e-07
0.503804,487.555,0.132527
0.503982,487.632,0.0770534
0.504,487.644,0.012401
0.504,487.644,1.2945e-06
0.504018,487.71,0.0662636
0.504018,487.71,8.63e-07
0.504054,487.843,0.132527
0.504054,487.843,8.63e-07
0.504089,487.975,0.132527
0.504232,488.037,0.0616428
0.50425,488.049,0.012401
0.50425,488.049,1.2945e-06
0.504268,488.116,0.0662636
0.504268,488.116,8.63e-07
0.504304,488.248,0.132527
0.504482,488.325,0.0770534
0.5045,488.338,0.012401
0.5045,488.338,1.2945e-06
0.504518,488.404,0.0662636
0.504732,488.496,0.092464
0.50475,488.509,0.012401
0.50475,488.509,1.2945e-06
0.504768,488.575,0.0662636
0.504768,488.575,8.63e-07
0.504804,488.708,0.132527
0.504982,488.785,0.0770534
0.505,488.797,0.012401
0.505,488.797,1.2945e-06
0.505018,488.863,0.0662636
0.505232,488.956,0.092464
0.50525,488.968,0.012401
0.50525,488.968,1.2945e-06
0.505268,489.034,0.0662636
0.505268,489.034,8.63e-07
0.505304,489.167,0.132527
0.505482,489.244,0.0770534
0.5055,489.256,0.012401
0.5055,489.256,1.2945e-06
0.505518,489.323,0.0662636
0.505518,489.323,8.63e-07
0.505554,489.455,0.132527
0.505554,489.455,8.63e-07
0.505589,489.588,0.132527
0.505732,489.649,0.0616428
0.50575,489.662,0.012401
0.50575,489.662,1.2945e-06
0.505768,489.728,0.0662636
0.505768,489.728,8.63e-07
0.505804,489.861,0.132527
0.505982,489.938,0.0770534
0.506,489.95,0.012401
0.506,489.95,1.2945e-06
0.506018,490.016,0.0662636
0.506018,490.016,8.63e-07
0.506054,490.149,0.132527
0.506054,490.149,8.63e-07
0.506089,490.281,0.132527
0.506232,490.343,0.0616428
0.50625,490.355,0.012401
0.50625,490.355,1.2945e-06
0.506268,490.422,0.0662636
0.506268,490.422,8.63e-07
0.506304,490.554,0.132527
0.506482,490.631,0.0770534
0.5065,490.644,0.012401
0.5065,490.644,1.2945e-06
0.506518,490.71,0.0662636
0.506732,490.802,0.092464
0.50675,490.815,0.012401
0.50675,490.815,1.2945e-06
0.506768,490.881,0.0662636
0.506768,490.881,8.63e-07
0.506804,491.014,0.132527
0.506982,491.091,0.0770534
0.507,491.103,0.012401
0.507,491.103,1.2945e-06
0.507018,491.169,0.0662636
0.507018,491.169,8.63e-07
0.507054,491.302,0.132527
0.507054,491.302,8.63e-07
0.507089,491.434,0.132527
0.507232,491.496,0.0616428
0.50725,491.508,0.012401
0.50725,491.508,1.2945e-06
0.507268,491.575,0.0662636
0.507268,491.575,8.63e-07
0.507321,491.773,0.198795
0.507482,491.843,0.0693481
0.5075,491.855,0.012401
0.5075,491.855,1.2945e-06
0.507518,491.921,0.0662636
0.507518,491.921,8.63e-07
0.507554,492.054,0.132527
0.507554,492.054,8.63e-07
0.507589,492.187,0.132527
0.507732,492.248,0.0616428
0.50775,492.261,0.012401
0.50775,492.261,1.2945e-06
0.507768,492.327,0.0662636
0.507768,492.327,8.63e-07
0.507804,492.459,0.132527
0.507982,492.536,0.0770534
0.508,492.549,0.012401
0.508,492.549,1.2945e-06
0.508018,492.615,0.0662636
0.508232,492.708,0.092464
0.50825,492.72,0.012401
0.50825,492.72,1.2945e-06
0.508268,492.786,0.0662636
0.508268,492.786,8.63e-07
0.508304,492.919,0.132527
0.508482,492.996,0.0770534
0.5085,493.008,0.012401
0.5085,493.008,1.2945e-06
0.508518,493.074,0.0662636
0.508518,493.074,8.63e-07
0.508554,493.207,0.132527
0.508554,493.207,8.63e-07
0.508589,493.339,0.132527
0.508732,493.401,0.0616428
0.50875,493.414,0.012401
0.50875,493.414,1.2945e-06
0.508768,493.48,0.0662636
0.508768,493.48,8.63e-07
0.508821,493.679,0.198795
0.508982,493.748,0.0693481
0.509,493.76,0.012401
0.509,493.76,1.2945e-06
0.509018,493.827,0.0662636
0.509018,493.827,8.63e-07
0.509054,493.959,0.132527
0.509054,493.959,8.63e-07
0.509089,494.092,0.132527
0.509232,494.153,0.0616428
0.50925,494.166,0.012401
0.50925,494.166,1.2945e-06
0.509268,494.232,0.0662636
0.509268,494.232,8.63e-07
0.509304,494.365,0.132527
0.509482,494.442,0.0770534
0.5095,494.454,0.012401
0.5095,494.454,1.2945e-06
0.509518,494.52,0.0662636
0.509732,494.613,0.092464
0.50975,494.625,0.012401
0.50975,494.625,1.2945e-06
0.509768,494.691,0.0662636
0.509768,494.691,8.63e-07
0.509804,494.824,0.132527
0.509982,494.901,0.0770534
0.51,494.913,0.012401
0.51,494.913,1.2945e-06
0.510018,494.98,0.0662636
0.510018,494.98,8.63e-07
0.510054,495.112,0.132527
0.510054,495.112,8.63e-07
0.510089,495.245,0.132527
0.510232,495.306,0.0616428
0.51025,495.319,0.012401
0.51025,495.319,1.2945e-06
0.510268,495.385,0.0662636
0.510268,495.385,8.63e-07
0.510304,495.517,0.132527
0.510482,495.595,0.0770534
0.5105,495.607,0.012401
0.5105,495.607,1.2945e-06
0.510518,495.673,0.0662636
0.510518,495.673,8.63e-07
0.510554,495.806,0.132527
0.510554,495.806,8.63e-07
0.510589,495.938,0.132527
0.510732,496,0.0616428
0.51075,496.012,0.012401
0.51075,496.012,1.2945e-06
0.510768,496.079,0.0662636
0.510768,496.079,8.63e-07
0.510804,496.211,0.132527
0.510982,496.288,0.0770534
0.511,496.301,0.012401
0.511,496.301,1.2945e-06
0.511018,496.367,0.0662636
0.511232,496.459,0.092464
0.51125,496.472,0.012401
0.51125,496.472,1.2945e-06
0.511268,496.538,0.0662636
0.511268,496.538,8.63e-07
0.511304,496.67,0.132527
0.511482,496.748,0.0770534
0.5115,496.76,0.012401
0.5115,496.76,1.2945e-06
0.511518,496.826,0.0662636
0.511518,496.826,8.63e-07
0.511554,496.959,0.132527
0.511554,496.959,8.63e-07
0.511589,497.091,0.132527
0.511732,497.153,0.0616428
0.51175,497.165,0.012401
0.51175,497.165,1.2945e-06
0.511768,497.232,0.0662636
0.511768,497.232,8.63e-07
0.511804,497.364,0.132527
0.511982,497.441,0.0770534
0.512,497.454,0.012401
0.512,497.454,1.2945e-06
0.512018,497.52,0.0662636
0.512018,497.52,8.63e-07
0.512054,497.652,0.132527
0.512054,497.652,8.63e-07
0.512089,497.785,0.132527
0.512232,497.847,0.0616428
0.51225,497.859,0.012401
0.51225,497.859,1.2945e-06
0.512268,497.925,0.0662636
0.512268,497.925,8.63e-07
0.512304,498.058,0.132527
0.512482,498.135,0.0770534
0.5125,498.147,0.012401
0.5125,498.147,1.2945e-06
0.512518,498.213,0.0662636
0.512732,498.306,0.092464
0.51275,498.318,0.012401
0.51275,498.318,1.2945e-06
0.512768,498.385,0.0662636
0.512768,498.385,8.63e-07
0.512804,498.517,0.132527
0.512982,498.594,0.0770534
0.513,498.607,0.012401
0.513,498.607,1.2945e-06
0.513018,498.673,0.0662636
0.513018,498.673,8.63e-07
0.513054,498.805,0.132527
0.513054,498.805,8.63e-07
0.513089,498.938,0.132527
0.513232,499,0.0616428
0.51325,499.012,0.012401
0.51325,499.012,1.2945e-06
0.513268,499.078,0.0662636
0.513268,499.078,8.63e-07
0.513304,499.211,0.132527
0.513482,499.288,0.0770534
0.5135,499.3,0.012401
0.5135,499.3,1.2945e-06
0.513518,499.366,0.0662636
0.513518,499.366,8.63e-07
0.513554,499.499,0.132527
0.513554,499.499,8.63e-07
0.513589,499.631,0.132527
0.513732,499.693,0.0616428
0.51375,499.706,0.012401
0.51375,499.706,1.2945e-06
0.513768,499.772,0.0662636
0.513768,499.772,8.63e-07
0.513804,499.904,0.132527
0.513982,499.981,0.0770534
0.514,499.994,0.012401
0.514,499.994,1.2945e-06
0.514018,500.06,0.0662636
0.514232,500.152,0.092464
0.51425,500.165,0.012401
0.51425,500.165,1.2945e-06
0.514268,500.231,0.0662636
0.514268,500.231,8.63e-07
0.514304,500.364,0.132527
0.514482,500.441,0.0770534
0.5145,500.453,0.012401
0.5145,500.453,1.2945e-06
0.514518,500.519,0.0662636
0.514518,500.519,8.63e-07
0.514554,500.652,0.132527
0.514554,500.652,8.63e-07
0.514589,500.784,0.132527
0.514732,500.846,0.0616428
0.51475,500.859,0.012401
0.51475,500.859,1.2945e-06
0.514768,500.925,0.0662636
0.514768,500.925,8.63e-07
0.514804,501.057,0.132527
0.514982,501.134,0.0770534
0.515,501.147,0.012401
0.515,501.147,1.2945e-06
0.515018,501.213,0.0662636
0.515018,501.213,8.63e-07
0.515054,501.346,0.132527
0.515054,501.346,8.63e-07
0.515089,501.478,0.132527
0.515232,501.54,0.0616428
0.51525,501.552,0.012401
0.51525,501.552,1.2945e-06
0.515268,501.618,0.0662636
0.515268,501.618,8.63e-07
0.515304,501.751,0.132527
0.515482,501.828,0.0770534
0.5155,501.84,0.012401
0.5155,501.84,1.2945e-06
0.515518,501.907,0.0662636
0.515732,501.999,0.092464
0.51575,502.012,0.012401
0.51575,502.012,1.2945e-06
0.515768,502.078,0.0662636
0.515768,502.078,8.63e-07
0.515804,502.21,0.132527
0.515982,502.287,0.0770534
0.516,502.3,0.012401
0.516,502.3,1.2945e-06
0.516018,502.366,0.0662636
0.516018,502.366,8.63e-07
0.516054,502.499,0.132527
0.516054,502.499,8.63e-07
0.516089,502.631,0.132527
0.516232,502.693,0.0616428
0.51625,502.705,0.012401
0.51625,502.705,1.2945e-06
0.516268,502.771,0.0662636
0.516268,502.771,8.63e-07
0.516304,502.904,0.132527
0.516482,502.981,0.0770534
0.5165,502.993,0.012401
0.5165,502.993,1.2945e-06
0.516518,503.06,0.0662636
0.516518,503.06,8.63e-07
0.516554,503.192,0.132527
0.516554,503.192,8.63e-07
0.516589,503.325,0.132527
0.516732,503.386,0.0616428
0.51675,503.399,0.012401
0.51675,503.399,1.2945e-06
0.516768,503.465,0.0662636
0.516768,503.465,8.63e-07
0.516804,503.598,0.132527
0.516982,503.675,0.0770534
0.517,503.687,0.012401
0.517,503.687,1.2945e-06
0.517018,503.753,0.0662636
0.517232,503.846,0.092464
0.51725,503.858,0.012401
0.51725,503.858,1.2945e-06
0.517268,503.924,0.0662636
0.517268,503.924,8.63e-07
0.517304,504.057,0.132527
0.517482,504.134,0.0770534
0.5175,504.146,0.012401
0.5175,504.146,1.2945e-06
0.517518,504.213,0.0662636
0.517518,504.213,8.63e-07
0.517554,504.345,0.132527
0.517554,504.345,8.63e-07
0.517589,504.478,0.132527
0.517732,504.539,0.0616428
0.51775,504.552,0.012401
0.51775,504.552,1.2945e-06
0.517768,504.618,0.0662636
0.517768,504.618,8.63e-07
0.517804,504.751,0.132527
0.517982,504.828,0.0770534
0.518,504.84,0.012401
0.518,504.84,1.2945e-06
0.518018,504.906,0.0662636
0.518018,504.906,8.63e-07
0.518054,505.039,0.132527
0.518054,505.039,8.63e-07
0.518089,505.171,0.132527
0.518232,505.233,0.0616428
0.51825,505.245,0.012401
0.51825,505.245,1.2945e-06
0.518268,505.312,0.0662636
0.518268,505.312,8.63e-07
0.518304,505.444,0.132527
0.518482,505.521,0.0770534
0.5185,505.534,0.012401
0.5185,505.534,1.2945e-06
0.518518,505.6,0.0662636
0.518732,505.692,0.092464
0.51875,505.705,0.012401
0.51875,505.705,1.2945e-06
0.518768,505.771,0.0662636
0.518768,505.771,8.63e-07
0.518804,505.903,0.132527
0.518982,505.981,0.0770534
0.519,505.993,0.012401
0.519,505.993,1.2945e-06
0.519018,506.059,0.0662636
0.519018,506.059,8.63e-07
0.519054,506.192,0.132527
0.519054,506.192,8.63e-07
0.519089,506.324,0.132527
0.519232,506.386,0.0616428
0.51925,506.398,0.012401
0.51925,506.398,1.2945e-06
0.519268,506.465,0.0662636
0.519268,506.465,8.63e-07
0.519304,506.597,0.132527
0.519482,506.674,0.0770534
0.5195,506.687,0.012401
0.5195,506.687,1.2945e-06
0.519518,506.753,0.0662636
0.519732,506.845,0.092464
0.51975,506.858,0.012401
0.51975,506.858,1.2945e-06
0.519768,506.924,0.0662636
0.519768,506.924,8.63e-07
0.519804,507.056,0.132527
0.519982,507.134,0.0770534
0.52,507.146,0.012401
0.52,507.146,1.2945e-06
0.520018,507.212,0.0662636
0.520232,507.305,0.092464
0.52025,507.317,0.012401
0.52025,507.317,1.2945e-06
0.520268,507.383,0.0662636
0.520268,507.383,8.63e-07
0.520304,507.516,0.132527
0.520482,507.593,0.0770534
0.5205,507.605,0.012401
0.5205,507.605,1.2945e-06
0.520518,507.672,0.0662636
0.520518,507.672,8.63e-07
0.520554,507.804,0.132527
0.520554,507.804,8.63e-07
0.520589,507.937,0.132527
0.520732,507.998,0.0616428
0.52075,508.011,0.012401
0.52075,508.011,1.2945e-06
0.520768,508.077,0.0662636
0.520768,508.077,8.63e-07
0.520804,508.209,0.132527
0.520982,508.287,0.0770534
0.521,508.299,0.012401
0.521,508.299,1.2945e-06
0.521018,508.365,0.0662636
0.521232,508.458,0.092464
0.52125,508.47,0.012401
0.52125,508.47,1.2945e-06
0.521268,508.536,0.0662636
0.521268,508.536,8.63e-07
0.521304,508.669,0.132527
0.521482,508.746,0.0770534
0.5215,508.758,0.012401
0.5215,508.758,1.2945e-06
0.521518,508.825,0.0662636
0.521732,508.917,0.092464
0.52175,508.929,0.012401
0.52175,508.929,1.2945e-06
0.521768,508.996,0.0662636
0.521768,508.996,8.63e-07
0.521804,509.128,0.132527
0.521982,509.205,0.0770534
0.522,509.218,0.012401
0.522,509.218,1.2945e-06
0.522018,509.284,0.0662636
0.522018,509.284,8.63e-07
0.522054,509.416,0.132527
0.522054,509.416,8.63e-07
0.522089,509.549,0.132527
0.522232,509.611,0.0616428
0.52225,509.623,0.012401
0.52225,509.623,1.2945e-06
0.522268,509.689,0.0662636
0.522268,509.689,8.63e-07
0.522304,509.822,0.132527
0.522482,509.899,0.0770534
0.5225,509.911,0.012401
0.5225,509.911,1.2945e-06
0.522518,509.978,0.0662636
0.522732,510.07,0.092464
0.52275,510.082,0.012401
0.52275,510.082,1.2945e-06
0.522768,510.149,0.0662636
0.522768,510.149,8.63e-07
0.522804,510.281,0.132527
0.522982,510.358,0.0770534
0.523,510.371,0.012401
0.523,510.371,1.2945e-06
0.523018,510.437,0.0662636
0.523232,510.529,0.092464
0.52325,510.542,0.012401
0.52325,510.542,1.2945e-06
0.523268,510.608,0.0662636
0.523268,510.608,8.63e-07
0.523321,510.807,0.198795
0.523482,510.876,0.0693481
0.5235,510.889,0.012401
0.5235,510.889,1.2945e-06
0.523518,510.955,0.0662636
0.523518,510.955,8.63e-07
0.523554,511.087,0.132527
0.523554,511.087,8.63e-07
0.523589,511.22,0.132527
0.523732,511.282,0.0616428
0.52375,511.294,0.012401
0.52375,511.294,1.2945e-06
0.523768,511.36,0.0662636
0.523768,511.36,8.63e-07
0.523821,511.559,0.198795
0.523982,511.628,0.0693481
0.524,511.641,0.012401
0.524,511.641,1.2945e-06
0.524018,511.707,0.0662636
0.524232,511.8,0.092464
0.52425,511.812,0.012401
0.52425,511.812,1.2945e-06
0.524268,511.878,0.0662636
0.524268,511.878,8.63e-07
0.524304,512.011,0.132527
0.524482,512.088,0.0770534
0.5245,512.1,0.012401
0.5245,512.1,1.2945e-06
0.524518,512.166,0.0662636
0.524732,512.259,0.092464
0.52475,512.271,0.012401
0.52475,512.271,1.2945e-06
0.524768,512.338,0.0662636
0.524768,512.338,8.63e-07
0.524804,512.47,0.132527
0.524982,512.547,0.0770534
0.525,512.56,0.012401
0.525,512.56,1.2945e-06
0.525018,512.626,0.0662636
0.525018,512.626,8.63e-07
0.525054,512.758,0.132527
0.525054,512.758,8.63e-07
0.525089,512.891,0.132527
0.525232,512.953,0.0616428
0.52525,512.965,0.012401
0.52525,512.965,1.2945e-06
0.525268,513.031,0.0662636
0.525268,513.031,8.63e-07
0.525304,513.164,0.132527
0.525482,513.241,0.0770534
0.5255,513.253,0.012401
0.5255,513.253,1.2945e-06
0.525518,513.319,0.0662636
0.525732,513.412,0.092464
0.52575,513.424,0.012401
0.52575,513.424,1.2945e-06
0.525768,513.491,0.0662636
0.525768,513.491,8.63e-07
0.525804,513.623,0.132527
0.525982,513.7,0.0770534
0.526,513.713,0.012401
0.526,513.713,1.2945e-06
0.526018,513.779,0.0662636
0.526232,513.871,0.092464
0.52625,513.884,0.012401
0.52625,513.884,1.2945e-06
0.526268,513.95,0.0662636
0.526268,513.95,8.63e-07
0.526304,514.082,0.132527
0.526482,514.16,0.0770534
0.5265,514.172,0.012401
0.5265,514.172,1.2945e-06
0.526518,514.238,0.0662636
0.526732,514.331,0.092464
0.52675,514.343,0.012401
0.52675,514.343,1.2945e-06
0.526768,514.409,0.0662636
0.526768,514.409,8.63e-07
0.526804,514.542,0.132527
0.526982,514.619,0.0770534
0.527,514.631,0.012401
0.527,514.631,1.2945e-06
0.527018,514.698,0.0662636
0.527232,514.79,0.092464
0.52725,514.802,0.012401
0.52725,514.802,1.2945e-06
0.527268,514.869,0.0662636
0.527268,514.869,8.63e-07
0.527304,515.001,0.132527
0.527482,515.078,0.0770534
0.5275,515.091,0.012401
0.5275,515.091,1.2945e-06
0.527518,515.157,0.0662636
0.527732,515.249,0.092464
0.52775,515.262,0.012401
0.52775,515.262,1.2945e-06
0.527768,515.328,0.0662636
0.527768,515.328,8.63e-07
0.527804,515.461,0.132527
0.527982,515.538,0.0770534
0.528,515.55,0.012401
0.528,515.55,1.2945e-06
0.528018,515.616,0.0662636
0.528232,515.709,0.092464
0.52825,515.721,0.012401
0.52825,515.721,1.2945e-06
0.528268,515.787,0.0662636
0.528268,515.787,8.63e-07
0.528304,515.92,0.132527
0.528482,515.997,0.0770534
0.5285,516.009,0.012401
0.5285,516.009,1.2945e-06
0.528518,516.076,0.0662636
0.528732,516.168,0.092464
0.52875,516.181,0.012401
0.52875,516.181,1.2945e-06
0.528768,516.247,0.0662636
0.528768,516.247,8.63e-07
0.528804,516.379,0.132527
0.528982,516.456,0.0770534
0.529,516.469,0.012401
0.529,516.469,1.2945e-06
0.529018,516.535,0.0662636
0.529232,516.628,0.092464
0.52925,516.64,0.012401
0.52925,516.64,1.2945e-06
0.529268,516.706,0.0662636
0.529268,516.706,8.63e-07
0.529304,516.839,0.132527
0.529482,516.916,0.0770534
0.5295,516.928,0.012401
0.5295,516.928,1.2945e-06
0.529518,516.994,0.0662636
0.529732,517.087,0.092464
0.52975,517.099,0.012401
0.52975,517.099,1.2945e-06
0.529768,517.166,0.0662636
0.529768,517.166,8.63e-07
0.529804,517.298,0.132527
0.529982,517.375,0.0770534
0.53,517.388,0.012401
0.53,517.388,1.2945e-06
0.530018,517.454,0.0662636
0.530232,517.546,0.092464
0.53025,517.559,0.012401
0.53025,517.559,1.2945e-06
0.530268,517.625,0.0662636
0.530268,517.625,8.63e-07
0.530304,517.757,0.132527
0.530482,517.835,0.0770534
0.5305,517.847,0.012401
0.5305,517.847,1.2945e-06
0.530518,517.913,0.0662636
0.530732,518.006,0.092464
0.53075,518.018,0.012401
0.53075,518.018,1.2945e-06
0.530768,518.084,0.0662636
0.530768,518.084,8.63e-07
0.530804,518.217,0.132527
0.530982,518.294,0.0770534
0.531,518.306,0.012401
0.531,518.306,1.2945e-06
0.531018,518.373,0.0662636
0.531232,518.465,0.092464
0.53125,518.477,0.012401
0.53125,518.477,1.2945e-06
0.531268,518.544,0.0662636
0.531268,518.544,8.63e-07
0.531304,518.676,0.132527
0.531482,518.753,0.0770534
0.5315,518.766,0.012401
0.5315,518.766,1.2945e-06
0.531518,518.832,0.0662636
0.531732,518.924,0.092464
0.53175,518.937,0.012401
0.53175,518.937,1.2945e-06
0.531768,519.003,0.0662636
0.531768,519.003,8.63e-07
0.531804,519.136,0.132527
0.531982,519.213,0.0770534
0.532,519.225,0.012401
0.532,519.225,1.2945e-06
0.532018,519.291,0.0662636
0.532232,519.384,0.092464
0.53225,519.396,0.012401
0.53225,519.396,1.2945e-06
0.532268,519.462,0.0662636
0.532268,519.462,8.63e-07
0.532304,519.595,0.132527
0.532482,519.672,0.0770534
0.5325,519.684,0.012401
0.5325,519.684,1.2945e-06
0.532518,519.751,0.0662636
0.532732,519.843,0.092464
0.53275,519.856,0.012401
0.53275,519.856,1.2945e-06
0.532768,519.922,0.0662636
0.532768,519.922,8.63e-07
0.532804,520.054,0.132527
0.532982,520.131,0.0770534
0.533,520.144,0.012401
0.533,520.144,1.2945e-06
0.533018,520.21,0.0662636
0.533232,520.303,0.092464
0.53325,520.315,0.012401
0.53325,520.315,1.2945e-06
0.533268,520.381,0.0662636
0.533268,520.381,8.63e-07
0.533304,520.514,0.132527
0.533482,520.591,0.0770534
0.5335,520.603,0.012401
0.5335,520.603,1.2945e-06
0.533518,520.669,0.0662636
0.533732,520.762,0.092464
0.53375,520.774,0.012401
0.53375,520.774,1.2945e-06
0.533768,520.841,0.0662636
0.533768,520.841,8.63e-07
0.533804,520.973,0.132527
0.533982,521.05,0.0770534
0.534,521.063,0.012401
0.534,521.063,1.2945e-06
0.534018,521.129,0.0662636
0.534232,521.221,0.092464
0.53425,521.234,0.012401
0.53425,521.234,1.2945e-06
0.534268,521.3,0.0662636
0.534268,521.3,8.63e-07
0.534304,521.432,0.132527
0.534482,521.51,0.0770534
0.5345,521.522,0.012401
0.5345,521.522,1.2945e-06
0.534518,521.588,0.0662636
0.534732,521.681,0.092464
0.53475,521.693,0.012401
0.53475,521.693,1.2945e-06
0.534768,521.759,0.0662636
0.534768,521.759,8.63e-07
0.534804,521.892,0.132527
0.534982,521.969,0.0770534
0.535,521.981,0.012401
0.535,521.981,1.2945e-06
0.535018,522.048,0.0662636
0.535232,522.14,0.092464
0.53525,522.152,0.012401
0.53525,522.152,1.2945e-06
0.535268,522.219,0.0662636
0.535268,522.219,8.63e-07
0.535304,522.351,0.132527
0.535482,522.428,0.0770534
0.5355,522.441,0.012401
0.5355,522.441,1.2945e-06
0.535518,522.507,0.0662636
0.535732,522.599,0.092464
0.53575,522.612,0.012401
0.53575,522.612,1.2945e-06
0.535768,522.678,0.0662636
0.535768,522.678,8.63e-07
0.535804,522.811,0.132527
0.535982,522.888,0.0770534
0.536,522.9,0.012401
0.536,522.9,1.2945e-06
0.536018,522.966,0.0662636
0.536232,523.059,0.092464
0.53625,523.071,0.012401
0.53625,523.071,1.2945e-06
0.536268,523.137,0.0662636
0.536268,523.137,8.63e-07
0.536304,523.27,0.132527
0.536482,523.347,0.0770534
0.5365,523.359,0.012401
0.5365,523.359,1.2945e-06
0.536518,523.426,0.0662636
0.536732,523.518,0.092464
0.53675,523.531,0.012401
0.53675,523.531,1.2945e-06
0.536768,523.597,0.0662636
0.536768,523.597,8.63e-07
0.536804,523.729,0.132527
0.536982,523.806,0.0770534
0.537,523.819,0.012401
0.537,523.819,1.2945e-06
0.537018,523.885,0.0662636
0.537232,523.978,0.092464
0.53725,523.99,0.012401
0.53725,523.99,1.2945e-06
0.537268,524.056,0.0662636
0.537268,524.056,8.63e-07
0.537304,524.189,0.132527
0.537482,524.266,0.0770534
0.5375,524.278,0.012401
0.5375,524.278,1.2945e-06
0.537518,524.344,0.0662636
0.537732,524.437,0.092464
0.53775,524.449,0.012401
0.53775,524.449,1.2945e-06
0.537768,524.516,0.0662636
0.537768,524.516,8.63e-07
0.537804,524.648,0.132527
0.537982,524.725,0.0770534
0.538,524.738,0.012401
0.538,524.738,1.2945e-06
0.538018,524.804,0.0662636
0.538232,524.896,0.092464
0.53825,524.909,0.012401
0.53825,524.909,1.2945e-06
0.538268,524.975,0.0662636
0.538268,524.975,8.63e-07
0.538304,525.108,0.132527
0.538482,525.185,0.0770534
0.5385,525.197,0.012401
0.5385,525.197,1.2945e-06
0.538518,525.263,0.0662636
0.538732,525.356,0.092464
0.53875,525.368,0.012401
0.53875,525.368,1.2945e-06
0.538768,525.434,0.0662636
0.538768,525.434,8.63e-07
0.538804,525.567,0.132527
0.538982,525.644,0.0770534
0.539,525.656,0.012401
0.539,525.656,1.2945e-06
0.539018,525.723,0.0662636
0.539232,525.815,0.092464
0.53925,525.827,0.012401
0.53925,525.827,1.2945e-06
0.539268,525.894,0.0662636
0.539268,525.894,8.63e-07
0.539304,526.026,0.132527
0.539482,526.103,0.0770534
0.5395,526.116,0.012401
0.5395,526.116,1.2945e-06
0.539518,526.182,0.0662636
0.539732,526.274,0.092464
0.53975,526.287,0.012401
0.53975,526.287,1.2945e-06
0.539768,526.353,0.0662636
0.539768,526.353,8.63e-07
0.539804,526.486,0.132527
0.539982,526.563,0.0770534
0.54,526.575,0.012401
0.54,526.575,1.2945e-06
0.540018,526.641,0.0662636
0.540232,526.734,0.092464
0.54025,526.746,0.012401
0.54025,526.746,1.2945e-06
0.540268,526.812,0.0662636
0.540268,526.812,8.63e-07
0.540304,526.945,0.132527
0.540482,527.022,0.0770534
0.5405,527.034,0.012401
0.5405,527.034,1.2945e-06
0.540518,527.101,0.0662636
0.540732,527.193,0.092464
0.54075,527.206,0.012401
0.54075,527.206,1.2945e-06
0.540768,527.272,0.0662636
0.540768,527.272,8.63e-07
0.540804,527.404,0.132527
0.540982,527.481,0.0770534
0.541,527.494,0.012401
0.541,527.494,1.2945e-06
0.541018,527.56,0.0662636
0.541232,527.653,0.092464
0.54125,527.665,0.012401
0.54125,527.665,1.2945e-06
0.541268,527.731,0.0662636
0.541268,527.731,8.63e-07
0.541304,527.864,0.132527
0.541482,527.941,0.0770534
0.5415,527.953,0.012401
0.5415,527.953,1.2945e-06
0.541518,528.019,0.0662636
0.541732,528.112,0.092464
0.54175,528.124,0.012401
0.54175,528.124,1.2945e-06
0.541768,528.191,0.0662636
0.541768,528.191,8.63e-07
0.541804,528.323,0.132527
0.541982,528.4,0.0770534
0.542,528.413,0.012401
0.542,528.413,1.2945e-06
0.542018,528.479,0.0662636
0.542232,528.571,0.092464
0.54225,528.584,0.012401
0.54225,528.584,1.2945e-06
0.542268,528.65,0.0662636
0.542268,528.65,8.63e-07
0.542304,528.783,0.132527
0.542482,528.86,0.0770534
0.5425,528.872,0.012401
0.5425,528.872,1.2945e-06
0.542518,528.938,0.0662636
0.542732,529.031,0.092464
0.54275,529.043,0.012401
0.54275,529.043,1.2945e-06
0.542768,529.109,0.0662636
0.542768,529.109,8.63e-07
0.542804,529.242,0.132527
0.542982,529.319,0.0770534
0.543,529.331,0.012401
0.543,529.331,1.2945e-06
0.543018,529.398,0.0662636
0.543232,529.49,0.092464
0.54325,529.502,0.012401
0.54325,529.502,1.2945e-06
0.543268,529.569,0.0662636
0.543268,529.569,8.63e-07
0.543304,529.701,0.132527
0.543482,529.778,0.0770534
0.5435,529.791,0.012401
0.5435,529.791,1.2945e-06
0.543518,529.857,0.0662636
0.543732,529.949,0.092464
0.54375,529.962,0.012401
0.54375,529.962,1.2945e-06
0.543768,530.028,0.0662636
0.543768,530.028,8.63e-07
0.543804,530.161,0.132527
0.543982,530.238,0.0770534
0.544,530.25,0.012401
0.544,530.25,1.2945e-06
0.544018,530.316,0.0662636
0.544232,530.409,0.092464
0.54425,530.421,0.012401
0.54425,530.421,1.2945e-06
0.544268,530.488,0.0662636
0.544268,530.488,8.63e-07
0.544304,530.62,0.132527
0.544482,530.697,0.0770534
0.5445,530.709,0.012401
0.5445,530.709,1.2945e-06
0.544518,530.776,0.0662636
0.544732,530.868,0.092464
0.54475,530.881,0.012401
0.54475,530.881,1.2945e-06
0.544768,530.947,0.0662636
0.544768,530.947,8.63e-07
0.544804,531.079,0.132527
0.544982,531.156,0.0770534
0.545,531.169,0.012401
0.545,531.169,1.2945e-06
0.545018,531.235,0.0662636
0.545232,531.328,0.092464
0.54525,531.34,0.012401
0.54525,531.34,1.2945e-06
0.545268,531.406,0.0662636
0.545268,531.406,8.63e-07
0.545304,531.539,0.132527
0.545482,531.616,0.0770534
0.5455,531.628,0.012401
0.5455,531.628,1.2945e-06
0.545518,531.695,0.0662636
0.545732,531.787,0.092464
0.54575,531.799,0.012401
0.54575,531.799,1.2945e-06
0.545768,531.866,0.0662636
0.545768,531.866,8.63e-07
0.545804,531.998,0.132527
0.545982,532.075,0.0770534
0.546,532.088,0.012401
0.546,532.088,1.2945e-06
0.546018,532.154,0.0662636
0.546232,532.246,0.092464
0.54625,532.259,0.012401
0.54625,532.259,1.2945e-06
0.546268,532.325,0.0662636
0.546268,532.325,8.63e-07
0.546304,532.458,0.132527
0.546482,532.535,0.0770534
0.5465,532.547,0.012401
0.5465,532.547,1.2945e-06
0.546518,532.613,0.0662636
0.546732,532.706,0.092464
0.54675,532.718,0.012401
0.54675,532.718,1.2945e-06
0.546768,532.784,0.0662636
0.546768,532.784,8.63e-07
0.546804,532.917,0.132527
0.546982,532.994,0.0770534
0.547,533.006,0.012401
0.547,533.006,1.2945e-06
0.547018,533.073,0.0662636
0.547232,533.165,0.092464
0.54725,533.178,0.012401
0.54725,533.178,1.2945e-06
0.547268,533.244,0.0662636
0.547268,533.244,8.63e-07
0.547304,533.376,0.132527
0.547482,533.453,0.0770534
0.5475,533.466,0.012401
0.5475,533.466,1.2945e-06
0.547518,533.532,0.0662636
0.547732,533.624,0.092464
0.54775,533.637,0.012401
0.54775,533.637,1.2945e-06
0.547768,533.703,0.0662636
0.547768,533.703,8.63e-07
0.547804,533.836,0.132527
0.547982,533.913,0.0770534
0.548,533.925,0.012401
0.548,533.925,1.2945e-06
0.548018,533.991,0.0662636
0.548232,534.084,0.092464
0.54825,534.096,0.012401
0.54825,534.096,1.2945e-06
0.548268,534.163,0.0662636
0.548268,534.163,8.63e-07
0.548304,534.295,0.132527
0.548482,534.372,0.0770534
0.5485,534.385,0.012401
0.5485,534.385,1.2945e-06
0.548518,534.451,0.0662636
0.548732,534.543,0.092464
0.54875,534.556,0.012401
0.54875,534.556,1.2945e-06
0.548768,534.622,0.0662636
0.548768,534.622,8.63e-07
0.548804,534.754,0.132527
0.548982,534.831,0.0770534
0.549,534.844,0.012401
0.549,534.844,1.2945e-06
0.549018,534.91,0.0662636
0.549232,535.003,0.092464
0.54925,535.015,0.012401
0.54925,535.015,1.2945e-06
0.549268,535.081,0.0662636
0.549268,535.081,8.63e-07
0.549304,535.214,0.132527
0.549482,535.291,0.0770534
0.5495,535.303,0.012401
0.5495,535.303,1.2945e-06
0.549518,535.37,0.0662636
0.549732,535.462,0.092464
0.54975,535.474,0.012401
0.54975,535.474,1.2945e-06
0.549768,535.541,0.0662636
0.549768,535.541,8.63e-07
0.549804,535.673,0.132527
0.549982,535.75,0.0770534
0.55,535.763,0.012401
0.55,535.763,1.2945e-06
0.550018,535.829,0.0662636
0.550232,535.921,0.092464
0.55025,535.934,0.012401
0.55025,535.934,1.2945e-06
0.550268,536,0.0662636
0.550268,536,8.63e-07
0.550304,536.133,0.132527
0.550482,536.21,0.0770534
0.5505,536.222,0.012401
0.5505,536.222,1.2945e-06
0.550518,536.288,0.0662636
0.550732,536.381,0.092464
0.55075,536.393,0.012401
0.55075,536.393,1.2945e-06
0.550768,536.459,0.0662636
0.550768,536.459,8.63e-07
0.550804,536.592,0.132527
0.550982,536.669,0.0770534
0.551,536.681,0.012401
0.551,536.681,1.2945e-06
0.551018,536.748,0.0662636
0.551232,536.84,0.092464
0.55125,536.853,0.012401
0.55125,536.853,1.2945e-06
0.551268,536.919,0.0662636
0.551268,536.919,8.63e-07
0.551304,537.051,0.132527
0.551482,537.128,0.0770534
0.5515,537.141,0.012401
0.5515,537.141,1.2945e-06
0.551518,537.207,0.0662636
0.551732,537.3,0.092464
0.55175,537.312,0.012401
0.55175,537.312,1.2945e-06
0.551768,537.378,0.0662636
0.551768,537.378,8.63e-07
0.551804,537.511,0.132527
0.551982,537.588,0.0770534
0.552,537.6,0.012401
0.552,537.6,1.2945e-06
0.552018,537.666,0.0662636
0.552232,537.759,0.092464
0.55225,537.771,0.012401
0.55225,537.771,1.2945e-06
0.552268,537.838,0.0662636
0.552268,537.838,8.63e-07
0.552304,537.97,0.132527
0.552482,538.047,0.0770534
0.5525,538.06,0.012401
0.5525,538.06,1.2945e-06
0.552518,538.126,0.0662636
0.552732,538.218,0.092464
0.55275,538.231,0.012401
0.55275,538.231,1.2945e-06
0.552768,538.297,0.0662636
0.552768,538.297,8.63e-07
0.552804,538.429,0.132527
0.552982,538.507,0.0770534
0.553,538.519,0.012401
0.553,538.519,1.2945e-06
0.553018,538.585,0.0662636
0.553232,538.678,0.092464
0.55325,538.69,0.012401
0.55325,538.69,1.2945e-06
0.553268,538.756,0.0662636
0.553268,538.756,8.63e-07
0.553304,538.889,0.132527
0.553482,538.966,0.0770534
0.5535,538.978,0.012401
0.5535,538.978,1.2945e-06
0.553518,539.045,0.0662636
0.553732,539.137,0.092464
0.55375,539.149,0.012401
0.55375,539.149,1.2945e-06
0.553768,539.216,0.0662636
0.553768,539.216,8.63e-07
0.553804,539.348,0.132527
0.553982,539.425,0.0770534
0.554,539.438,0.012401
0.554,539.438,1.2945e-06
0.554018,539.504,0.0662636
0.554232,539.596,0.092464
0.55425,539.609,0.012401
0.55425,539.609,1.2945e-06
0.554268,539.675,0.0662636
0.554268,539.675,8.63e-07
0.554304,539.808,0.132527
0.554482,539.885,0.0770534
0.5545,539.897,0.012401
0.5545,539.897,1.2945e-06
0.554518,539.963,0.0662636
0.554732,540.056,0.092464
0.55475,540.068,0.012401
0.55475,540.068,1.2945e-06
0.554768,540.134,0.0662636
0.554768,540.134,8.63e-07
0.554804,540.267,0.132527
0.554982,540.344,0.0770534
0.555,540.356,0.012401
0.555,540.356,1.2945e-06
0.555018,540.423,0.0662636
0.555232,540.515,0.092464
0.55525,540.528,0.012401
0.55525,540.528,1.2945e-06
0.555268,540.594,0.0662636
0.555268,540.594,8.63e-07
0.555304,540.726,0.132527
0.555482,540.803,0.0770534
0.5555,540.816,0.012401
0.5555,540.816,1.2945e-06
0.555518,540.882,0.0662636
0.555732,540.975,0.092464
0.55575,540.987,0.012401
0.55575,540.987,1.2945e-06
0.555768,541.053,0.0662636
0.555768,541.053,8.63e-07
0.555804,541.186,0.132527
0.555982,541.263,0.0770534
0.556,541.275,0.012401
0.556,541.275,1.2945e-06
0.556018,541.341,0.0662636
0.556232,541.434,0.092464
0.55625,541.446,0.012401
0.55625,541.446,1.2945e-06
0.556268,541.513,0.0662636
0.556268,541.513,8.63e-07
0.556304,541.645,0.132527
0.556482,541.722,0.0770534
0.5565,541.735,0.012401
0.5565,541.735,1.2945e-06
0.556518,541.801,0.0662636
0.556732,541.893,0.092464
0.55675,541.906,0.012401
0.55675,541.906,1.2945e-06
0.556768,541.972,0.0662636
0.556768,541.972,8.63e-07
0.556804,542.104,0.132527
0.556982,542.182,0.0770534
0.557,542.194,0.012401
0.557,542.194,1.2945e-06
0.557018,542.26,0.0662636
0.557232,542.353,0.092464
0.55725,542.365,0.012401
0.55725,542.365,1.2945e-06
0.557268,542.431,0.0662636
0.557268,542.431,8.63e-07
0.557304,542.564,0.132527
0.557482,542.641,0.0770534
0.5575,542.653,0.012401
0.5575,542.653,1.2945e-06
0.557518,542.72,0.0662636
0.557732,542.812,0.092464
0.55775,542.824,0.012401
0.55775,542.824,1.2945e-06
0.557768,542.891,0.0662636
0.557768,542.891,8.63e-07
0.557804,543.023,0.132527
0.557982,543.1,0.0770534
0.558,543.113,0.012401
0.558,543.113,1.2945e-06
0.558018,543.179,0.0662636
0.558232,543.271,0.092464
0.55825,543.284,0.012401
0.55825,543.284,1.2945e-06
0.558268,543.35,0.0662636
0.558268,543.35,8.63e-07
0.558304,543.483,0.132527
0.558482,543.56,0.0770534
0.5585,543.572,0.012401
0.5585,543.572,1.2945e-06
0.558518,543.638,0.0662636
0.558732,543.731,0.092464
0.55875,543.743,0.012401
0.55875,543.743,1.2945e-06
0.558768,543.809,0.0662636
0.558768,543.809,8.63e-07
0.558804,543.942,0.132527
0.558982,544.019,0.0770534
0.559,544.031,0.012401
0.559,544.031,1.2945e-06
0.559018,544.098,0.0662636
0.559232,544.19,0.092464
0.55925,544.203,0.012401
0.55925,544.203,1.2945e-06
0.559268,544.269,0.0662636
0.559268,544.269,8.63e-07
0.559304,544.401,0.132527
0.559482,544.478,0.0770534
0.5595,544.491,0.012401
0.5595,544.491,1.2945e-06
0.559518,544.557,0.0662636
0.559732,544.65,0.092464
0.55975,544.662,0.012401
0.55975,544.662,1.2945e-06
0.559768,544.728,0.0662636
0.559768,544.728,8.63e-07
0.559804,544.861,0.132527
0.559982,544.938,0.0770534
0.56,544.95,0.012401
0.56,544.95,1.2945e-06
0.560018,545.016,0.0662636
0.560232,545.109,0.092464
0.56025,545.121,0.012401
0.56025,545.121,1.2945e-06
0.560268,545.188,0.0662636
0.560268,545.188,8.63e-07
0.560304,545.32,0.132527
0.560482,545.397,0.0770534
0.5605,545.41,0.012401
0.5605,545.41,1.2945e-06
0.560518,545.476,0.0662636
0.560732,545.568,0.092464
0.56075,545.581,0.012401
0.56075,545.581,1.2945e-06
0.560768,545.647,0.0662636
0.560768,545.647,8.63e-07
0.560804,545.779,0.132527
0.560982,545.857,0.0770534
0.561,545.869,0.012401
0.561,545.869,1.2945e-06
0.561018,545.935,0.0662636
0.561232,546.028,0.092464
0.56125,546.04,0.012401
0.56125,546.04,1.2945e-06
0.561268,546.106,0.0662636
0.561268,546.106,8.63e-07
0.561304,546.239,0.132527
0.561482,546.316,0.0770534
0.5615,546.328,0.012401
0.5615,546.328,1.2945e-06
0.561518,546.395,0.0662636
0.561732,546.487,0.092464
0.56175,546.499,0.012401
0.56175,546.499,1.2945e-06
0.561768,546.566,0.0662636
0.561768,546.566,8.63e-07
0.561804,546.698,0.132527
0.561982,546.775,0.0770534
0.562,546.788,0.012401
0.562,546.788,1.2945e-06
0.562018,546.854,0.0662636
0.562232,546.946,0.092464
0.56225,546.959,0.012401
0.56225,546.959,1.2945e-06
0.562268,547.025,0.0662636
0.562268,547.025,8.63e-07
0.562304,547.158,0.132527
0.562482,547.235,0.0770534
0.5625,547.247,0.012401
0.5625,547.247,1.2945e-06
0.562518,547.313,0.0662636
0.562732,547.406,0.092464
0.56275,547.418,0.012401
0.56275,547.418,1.2945e-06
0.562768,547.484,0.0662636
0.562768,547.484,8.63e-07
0.562804,547.617,0.132527
0.562982,547.694,0.0770534
0.563,547.706,0.012401
0.563,547.706,1.2945e-06
0.563018,547.773,0.0662636
0.563232,547.865,0.092464
0.56325,547.878,0.012401
0.56325,547.878,1.2945e-06
0.563268,547.944,0.0662636
0.563268,547.944,8.63e-07
0.563304,548.076,0.132527
0.563482,548.153,0.0770534
0.5635,548.166,0.012401
0.5635,548.166,1.2945e-06
0.563518,548.232,0.0662636
0.563732,548.325,0.092464
0.56375,548.337,0.012401
0.56375,548.337,1.2945e-06
0.563768,548.403,0.0662636
0.563768,548.403,8.63e-07
0.563804,548.536,0.132527
0.563982,548.613,0.0770534
0.564,548.625,0.012401
0.564,548.625,1.2945e-06
0.564018,548.691,0.0662636
0.564232,548.784,0.092464
0.56425,548.796,0.012401
0.56425,548.796,1.2945e-06
0.564268,548.863,0.0662636
0.564268,548.863,8.63e-07
0.564304,548.995,0.132527
0.564482,549.072,0.0770534
0.5645,549.085,0.012401
0.5645,549.085,1.2945e-06
0.564518,549.151,0.0662636
0.564732,549.243,0.092464
0.56475,549.256,0.012401
0.56475,549.256,1.2945e-06
0.564768,549.322,0.0662636
0.564768,549.322,8.63e-07
0.564804,549.455,0.132527
0.564982,549.532,0.0770534
0.565,549.544,0.012401
0.565,549.544,1.2945e-06
0.565018,549.61,0.0662636
0.565232,549.703,0.092464
0.56525,549.715,0.012401
0.56525,549.715,1.2945e-06
0.565268,549.781,0.0662636
0.565268,549.781,8.63e-07
0.565304,549.914,0.132527
0.565482,549.991,0.0770534
0.5655,550.003,0.012401
0.5655,550.003,1.2945e-06
0.565518,550.07,0.0662636
0.565732,550.162,0.092464
0.56575,550.174,0.012401
0.56575,550.174,1.2945e-06
0.565768,550.241,0.0662636
0.565768,550.241,8.63e-07
0.565804,550.373,0.132527
0.565982,550.45,0.0770534
0.566,550.463,0.012401
0.566,550.463,1.2945e-06
0.566018,550.529,0.0662636
0.566232,550.621,0.092464
0.56625,550.634,0.012401
0.56625,550.634,1.2945e-06
0.566268,550.7,0.0662636
0.566268,550.7,8.63e-07
0.566304,550.833,0.132527
0.566482,550.91,0.0770534
0.5665,550.922,0.012401
0.5665,550.922,1.2945e-06
0.566518,550.988,0.0662636
0.566732,551.081,0.092464
0.56675,551.093,0.012401
0.56675,551.093,1.2945e-06
0.566768,551.159,0.0662636
0.566768,551.159,8.63e-07
0.566804,551.292,0.132527
0.566982,551.369,0.0770534
0.567,551.381,0.012401
0.567,551.381,1.2945e-06
0.567018,551.448,0.0662636
0.567232,551.54,0.092464
0.56725,551.553,0.012401
0.56725,551.553,1.2945e-06
0.567268,551.619,0.0662636
0.567268,551.619,8.63e-07
0.567304,551.751,0.132527
0.567482,551.828,0.0770534
0.5675,551.841,0.012401
0.5675,551.841,1.2945e-06
0.567518,551.907,0.0662636
0.567732,552,0.092464
0.56775,552.012,0.012401
0.56775,552.012,1.2945e-06
0.567768,552.078,0.0662636
0.567768,552.078,8.63e-07
0.567804,552.211,0.132527
0.567982,552.288,0.0770534
0.568,552.3,0.012401
0.568,552.3,1.2945e-06
0.568018,552.366,0.0662636
0.568232,552.459,0.092464
0.56825,552.471,0.012401
0.56825,552.471,1.2945e-06
0.568268,552.538,0.0662636
0.568268,552.538,8.63e-07
0.568304,552.67,0.132527
0.568482,552.747,0.0770534
0.5685,552.76,0.012401
0.5685,552.76,1.2945e-06
0.568518,552.826,0.0662636
0.568732,552.918,0.092464
0.56875,552.931,0.012401
0.56875,552.931,1.2945e-06
0.568768,552.997,0.0662636
0.568768,552.997,8.63e-07
0.568804,553.13,0.132527
0.568982,553.207,0.0770534
0.569,553.219,0.012401
0.569,553.219,1.2945e-06
0.569018,553.285,0.0662636
0.569232,553.378,0.092464
0.56925,553.39,0.012401
0.56925,553.39,1.2945e-06
0.569268,553.456,0.0662636
0.569268,553.456,8.63e-07
0.569304,553.589,0.132527
0.569482,553.666,0.0770534
0.5695,553.678,0.012401
0.5695,553.678,1.2945e-06
0.569518,553.745,0.0662636
0.569732,553.837,0.092464
0.56975,553.849,0.012401
0.56975,553.849,1.2945e-06
0.569768,553.916,0.0662636
0.569768,553.916,8.63e-07
0.569804,554.048,0.132527
0.569982,554.125,0.0770534
0.57,554.138,0.012401
0.57,554.138,1.2945e-06
0.570018,554.204,0.0662636
0.570232,554.296,0.092464
0.57025,554.309,0.012401
0.57025,554.309,1.2945e-06
0.570268,554.375,0.0662636
0.570268,554.375,8.63e-07
0.570304,554.508,0.132527
0.570482,554.585,0.0770534
0.5705,554.597,0.012401
0.5705,554.597,1.2945e-06
0.570518,554.663,0.0662636
0.570732,554.756,0.092464
0.57075,554.768,0.012401
0.57075,554.768,1.2945e-06
0.570768,554.835,0.0662636
0.570768,554.835,8.63e-07
0.570804,554.967,0.132527
0.570982,555.044,0.0770534
0.571,555.056,0.012401
0.571,555.056,1.2945e-06
0.571018,555.123,0.0662636
0.571232,555.215,0.092464
0.57125,555.228,0.012401
0.57125,555.228,1.2945e-06
0.571268,555.294,0.0662636
0.571268,555.294,8.63e-07
0.571304,555.426,0.132527
0.571482,555.503,0.0770534
0.5715,555.516,0.012401
0.5715,555.516,1.2945e-06
0.571518,555.582,0.0662636
0.571732,555.675,0.092464
0.57175,555.687,0.012401
0.57175,555.687,1.2945e-06
0.571768,555.753,0.0662636
0.571768,555.753,8.63e-07
0.571804,555.886,0.132527
0.571982,555.963,0.0770534
0.572,555.975,0.012401
0.572,555.975,1.2945e-06
0.572018,556.042,0.0662636
0.572232,556.134,0.092464
0.57225,556.146,0.012401
0.57225,556.146,1.2945e-06
0.572268,556.213,0.0662636
0.572268,556.213,8.63e-07
0.572304,556.345,0.132527
0.572482,556.422,0.0770534
0.5725,556.435,0.012401
0.5725,556.435,1.2945e-06
0.572518,556.501,0.0662636
0.572732,556.593,0.092464
0.57275,556.606,0.012401
0.57275,556.606,1.2945e-06
0.572768,556.672,0.0662636
0.572768,556.672,8.63e-07
0.572804,556.805,0.132527
0.572982,556.882,0.0770534
0.573,556.894,0.012401
0.573,556.894,1.2945e-06
0.573018,556.96,0.0662636
0.573232,557.053,0.092464
0.57325,557.065,0.012401
0.57325,557.065,1.2945e-06
0.573268,557.131,0.0662636
0.573268,557.131,8.63e-07
0.573304,557.264,0.132527
0.573482,557.341,0.0770534
0.5735,557.353,0.012401
0.5735,557.353,1.2945e-06
0.573518,557.42,0.0662636
0.573732,557.512,0.092464
0.57375,557.525,0.012401
0.57375,557.525,1.2945e-06
0.573768,557.591,0.0662636
0.573768,557.591,8.63e-07
0.573804,557.723,0.132527
0.573982,557.8,0.0770534
0.574,557.813,0.012401
0.574,557.813,1.2945e-06
0.574018,557.879,0.0662636
0.574232,557.971,0.092464
0.57425,557.984,0.012401
0.57425,557.984,1.2945e-06
0.574268,558.05,0.0662636
0.574268,558.05,8.63e-07
0.574304,558.183,0.132527
0.574482,558.26,0.0770534
0.5745,558.272,0.012401
0.5745,558.272,1.2945e-06
0.574518,558.338,0.0662636
0.574732,558.431,0.092464
0.57475,558.443,0.012401
0.57475,558.443,1.2945e-06
0.574768,558.51,0.0662636
0.574768,558.51,8.63e-07
0.574804,558.642,0.132527
0.574982,558.719,0.0770534
0.575,558.732,0.012401
0.575,558.732,1.2945e-06
0.575018,558.798,0.0662636
0.575232,558.89,0.092464
0.57525,558.903,0.012401
0.57525,558.903,1.2945e-06
0.575268,558.969,0.0662636
0.575268,558.969,8.63e-07
0.575304,559.101,0.132527
0.575482,559.178,0.0770534
0.5755,559.191,0.012401
0.5755,559.191,1.2945e-06
0.575518,559.257,0.0662636
0.575732,559.35,0.092464
0.57575,559.362,0.012401
0.57575,559.362,1.2945e-06
0.575768,559.428,0.0662636
0.575768,559.428,8.63e-07
0.575804,559.561,0.132527
0.575982,559.638,0.0770534
0.576,559.65,0.012401
0.576,559.65,1.2945e-06
0.576018,559.717,0.0662636
0.576232,559.809,0.092464
0.57625,559.821,0.012401
0.57625,559.821,1.2945e-06
0.576268,559.888,0.0662636
0.576268,559.888,8.63e-07
0.576304,560.02,0.132527
0.576482,560.097,0.0770534
0.5765,560.11,0.012401
0.5765,560.11,1.2945e-06
0.576518,560.176,0.0662636
0.576732,560.268,0.092464
0.57675,560.281,0.012401
0.57675,560.281,1.2945e-06
0.576768,560.347,0.0662636
0.576768,560.347,8.63e-07
0.576804,560.48,0.132527
0.576982,560.557,0.0770534
0.577,560.569,0.012401
0.577,560.569,1.2945e-06
0.577018,560.635,0.0662636
0.577232,560.728,0.092464
0.57725,560.74,0.012401
0.57725,560.74,1.2945e-06
0.577268,560.806,0.0662636
0.577268,560.806,8.63e-07
0.577304,560.939,0.132527
0.577482,561.016,0.0770534
0.5775,561.028,0.012401
0.5775,561.028,1.2945e-06
0.577518,561.095,0.0662636
0.577732,561.187,0.092464
0.57775,561.2,0.012401
0.57775,561.2,1.2945e-06
0.577768,561.266,0.0662636
0.577768,561.266,8.63e-07
0.577804,561.398,0.132527
0.577982,561.475,0.0770534
0.578,561.488,0.012401
0.578,561.488,1.2945e-06
0.578018,561.554,0.0662636
0.578232,561.646,0.092464
0.57825,561.659,0.012401
0.57825,561.659,1.2945e-06
0.578268,561.725,0.0662636
0.578268,561.725,8.63e-07
0.578304,561.858,0.132527
0.578482,561.935,0.0770534
0.5785,561.947,0.012401
0.5785,561.947,1.2945e-06
0.578518,562.013,0.0662636
0.578732,562.106,0.092464
0.57875,562.118,0.012401
0.57875,562.118,1.2945e-06
0.578768,562.185,0.0662636
0.578768,562.185,8.63e-07
0.578804,562.317,0.132527
0.578982,562.394,0.0770534
0.579,562.407,0.012401
0.579,562.407,1.2945e-06
0.579018,562.473,0.0662636
0.579232,562.565,0.092464
0.57925,562.578,0.012401
0.57925,562.578,1.2945e-06
0.579268,562.644,0.0662636
0.579268,562.644,8.63e-07
0.579304,562.776,0.132527
0.579482,562.853,0.0770534
0.5795,562.866,0.012401
0.5795,562.866,1.2945e-06
0.579518,562.932,0.0662636
0.579732,563.025,0.092464
0.57975,563.037,0.012401
0.57975,563.037,1.2945e-06
0.579768,563.103,0.0662636
0.579768,563.103,8.63e-07
0.579804,563.236,0.132527
0.579982,563.313,0.0770534
0.58,563.325,0.012401
0.58,563.325,1.2945e-06
0.580018,563.392,0.0662636
0.580232,563.484,0.092464
0.58025,563.496,0.012401
0.58025,563.496,1.2945e-06
0.580268,563.563,0.0662636
0.580268,563.563,8.63e-07
0.580304,563.695,0.132527
0.580482,563.772,0.0770534
0.5805,563.785,0.012401
0.5805,563.785,1.2945e-06
0.580518,563.851,0.0662636
0.580732,563.943,0.092464
0.58075,563.956,0.012401
0.58075,563.956,1.2945e-06
0.580768,564.022,0.0662636
0.580768,564.022,8.63e-07
0.580804,564.155,0.132527
0.580982,564.232,0.0770534
0.581,564.244,0.012401
0.581,564.244,1.2945e-06
0.581018,564.31,0.0662636
0.581232,564.403,0.092464
0.58125,564.415,0.012401
0.58125,564.415,1.2945e-06
0.581268,564.481,0.0662636
0.581268,564.481,8.63e-07
0.581304,564.614,0.132527
0.581482,564.691,0.0770534
0.5815,564.703,0.012401
0.5815,564.703,1.2945e-06
0.581518,564.77,0.0662636
0.581732,564.862,0.092464
0.58175,564.875,0.012401
0.58175,564.875,1.2945e-06
0.581768,564.941,0.0662636
0.581768,564.941,8.63e-07
0.581804,565.073,0.132527
0.581982,565.15,0.0770534
0.582,565.163,0.012401
0.582,565.163,1.2945e-06
0.582018,565.229,0.0662636
0.582232,565.322,0.092464
0.58225,565.334,0.012401
0.58225,565.334,1.2945e-06
0.582268,565.4,0.0662636
0.582268,565.4,8.63e-07
0.582304,565.533,0.132527
0.582482,565.61,0.0770534
0.5825,565.622,0.012401
0.5825,565.622,1.2945e-06
0.582518,565.688,0.0662636
0.582732,565.781,0.092464
0.58275,565.793,0.012401
0.58275,565.793,1.2945e-06
0.582768,565.86,0.0662636
0.582768,565.86,8.63e-07
0.582804,565.992,0.132527
0.582982,566.069,0.0770534
0.583,566.082,0.012401
0.583,566.082,1.2945e-06
0.583018,566.148,0.0662636
0.583232,566.24,0.092464
0.58325,566.253,0.012401
0.58325,566.253,1.2945e-06
0.583268,566.319,0.0662636
0.583268,566.319,8.63e-07
0.583304,566.451,0.132527
0.583482,566.529,0.0770534
0.5835,566.541,0.012401
0.5835,566.541,1.2945e-06
0.583518,566.607,0.0662636
0.583732,566.7,0.092464
0.58375,566.712,0.012401
0.58375,566.712,1.2945e-06
0.583768,566.778,0.0662636
0.583768,566.778,8.63e-07
0.583804,566.911,0.132527
0.583982,566.988,0.0770534
0.584,567,0.012401
0.584,567,1.2945e-06
0.584018,567.067,0.0662636
0.584232,567.159,0.092464
0.58425,567.171,0.012401
0.58425,567.171,1.2945e-06
0.584268,567.238,0.0662636
0.584268,567.238,8.63e-07
0.584304,567.37,0.132527
0.584482,567.447,0.0770534
0.5845,567.46,0.012401
0.5845,567.46,1.2945e-06
0.584518,567.526,0.0662636
0.584732,567.618,0.092464
0.58475,567.631,0.012401
0.58475,567.631,1.2945e-06
0.584768,567.697,0.0662636
0.584768,567.697,8.63e-07
0.584804,567.83,0.132527
0.584982,567.907,0.0770534
0.585,567.919,0.012401
0.585,567.919,1.2945e-06
0.585018,567.985,0.0662636
0.585232,568.078,0.092464
0.58525,568.09,0.012401
0.58525,568.09,1.2945e-06
0.585268,568.156,0.0662636
0.585268,568.156,8.63e-07
0.585304,568.289,0.132527
0.585482,568.366,0.0770534
0.5855,568.378,0.012401
0.5855,568.378,1.2945e-06
0.585518,568.445,0.0662636
0.585732,568.537,0.092464
0.58575,568.55,0.012401
0.58575,568.55,1.2945e-06
0.585768,568.616,0.0662636
0.585768,568.616,8.63e-07
0.585804,568.748,0.132527
0.585982,568.825,0.0770534
0.586,568.838,0.012401
0.586,568.838,1.2945e-06
0.586018,568.904,0.0662636
0.586232,568.997,0.092464
0.58625,569.009,0.012401
0.58625,569.009,1.2945e-06
0.586268,569.075,0.0662636
0.586268,569.075,8.63e-07
0.586304,569.208,0.132527
0.586482,569.285,0.0770534
0.5865,569.297,0.012401
0.5865,569.297,1.2945e-06
0.586518,569.363,0.0662636
0.586732,569.456,0.092464
0.58675,569.468,0.012401
0.58675,569.468,1.2945e-06
0.586768,569.535,0.0662636
0.586768,569.535,8.63e-07
0.586804,569.667,0.132527
0.586982,569.744,0.0770534
0.587,569.757,0.012401
0.587,569.757,1.2945e-06
0.587018,569.823,0.0662636
0.587232,569.915,0.092464
0.58725,569.928,0.012401
0.58725,569.928,1.2945e-06
0.587268,569.994,0.0662636
0.587268,569.994,8.63e-07
0.587304,570.126,0.132527
0.587482,570.204,0.0770534
0.5875,570.216,0.012401
0.5875,570.216,1.2945e-06
0.587518,570.282,0.0662636
0.587732,570.375,0.092464
0.58775,570.387,0.012401
0.58775,570.387,1.2945e-06
0.587768,570.453,0.0662636
0.587768,570.453,8.63e-07
0.587804,570.586,0.132527
0.587982,570.663,0.0770534
0.588,570.675,0.012401
0.588,570.675,1.2945e-06
0.588018,570.742,0.0662636
0.588232,570.834,0.092464
0.58825,570.846,0.012401
0.58825,570.846,1.2945e-06
0.588268,570.913,0.0662636
0.588268,570.913,8.63e-07
0.588304,571.045,0.132527
0.588482,571.122,0.0770534
0.5885,571.135,0.012401
0.5885,571.135,1.2945e-06
0.588518,571.201,0.0662636
0.588732,571.293,0.092464
0.58875,571.306,0.012401
0.58875,571.306,1.2945e-06
0.588768,571.372,0.0662636
0.588768,571.372,8.63e-07
0.588804,571.505,0.132527
0.588982,571.582,0.0770534
0.589,571.594,0.012401
0.589,571.594,1.2945e-06
0.589018,571.66,0.0662636
0.589232,571.753,0.092464
0.58925,571.765,0.012401
0.58925,571.765,1.2945e-06
0.589268,571.831,0.0662636
0.589268,571.831,8.63e-07
0.589304,571.964,0.132527
0.589482,572.041,0.0770534
0.5895,572.053,0.012401
0.5895,572.053,1.2945e-06
0.589518,572.12,0.0662636
0.589732,572.212,0.092464
0.58975,572.225,0.012401
0.58975,572.225,1.2945e-06
0.589768,572.291,0.0662636
0.589768,572.291,8.63e-07
0.589804,572.423,0.132527
0.589982,572.5,0.0770534
0.59,572.513,0.012401
0.59,572.513,1.2945e-06
0.590018,572.579,0.0662636
0.590232,572.672,0.092464
0.59025,572.684,0.012401
0.59025,572.684,1.2945e-06
0.590268,572.75,0.0662636
0.590268,572.75,8.63e-07
0.590304,572.883,0.132527
0.590482,572.96,0.0770534
0.5905,572.972,0.012401
0.5905,572.972,1.2945e-06
0.590518,573.038,0.0662636
0.590732,573.131,0.092464
0.59075,573.143,0.012401
0.59075,573.143,1.2945e-06
0.590768,573.21,0.0662636
0.590768,573.21,8.63e-07
0.590804,573.342,0.132527
0.590982,573.419,0.0770534
0.591,573.432,0.012401
0.591,573.432,1.2945e-06
0.591018,573.498,0.0662636
0.591232,573.59,0.092464
0.59125,573.603,0.012401
0.59125,573.603,1.2945e-06
0.591268,573.669,0.0662636
0.591268,573.669,8.63e-07
0.591304,573.801,0.132527
0.591482,573.879,0.0770534
0.5915,573.891,0.012401
0.5915,573.891,1.2945e-06
0.591518,573.957,0.0662636
0.591732,574.05,0.092464
0.59175,574.062,0.012401
0.59175,574.062,1.2945e-06
0.591768,574.128,0.0662636
0.591768,574.128,8.63e-07
0.591804,574.261,0.132527
0.591982,574.338,0.0770534
0.592,574.35,0.012401
0.592,574.35,1.2945e-06
0.592018,574.417,0.0662636
0.592232,574.509,0.092464
0.59225,574.521,0.012401
0.59225,574.521,1.2945e-06
0.592268,574.588,0.0662636
0.592268,574.588,8.63e-07
0.592304,574.72,0.132527
0.592482,574.797,0.0770534
0.5925,574.81,0.012401
0.5925,574.81,1.2945e-06
0.592518,574.876,0.0662636
0.592732,574.968,0.092464
0.59275,574.981,0.012401
0.59275,574.981,1.2945e-06
0.592768,575.047,0.0662636
0.592768,575.047,8.63e-07
0.592804,575.18,0.132527
0.592982,575.257,0.0770534
0.593,575.269,0.012401
0.593,575.269,1.2945e-06
0.593018,575.335,0.0662636
0.593232,575.428,0.092464
0.59325,575.44,0.012401
0.59325,575.44,1.2945e-06
0.593268,575.506,0.0662636
0.593268,575.506,8.63e-07
0.593304,575.639,0.132527
0.593482,575.716,0.0770534
0.5935,575.728,0.012401
0.5935,575.728,1.2945e-06
0.593518,575.795,0.0662636
0.593732,575.887,0.092464
0.59375,575.9,0.012401
0.59375,575.9,1.2945e-06
0.593768,575.966,0.0662636
0.593768,575.966,8.63e-07
0.593804,576.098,0.132527
0.593982,576.175,0.0770534
0.594,576.188,0.012401
0.594,576.188,1.2945e-06
0.594018,576.254,0.0662636
0.594232,576.347,0.092464
0.59425,576.359,0.012401
0.59425,576.359,1.2945e-06
0.594268,576.425,0.0662636
0.594268,576.425,8.63e-07
0.594304,576.558,0.132527
0.594482,576.635,0.0770534
0.5945,576.647,0.012401
0.5945,576.647,1.2945e-06
0.594518,576.713,0.0662636
0.594732,576.806,0.092464
0.59475,576.818,0.012401
0.59475,576.818,1.2945e-06
0.594768,576.885,0.0662636
0.594768,576.885,8.63e-07
0.594804,577.017,0.132527
0.594982,577.094,0.0770534
0.595,577.107,0.012401
0.595,577.107,1.2945e-06
0.595018,577.173,0.0662636
0.595232,577.265,0.092464
0.59525,577.278,0.012401
0.59525,577.278,1.2945e-06
0.595268,577.344,0.0662636
0.595268,577.344,8.63e-07
0.595304,577.477,0.132527
0.595482,577.554,0.0770534
0.5955,577.566,0.012401
0.5955,577.566,1.2945e-06
0.595518,577.632,0.0662636
0.595732,577.725,0.092464
0.59575,577.737,0.012401
0.59575,577.737,1.2945e-06
0.595768,577.803,0.0662636
0.595768,577.803,8.63e-07
0.595804,577.936,0.132527
0.595982,578.013,0.0770534
0.596,578.025,0.012401
0.596,578.025,1.2945e-06
0.596018,578.092,0.0662636
0.596232,578.184,0.092464
0.59625,578.196,0.012401
0.59625,578.196,1.2945e-06
0.596268,578.263,0.0662636
0.596268,578.263,8.63e-07
0.596304,578.395,0.132527
0.596482,578.472,0.0770534
0.5965,578.485,0.012401
0.5965,578.485,1.2945e-06
0.596518,578.551,0.0662636
0.596732,578.643,0.092464
0.59675,578.656,0.012401
0.59675,578.656,1.2945e-06
0.596768,578.722,0.0662636
0.596768,578.722,8.63e-07
0.596804,578.855,0.132527
0.596982,578.932,0.0770534
0.597,578.944,0.012401
0.597,578.944,1.2945e-06
0.597018,579.01,0.0662636
0.597232,579.103,0.092464
0.59725,579.115,0.012401
0.59725,579.115,1.2945e-06
0.597268,579.181,0.0662636
0.597268,579.181,8.63e-07
0.597304,579.314,0.132527
0.597482,579.391,0.0770534
0.5975,579.403,0.012401
0.5975,579.403,1.2945e-06
0.597518,579.47,0.0662636
0.597732,579.562,0.092464
0.59775,579.575,0.012401
0.59775,579.575,1.2945e-06
0.597768,579.641,0.0662636
0.597768,579.641,8.63e-07
0.597804,579.773,0.132527
0.597982,579.85,0.0770534
0.598,579.863,0.012401
0.598,579.863,1.2945e-06
0.598018,579.929,0.0662636
0.598232,580.022,0.092464
0.59825,580.034,0.012401
0.59825,580.034,1.2945e-06
0.598268,580.1,0.0662636
0.598268,580.1,8.63e-07
0.598304,580.233,0.132527
0.598482,580.31,0.0770534
0.5985,580.322,0.012401
0.5985,580.322,1.2945e-06
0.598518,580.389,0.0662636
0.598732,580.481,0.092464
0.59875,580.493,0.012401
0.59875,580.493,1.2945e-06
0.598768,580.56,0.0662636
0.598768,580.56,8.63e-07
0.598804,580.692,0.132527
0.598982,580.769,0.0770534
0.599,580.782,0.012401
0.599,580.782,1.2945e-06
0.599018,580.848,0.0662636
0.599232,580.94,0.092464
0.59925,580.953,0.012401
0.59925,580.953,1.2945e-06
0.599268,581.019,0.0662636
0.599268,581.019,8.63e-07
0.599304,581.152,0.132527
0.599482,581.229,0.0770534
0.5995,581.241,0.012401
0.5995,581.241,1.2945e-06
0.599518,581.307,0.0662636
0.599732,581.4,0.092464
0.59975,581.412,0.012401
0.59975,581.412,1.2945e-06
0.599768,581.478,0.0662636
0.599768,581.478,8.63e-07
0.599804,581.611,0.132527
0.599982,581.688,0.0770534
0.6,581.7,0.012401
0.6,581.7,1.2945e-06
0.600018,581.767,0.0662636
0.600232,581.859,0.092464
0.60025,581.871,0.012401
0.60025,581.871,1.2945e-06
0.600268,581.938,0.0662636
0.600268,581.938,8.63e-07
0.600304,582.07,0.132527
0.600482,582.147,0.0770534
0.6005,582.16,0.012401
0.6005,582.16,1.2945e-06
0.600518,582.226,0.0662636
0.600732,582.318,0.092464
0.60075,582.331,0.012401
0.60075,582.331,1.2945e-06
0.600768,582.397,0.0662636
0.600768,582.397,8.63e-07
0.600804,582.53,0.132527
0.600982,582.607,0.0770534
0.601,582.619,0.012401
0.601,582.619,1.2945e-06
0.601018,582.685,0.0662636
0.601232,582.778,0.092464
0.60125,582.79,0.012401
0.60125,582.79,1.2945e-06
0.601268,582.857,0.0662636
0.601268,582.857,8.63e-07
0.601304,582.989,0.132527
0.601482,583.066,0.0770534
0.6015,583.078,0.012401
0.6015,583.079,1.2945e-06
0.601518,583.145,0.0662636
0.601732,583.237,0.092464
0.60175,583.25,0.012401
0.60175,583.25,1.2945e-06
0.601768,583.316,0.0662636
0.601768,583.316,8.63e-07
0.601804,583.448,0.132527
0.601982,583.525,0.0770534
0.602,583.538,0.012401
0.602,583.538,1.2945e-06
0.602018,583.604,0.0662636
0.602232,583.697,0.092464
0.60225,583.709,0.012401
0.60225,583.709,1.2945e-06
0.602268,583.775,0.0662636
0.602268,583.775,8.63e-07
0.602304,583.908,0.132527
0.602482,583.985,0.0770534
0.6025,583.997,0.012401
0.6025,583.997,1.2945e-06
0.602518,584.064,0.0662636
0.602732,584.156,0.092464
0.60275,584.168,0.012401
0.60275,584.168,1.2945e-06
0.602768,584.235,0.0662636
0.602768,584.235,8.63e-07
0.602804,584.367,0.132527
0.602982,584.444,0.0770534
0.603,584.457,0.012401
0.603,584.457,1.2945e-06
0.603018,584.523,0.0662636
0.603232,584.615,0.092464
0.60325,584.628,0.012401
0.60325,584.628,1.2945e-06
0.603268,584.694,0.0662636
0.603268,584.694,8.63e-07
0.603304,584.827,0.132527
0.603482,584.904,0.0770534
0.6035,584.916,0.012401
0.6035,584.916,1.2945e-06
0.603518,584.982,0.0662636
0.603732,585.075,0.092464
0.60375,585.087,0.012401
0.60375,585.087,1.2945e-06
0.603768,585.153,0.0662636
0.603768,585.153,8.63e-07
0.603804,585.286,0.132527
0.603982,585.363,0.0770534
0.604,585.375,0.012401
0.604,585.375,1.2945e-06
0.604018,585.442,0.0662636
0.604232,585.534,0.092464
0.60425,585.547,0.012401
0.60425,585.547,1.2945e-06
0.604268,585.613,0.0662636
0.604268,585.613,8.63e-07
0.604304,585.745,0.132527
0.604482,585.822,0.0770534
0.6045,585.835,0.012401
0.6045,585.835,1.2945e-06
0.604518,585.901,0.0662636
0.604732,585.993,0.092464
0.60475,586.006,0.012401
0.60475,586.006,1.2945e-06
0.604768,586.072,0.0662636
0.604768,586.072,8.63e-07
0.604804,586.205,0.132527
0.604982,586.282,0.0770534
0.605,586.294,0.012401
0.605,586.294,1.2945e-06
0.605018,586.36,0.0662636
0.605232,586.453,0.092464
0.60525,586.465,0.012401
0.60525,586.465,1.2945e-06
0.605268,586.532,0.0662636
0.605268,586.532,8.63e-07
0.605304,586.664,0.132527
0.605482,586.741,0.0770534
0.6055,586.754,0.012401
0.6055,586.754,1.2945e-06
0.605518,586.82,0.0662636
0.605732,586.912,0.092464
0.60575,586.925,0.012401
0.60575,586.925,1.2945e-06
0.605768,586.991,0.0662636
0.605768,586.991,8.63e-07
0.605804,587.123,0.132527
0.605982,587.2,0.0770534
0.606,587.213,0.012401
0.606,587.213,1.2945e-06
0.606018,587.279,0.0662636
0.606232,587.372,0.092464
0.60625,587.384,0.012401
0.60625,587.384,1.2945e-06
0.606268,587.45,0.0662636
0.606268,587.45,8.63e-07
0.606304,587.583,0.132527
0.606482,587.66,0.0770534
0.6065,587.672,0.012401
0.6065,587.672,1.2945e-06
0.606518,587.739,0.0662636
0.606732,587.831,0.092464
0.60675,587.843,0.012401
0.60675,587.843,1.2945e-06
0.606768,587.91,0.0662636
0.606768,587.91,8.63e-07
0.606804,588.042,0.132527
0.606982,588.119,0.0770534
0.607,588.132,0.012401
0.607,588.132,1.2945e-06
0.607018,588.198,0.0662636
0.607232,588.29,0.092464
0.60725,588.303,0.012401
0.60725,588.303,1.2945e-06
0.607268,588.369,0.0662636
0.607268,588.369,8.63e-07
0.607304,588.502,0.132527
0.607482,588.579,0.0770534
0.6075,588.591,0.012401
0.6075,588.591,1.2945e-06
0.607518,588.657,0.0662636
0.607732,588.75,0.092464
0.60775,588.762,0.012401
0.60775,588.762,1.2945e-06
0.607768,588.828,0.0662636
0.607768,588.828,8.63e-07
0.607804,588.961,0.132527
0.607982,589.038,0.0770534
0.608,589.05,0.012401
0.608,589.05,1.2945e-06
0.608018,589.117,0.0662636
0.608232,589.209,0.092464
0.60825,589.222,0.012401
0.60825,589.222,1.2945e-06
0.608268,589.288,0.0662636
0.608268,589.288,8.63e-07
0.608304,589.42,0.132527
0.608482,589.497,0.0770534
0.6085,589.51,0.012401
0.6085,589.51,1.2945e-06
0.608518,589.576,0.0662636
0.608732,589.669,0.092464
0.60875,589.681,0.012401
0.60875,589.681,1.2945e-06
0.608768,589.747,0.0662636
0.608768,589.747,8.63e-07
0.608804,589.88,0.132527
0.608982,589.957,0.0770534
0.609,589.969,0.012401
0.609,589.969,1.2945e-06
0.609018,590.035,0.0662636
0.609232,590.128,0.092464
0.60925,590.14,0.012401
0.60925,590.14,1.2945e-06
0.609268,590.207,0.0662636
0.609268,590.207,8.63e-07
0.609304,590.339,0.132527
0.609482,590.416,0.0770534
0.6095,590.429,0.012401
0.6095,590.429,1.2945e-06
0.609518,590.495,0.0662636
0.609732,590.587,0.092464
0.60975,590.6,0.012401
0.60975,590.6,1.2945e-06
0.609768,590.666,0.0662636
0.609768,590.666,8.63e-07
0.609804,590.798,0.132527
0.609982,590.876,0.0770534
0.61,590.888,0.012401
0.61,590.888,1.2945e-06
0.610018,590.954,0.0662636
0.610232,591.047,0.092464
0.61025,591.059,0.012401
0.61025,591.059,1.2945e-06
0.610268,591.125,0.0662636
0.610268,591.125,8.63e-07
0.610304,591.258,0.132527
0.610482,591.335,0.0770534
0.6105,591.347,0.012401
0.6105,591.347,1.2945e-06
0.610518,591.414,0.0662636
0.610732,591.506,0.092464
0.61075,591.518,0.012401
0.61075,591.518,1.2945e-06
0.610768,591.585,0.0662636
0.610768,591.585,8.63e-07
0.610804,591.717,0.132527
0.610982,591.794,0.0770534
0.611,591.807,0.012401
0.611,591.807,1.2945e-06
0.611018,591.873,0.0662636
0.611232,591.965,0.092464
0.61125,591.978,0.012401
0.61125,591.978,1.2945e-06
0.611268,592.044,0.0662636
0.611268,592.044,8.63e-07
0.611304,592.177,0.132527
0.611482,592.254,0.0770534
0.6115,592.266,0.012401
0.6115,592.266,1.2945e-06
0.611518,592.332,0.0662636
0.611732,592.425,0.092464
0.61175,592.437,0.012401
0.61175,592.437,1.2945e-06
0.611768,592.503,0.0662636
0.611768,592.503,8.63e-07
0.611804,592.636,0.132527
0.611982,592.713,0.0770534
0.612,592.725,0.012401
0.612,592.725,1.2945e-06
0.612018,592.792,0.0662636
0.612232,592.884,0.092464
0.61225,592.897,0.012401
0.61225,592.897,1.2945e-06
0.612268,592.963,0.0662636
0.612268,592.963,8.63e-07
0.612304,593.095,0.132527
0.612482,593.172,0.0770534
0.6125,593.185,0.012401
0.6125,593.185,1.2945e-06
0.612518,593.251,0.0662636
0.612732,593.344,0.092464
0.61275,593.356,0.012401
0.61275,593.356,1.2945e-06
0.612768,593.422,0.0662636
0.612768,593.422,8.63e-07
0.612804,593.555,0.132527
0.612982,593.632,0.0770534
0.613,593.644,0.012401
0.613,593.644,1.2945e-06
0.613018,593.71,0.0662636
0.613232,593.803,0.092464
0.61325,593.815,0.012401
0.61325,593.815,1.2945e-06
0.613268,593.882,0.0662636
0.613268,593.882,8.63e-07
0.613304,594.014,0.132527
0.613482,594.091,0.0770534
0.6135,594.104,0.012401
0.6135,594.104,1.2945e-06
0.613518,594.17,0.0662636
0.613732,594.262,0.092464
0.61375,594.275,0.012401
0.61375,594.275,1.2945e-06
0.613768,594.341,0.0662636
0.613768,594.341,8.63e-07
0.613804,594.473,0.132527
0.613982,594.551,0.0770534
0.614,594.563,0.012401
0.614,594.563,1.2945e-06
0.614018,594.629,0.0662636
0.614232,594.722,0.092464
0.61425,594.734,0.012401
0.61425,594.734,1.2945e-06
0.614268,594.8,0.0662636
0.614268,594.8,8.63e-07
0.614304,594.933,0.132527
0.614482,595.01,0.0770534
0.6145,595.022,0.012401
0.6145,595.022,1.2945e-06
0.614518,595.089,0.0662636
0.614732,595.181,0.092464
0.61475,595.193,0.012401
0.61475,595.193,1.2945e-06
0.614768,595.26,0.0662636
0.614768,595.26,8.63e-07
0.614804,595.392,0.132527
0.614982,595.469,0.0770534
0.615,595.482,0.012401
0.615,595.482,1.2945e-06
0.615018,595.548,0.0662636
0.615232,595.64,0.092464
0.61525,595.653,0.012401
0.61525,595.653,1.2945e-06
0.615268,595.719,0.0662636
0.615268,595.719,8.63e-07
0.615304,595.852,0.132527
0.615482,595.929,0.0770534
0.6155,595.941,0.012401
0.6155,595.941,1.2945e-06
0.615518,596.007,0.0662636
0.615732,596.1,0.092464
0.61575,596.112,0.012401
0.61575,596.112,1.2945e-06
0.615768,596.178,0.0662636
0.615768,596.178,8.63e-07
0.615804,596.311,0.132527
0.615982,596.388,0.0770534
0.616,596.4,0.012401
0.616,596.4,1.2945e-06
0.616018,596.467,0.0662636
0.616232,596.559,0.092464
0.61625,596.572,0.012401
0.61625,596.572,1.2945e-06
0.616268,596.638,0.0662636
0.616268,596.638,8.63e-07
0.616304,596.77,0.132527
0.616482,596.847,0.0770534
0.6165,596.86,0.012401
0.6165,596.86,1.2945e-06
0.616518,596.926,0.0662636
0.616732,597.019,0.092464
0.61675,597.031,0.012401
0.61675,597.031,1.2945e-06
0.616768,597.097,0.0662636
0.616768,597.097,8.63e-07
0.616804,597.23,0.132527
0.616982,597.307,0.0770534
0.617,597.319,0.012401
0.617,597.319,1.2945e-06
0.617018,597.385,0.0662636
0.617232,597.478,0.092464
0.61725,597.49,0.012401
0.61725,597.49,1.2945e-06
0.617268,597.557,0.0662636
0.617268,597.557,8.63e-07
0.617304,597.689,0.132527
0.617482,597.766,0.0770534
0.6175,597.779,0.012401
0.6175,597.779,1.2945e-06
0.617518,597.845,0.0662636
0.617732,597.937,0.092464
0.61775,597.95,0.012401
0.61775,597.95,1.2945e-06
0.617768,598.016,0.0662636
0.617768,598.016,8.63e-07
0.617804,598.148,0.132527
0.617982,598.226,0.0770534
0.618,598.238,0.012401
0.618,598.238,1.2945e-06
0.618018,598.304,0.0662636
0.618232,598.397,0.092464
0.61825,598.409,0.012401
0.61825,598.409,1.2945e-06
0.618268,598.475,0.0662636
0.618268,598.475,8.63e-07
0.618304,598.608,0.132527
0.618482,598.685,0.0770534
0.6185,598.697,0.012401
0.6185,598.697,1.2945e-06
0.618518,598.764,0.0662636
0.618732,598.856,0.092464
0.61875,598.868,0.012401
0.61875,598.868,1.2945e-06
0.618768,598.935,0.0662636
0.618768,598.935,8.63e-07
0.618804,599.067,0.132527
0.618982,599.144,0.0770534
0.619,599.157,0.012401
0.619,599.157,1.2945e-06
0.619018,599.223,0.0662636
0.619232,599.315,0.092464
0.61925,599.328,0.012401
0.61925,599.328,1.2945e-06
0.619268,599.394,0.0662636
0.619268,599.394,8.63e-07
0.619304,599.527,0.132527
0.619482,599.604,0.0770534
0.6195,599.616,0.012401
0.6195,599.616,1.2945e-06
0.619518,599.682,0.0662636
0.619732,599.775,0.092464
0.61975,599.787,0.012401
0.61975,599.787,1.2945e-06
0.619768,599.853,0.0662636
0.619768,599.853,8.63e-07
0.619804,599.986,0.132527
0.619982,600.063,0.0770534
0.62,600.075,0.012401
0.62,600.075,1.2945e-06
0.620018,600.142,0.0662636
0.620232,600.234,0.092464
0.62025,600.247,0.012401
0.62025,600.247,1.2945e-06
0.620268,600.313,0.0662636
0.620268,600.313,8.63e-07
0.620304,600.445,0.132527
0.620482,600.522,0.0770534
0.6205,600.535,0.012401
0.6205,600.535,1.2945e-06
0.620518,600.601,0.0662636
0.620732,600.694,0.092464
0.62075,600.706,0.012401
0.62075,600.706,1.2945e-06
0.620768,600.772,0.0662636
0.620768,600.772,8.63e-07
0.620804,600.905,0.132527
0.620982,600.982,0.0770534
0.621,600.994,0.012401
0.621,600.994,1.2945e-06
0.621018,601.06,0.0662636
0.621232,601.153,0.092464
0.62125,601.165,0.012401
0.62125,601.165,1.2945e-06
0.621268,601.232,0.0662636
0.621268,601.232,8.63e-07
0.621304,601.364,0.132527
0.621482,601.441,0.0770534
0.6215,601.454,0.012401
0.6215,601.454,1.2945e-06
0.621518,601.52,0.0662636
0.621732,601.612,0.092464
0.62175,601.625,0.012401
0.62175,601.625,1.2945e-06
0.621768,601.691,0.0662636
0.621768,601.691,8.63e-07
0.621804,601.824,0.132527
0.621982,601.901,0.0770534
0.622,601.913,0.012401
0.622,601.913,1.2945e-06
0.622018,601.979,0.0662636
0.622232,602.072,0.092464
0.62225,602.084,0.012401
0.62225,602.084,1.2945e-06
0.622268,602.15,0.0662636
0.622268,602.15,8.63e-07
0.622304,602.283,0.132527
0.622482,602.36,0.0770534
0.6225,602.372,0.012401
0.6225,602.372,1.2945e-06
0.622518,602.439,0.0662636
0.622732,602.531,0.092464
0.62275,602.543,0.012401
0.62275,602.543,1.2945e-06
0.622768,602.61,0.0662636
0.622768,602.61,8.63e-07
0.622804,602.742,0.132527
0.622982,602.819,0.0770534
0.623,602.832,0.012401
0.623,602.832,1.2945e-06
0.623018,602.898,0.0662636
0.623232,602.99,0.092464
0.62325,603.003,0.012401
0.62325,603.003,1.2945e-06
0.623268,603.069,0.0662636
0.623268,603.069,8.63e-07
0.623304,603.202,0.132527
0.623482,603.279,0.0770534
0.6235,603.291,0.012401
0.6235,603.291,1.2945e-06
0.623518,603.357,0.0662636
0.623732,603.45,0.092464
0.62375,603.462,0.012401
0.62375,603.462,1.2945e-06
0.623768,603.528,0.0662636
0.623768,603.528,8.63e-07
0.623804,603.661,0.132527
0.623982,603.738,0.0770534
0.624,603.75,0.012401
0.624,603.75,1.2945e-06
0.624018,603.817,0.0662636
0.624232,603.909,0.092464
0.62425,603.922,0.012401
0.62425,603.922,1.2945e-06
0.624268,603.988,0.0662636
0.624268,603.988,8.63e-07
0.624304,604.12,0.132527
0.624482,604.197,0.0770534
0.6245,604.21,0.012401
0.6245,604.21,1.2945e-06
0.624518,604.276,0.0662636
0.624732,604.369,0.092464
0.62475,604.381,0.012401
0.62475,604.381,1.2945e-06
0.624768,604.447,0.0662636
0.624768,604.447,8.63e-07
0.624804,604.58,0.132527
0.624982,604.657,0.0770534
0.625,604.669,0.012401
0.625,604.669,1.2945e-06
0.625018,604.735,0.0662636
0.625232,604.828,0.092464
0.62525,604.84,0.012401
0.62525,604.84,1.2945e-06
0.625268,604.907,0.0662636
0.625268,604.907,8.63e-07
0.625304,605.039,0.132527
0.625482,605.116,0.0770534
0.6255,605.129,0.012401
0.6255,605.129,1.2945e-06
0.625518,605.195,0.0662636
0.625732,605.287,0.092464
0.62575,605.3,0.012401
0.62575,605.3,1.2945e-06
0.625768,605.366,0.0662636
0.625768,605.366,8.63e-07
0.625804,605.499,0.132527
0.625982,605.576,0.0770534
0.626,605.588,0.012401
0.626,605.588,1.2945e-06
0.626018,605.654,0.0662636
0.626232,605.747,0.092464
0.62625,605.759,0.012401
0.62625,605.759,1.2945e-06
0.626268,605.825,0.0662636
0.626268,605.825,8.63e-07
0.626304,605.958,0.132527
0.626482,606.035,0.0770534
0.6265,606.047,0.012401
0.6265,606.047,1.2945e-06
0.626518,606.114,0.0662636
0.626732,606.206,0.092464
0.62675,606.218,0.012401
0.62675,606.218,1.2945e-06
0.626768,606.285,0.0662636
0.626768,606.285,8.63e-07
0.626804,606.417,0.132527
0.626982,606.494,0.0770534
0.627,606.507,0.012401
0.627,606.507,1.2945e-06
0.627018,606.573,0.0662636
0.627232,606.665,0.092464
0.62725,606.678,0.012401
0.62725,606.678,1.2945e-06
0.627268,606.744,0.0662636
0.627268,606.744,8.63e-07
0.627304,606.877,0.132527
0.627482,606.954,0.0770534
0.6275,606.966,0.012401
0.6275,606.966,1.2945e-06
0.627518,607.032,0.0662636
0.627732,607.125,0.092464
0.62775,607.137,0.012401
0.62775,607.137,1.2945e-06
0.627768,607.204,0.0662636
0.627768,607.204,8.63e-07
0.627804,607.336,0.132527
0.627982,607.413,0.0770534
0.628,607.425,0.012401
0.628,607.425,1.2945e-06
0.628018,607.492,0.0662636
0.628232,607.584,0.092464
0.62825,607.597,0.012401
0.62825,607.597,1.2945e-06
0.628268,607.663,0.0662636
0.628268,607.663,8.63e-07
0.628304,607.795,0.132527
0.628482,607.872,0.0770534
0.6285,607.885,0.012401
0.6285,607.885,1.2945e-06
0.628518,607.951,0.0662636
0.628732,608.044,0.092464
0.62875,608.056,0.012401
0.62875,608.056,1.2945e-06
0.628768,608.122,0.0662636
0.628768,608.122,8.63e-07
0.628804,608.255,0.132527
0.628982,608.332,0.0770534
0.629,608.344,0.012401
0.629,608.344,1.2945e-06
0.629018,608.411,0.0662636
0.629232,608.503,0.092464
0.62925,608.515,0.012401
0.62925,608.515,1.2945e-06
0.629268,608.582,0.0662636
0.629268,608.582,8.63e-07
0.629304,608.714,0.132527
0.629482,608.791,0.0770534
0.6295,608.804,0.012401
0.6295,608.804,1.2945e-06
0.629518,608.87,0.0662636
0.629732,608.962,0.092464
0.62975,608.975,0.012401
0.62975,608.975,1.2945e-06
0.629768,609.041,0.0662636
0.629768,609.041,8.63e-07
0.629804,609.174,0.132527
0.629982,609.251,0.0770534
0.63,609.263,0.012401
0.63,609.263,1.2945e-06
0.630018,609.329,0.0662636
0.630232,609.422,0.092464
0.63025,609.434,0.012401
0.63025,609.434,1.2945e-06
0.630268,609.5,0.0662636
0.630268,609.5,8.63e-07
0.630304,609.633,0.132527
0.630482,609.71,0.0770534
0.6305,609.722,0.012401
0.6305,609.722,1.2945e-06
0.630518,609.789,0.0662636
0.630732,609.881,0.092464
0.63075,609.894,0.012401
0.63075,609.894,1.2945e-06
0.630768,609.96,0.0662636
0.630768,609.96,8.63e-07
0.630804,610.092,0.132527
0.630982,610.169,0.0770534
0.631,610.182,0.012401
0.631,610.182,1.2945e-06
0.631018,610.248,0.0662636
0.631232,610.34,0.092464
0.63125,610.353,0.012401
0.63125,610.353,1.2945e-06
0.631268,610.419,0.0662636
0.631268,610.419,8.63e-07
0.631304,610.552,0.132527
0.631482,610.629,0.0770534
0.6315,610.641,0.012401
0.6315,610.641,1.2945e-06
0.631518,610.707,0.0662636
0.631732,610.8,0.092464
0.63175,610.812,0.012401
0.63175,610.812,1.2945e-06
0.631768,610.879,0.0662636
0.631768,610.879,8.63e-07
0.631804,611.011,0.132527
0.631982,611.088,0.0770534
0.632,611.101,0.012401
0.632,611.101,1.2945e-06
0.632018,611.167,0.0662636
0.632232,611.259,0.092464
0.63225,611.272,0.012401
0.63225,611.272,1.2945e-06
0.632268,611.338,0.0662636
0.632268,611.338,8.63e-07
0.632304,611.47,0.132527
0.632482,611.547,0.0770534
0.6325,611.56,0.012401
0.6325,611.56,1.2945e-06
0.632518,611.626,0.0662636
0.632732,611.719,0.092464
0.63275,611.731,0.012401
0.63275,611.731,1.2945e-06
0.632768,611.797,0.0662636
0.632768,611.797,8.63e-07
0.632804,611.93,0.132527
0.632982,612.007,0.0770534
0.633,612.019,0.012401
0.633,612.019,1.2945e-06
0.633018,612.086,0.0662636
0.633232,612.178,0.092464
0.63325,612.19,0.012401
0.63325,612.19,1.2945e-06
0.633268,612.257,0.0662636
0.633268,612.257,8.63e-07
0.633304,612.389,0.132527
0.633482,612.466,0.0770534
0.6335,612.479,0.012401
0.6335,612.479,1.2945e-06
0.633518,612.545,0.0662636
0.633732,612.637,0.092464
0.63375,612.65,0.012401
0.63375,612.65,1.2945e-06
0.633768,612.716,0.0662636
0.633768,612.716,8.63e-07
0.633804,612.849,0.132527
0.633982,612.926,0.0770534
0.634,612.938,0.012401
0.634,612.938,1.2945e-06
0.634018,613.004,0.0662636
0.634232,613.097,0.092464
0.63425,613.109,0.012401
0.63425,613.109,1.2945e-06
0.634268,613.175,0.0662636
0.634268,613.175,8.63e-07
0.634304,613.308,0.132527
0.634482,613.385,0.0770534
0.6345,613.397,0.012401
0.6345,613.397,1.2945e-06
0.634518,613.464,0.0662636
0.634732,613.556,0.092464
0.63475,613.569,0.012401
0.63475,613.569,1.2945e-06
0.634768,613.635,0.0662636
0.634768,613.635,8.63e-07
0.634804,613.767,0.132527
0.634982,613.844,0.0770534
0.635,613.857,0.012401
0.635,613.857,1.2945e-06
0.635018,613.923,0.0662636
0.635232,614.016,0.092464
0.63525,614.028,0.012401
0.63525,614.028,1.2945e-06
0.635268,614.094,0.0662636
0.635268,614.094,8.63e-07
0.635304,614.227,0.132527
0.635482,614.304,0.0770534
0.6355,614.316,0.012401
0.6355,614.316,1.2945e-06
0.635518,614.382,0.0662636
0.635732,614.475,0.092464
0.63575,614.487,0.012401
0.63575,614.487,1.2945e-06
0.635768,614.554,0.0662636
0.635768,614.554,8.63e-07
0.635804,614.686,0.132527
0.635982,614.763,0.0770534
0.636,614.776,0.012401
0.636,614.776,1.2945e-06
0.636018,614.842,0.0662636
0.636232,614.934,0.092464
0.63625,614.947,0.012401
0.63625,614.947,1.2945e-06
0.636268,615.013,0.0662636
0.636268,615.013,8.63e-07
0.636304,615.145,0.132527
0.636482,615.223,0.0770534
0.6365,615.235,0.012401
0.6365,615.235,1.2945e-06
0.636518,615.301,0.0662636
0.636732,615.394,0.092464
0.63675,615.406,0.012401
0.63675,615.406,1.2945e-06
0.636768,615.472,0.0662636
0.636768,615.472,8.63e-07
0.636804,615.605,0.132527
0.636982,615.682,0.0770534
0.637,615.694,0.012401
0.637,615.694,1.2945e-06
0.637018,615.761,0.0662636
0.637232,615.853,0.092464
0.63725,615.865,0.012401
0.63725,615.865,1.2945e-06
0.637268,615.932,0.0662636
0.637268,615.932,8.63e-07
0.637304,616.064,0.132527
0.637482,616.141,0.0770534
0.6375,616.154,0.012401
0.6375,616.154,1.2945e-06
0.637518,616.22,0.0662636
0.637732,616.312,0.092464
0.63775,616.325,0.012401
0.63775,616.325,1.2945e-06
0.637768,616.391,0.0662636
0.637768,616.391,8.63e-07
0.637804,616.524,0.132527
0.637982,616.601,0.0770534
0.638,616.613,0.012401
0.638,616.613,1.2945e-06
0.638018,616.679,0.0662636
0.638232,616.772,0.092464
0.63825,616.784,0.012401
0.63825,616.784,1.2945e-06
0.638268,616.85,0.0662636
0.638268,616.85,8.63e-07
0.638304,616.983,0.132527
0.638482,617.06,0.0770534
0.6385,617.072,0.012401
0.6385,617.072,1.2945e-06
0.638518,617.139,0.0662636
0.638732,617.231,0.092464
0.63875,617.244,0.012401
0.63875,617.244,1.2945e-06
0.638768,617.31,0.0662636
0.638768,617.31,8.63e-07
0.638804,617.442,0.132527
0.638982,617.519,0.0770534
0.639,617.532,0.012401
0.639,617.532,1.2945e-06
0.639018,617.598,0.0662636
0.639232,617.691,0.092464
0.63925,617.703,0.012401
0.63925,617.703,1.2945e-06
0.639268,617.769,0.0662636
0.639268,617.769,8.63e-07
0.639304,617.902,0.132527
0.639482,617.979,0.0770534
0.6395,617.991,0.012401
0.6395,617.991,1.2945e-06
0.639518,618.057,0.0662636
0.639732,618.15,0.092464
0.63975,618.162,0.012401
0.63975,618.162,1.2945e-06
0.639768,618.229,0.0662636
0.639768,618.229,8.63e-07
0.639804,618.361,0.132527
0.639982,618.438,0.0770534
0.64,618.451,0.012401
0.64,618.451,1.2945e-06
0.640018,618.517,0.0662636
0.640232,618.609,0.092464
0.64025,618.622,0.012401
0.64025,618.622,1.2945e-06
0.640268,618.688,0.0662636
0.640268,618.688,8.63e-07
0.640304,618.82,0.132527
0.640482,618.898,0.0770534
0.6405,618.91,0.012401
0.6405,618.91,1.2945e-06
0.640518,618.976,0.0662636
0.640732,619.069,0.092464
0.64075,619.081,0.012401
0.64075,619.081,1.2945e-06
0.640768,619.147,0.0662636
0.640768,619.147,8.63e-07
0.640804,619.28,0.132527
0.640982,619.357,0.0770534
0.641,619.369,0.012401
0.641,619.369,1.2945e-06
0.641018,619.436,0.0662636
0.641232,619.528,0.092464
0.64125,619.54,0.012401
0.64125,619.54,1.2945e-06
0.641268,619.607,0.0662636
0.641268,619.607,8.63e-07
0.641304,619.739,0.132527
0.641482,619.816,0.0770534
0.6415,619.829,0.012401
0.6415,619.829,1.2945e-06
0.641518,619.895,0.0662636
0.641732,619.987,0.092464
0.64175,620,0.012401
0.64175,620,1.2945e-06
0.641768,620.066,0.0662636
0.641768,620.066,8.63e-07
0.641804,620.199,0.132527
0.641982,620.276,0.0770534
0.642,620.288,0.012401
0.642,620.288,1.2945e-06
0.642018,620.354,0.0662636
0.642232,620.447,0.092464
0.64225,620.459,0.012401
0.64225,620.459,1.2945e-06
0.642268,620.525,0.0662636
0.642268,620.525,8.63e-07
0.642304,620.658,0.132527
0.642482,620.735,0.0770534
0.6425,620.747,0.012401
0.6425,620.747,1.2945e-06
0.642518,620.814,0.0662636
0.642732,620.906,0.092464
0.64275,620.919,0.012401
0.64275,620.919,1.2945e-06
0.642768,620.985,0.0662636
0.642768,620.985,8.63e-07
0.642804,621.117,0.132527
0.642982,621.194,0.0770534
0.643,621.207,0.012401
0.643,621.207,1.2945e-06
0.643018,621.273,0.0662636
0.643232,621.366,0.092464
0.64325,621.378,0.012401
0.64325,621.378,1.2945e-06
0.643268,621.444,0.0662636
0.643268,621.444,8.63e-07
0.643304,621.577,0.132527
0.643482,621.654,0.0770534
0.6435,621.666,0.012401
0.6435,621.666,1.2945e-06
0.643518,621.732,0.0662636
0.643732,621.825,0.092464
0.64375,621.837,0.012401
0.64375,621.837,1.2945e-06
0.643768,621.904,0.0662636
0.643768,621.904,8.63e-07
0.643804,622.036,0.132527
0.643982,622.113,0.0770534
0.644,622.126,0.012401
0.644,622.126,1.2945e-06
0.644018,622.192,0.0662636
0.644232,622.284,0.092464
0.64425,622.297,0.012401
0.64425,622.297,1.2945e-06
0.644268,622.363,0.0662636
0.644268,622.363,8.63e-07
0.644304,622.495,0.132527
0.644482,622.573,0.0770534
0.6445,622.585,0.012401
0.6445,622.585,1.2945e-06
0.644518,622.651,0.0662636
0.644732,622.744,0.092464
0.64475,622.756,0.012401
0.64475,622.756,1.2945e-06
0.644768,622.822,0.0662636
0.644768,622.822,8.63e-07
0.644804,622.955,0.132527
0.644982,623.032,0.0770534
0.645,623.044,0.012401
0.645,623.044,1.2945e-06
0.645018,623.111,0.0662636
0.645232,623.203,0.092464
0.64525,623.215,0.012401
0.64525,623.215,1.2945e-06
0.645268,623.282,0.0662636
0.645268,623.282,8.63e-07
0.645304,623.414,0.132527
0.645482,623.491,0.0770534
0.6455,623.504,0.012401
0.6455,623.504,1.2945e-06
0.645518,623.57,0.0662636
0.645732,623.662,0.092464
0.64575,623.675,0.012401
0.64575,623.675,1.2945e-06
0.645768,623.741,0.0662636
0.645768,623.741,8.63e-07
0.645804,623.874,0.132527
0.645982,623.951,0.0770534
0.646,623.963,0.012401
0.646,623.963,1.2945e-06
0.646018,624.029,0.0662636
0.646232,624.122,0.092464
0.64625,624.134,0.012401
0.64625,624.134,1.2945e-06
0.646268,624.2,0.0662636
0.646268,624.2,8.63e-07
0.646304,624.333,0.132527
0.646482,624.41,0.0770534
0.6465,624.422,0.012401
0.6465,624.422,1.2945e-06
0.646518,624.489,0.0662636
0.646732,624.581,0.092464
0.64675,624.594,0.012401
0.64675,624.594,1.2945e-06
0.646768,624.66,0.0662636
0.646768,624.66,8.63e-07
0.646804,624.792,0.132527
0.646982,624.869,0.0770534
0.647,624.882,0.012401
0.647,624.882,1.2945e-06
0.647018,624.948,0.0662636
0.647232,625.041,0.092464
0.64725,625.053,0.012401
0.64725,625.053,1.2945e-06
0.647268,625.119,0.0662636
0.647268,625.119,8.63e-07
0.647304,625.252,0.132527
0.647482,625.329,0.0770534
0.6475,625.341,0.012401
0.6475,625.341,1.2945e-06
0.647518,625.407,0.0662636
0.647732,625.5,0.092464
0.64775,625.512,0.012401
0.64775,625.512,1.2945e-06
0.647768,625.579,0.0662636
0.647768,625.579,8.63e-07
0.647804,625.711,0.132527
0.647982,625.788,0.0770534
0.648,625.801,0.012401
0.648,625.801,1.2945e-06
0.648018,625.867,0.0662636
0.648232,625.959,0.092464
0.64825,625.972,0.012401
0.64825,625.972,1.2945e-06
0.648268,626.038,0.0662636
0.648268,626.038,8.63e-07
0.648304,626.171,0.132527
0.648482,626.248,0.0770534
0.6485,626.26,0.012401
0.6485,626.26,1.2945e-06
0.648518,626.326,0.0662636
0.648732,626.419,0.092464
0.64875,626.431,0.012401
0.64875,626.431,1.2945e-06
0.648768,626.497,0.0662636
0.648768,626.497,8.63e-07
0.648804,626.63,0.132527
0.648982,626.707,0.0770534
0.649,626.719,0.012401
0.649,626.719,1.2945e-06
0.649018,626.786,0.0662636
0.649232,626.878,0.092464
0.64925,626.89,0.012401
0.64925,626.89,1.2945e-06
0.649268,626.957,0.0662636
0.649268,626.957,8.63e-07
0.649304,627.089,0.132527
0.649482,627.166,0.0770534
0.6495,627.179,0.012401
0.6495,627.179,1.2945e-06
0.649518,627.245,0.0662636
0.649732,627.337,0.092464
0.64975,627.35,0.012401
0.64975,627.35,1.2945e-06
0.649768,627.416,0.0662636
0.649768,627.416,8.63e-07
0.649804,627.549,0.132527
0.649982,627.626,0.0770534
0.65,627.638,0.012401
0.65,627.638,1.2945e-06
0.650018,627.704,0.0662636
0.650232,627.797,0.092464
0.65025,627.809,0.012401
0.65025,627.809,1.2945e-06
0.650268,627.875,0.0662636
0.650268,627.875,8.63e-07
0.650304,628.008,0.132527
0.650482,628.085,0.0770534
0.6505,628.097,0.012401
0.6505,628.097,1.2945e-06
0.650518,628.164,0.0662636
0.650732,628.256,0.092464
0.65075,628.269,0.012401
0.65075,628.269,1.2945e-06
0.650768,628.335,0.0662636
0.650768,628.335,8.63e-07
0.650804,628.467,0.132527
0.650982,628.544,0.0770534
0.651,628.557,0.012401
0.651,628.557,1.2945e-06
0.651018,628.623,0.0662636
0.651232,628.716,0.092464
0.65125,628.728,0.012401
0.65125,628.728,1.2945e-06
0.651268,628.794,0.0662636
0.651268,628.794,8.63e-07
0.651304,628.927,0.132527
0.651482,629.004,0.0770534
0.6515,629.016,0.012401
0.6515,629.016,1.2945e-06
0.651518,629.082,0.0662636
0.651732,629.175,0.092464
0.65175,629.187,0.012401
0.65175,629.187,1.2945e-06
0.651768,629.254,0.0662636
0.651768,629.254,8.63e-07
0.651804,629.386,0.132527
0.651982,629.463,0.0770534
0.652,629.476,0.012401
0.652,629.476,1.2945e-06
0.652018,629.542,0.0662636
0.652232,629.634,0.092464
0.65225,629.647,0.012401
0.65225,629.647,1.2945e-06
0.652268,629.713,0.0662636
0.652268,629.713,8.63e-07
0.652304,629.846,0.132527
0.652482,629.923,0.0770534
0.6525,629.935,0.012401
0.6525,629.935,1.2945e-06
0.652518,630.001,0.0662636
0.652732,630.094,0.092464
0.65275,630.106,0.012401
0.65275,630.106,1.2945e-06
0.652768,630.172,0.0662636
0.652768,630.172,8.63e-07
0.652804,630.305,0.132527
0.652982,630.382,0.0770534
0.653,630.394,0.012401
0.653,630.394,1.2945e-06
0.653018,630.461,0.0662636
0.653232,630.553,0.092464
0.65325,630.565,0.012401
0.65325,630.565,1.2945e-06
0.653268,630.632,0.0662636
0.653268,630.632,8.63e-07
0.653304,630.764,0.132527
0.653482,630.841,0.0770534
0.6535,630.854,0.012401
0.6535,630.854,1.2945e-06
0.653518,630.92,0.0662636
0.653732,631.012,0.092464
0.65375,631.025,0.012401
0.65375,631.025,1.2945e-06
0.653768,631.091,0.0662636
0.653768,631.091,8.63e-07
0.653804,631.224,0.132527
0.653982,631.301,0.0770534
0.654,631.313,0.012401
0.654,631.313,1.2945e-06
0.654018,631.379,0.0662636
0.654232,631.472,0.092464
0.65425,631.484,0.012401
0.65425,631.484,1.2945e-06
0.654268,631.551,0.0662636
0.654268,631.551,8.63e-07
0.654304,631.683,0.132527
0.654482,631.76,0.0770534
0.6545,631.772,0.012401
0.6545,631.772,1.2945e-06
0.654518,631.839,0.0662636
0.654732,631.931,0.092464
0.65475,631.944,0.012401
0.65475,631.944,1.2945e-06
0.654768,632.01,0.0662636
0.654768,632.01,8.63e-07
0.654804,632.142,0.132527
0.654982,632.219,0.0770534
0.655,632.232,0.012401
0.655,632.232,1.2945e-06
0.655018,632.298,0.0662636
0.655232,632.391,0.092464
0.65525,632.403,0.012401
0.65525,632.403,1.2945e-06
0.655268,632.469,0.0662636
0.655268,632.469,8.63e-07
0.655304,632.602,0.132527
0.655482,632.679,0.0770534
0.6555,632.691,0.012401
0.6555,632.691,1.2945e-06
0.655518,632.758,0.0662636
0.655732,632.85,0.092464
0.65575,632.862,0.012401
0.65575,632.862,1.2945e-06
0.655768,632.929,0.0662636
0.655768,632.929,8.63e-07
0.655804,633.061,0.132527
0.655982,633.138,0.0770534
0.656,633.151,0.012401
0.656,633.151,1.2945e-06
0.656018,633.217,0.0662636
0.656232,633.309,0.092464
0.65625,633.322,0.012401
0.65625,633.322,1.2945e-06
0.656268,633.388,0.0662636
0.656268,633.388,8.63e-07
0.656304,633.521,0.132527
0.656482,633.598,0.0770534
0.6565,633.61,0.012401
0.6565,633.61,1.2945e-06
0.656518,633.676,0.0662636
0.656732,633.769,0.092464
0.65675,633.781,0.012401
0.65675,633.781,1.2945e-06
0.656768,633.847,0.0662636
0.656768,633.847,8.63e-07
0.656804,633.98,0.132527
0.656982,634.057,0.0770534
0.657,634.069,0.012401
0.657,634.069,1.2945e-06
0.657018,634.136,0.0662636
0.657232,634.228,0.092464
0.65725,634.241,0.012401
0.65725,634.241,1.2945e-06
0.657268,634.307,0.0662636
0.657268,634.307,8.63e-07
0.657304,634.439,0.132527
0.657482,634.516,0.0770534
0.6575,634.529,0.012401
0.6575,634.529,1.2945e-06
0.657518,634.595,0.0662636
0.657732,634.687,0.092464
0.65775,634.7,0.012401
0.65775,634.7,1.2945e-06
0.657768,634.766,0.0662636
0.657768,634.766,8.63e-07
0.657804,634.899,0.132527
0.657982,634.976,0.0770534
0.658,634.988,0.012401
0.658,634.988,1.2945e-06
0.658018,635.054,0.0662636
0.658232,635.147,0.092464
0.65825,635.159,0.012401
0.65825,635.159,1.2945e-06
0.658268,635.226,0.0662636
0.658268,635.226,8.63e-07
0.658304,635.358,0.132527
0.658482,635.435,0.0770534
0.6585,635.448,0.012401
0.6585,635.448,1.2945e-06
0.658518,635.514,0.0662636
0.658732,635.606,0.092464
0.65875,635.619,0.012401
0.65875,635.619,1.2945e-06
0.658768,635.685,0.0662636
0.658768,635.685,8.63e-07
0.658804,635.817,0.132527
0.658982,635.894,0.0770534
0.659,635.907,0.012401
0.659,635.907,1.2945e-06
0.659018,635.973,0.0662636
0.659232,636.066,0.092464
0.65925,636.078,0.012401
0.65925,636.078,1.2945e-06
0.659268,636.144,0.0662636
0.659268,636.144,8.63e-07
0.659304,636.277,0.132527
0.659482,636.354,0.0770534
0.6595,636.366,0.012401
0.6595,636.366,1.2945e-06
0.659518,636.433,0.0662636
0.659732,636.525,0.092464
0.65975,636.537,0.012401
0.65975,636.537,1.2945e-06
0.659768,636.604,0.0662636
0.659768,636.604,8.63e-07
0.659804,636.736,0.132527
0.659982,636.813,0.0770534
0.66,636.826,0.012401
0.66,636.826,1.2945e-06
0.660018,636.892,0.0662636
0.660232,636.984,0.092464
0.66025,636.997,0.012401
0.66025,636.997,1.2945e-06
0.660268,637.063,0.0662636
0.660268,637.063,8.63e-07
0.660304,637.196,0.132527
0.660482,637.273,0.0770534
0.6605,637.285,0.012401
0.6605,637.285,1.2945e-06
0.660518,637.351,0.0662636
0.660732,637.444,0.092464
0.66075,637.456,0.012401
0.66075,637.456,1.2945e-06
0.660768,637.522,0.0662636
0.660768,637.522,8.63e-07
0.660804,637.655,0.132527
0.660982,637.732,0.0770534
0.661,637.744,0.012401
0.661,637.744,1.2945e-06
0.661018,637.811,0.0662636
0.661232,637.903,0.092464
0.66125,637.916,0.012401
0.66125,637.916,1.2945e-06
0.661268,637.982,0.0662636
0.661268,637.982,8.63e-07
0.661304,638.114,0.132527
0.661482,638.191,0.0770534
0.6615,638.204,0.012401
0.6615,638.204,1.2945e-06
0.661518,638.27,0.0662636
0.661732,638.363,0.092464
0.66175,638.375,0.012401
0.66175,638.375,1.2945e-06
0.661768,638.441,0.0662636
0.661768,638.441,8.63e-07
0.661804,638.574,0.132527
0.661982,638.651,0.0770534
0.662,638.663,0.012401
0.662,638.663,1.2945e-06
0.662018,638.729,0.0662636
0.662232,638.822,0.092464
0.66225,638.834,0.012401
0.66225,638.834,1.2945e-06
0.662268,638.901,0.0662636
0.662268,638.901,8.63e-07
0.662304,639.033,0.132527
0.662482,639.11,0.0770534
0.6625,639.123,0.012401
0.6625,639.123,1.2945e-06
0.662518,639.189,0.0662636
0.662732,639.281,0.092464
0.66275,639.294,0.012401
0.66275,639.294,1.2945e-06
0.662768,639.36,0.0662636
0.662768,639.36,8.63e-07
0.662804,639.492,0.132527
0.662982,639.57,0.0770534
0.663,639.582,0.012401
0.663,639.582,1.2945e-06
0.663018,639.648,0.0662636
0.663232,639.741,0.092464
0.66325,639.753,0.012401
0.66325,639.753,1.2945e-06
0.663268,639.819,0.0662636
0.663268,639.819,8.63e-07
0.663304,639.952,0.132527
0.663482,640.029,0.0770534
0.6635,640.041,0.012401
0.6635,640.041,1.2945e-06
0.663518,640.108,0.0662636
0.663732,640.2,0.092464
0.66375,640.212,0.012401
0.66375,640.212,1.2945e-06
0.663768,640.279,0.0662636
0.663768,640.279,8.63e-07
0.663804,640.411,0.132527
0.663982,640.488,0.0770534
0.664,640.501,0.012401
0.664,640.501,1.2945e-06
0.664018,640.567,0.0662636
0.664232,640.659,0.092464
0.66425,640.672,0.012401
0.66425,640.672,1.2945e-06
0.664268,640.738,0.0662636
0.664268,640.738,8.63e-07
0.664304,640.871,0.132527
0.664482,640.948,0.0770534
0.6645,640.96,0.012401
0.6645,640.96,1.2945e-06
0.664518,641.026,0.0662636
0.664732,641.119,0.092464
0.66475,641.131,0.012401
0.66475,641.131,1.2945e-06
0.664768,641.197,0.0662636
0.664768,641.197,8.63e-07
0.664804,641.33,0.132527
0.664982,641.407,0.0770534
0.665,641.419,0.012401
0.665,641.419,1.2945e-06
0.665018,641.486,0.0662636
0.665232,641.578,0.092464
0.66525,641.591,0.012401
0.66525,641.591,1.2945e-06
0.665268,641.657,0.0662636
0.665268,641.657,8.63e-07
0.665304,641.789,0.132527
0.665482,641.866,0.0770534
0.6655,641.879,0.012401
0.6655,641.879,1.2945e-06
0.665518,641.945,0.0662636
0.665732,642.038,0.092464
0.66575,642.05,0.012401
0.66575,642.05,1.2945e-06
0.665768,642.116,0.0662636
0.665768,642.116,8.63e-07
0.665804,642.249,0.132527
0.665982,642.326,0.0770534
0.666,642.338,0.012401
0.666,642.338,1.2945e-06
0.666018,642.404,0.0662636
0.666232,642.497,0.092464
0.66625,642.509,0.012401
0.66625,642.509,1.2945e-06
0.666268,642.576,0.0662636
0.666268,642.576,8.63e-07
0.666304,642.708,0.132527
0.666482,642.785,0.0770534
0.6665,642.798,0.012401
0.6665,642.798,1.2945e-06
0.666518,642.864,0.0662636
0.666732,642.956,0.092464
0.66675,642.969,0.012401
0.66675,642.969,1.2945e-06
0.666768,643.035,0.0662636
0.666768,643.035,8.63e-07
0.666804,643.167,0.132527
0.666982,643.245,0.0770534
0.667,643.257,0.012401
0.667,643.257,1.2945e-06
0.667018,643.323,0.0662636
0.667232,643.416,0.092464
0.66725,643.428,0.012401
0.66725,643.428,1.2945e-06
0.667268,643.494,0.0662636
0.667268,643.494,8.63e-07
0.667304,643.627,0.132527
0.667482,643.704,0.0770534
0.6675,643.716,0.012401
0.6675,643.716,1.2945e-06
0.667518,643.783,0.0662636
0.667732,643.875,0.092464
0.66775,643.887,0.012401
0.66775,643.887,1.2945e-06
0.667768,643.954,0.0662636
0.667768,643.954,8.63e-07
0.667804,644.086,0.132527
0.667982,644.163,0.0770534
0.668,644.176,0.012401
0.668,644.176,1.2945e-06
0.668018,644.242,0.0662636
0.668232,644.334,0.092464
0.66825,644.347,0.012401
0.66825,644.347,1.2945e-06
0.668268,644.413,0.0662636
0.668268,644.413,8.63e-07
0.668304,644.546,0.132527
0.668482,644.623,0.0770534
0.6685,644.635,0.012401
0.6685,644.635,1.2945e-06
0.668518,644.701,0.0662636
0.668732,644.794,0.092464
0.66875,644.806,0.012401
0.66875,644.806,1.2945e-06
0.668768,644.872,0.0662636
0.668768,644.872,8.63e-07
0.668804,645.005,0.132527
0.668982,645.082,0.0770534
0.669,645.094,0.012401
0.669,645.094,1.2945e-06
0.669018,645.161,0.0662636
0.669232,645.253,0.092464
0.66925,645.266,0.012401
0.66925,645.266,1.2945e-06
0.669268,645.332,0.0662636
0.669268,645.332,8.63e-07
0.669304,645.464,0.132527
0.669482,645.541,0.0770534
0.6695,645.554,0.012401
0.6695,645.554,1.2945e-06
0.669518,645.62,0.0662636
0.669732,645.713,0.092464
0.66975,645.725,0.012401
0.66975,645.725,1.2945e-06
0.669768,645.791,0.0662636
0.669768,645.791,8.63e-07
0.669804,645.924,0.132527
0.669982,646.001,0.0770534
0.67,646.013,0.012401
0.67,646.013,1.2945e-06
0.670018,646.079,0.0662636
0.670232,646.172,0.092464
0.67025,646.184,0.012401
0.67025,646.184,1.2945e-06
0.670268,646.251,0.0662636
0.670268,646.251,8.63e-07
0.670304,646.383,0.132527
0.670482,646.46,0.0770534
0.6705,646.473,0.012401
0.6705,646.473,1.2945e-06
0.670518,646.539,0.0662636
0.670732,646.631,0.092464
0.67075,646.644,0.012401
0.67075,646.644,1.2945e-06
0.670768,646.71,0.0662636
0.670768,646.71,8.63e-07
0.670804,646.842,0.132527
0.670982,646.92,0.0770534
0.671,646.932,0.012401
0.671,646.932,1.2945e-06
0.671018,646.998,0.0662636
0.671232,647.091,0.092464
0.67125,647.103,0.012401
0.67125,647.103,1.2945e-06
0.671268,647.169,0.0662636
0.671268,647.169,8.63e-07
0.671304,647.302,0.132527
0.671482,647.379,0.0770534
0.6715,647.391,0.012401
0.6715,647.391,1.2945e-06
0.671518,647.458,0.0662636
0.671732,647.55,0.092464
0.67175,647.562,0.012401
0.67175,647.562,1.2945e-06
0.671768,647.629,0.0662636
0.671768,647.629,8.63e-07
0.671804,647.761,0.132527
0.671982,647.838,0.0770534
0.672,647.851,0.012401
0.672,647.851,1.2945e-06
0.672018,647.917,0.0662636
0.672232,648.009,0.092464
0.67225,648.022,0.012401
0.67225,648.022,1.2945e-06
0.672268,648.088,0.0662636
0.672268,648.088,8.63e-07
0.672304,648.221,0.132527
0.672482,648.298,0.0770534
0.6725,648.31,0.012401
0.6725,648.31,1.2945e-06
0.672518,648.376,0.0662636
0.672732,648.469,0.092464
0.67275,648.481,0.012401
0.67275,648.481,1.2945e-06
0.672768,648.547,0.0662636
0.672768,648.547,8.63e-07
0.672804,648.68,0.132527
0.672982,648.757,0.0770534
0.673,648.769,0.012401
0.673,648.769,1.2945e-06
0.673018,648.836,0.0662636
0.673232,648.928,0.092464
0.67325,648.941,0.012401
0.67325,648.941,1.2945e-06
0.673268,649.007,0.0662636
0.673268,649.007,8.63e-07
0.673304,649.139,0.132527
0.673482,649.216,0.0770534
0.6735,649.229,0.012401
0.6735,649.229,1.2945e-06
0.673518,649.295,0.0662636
0.673732,649.388,0.092464
0.67375,649.4,0.012401
0.67375,649.4,1.2945e-06
0.673768,649.466,0.0662636
0.673768,649.466,8.63e-07
0.673804,649.599,0.132527
0.673982,649.676,0.0770534
0.674,649.688,0.012401
0.674,649.688,1.2945e-06
0.674018,649.754,0.0662636
0.674232,649.847,0.092464
0.67425,649.859,0.012401
0.67425,649.859,1.2945e-06
0.674268,649.926,0.0662636
0.674268,649.926,8.63e-07
0.674304,650.058,0.132527
0.674482,650.135,0.0770534
0.6745,650.148,0.012401
0.6745,650.148,1.2945e-06
0.674518,650.214,0.0662636
0.674732,650.306,0.092464
0.67475,650.319,0.012401
0.67475,650.319,1.2945e-06
0.674768,650.385,0.0662636
0.674768,650.385,8.63e-07
0.674804,650.518,0.132527
0.674982,650.595,0.0770534
0.675,650.607,0.012401
0.675,650.607,1.2945e-06
0.675018,650.673,0.0662636
0.675232,650.766,0.092464
0.67525,650.778,0.012401
0.67525,650.778,1.2945e-06
0.675268,650.844,0.0662636
0.675268,650.844,8.63e-07
0.675304,650.977,0.132527
0.675482,651.054,0.0770534
0.6755,651.066,0.012401
0.6755,651.066,1.2945e-06
0.675518,651.133,0.0662636
0.675732,651.225,0.092464
0.67575,651.237,0.012401
0.67575,651.237,1.2945e-06
0.675768,651.304,0.0662636
0.675768,651.304,8.63e-07
0.675804,651.436,0.132527
0.675982,651.513,0.0770534
0.676,651.526,0.012401
0.676,651.526,1.2945e-06
0.676018,651.592,0.0662636
0.676232,651.684,0.092464
0.67625,651.697,0.012401
0.67625,651.697,1.2945e-06
0.676268,651.763,0.0662636
0.676268,651.763,8.63e-07
0.676304,651.896,0.132527
0.676482,651.973,0.0770534
0.6765,651.985,0.012401
0.6765,651.985,1.2945e-06
0.676518,652.051,0.0662636
0.676732,652.144,0.092464
0.67675,652.156,0.012401
0.67675,652.156,1.2945e-06
0.676768,652.222,0.0662636
0.676768,652.222,8.63e-07
0.676804,652.355,0.132527
0.676982,652.432,0.0770534
0.677,652.444,0.012401
0.677,652.444,1.2945e-06
0.677018,652.511,0.0662636
0.677232,652.603,0.092464
0.67725,652.616,0.012401
0.67725,652.616,1.2945e-06
0.677268,652.682,0.0662636
0.677268,652.682,8.63e-07
0.677304,652.814,0.132527
0.677482,652.891,0.0770534
0.6775,652.904,0.012401
0.6775,652.904,1.2945e-06
0.677518,652.97,0.0662636
0.677732,653.063,0.092464
0.67775,653.075,0.012401
0.67775,653.075,1.2945e-06
0.677768,653.141,0.0662636
0.677768,653.141,8.63e-07
0.677804,653.274,0.132527
0.677982,653.351,0.0770534
0.678,653.363,0.012401
0.678,653.363,1.2945e-06
0.678018,653.429,0.0662636
0.678232,653.522,0.092464
0.67825,653.534,0.012401
0.67825,653.534,1.2945e-06
0.678268,653.601,0.0662636
0.678268,653.601,8.63e-07
0.678304,653.733,0.132527
0.678482,653.81,0.0770534
0.6785,653.823,0.012401
0.6785,653.823,1.2945e-06
0.678518,653.889,0.0662636
0.678732,653.981,0.092464
0.67875,653.994,0.012401
0.67875,653.994,1.2945e-06
0.678768,654.06,0.0662636
0.678768,654.06,8.63e-07
0.678804,654.193,0.132527
0.678982,654.27,0.0770534
0.679,654.282,0.012401
0.679,654.282,1.2945e-06
0.679018,654.348,0.0662636
0.679232,654.441,0.092464
0.67925,654.453,0.012401
0.67925,654.453,1.2945e-06
0.679268,654.519,0.0662636
0.679268,654.519,8.63e-07
0.679304,654.652,0.132527
0.679482,654.729,0.0770534
0.6795,654.741,0.012401
0.6795,654.741,1.2945e-06
0.679518,654.808,0.0662636
0.679732,654.9,0.092464
0.67975,654.912,0.012401
0.67975,654.912,1.2945e-06
0.679768,654.979,0.0662636
0.679768,654.979,8.63e-07
0.679804,655.111,0.132527
0.679982,655.188,0.0770534
0.68,655.201,0.012401
0.68,655.201,1.2945e-06
0.680018,655.267,0.0662636
0.680232,655.359,0.092464
0.68025,655.372,0.012401
0.68025,655.372,1.2945e-06
0.680268,655.438,0.0662636
0.680268,655.438,8.63e-07
0.680304,655.571,0.132527
0.680482,655.648,0.0770534
0.6805,655.66,0.012401
0.6805,655.66,1.2945e-06
0.680518,655.726,0.0662636
0.680518,655.726,8.63e-07
0.680554,655.859,0.132527
0.680554,655.859,8.63e-07
0.680589,655.991,0.132527
0.680732,656.053,0.0616428
0.68075,656.065,0.012401
0.68075,656.065,1.2945e-06
0.680768,656.132,0.0662636
0.680768,656.132,8.63e-07
0.680804,656.264,0.132527
0.680982,656.341,0.0770534
0.681,656.354,0.012401
0.681,656.354,1.2945e-06
0.681018,656.42,0.0662636
0.681232,656.512,0.092464
0.68125,656.525,0.012401
0.68125,656.525,1.2945e-06
0.681268,656.591,0.0662636
0.681268,656.591,8.63e-07
0.681304,656.724,0.132527
0.681482,656.801,0.0770534
0.6815,656.813,0.012401
0.6815,656.813,1.2945e-06
0.681518,656.879,0.0662636
0.681732,656.972,0.092464
0.68175,656.984,0.012401
0.68175,656.984,1.2945e-06
0.681768,657.05,0.0662636
0.681768,657.05,8.63e-07
0.681804,657.183,0.132527
0.681982,657.26,0.0770534
0.682,657.272,0.012401
0.682,657.272,1.2945e-06
0.682018,657.339,0.0662636
0.682018,657.339,8.63e-07
0.682054,657.471,0.132527
0.682054,657.471,8.63e-07
0.682089,657.604,0.132527
0.682232,657.665,0.0616428
0.68225,657.678,0.012401
0.68225,657.678,1.2945e-06
0.682268,657.744,0.0662636
0.682268,657.744,8.63e-07
0.682304,657.877,0.132527
0.682482,657.954,0.0770534
0.6825,657.966,0.012401
0.6825,657.966,1.2945e-06
0.682518,658.032,0.0662636
0.682732,658.125,0.092464
0.68275,658.137,0.012401
0.68275,658.137,1.2945e-06
0.682768,658.203,0.0662636
0.682768,658.203,8.63e-07
0.682804,658.336,0.132527
0.682982,658.413,0.0770534
0.683,658.425,0.012401
0.683,658.425,1.2945e-06
0.683018,658.492,0.0662636
0.683232,658.584,0.092464
0.68325,658.597,0.012401
0.68325,658.597,1.2945e-06
0.683268,658.663,0.0662636
0.683268,658.663,8.63e-07
0.683304,658.795,0.132527
0.683482,658.872,0.0770534
0.6835,658.885,0.012401
0.6835,658.885,1.2945e-06
0.683518,658.951,0.0662636
0.683518,658.951,8.63e-07
0.683554,659.084,0.132527
0.683554,659.084,8.63e-07
0.683589,659.216,0.132527
0.683732,659.278,0.0616428
0.68375,659.29,0.012401
0.68375,659.29,1.2945e-06
0.683768,659.356,0.0662636
0.683768,659.356,8.63e-07
0.683804,659.489,0.132527
0.683982,659.566,0.0770534
0.684,659.578,0.012401
0.684,659.578,1.2945e-06
0.684018,659.645,0.0662636
0.684232,659.737,0.092464
0.68425,659.75,0.012401
0.68425,659.75,1.2945e-06
0.684268,659.816,0.0662636
0.684268,659.816,8.63e-07
0.684304,659.948,0.132527
0.684482,660.025,0.0770534
0.6845,660.038,0.012401
0.6845,660.038,1.2945e-06
0.684518,660.104,0.0662636
0.684732,660.197,0.092464
0.68475,660.209,0.012401
0.68475,660.209,1.2945e-06
0.684768,660.275,0.0662636
0.684768,660.275,8.63e-07
0.684804,660.408,0.132527
0.684982,660.485,0.0770534
0.685,660.497,0.012401
0.685,660.497,1.2945e-06
0.685018,660.563,0.0662636
0.685018,660.563,8.63e-07
0.685054,660.696,0.132527
0.685054,660.696,8.63e-07
0.685089,660.829,0.132527
0.685232,660.89,0.0616428
0.68525,660.903,0.012401
0.68525,660.903,1.2945e-06
0.685268,660.969,0.0662636
0.685268,660.969,8.63e-07
0.685304,661.101,0.132527
0.685482,661.178,0.0770534
0.6855,661.191,0.012401
0.6855,661.191,1.2945e-06
0.685518,661.257,0.0662636
0.685732,661.35,0.092464
0.68575,661.362,0.012401
0.68575,661.362,1.2945e-06
0.685768,661.428,0.0662636
0.685768,661.428,8.63e-07
0.685804,661.561,0.132527
0.685982,661.638,0.0770534
0.686,661.65,0.012401
0.686,661.65,1.2945e-06
0.686018,661.716,0.0662636
0.686232,661.809,0.092464
0.68625,661.821,0.012401
0.68625,661.821,1.2945e-06
0.686268,661.888,0.0662636
0.686268,661.888,8.63e-07
0.686304,662.02,0.132527
0.686482,662.097,0.0770534
0.6865,662.11,0.012401
0.6865,662.11,1.2945e-06
0.686518,662.176,0.0662636
0.686518,662.176,8.63e-07
0.686554,662.308,0.132527
0.686554,662.308,8.63e-07
0.686589,662.441,0.132527
0.686732,662.503,0.0616428
0.68675,662.515,0.012401
0.68675,662.515,1.2945e-06
0.686768,662.581,0.0662636
0.686768,662.581,8.63e-07
0.686804,662.714,0.132527
0.686982,662.791,0.0770534
0.687,662.803,0.012401
0.687,662.803,1.2945e-06
0.687018,662.869,0.0662636
0.687232,662.962,0.092464
0.68725,662.974,0.012401
0.68725,662.974,1.2945e-06
0.687268,663.041,0.0662636
0.687268,663.041,8.63e-07
0.687304,663.173,0.132527
0.687482,663.25,0.0770534
0.6875,663.263,0.012401
0.6875,663.263,1.2945e-06
0.687518,663.329,0.0662636
0.687732,663.421,0.092464
0.68775,663.434,0.012401
0.68775,663.434,1.2945e-06
0.687768,663.5,0.0662636
0.687768,663.5,8.63e-07
0.687804,663.632,0.132527
0.687982,663.71,0.0770534
0.688,663.722,0.012401
0.688,663.722,1.2945e-06
0.688018,663.788,0.0662636
0.688018,663.788,8.63e-07
0.688054,663.921,0.132527
0.688054,663.921,8.63e-07
0.688089,664.053,0.132527
0.688232,664.115,0.0616428
0.68825,664.127,0.012401
0.68825,664.127,1.2945e-06
0.688268,664.194,0.0662636
0.688268,664.194,8.63e-07
0.688304,664.326,0.132527
0.688482,664.403,0.0770534
0.6885,664.416,0.012401
0.6885,664.416,1.2945e-06
0.688518,664.482,0.0662636
0.688732,664.574,0.092464
0.68875,664.587,0.012401
0.68875,664.587,1.2945e-06
0.688768,664.653,0.0662636
0.688768,664.653,8.63e-07
0.688804,664.785,0.132527
0.688982,664.863,0.0770534
0.689,664.875,0.012401
0.689,664.875,1.2945e-06
0.689018,664.941,0.0662636
0.689232,665.034,0.092464
0.68925,665.046,0.012401
0.68925,665.046,1.2945e-06
0.689268,665.112,0.0662636
0.689268,665.112,8.63e-07
0.689304,665.245,0.132527
0.689482,665.322,0.0770534
0.6895,665.334,0.012401
0.6895,665.334,1.2945e-06
0.689518,665.401,0.0662636
0.689518,665.401,8.63e-07
0.689554,665.533,0.132527
0.689554,665.533,8.63e-07
0.689589,665.666,0.132527
0.689732,665.727,0.0616428
0.68975,665.74,0.012401
0.68975,665.74,1.2945e-06
0.689768,665.806,0.0662636
0.689768,665.806,8.63e-07
0.689804,665.938,0.132527
0.689982,666.016,0.0770534
0.69,666.028,0.012401
0.69,666.028,1.2945e-06
0.690018,666.094,0.0662636
0.690232,666.187,0.092464
0.69025,666.199,0.012401
0.69025,666.199,1.2945e-06
0.690268,666.265,0.0662636
0.690268,666.265,8.63e-07
0.690304,666.398,0.132527
0.690482,666.475,0.0770534
0.6905,666.487,0.012401
0.6905,666.487,1.2945e-06
0.690518,666.554,0.0662636
0.690732,666.646,0.092464
0.69075,666.658,0.012401
0.69075,666.658,1.2945e-06
0.690768,666.725,0.0662636
0.690768,666.725,8.63e-07
0.690804,666.857,0.132527
0.690982,666.934,0.0770534
0.691,666.947,0.012401
0.691,666.947,1.2945e-06
0.691018,667.013,0.0662636
0.691018,667.013,8.63e-07
0.691054,667.145,0.132527
0.691054,667.145,8.63e-07
0.691089,667.278,0.132527
0.691232,667.34,0.0616428
0.69125,667.352,0.012401
0.69125,667.352,1.2945e-06
0.691268,667.418,0.0662636
0.691268,667.418,8.63e-07
0.691304,667.551,0.132527
0.691482,667.628,0.0770534
0.6915,667.64,0.012401
0.6915,667.64,1.2945e-06
0.691518,667.707,0.0662636
0.691732,667.799,0.092464
0.69175,667.811,0.012401
0.69175,667.811,1.2945e-06
0.691768,667.878,0.0662636
0.691768,667.878,8.63e-07
0.691804,668.01,0.132527
0.691982,668.087,0.0770534
0.692,668.1,0.012401
0.692,668.1,1.2945e-06
0.692018,668.166,0.0662636
0.692232,668.258,0.092464
0.69225,668.271,0.012401
0.69225,668.271,1.2945e-06
0.692268,668.337,0.0662636
0.692268,668.337,8.63e-07
0.692304,668.47,0.132527
0.692482,668.547,0.0770534
0.6925,668.559,0.012401
0.6925,668.559,1.2945e-06
0.692518,668.625,0.0662636
0.692518,668.625,8.63e-07
0.692554,668.758,0.132527
0.692554,668.758,8.63e-07
0.692589,668.89,0.132527
0.692732,668.952,0.0616428
0.69275,668.964,0.012401
0.69275,668.964,1.2945e-06
0.692768,669.031,0.0662636
0.692768,669.031,8.63e-07
0.692804,669.163,0.132527
0.692982,669.24,0.0770534
0.693,669.253,0.012401
0.693,669.253,1.2945e-06
0.693018,669.319,0.0662636
0.693232,669.411,0.092464
0.69325,669.424,0.012401
0.69325,669.424,1.2945e-06
0.693268,669.49,0.0662636
0.693268,669.49,8.63e-07
0.693304,669.623,0.132527
0.693482,669.7,0.0770534
0.6935,669.712,0.012401
0.6935,669.712,1.2945e-06
0.693518,669.778,0.0662636
0.693732,669.871,0.092464
0.69375,669.883,0.012401
0.69375,669.883,1.2945e-06
0.693768,669.949,0.0662636
0.693768,669.949,8.63e-07
0.693804,670.082,0.132527
0.693982,670.159,0.0770534
0.694,670.171,0.012401
0.694,670.171,1.2945e-06
0.694018,670.238,0.0662636
0.694232,670.33,0.092464
0.69425,670.343,0.012401
0.69425,670.343,1.2945e-06
0.694268,670.409,0.0662636
0.694268,670.409,8.63e-07
0.694304,670.541,0.132527
0.694482,670.618,0.0770534
0.6945,670.631,0.012401
0.6945,670.631,1.2945e-06
0.694518,670.697,0.0662636
0.694732,670.79,0.092464
0.69475,670.802,0.012401
0.69475,670.802,1.2945e-06
0.694768,670.868,0.0662636
0.694768,670.868,8.63e-07
0.694804,671.001,0.132527
0.694982,671.078,0.0770534
0.695,671.09,0.012401
0.695,671.09,1.2945e-06
0.695018,671.156,0.0662636
0.695232,671.249,0.092464
0.69525,671.261,0.012401
0.69525,671.261,1.2945e-06
0.695268,671.328,0.0662636
0.695268,671.328,8.63e-07
0.695304,671.46,0.132527
0.695482,671.537,0.0770534
0.6955,671.55,0.012401
0.6955,671.55,1.2945e-06
0.695518,671.616,0.0662636
0.695732,671.708,0.092464
0.69575,671.721,0.012401
0.69575,671.721,1.2945e-06
0.695768,671.787,0.0662636
0.695768,671.787,8.63e-07
0.695804,671.919,0.132527
0.695982,671.997,0.0770534
0.696,672.009,0.012401
0.696,672.009,1.2945e-06
0.696018,672.075,0.0662636
0.696232,672.168,0.092464
0.69625,672.18,0.012401
0.69625,672.18,1.2945e-06
0.696268,672.246,0.0662636
0.696268,672.246,8.63e-07
0.696304,672.379,0.132527
0.696482,672.456,0.0770534
0.6965,672.468,0.012401
0.6965,672.468,1.2945e-06
0.696518,672.535,0.0662636
0.696732,672.627,0.092464
0.69675,672.639,0.012401
0.69675,672.639,1.2945e-06
0.696768,672.706,0.0662636
0.696768,672.706,8.63e-07
0.696804,672.838,0.132527
0.696982,672.915,0.0770534
0.697,672.928,0.012401
0.697,672.928,1.2945e-06
0.697018,672.994,0.0662636
0.697232,673.086,0.092464
0.69725,673.099,0.012401
0.69725,673.099,1.2945e-06
0.697268,673.165,0.0662636
0.697268,673.165,8.63e-07
0.697304,673.298,0.132527
0.697482,673.375,0.0770534
0.6975,673.387,0.012401
0.6975,673.387,1.2945e-06
0.697518,673.453,0.0662636
0.697732,673.546,0.092464
0.69775,673.558,0.012401
0.69775,673.558,1.2945e-06
0.697768,673.624,0.0662636
0.697768,673.624,8.63e-07
0.697804,673.757,0.132527
0.697982,673.834,0.0770534
0.698,673.846,0.012401
0.698,673.846,1.2945e-06
0.698018,673.913,0.0662636
0.698232,674.005,0.092464
0.69825,674.018,0.012401
0.69825,674.018,1.2945e-06
0.698268,674.084,0.0662636
0.698268,674.084,8.63e-07
0.698304,674.216,0.132527
0.698482,674.293,0.0770534
0.6985,674.306,0.012401
0.6985,674.306,1.2945e-06
0.698518,674.372,0.0662636
0.698732,674.465,0.092464
0.69875,674.477,0.012401
0.69875,674.477,1.2945e-06
0.698768,674.543,0.0662636
0.698768,674.543,8.63e-07
0.698804,674.676,0.132527
0.698982,674.753,0.0770534
0.699,674.765,0.012401
0.699,674.765,1.2945e-06
0.699018,674.831,0.0662636
0.699018,674.831,8.63e-07
0.699054,674.964,0.132527
0.699054,674.964,8.63e-07
0.699089,675.097,0.132527
0.699232,675.158,0.0616428
0.69925,675.171,0.012401
0.69925,675.171,1.2945e-06
0.699268,675.237,0.0662636
0.699268,675.237,8.63e-07
0.699304,675.369,0.132527
0.699482,675.446,0.0770534
0.6995,675.459,0.012401
0.6995,675.459,1.2945e-06
0.699518,675.525,0.0662636
0.699732,675.618,0.092464
0.69975,675.63,0.012401
0.69975,675.63,1.2945e-06
0.699768,675.696,0.0662636
0.699768,675.696,8.63e-07
0.699804,675.829,0.132527
0.699982,675.906,0.0770534
0.7,675.918,0.012401
0.7,675.918,1.2945e-06
0.700018,675.984,0.0662636
0.700018,675.984,8.63e-07
0.700054,676.117,0.132527
0.700054,676.117,8.63e-07
0.700089,676.249,0.132527
0.700232,676.311,0.0616428
0.70025,676.324,0.012401
0.70025,676.324,1.2945e-06
0.700268,676.39,0.0662636
0.700268,676.39,8.63e-07
0.700304,676.522,0.132527
0.700482,676.599,0.0770534
0.7005,676.612,0.012401
0.7005,676.612,1.2945e-06
0.700518,676.678,0.0662636
0.700732,676.771,0.092464
0.70075,676.783,0.012401
0.70075,676.783,1.2945e-06
0.700768,676.849,0.0662636
0.700768,676.849,8.63e-07
0.700804,676.982,0.132527
0.700982,677.059,0.0770534
0.701,677.071,0.012401
0.701,677.071,1.2945e-06
0.701018,677.137,0.0662636
0.701232,677.23,0.092464
0.70125,677.242,0.012401
0.70125,677.242,1.2945e-06
0.701268,677.309,0.0662636
0.701268,677.309,8.63e-07
0.701304,677.441,0.132527
0.701482,677.518,0.0770534
0.7015,677.531,0.012401
0.7015,677.531,1.2945e-06
0.701518,677.597,0.0662636
0.701518,677.597,8.63e-07
0.701554,677.729,0.132527
0.701554,677.729,8.63e-07
0.701589,677.862,0.132527
0.701732,677.924,0.0616428
0.70175,677.936,0.012401
0.70175,677.936,1.2945e-06
0.701768,678.002,0.0662636
0.701768,678.002,8.63e-07
0.701804,678.135,0.132527
0.701982,678.212,0.0770534
0.702,678.224,0.012401
0.702,678.224,1.2945e-06
0.702018,678.29,0.0662636
0.702018,678.29,8.63e-07
0.702054,678.423,0.132527
0.702054,678.423,8.63e-07
0.702089,678.555,0.132527
0.702232,678.617,0.0616428
0.70225,678.63,0.012401
0.70225,678.63,1.2945e-06
0.702268,678.696,0.0662636
0.702268,678.696,8.63e-07
0.702304,678.828,0.132527
0.702482,678.905,0.0770534
0.7025,678.918,0.012401
0.7025,678.918,1.2945e-06
0.702518,678.984,0.0662636
0.702732,679.076,0.092464
0.70275,679.089,0.012401
0.70275,679.089,1.2945e-06
0.702768,679.155,0.0662636
0.702768,679.155,8.63e-07
0.702804,679.288,0.132527
0.702982,679.365,0.0770534
0.703,679.377,0.012401
0.703,679.377,1.2945e-06
0.703018,679.443,0.0662636
0.703018,679.443,8.63e-07
0.703054,679.576,0.132527
0.703054,679.576,8.63e-07
0.703089,679.708,0.132527
0.703232,679.77,0.0616428
0.70325,679.783,0.012401
0.70325,679.783,1.2945e-06
0.703268,679.849,0.0662636
0.703268,679.849,8.63e-07
0.703304,679.981,0.132527
0.703482,680.058,0.0770534
0.7035,680.071,0.012401
0.7035,680.071,1.2945e-06
0.703518,680.137,0.0662636
0.703518,680.137,8.63e-07
0.703554,680.27,0.132527
0.703554,680.27,8.63e-07
0.703589,680.402,0.132527
0.703732,680.464,0.0616428
0.70375,680.476,0.012401
0.70375,680.476,1.2945e-06
0.703768,680.542,0.0662636
0.703768,680.542,8.63e-07
0.703804,680.675,0.132527
0.703982,680.752,0.0770534
0.704,680.764,0.012401
0.704,680.764,1.2945e-06
0.704018,680.831,0.0662636
0.704232,680.923,0.092464
0.70425,680.935,0.012401
0.70425,680.935,1.2945e-06
0.704268,681.002,0.0662636
0.704268,681.002,8.63e-07
0.704304,681.134,0.132527
0.704482,681.211,0.0770534
0.7045,681.224,0.012401
0.7045,681.224,1.2945e-06
0.704518,681.29,0.0662636
0.704518,681.29,8.63e-07
0.704554,681.423,0.132527
0.704554,681.423,8.63e-07
0.704589,681.555,0.132527
0.704732,681.617,0.0616428
0.70475,681.629,0.012401
0.70475,681.629,1.2945e-06
0.704768,681.695,0.0662636
0.704768,681.695,8.63e-07
0.704804,681.828,0.132527
0.704982,681.905,0.0770534
0.705,681.917,0.012401
0.705,681.917,1.2945e-06
0.705018,681.984,0.0662636
0.705018,681.984,8.63e-07
0.705054,682.116,0.132527
0.705054,682.116,8.63e-07
0.705089,682.249,0.132527
0.705232,682.31,0.0616428
0.70525,682.323,0.012401
0.70525,682.323,1.2945e-06
0.705268,682.389,0.0662636
0.705268,682.389,8.63e-07
0.705304,682.522,0.132527
0.705482,682.599,0.0770534
0.7055,682.611,0.012401
0.7055,682.611,1.2945e-06
0.705518,682.677,0.0662636
0.705732,682.77,0.092464
0.70575,682.782,0.012401
0.70575,682.782,1.2945e-06
0.705768,682.848,0.0662636
0.705768,682.848,8.63e-07
0.705804,682.981,0.132527
0.705982,683.058,0.0770534
0.706,683.07,0.012401
0.706,683.07,1.2945e-06
0.706018,683.137,0.0662636
0.706018,683.137,8.63e-07
0.706054,683.269,0.132527
0.706054,683.269,8.63e-07
0.706089,683.402,0.132527
0.706232,683.463,0.0616428
0.70625,683.476,0.012401
0.70625,683.476,1.2945e-06
0.706268,683.542,0.0662636
0.706268,683.542,8.63e-07
0.706304,683.675,0.132527
0.706482,683.752,0.0770534
0.7065,683.764,0.012401
0.7065,683.764,1.2945e-06
0.706518,683.83,0.0662636
0.706518,683.83,8.63e-07
0.706554,683.963,0.132527
0.706554,683.963,8.63e-07
0.706589,684.095,0.132527
0.706732,684.157,0.0616428
0.70675,684.169,0.012401
0.70675,684.169,1.2945e-06
0.706768,684.236,0.0662636
0.706768,684.236,8.63e-07
0.706804,684.368,0.132527
0.706982,684.445,0.0770534
0.707,684.458,0.012401
0.707,684.458,1.2945e-06
0.707018,684.524,0.0662636
0.707232,684.616,0.092464
0.70725,684.629,0.012401
0.70725,684.629,1.2945e-06
0.707268,684.695,0.0662636
0.707268,684.695,8.63e-07
0.707304,684.827,0.132527
0.707482,684.905,0.0770534
0.7075,684.917,0.012401
0.7075,684.917,1.2945e-06
0.707518,684.983,0.0662636
0.707518,684.983,8.63e-07
0.707554,685.116,0.132527
0.707554,685.116,8.63e-07
0.707589,685.248,0.132527
0.707732,685.31,0.0616428
0.70775,685.322,0.012401
0.70775,685.322,1.2945e-06
0.707768,685.389,0.0662636
0.707768,685.389,8.63e-07
0.707804,685.521,0.132527
0.707982,685.598,0.0770534
0.708,685.611,0.012401
0.708,685.611,1.2945e-06
0.708018,685.677,0.0662636
0.708018,685.677,8.63e-07
0.708054,685.809,0.132527
0.708054,685.809,8.63e-07
0.708089,685.942,0.132527
0.708232,686.004,0.0616428
0.70825,686.016,0.012401
0.70825,686.016,1.2945e-06
0.708268,686.082,0.0662636
0.708268,686.082,8.63e-07
0.708304,686.215,0.132527
0.708482,686.292,0.0770534
0.7085,686.304,0.012401
0.7085,686.304,1.2945e-06
0.708518,686.37,0.0662636
0.708732,686.463,0.092464
0.70875,686.475,0.012401
0.70875,686.475,1.2945e-06
0.708768,686.542,0.0662636
0.708768,686.542,8.63e-07
0.708804,686.674,0.132527
0.708982,686.751,0.0770534
0.709,686.764,0.012401
0.709,686.764,1.2945e-06
0.709018,686.83,0.0662636
0.709018,686.83,8.63e-07
0.709054,686.962,0.132527
0.709054,686.962,8.63e-07
0.709089,687.095,0.132527
0.709232,687.157,0.0616428
0.70925,687.169,0.012401
0.70925,687.169,1.2945e-06
0.709268,687.235,0.0662636
0.709268,687.235,8.63e-07
0.709304,687.368,0.132527
0.709482,687.445,0.0770534
0.7095,687.457,0.012401
0.7095,687.457,1.2945e-06
0.709518,687.523,0.0662636
0.709518,687.523,8.63e-07
0.709554,687.656,0.132527
0.709554,687.656,8.63e-07
0.709589,687.788,0.132527
0.709732,687.85,0.0616428
0.70975,687.863,0.012401
0.70975,687.863,1.2945e-06
0.709768,687.929,0.0662636
0.709768,687.929,8.63e-07
0.709804,688.061,0.132527
0.709982,688.138,0.0770534
0.71,688.151,0.012401
0.71,688.151,1.2945e-06
0.710018,688.217,0.0662636
0.710232,688.309,0.092464
0.71025,688.322,0.012401
0.71025,688.322,1.2945e-06
0.710268,688.388,0.0662636
0.710268,688.388,8.63e-07
0.710304,688.521,0.132527
0.710482,688.598,0.0770534
0.7105,688.61,0.012401
0.7105,688.61,1.2945e-06
0.710518,688.676,0.0662636
0.710518,688.676,8.63e-07
0.710554,688.809,0.132527
0.710554,688.809,8.63e-07
0.710589,688.941,0.132527
0.710732,689.003,0.0616428
0.71075,689.016,0.012401
0.71075,689.016,1.2945e-06
0.710768,689.082,0.0662636
0.710768,689.082,8.63e-07
0.710804,689.214,0.132527
0.710982,689.291,0.0770534
0.711,689.304,0.012401
0.711,689.304,1.2945e-06
0.711018,689.37,0.0662636
0.711018,689.37,8.63e-07
0.711054,689.503,0.132527
0.711054,689.503,8.63e-07
0.711089,689.635,0.132527
0.711232,689.697,0.0616428
0.71125,689.709,0.012401
0.71125,689.709,1.2945e-06
0.711268,689.775,0.0662636
0.711268,689.775,8.63e-07
0.711304,689.908,0.132527
0.711482,689.985,0.0770534
0.7115,689.997,0.012401
0.7115,689.997,1.2945e-06
0.711518,690.064,0.0662636
0.711732,690.156,0.092464
0.71175,690.169,0.012401
0.71175,690.169,1.2945e-06
0.711768,690.235,0.0662636
0.711768,690.235,8.63e-07
0.711804,690.367,0.132527
0.711982,690.444,0.0770534
0.712,690.457,0.012401
0.712,690.457,1.2945e-06
0.712018,690.523,0.0662636
0.712018,690.523,8.63e-07
0.712054,690.656,0.132527
0.712054,690.656,8.63e-07
0.712089,690.788,0.132527
0.712232,690.85,0.0616428
0.71225,690.862,0.012401
0.71225,690.862,1.2945e-06
0.712268,690.928,0.0662636
0.712268,690.928,8.63e-07
0.712304,691.061,0.132527
0.712482,691.138,0.0770534
0.7125,691.15,0.012401
0.7125,691.15,1.2945e-06
0.712518,691.217,0.0662636
0.712518,691.217,8.63e-07
0.712554,691.349,0.132527
0.712554,691.349,8.63e-07
0.712589,691.482,0.132527
0.712732,691.543,0.0616428
0.71275,691.556,0.012401
0.71275,691.556,1.2945e-06
0.712768,691.622,0.0662636
0.712768,691.622,8.63e-07
0.712804,691.755,0.132527
0.712982,691.832,0.0770534
0.713,691.844,0.012401
0.713,691.844,1.2945e-06
0.713018,691.91,0.0662636
0.713232,692.003,0.092464
0.71325,692.015,0.012401
0.71325,692.015,1.2945e-06
0.713268,692.081,0.0662636
0.713268,692.081,8.63e-07
0.713304,692.214,0.132527
0.713482,692.291,0.0770534
0.7135,692.303,0.012401
0.7135,692.303,1.2945e-06
0.713518,692.37,0.0662636
0.713518,692.37,8.63e-07
0.713554,692.502,0.132527
0.713554,692.502,8.63e-07
0.713589,692.635,0.132527
0.713732,692.696,0.0616428
0.71375,692.709,0.012401
0.71375,692.709,1.2945e-06
0.713768,692.775,0.0662636
0.713768,692.775,8.63e-07
0.713804,692.908,0.132527
0.713982,692.985,0.0770534
0.714,692.997,0.012401
0.714,692.997,1.2945e-06
0.714018,693.063,0.0662636
0.714232,693.156,0.092464
0.71425,693.168,0.012401
0.71425,693.168,1.2945e-06
0.714268,693.234,0.0662636
0.714268,693.234,8.63e-07
0.714304,693.367,0.132527
0.714482,693.444,0.0770534
0.7145,693.456,0.012401
0.7145,693.456,1.2945e-06
0.714518,693.523,0.0662636
0.714732,693.615,0.092464
0.71475,693.627,0.012401
0.71475,693.627,1.2945e-06
0.714768,693.694,0.0662636
0.714768,693.694,8.63e-07
0.714804,693.826,0.132527
0.714982,693.903,0.0770534
0.715,693.916,0.012401
0.715,693.916,1.2945e-06
0.715018,693.982,0.0662636
0.715232,694.074,0.092464
0.71525,694.087,0.012401
0.71525,694.087,1.2945e-06
0.715268,694.153,0.0662636
0.715268,694.153,8.63e-07
0.715304,694.286,0.132527
0.715482,694.363,0.0770534
0.7155,694.375,0.012401
0.7155,694.375,1.2945e-06
0.715518,694.441,0.0662636
0.715732,694.534,0.092464
0.71575,694.546,0.012401
0.71575,694.546,1.2945e-06
0.715768,694.612,0.0662636
0.715768,694.612,8.63e-07
0.715804,694.745,0.132527
0.715982,694.822,0.0770534
0.716,694.834,0.012401
0.716,694.834,1.2945e-06
0.716018,694.901,0.0662636
0.716232,694.993,0.092464
0.71625,695.006,0.012401
0.71625,695.006,1.2945e-06
0.716268,695.072,0.0662636
0.716268,695.072,8.63e-07
0.716304,695.204,0.132527
0.716482,695.281,0.0770534
0.7165,695.294,0.012401
0.7165,695.294,1.2945e-06
0.716518,695.36,0.0662636
0.716518,695.36,8.63e-07
0.716554,695.493,0.132527
0.716554,695.493,8.63e-07
0.716589,695.625,0.132527
0.716732,695.687,0.0616428
0.71675,695.699,0.012401
0.71675,695.699,1.2945e-06
0.716768,695.765,0.0662636
0.716768,695.765,8.63e-07
0.716804,695.898,0.132527
0.716982,695.975,0.0770534
0.717,695.987,0.012401
0.717,695.987,1.2945e-06
0.717018,696.054,0.0662636
0.717232,696.146,0.092464
0.71725,696.159,0.012401
0.71725,696.159,1.2945e-06
0.717268,696.225,0.0662636
0.717268,696.225,8.63e-07
0.717304,696.357,0.132527
0.717482,696.434,0.0770534
0.7175,696.447,0.012401
0.7175,696.447,1.2945e-06
0.717518,696.513,0.0662636
0.717732,696.606,0.092464
0.71775,696.618,0.012401
0.71775,696.618,1.2945e-06
0.717768,696.684,0.0662636
0.717768,696.684,8.63e-07
0.717804,696.817,0.132527
0.717982,696.894,0.0770534
0.718,696.906,0.012401
0.718,696.906,1.2945e-06
0.718018,696.972,0.0662636
0.718018,696.972,8.63e-07
0.718054,697.105,0.132527
0.718054,697.105,8.63e-07
0.718089,697.238,0.132527
0.718232,697.299,0.0616428
0.71825,697.312,0.012401
0.71825,697.312,1.2945e-06
0.718268,697.378,0.0662636
0.718268,697.378,8.63e-07
0.718304,697.51,0.132527
0.718482,697.587,0.0770534
0.7185,697.6,0.012401
0.7185,697.6,1.2945e-06
0.718518,697.666,0.0662636
0.718732,697.759,0.092464
0.71875,697.771,0.012401
0.71875,697.771,1.2945e-06
0.718768,697.837,0.0662636
0.718768,697.837,8.63e-07
0.718804,697.97,0.132527
0.718982,698.047,0.0770534
0.719,698.059,0.012401
0.719,698.059,1.2945e-06
0.719018,698.125,0.0662636
0.719232,698.218,0.092464
0.71925,698.23,0.012401
0.71925,698.23,1.2945e-06
0.719268,698.297,0.0662636
0.719268,698.297,8.63e-07
0.719304,698.429,0.132527
0.719482,698.506,0.0770534
0.7195,698.519,0.012401
0.7195,698.519,1.2945e-06
0.719518,698.585,0.0662636
0.719518,698.585,8.63e-07
0.719554,698.717,0.132527
0.719554,698.717,8.63e-07
0.719589,698.85,0.132527
0.719732,698.912,0.0616428
0.71975,698.924,0.012401
0.71975,698.924,1.2945e-06
0.719768,698.99,0.0662636
0.719768,698.99,8.63e-07
0.719804,699.123,0.132527
0.719982,699.2,0.0770534
0.72,699.212,0.012401
0.72,699.212,1.2945e-06
0.720018,699.278,0.0662636
0.720232,699.371,0.092464
0.72025,699.383,0.012401
0.72025,699.383,1.2945e-06
0.720268,699.45,0.0662636
0.720268,699.45,8.63e-07
0.720304,699.582,0.132527
0.720482,699.659,0.0770534
0.7205,699.672,0.012401
0.7205,699.672,1.2945e-06
0.720518,699.738,0.0662636
0.720732,699.83,0.092464
0.72075,699.843,0.012401
0.72075,699.843,1.2945e-06
0.720768,699.909,0.0662636
0.720768,699.909,8.63e-07
0.720804,700.041,0.132527
0.720982,700.119,0.0770534
0.721,700.131,0.012401
0.721,700.131,1.2945e-06
0.721018,700.197,0.0662636
0.721018,700.197,8.63e-07
0.721054,700.33,0.132527
0.721054,700.33,8.63e-07
0.721089,700.462,0.132527
0.721232,700.524,0.0616428
0.72125,700.536,0.012401
0.72125,700.536,1.2945e-06
0.721268,700.603,0.0662636
0.721268,700.603,8.63e-07
0.721304,700.735,0.132527
0.721482,700.812,0.0770534
0.7215,700.825,0.012401
0.7215,700.825,1.2945e-06
0.721518,700.891,0.0662636
0.721732,700.983,0.092464
0.72175,700.996,0.012401
0.72175,700.996,1.2945e-06
0.721768,701.062,0.0662636
0.721768,701.062,8.63e-07
0.721804,701.194,0.132527
0.721982,701.272,0.0770534
0.722,701.284,0.012401
0.722,701.284,1.2945e-06
0.722018,701.35,0.0662636
0.722232,701.443,0.092464
0.72225,701.455,0.012401
0.72225,701.455,1.2945e-06
0.722268,701.521,0.0662636
0.722268,701.521,8.63e-07
0.722304,701.654,0.132527
0.722482,701.731,0.0770534
0.7225,701.743,0.012401
0.7225,701.743,1.2945e-06
0.722518,701.81,0.0662636
0.722518,701.81,8.63e-07
0.722554,701.942,0.132527
0.722554,701.942,8.63e-07
0.722589,702.075,0.132527
0.722732,702.136,0.0616428
0.72275,702.149,0.012401
0.72275,702.149,1.2945e-06
0.722768,702.215,0.0662636
0.722768,702.215,8.63e-07
0.722804,702.347,0.132527
0.722982,702.425,0.0770534
0.723,702.437,0.012401
0.723,702.437,1.2945e-06
0.723018,702.503,0.0662636
0.723232,702.596,0.092464
0.72325,702.608,0.012401
0.72325,702.608,1.2945e-06
0.723268,702.674,0.0662636
0.723268,702.674,8.63e-07
0.723304,702.807,0.132527
0.723482,702.884,0.0770534
0.7235,702.896,0.012401
0.7235,702.896,1.2945e-06
0.723518,702.963,0.0662636
0.723732,703.055,0.092464
0.72375,703.067,0.012401
0.72375,703.067,1.2945e-06
0.723768,703.134,0.0662636
0.723768,703.134,8.63e-07
0.723804,703.266,0.132527
0.723982,703.343,0.0770534
0.724,703.356,0.012401
0.724,703.356,1.2945e-06
0.724018,703.422,0.0662636
0.724018,703.422,8.63e-07
0.724054,703.554,0.132527
0.724054,703.554,8.63e-07
0.724089,703.687,0.132527
0.724232,703.749,0.0616428
0.72425,703.761,0.012401
0.72425,703.761,1.2945e-06
0.724268,703.827,0.0662636
0.724268,703.827,8.63e-07
0.724304,703.96,0.132527
0.724482,704.037,0.0770534
0.7245,704.049,0.012401
0.7245,704.049,1.2945e-06
0.724518,704.116,0.0662636
0.724732,704.208,0.092464
0.72475,704.22,0.012401
0.72475,704.22,1.2945e-06
0.724768,704.287,0.0662636
0.724768,704.287,8.63e-07
0.724804,704.419,0.132527
0.724982,704.496,0.0770534
0.725,704.509,0.012401
0.725,704.509,1.2945e-06
0.725018,704.575,0.0662636
0.725232,704.667,0.092464
0.72525,704.68,0.012401
0.72525,704.68,1.2945e-06
0.725268,704.746,0.0662636
0.725268,704.746,8.63e-07
0.725304,704.879,0.132527
0.725482,704.956,0.0770534
0.7255,704.968,0.012401
0.7255,704.968,1.2945e-06
0.725518,705.034,0.0662636
0.725518,705.034,8.63e-07
0.725554,705.167,0.132527
0.725554,705.167,8.63e-07
0.725589,705.299,0.132527
0.725732,705.361,0.0616428
0.72575,705.373,0.012401
0.72575,705.373,1.2945e-06
0.725768,705.44,0.0662636
0.725768,705.44,8.63e-07
0.725804,705.572,0.132527
0.725982,705.649,0.0770534
0.726,705.662,0.012401
0.726,705.662,1.2945e-06
0.726018,705.728,0.0662636
0.726232,705.82,0.092464
0.72625,705.833,0.012401
0.72625,705.833,1.2945e-06
0.726268,705.899,0.0662636
0.726268,705.899,8.63e-07
0.726304,706.032,0.132527
0.726482,706.109,0.0770534
0.7265,706.121,0.012401
0.7265,706.121,1.2945e-06
0.726518,706.187,0.0662636
0.726732,706.28,0.092464
0.72675,706.292,0.012401
0.72675,706.292,1.2945e-06
0.726768,706.358,0.0662636
0.726768,706.358,8.63e-07
0.726804,706.491,0.132527
0.726982,706.568,0.0770534
0.727,706.58,0.012401
0.727,706.58,1.2945e-06
0.727018,706.647,0.0662636
0.727018,706.647,8.63e-07
0.727054,706.779,0.132527
0.727054,706.779,8.63e-07
0.727089,706.912,0.132527
0.727232,706.973,0.0616428
0.72725,706.986,0.012401
0.72725,706.986,1.2945e-06
0.727268,707.052,0.0662636
0.727268,707.052,8.63e-07
0.727304,707.185,0.132527
0.727482,707.262,0.0770534
0.7275,707.274,0.012401
0.7275,707.274,1.2945e-06
0.727518,707.34,0.0662636
0.727732,707.433,0.092464
0.72775,707.445,0.012401
0.72775,707.445,1.2945e-06
0.727768,707.511,0.0662636
0.727768,707.511,8.63e-07
0.727804,707.644,0.132527
0.727982,707.721,0.0770534
0.728,707.733,0.012401
0.728,707.733,1.2945e-06
0.728018,707.8,0.0662636
0.728232,707.892,0.092464
0.72825,707.905,0.012401
0.72825,707.905,1.2945e-06
0.728268,707.971,0.0662636
0.728268,707.971,8.63e-07
0.728304,708.103,0.132527
0.728482,708.18,0.0770534
0.7285,708.193,0.012401
0.7285,708.193,1.2945e-06
0.728518,708.259,0.0662636
0.728732,708.352,0.092464
0.72875,708.364,0.012401
0.72875,708.364,1.2945e-06
0.728768,708.43,0.0662636
0.728768,708.43,8.63e-07
0.728804,708.563,0.132527
0.728982,708.64,0.0770534
0.729,708.652,0.012401
0.729,708.652,1.2945e-06
0.729018,708.718,0.0662636
0.729232,708.811,0.092464
0.72925,708.823,0.012401
0.72925,708.823,1.2945e-06
0.729268,708.89,0.0662636
0.729268,708.89,8.63e-07
0.729304,709.022,0.132527
0.729482,709.099,0.0770534
0.7295,709.112,0.012401
0.7295,709.112,1.2945e-06
0.729518,709.178,0.0662636
0.729732,709.27,0.092464
0.72975,709.283,0.012401
0.72975,709.283,1.2945e-06
0.729768,709.349,0.0662636
0.729768,709.349,8.63e-07
0.729804,709.481,0.132527
0.729982,709.559,0.0770534
0.73,709.571,0.012401
0.73,709.571,1.2945e-06
0.730018,709.637,0.0662636
0.730232,709.73,0.092464
0.73025,709.742,0.012401
0.73025,709.742,1.2945e-06
0.730268,709.808,0.0662636
0.730268,709.808,8.63e-07
0.730304,709.941,0.132527
0.730482,710.018,0.0770534
0.7305,710.03,0.012401
0.7305,710.03,1.2945e-06
0.730518,710.097,0.0662636
0.730732,710.189,0.092464
0.73075,710.201,0.012401
0.73075,710.201,1.2945e-06
0.730768,710.268,0.0662636
0.730768,710.268,8.63e-07
0.730804,710.4,0.132527
0.730982,710.477,0.0770534
0.731,710.49,0.012401
0.731,710.49,1.2945e-06
0.731018,710.556,0.0662636
0.731232,710.648,0.092464
0.73125,710.661,0.012401
0.73125,710.661,1.2945e-06
0.731268,710.727,0.0662636
0.731268,710.727,8.63e-07
0.731304,710.86,0.132527
0.731482,710.937,0.0770534
0.7315,710.949,0.012401
0.7315,710.949,1.2945e-06
0.731518,711.015,0.0662636
0.731732,711.108,0.092464
0.73175,711.12,0.012401
0.73175,711.12,1.2945e-06
0.731768,711.186,0.0662636
0.731768,711.186,8.63e-07
0.731804,711.319,0.132527
0.731982,711.396,0.0770534
0.732,711.408,0.012401
0.732,711.408,1.2945e-06
0.732018,711.475,0.0662636
0.732232,711.567,0.092464
0.73225,711.58,0.012401
0.73225,711.58,1.2945e-06
0.732268,711.646,0.0662636
0.732268,711.646,8.63e-07
0.732304,711.778,0.132527
0.732482,711.855,0.0770534
0.7325,711.868,0.012401
0.7325,711.868,1.2945e-06
0.732518,711.934,0.0662636
0.732732,712.027,0.092464
0.73275,712.039,0.012401
0.73275,712.039,1.2945e-06
0.732768,712.105,0.0662636
0.732768,712.105,8.63e-07
0.732804,712.238,0.132527
0.732982,712.315,0.0770534
0.733,712.327,0.012401
0.733,712.327,1.2945e-06
0.733018,712.393,0.0662636
0.733232,712.486,0.092464
0.73325,712.498,0.012401
0.73325,712.498,1.2945e-06
0.733268,712.565,0.0662636
0.733268,712.565,8.63e-07
0.733304,712.697,0.132527
0.733482,712.774,0.0770534
0.7335,712.787,0.012401
0.7335,712.787,1.2945e-06
0.733518,712.853,0.0662636
0.733518,712.853,8.63e-07
0.733554,712.985,0.132527
0.733554,712.985,8.63e-07
0.733589,713.118,0.132527
0.733732,713.18,0.0616428
0.73375,713.192,0.012401
0.73375,713.192,1.2945e-06
0.733768,713.258,0.0662636
0.733768,713.258,8.63e-07
0.733804,713.391,0.132527
0.733982,713.468,0.0770534
0.734,713.48,0.012401
0.734,713.48,1.2945e-06
0.734018,713.546,0.0662636
0.734232,713.639,0.092464
0.73425,713.651,0.012401
0.73425,713.651,1.2945e-06
0.734268,713.718,0.0662636
0.734268,713.718,8.63e-07
0.734304,713.85,0.132527
0.734482,713.927,0.0770534
0.7345,713.94,0.012401
0.7345,713.94,1.2945e-06
0.734518,714.006,0.0662636
0.734732,714.098,0.092464
0.73475,714.111,0.012401
0.73475,714.111,1.2945e-06
0.734768,714.177,0.0662636
0.734768,714.177,8.63e-07
0.734804,714.309,0.132527
0.734982,714.387,0.0770534
0.735,714.399,0.012401
0.735,714.399,1.2945e-06
0.735018,714.465,0.0662636
0.735018,714.465,8.63e-07
0.735054,714.598,0.132527
0.735054,714.598,8.63e-07
0.735089,714.73,0.132527
0.735232,714.792,0.0616428
0.73525,714.804,0.012401
0.73525,714.804,1.2945e-06
0.735268,714.871,0.0662636
0.735268,714.871,8.63e-07
0.735304,715.003,0.132527
0.735482,715.08,0.0770534
0.7355,715.093,0.012401
0.7355,715.093,1.2945e-06
0.735518,715.159,0.0662636
0.735518,715.159,8.63e-07
0.735554,715.291,0.132527
0.735554,715.291,8.63e-07
0.735589,715.424,0.132527
0.735732,715.486,0.0616428
0.73575,715.498,0.012401
0.73575,715.498,1.2945e-06
0.735768,715.564,0.0662636
0.735768,715.564,8.63e-07
0.735804,715.697,0.132527
0.735982,715.774,0.0770534
0.736,715.786,0.012401
0.736,715.786,1.2945e-06
0.736018,715.852,0.0662636
0.736018,715.852,8.63e-07
0.736054,715.985,0.132527
0.736054,715.985,8.63e-07
0.736089,716.117,0.132527
0.736232,716.179,0.0616428
0.73625,716.192,0.012401
0.73625,716.192,1.2945e-06
0.736268,716.258,0.0662636
0.736268,716.258,8.63e-07
0.736304,716.39,0.132527
0.736482,716.467,0.0770534
0.7365,716.48,0.012401
0.7365,716.48,1.2945e-06
0.736518,716.546,0.0662636
0.736732,716.638,0.092464
0.73675,716.651,0.012401
0.73675,716.651,1.2945e-06
0.736768,716.717,0.0662636
0.736768,716.717,8.63e-07
0.736804,716.85,0.132527
0.736982,716.927,0.0770534
0.737,716.939,0.012401
0.737,716.939,1.2945e-06
0.737018,717.005,0.0662636
0.737018,717.005,8.63e-07
0.737054,717.138,0.132527
0.737054,717.138,8.63e-07
0.737089,717.27,0.132527
0.737232,717.332,0.0616428
0.73725,717.345,0.012401
0.73725,717.345,1.2945e-06
0.737268,717.411,0.0662636
0.737268,717.411,8.63e-07
0.737304,717.543,0.132527
0.737482,717.62,0.0770534
0.7375,717.633,0.012401
0.7375,717.633,1.2945e-06
0.737518,717.699,0.0662636
0.737518,717.699,8.63e-07
0.737554,717.832,0.132527
0.737554,717.832,8.63e-07
0.737589,717.964,0.132527
0.737732,718.026,0.0616428
0.73775,718.038,0.012401
0.73775,718.038,1.2945e-06
0.737768,718.104,0.0662636
0.737768,718.104,8.63e-07
0.737804,718.237,0.132527
0.737982,718.314,0.0770534
0.738,718.326,0.012401
0.738,718.326,1.2945e-06
0.738018,718.393,0.0662636
0.738232,718.485,0.092464
0.73825,718.497,0.012401
0.73825,718.497,1.2945e-06
0.738268,718.564,0.0662636
0.738268,718.564,8.63e-07
0.738304,718.696,0.132527
0.738482,718.773,0.0770534
0.7385,718.786,0.012401
0.7385,718.786,1.2945e-06
0.738518,718.852,0.0662636
0.738518,718.852,8.63e-07
0.738554,718.985,0.132527
0.738554,718.985,8.63e-07
0.738589,719.117,0.132527
0.738732,719.179,0.0616428
0.73875,719.191,0.012401
0.73875,719.191,1.2945e-06
0.738768,719.257,0.0662636
0.738768,719.257,8.63e-07
0.738804,719.39,0.132527
0.738982,719.467,0.0770534
0.739,719.479,0.012401
0.739,719.479,1.2945e-06
0.739018,719.546,0.0662636
0.739018,719.546,8.63e-07
0.739054,719.678,0.132527
0.739054,719.678,8.63e-07
0.739089,719.811,0.132527
0.739232,719.872,0.0616428
0.73925,719.885,0.012401
0.73925,719.885,1.2945e-06
0.739268,719.951,0.0662636
0.739268,719.951,8.63e-07
0.739304,720.084,0.132527
0.739482,720.161,0.0770534
0.7395,720.173,0.012401
0.7395,720.173,1.2945e-06
0.739518,720.239,0.0662636
0.739732,720.332,0.092464
0.73975,720.344,0.012401
0.73975,720.344,1.2945e-06
0.739768,720.41,0.0662636
0.739768,720.41,8.63e-07
0.739804,720.543,0.132527
0.739982,720.62,0.0770534
0.74,720.632,0.012401
0.74,720.632,1.2945e-06
0.740018,720.699,0.0662636
0.740018,720.699,8.63e-07
0.740054,720.831,0.132527
0.740054,720.831,8.63e-07
0.740089,720.964,0.132527
0.740232,721.025,0.0616428
0.74025,721.038,0.012401
0.74025,721.038,1.2945e-06
0.740268,721.104,0.0662636
0.740268,721.104,8.63e-07
0.740304,721.237,0.132527
0.740482,721.314,0.0770534
0.7405,721.326,0.012401
0.7405,721.326,1.2945e-06
0.740518,721.392,0.0662636
0.740518,721.392,8.63e-07
0.740554,721.525,0.132527
0.740554,721.525,8.63e-07
0.740589,721.657,0.132527
0.740732,721.719,0.0616428
0.74075,721.731,0.012401
0.74075,721.731,1.2945e-06
0.740768,721.798,0.0662636
0.740768,721.798,8.63e-07
0.740804,721.93,0.132527
0.740982,722.007,0.0770534
0.741,722.02,0.012401
0.741,722.02,1.2945e-06
0.741018,722.086,0.0662636
0.741232,722.178,0.092464
0.74125,722.191,0.012401
0.74125,722.191,1.2945e-06
0.741268,722.257,0.0662636
0.741268,722.257,8.63e-07
0.741304,722.389,0.132527
0.741482,722.467,0.0770534
0.7415,722.479,0.012401
0.7415,722.479,1.2945e-06
0.741518,722.545,0.0662636
0.741518,722.545,8.63e-07
0.741554,722.678,0.132527
0.741554,722.678,8.63e-07
0.741589,722.81,0.132527
0.741732,722.872,0.0616428
0.74175,722.884,0.012401
0.74175,722.884,1.2945e-06
0.741768,722.951,0.0662636
0.741768,722.951,8.63e-07
0.741804,723.083,0.132527
0.741982,723.16,0.0770534
0.742,723.173,0.012401
0.742,723.173,1.2945e-06
0.742018,723.239,0.0662636
0.742018,723.239,8.63e-07
0.742054,723.371,0.132527
0.742054,723.371,8.63e-07
0.742089,723.504,0.132527
0.742232,723.566,0.0616428
0.74225,723.578,0.012401
0.74225,723.578,1.2945e-06
0.742268,723.644,0.0662636
0.742268,723.644,8.63e-07
0.742304,723.777,0.132527
0.742482,723.854,0.0770534
0.7425,723.866,0.012401
0.7425,723.866,1.2945e-06
0.742518,723.932,0.0662636
0.742732,724.025,0.092464
0.74275,724.037,0.012401
0.74275,724.037,1.2945e-06
0.742768,724.104,0.0662636
0.742768,724.104,8.63e-07
0.742804,724.236,0.132527
0.742982,724.313,0.0770534
0.743,724.326,0.012401
0.743,724.326,1.2945e-06
0.743018,724.392,0.0662636
0.743018,724.392,8.63e-07
0.743054,724.524,0.132527
0.743054,724.524,8.63e-07
0.743089,724.657,0.132527
0.743232,724.719,0.0616428
0.74325,724.731,0.012401
0.74325,724.731,1.2945e-06
0.743268,724.797,0.0662636
0.743268,724.797,8.63e-07
0.743304,724.93,0.132527
0.743482,725.007,0.0770534
0.7435,725.019,0.012401
0.7435,725.019,1.2945e-06
0.743518,725.085,0.0662636
0.743518,725.085,8.63e-07
0.743554,725.218,0.132527
0.743554,725.218,8.63e-07
0.743589,725.35,0.132527
0.743732,725.412,0.0616428
0.74375,725.425,0.012401
0.74375,725.425,1.2945e-06
0.743768,725.491,0.0662636
0.743768,725.491,8.63e-07
0.743804,725.623,0.132527
0.743982,725.7,0.0770534
0.744,725.713,0.012401
0.744,725.713,1.2945e-06
0.744018,725.779,0.0662636
0.744232,725.871,0.092464
0.74425,725.884,0.012401
0.74425,725.884,1.2945e-06
0.744268,725.95,0.0662636
0.744268,725.95,8.63e-07
0.744304,726.083,0.132527
0.744482,726.16,0.0770534
0.7445,726.172,0.012401
0.7445,726.172,1.2945e-06
0.744518,726.238,0.0662636
0.744518,726.238,8.63e-07
0.744554,726.371,0.132527
0.744554,726.371,8.63e-07
0.744589,726.503,0.132527
0.744732,726.565,0.0616428
0.74475,726.578,0.012401
0.74475,726.578,1.2945e-06
0.744768,726.644,0.0662636
0.744768,726.644,8.63e-07
0.744804,726.776,0.132527
0.744982,726.853,0.0770534
0.745,726.866,0.012401
0.745,726.866,1.2945e-06
0.745018,726.932,0.0662636
0.745232,727.024,0.092464
0.74525,727.037,0.012401
0.74525,727.037,1.2945e-06
0.745268,727.103,0.0662636
0.745268,727.103,8.63e-07
0.745304,727.236,0.132527
0.745482,727.313,0.0770534
0.7455,727.325,0.012401
0.7455,727.325,1.2945e-06
0.745518,727.391,0.0662636
0.745732,727.484,0.092464
0.74575,727.496,0.012401
0.74575,727.496,1.2945e-06
0.745768,727.563,0.0662636
0.745768,727.563,8.63e-07
0.745804,727.695,0.132527
0.745982,727.772,0.0770534
0.746,727.785,0.012401
0.746,727.785,1.2945e-06
0.746018,727.851,0.0662636
0.746018,727.851,8.63e-07
0.746054,727.983,0.132527
0.746054,727.983,8.63e-07
0.746089,728.116,0.132527
0.746232,728.177,0.0616428
0.74625,728.19,0.012401
0.74625,728.19,1.2945e-06
0.746268,728.256,0.0662636
0.746268,728.256,8.63e-07
0.746304,728.389,0.132527
0.746482,728.466,0.0770534
0.7465,728.478,0.012401
0.7465,728.478,1.2945e-06
0.746518,728.544,0.0662636
0.746732,728.637,0.092464
0.74675,728.649,0.012401
0.74675,728.649,1.2945e-06
0.746768,728.716,0.0662636
0.746768,728.716,8.63e-07
0.746804,728.848,0.132527
0.746982,728.925,0.0770534
0.747,728.938,0.012401
0.747,728.938,1.2945e-06
0.747018,729.004,0.0662636
0.747232,729.096,0.092464
0.74725,729.109,0.012401
0.74725,729.109,1.2945e-06
0.747268,729.175,0.0662636
0.747268,729.175,8.63e-07
0.747304,729.307,0.132527
0.747482,729.384,0.0770534
0.7475,729.397,0.012401
0.7475,729.397,1.2945e-06
0.747518,729.463,0.0662636
0.747518,729.463,8.63e-07
0.747554,729.596,0.132527
0.747554,729.596,8.63e-07
0.747589,729.728,0.132527
0.747732,729.79,0.0616428
0.74775,729.802,0.012401
0.74775,729.802,1.2945e-06
0.747768,729.869,0.0662636
0.747768,729.869,8.63e-07
0.747804,730.001,0.132527
0.747982,730.078,0.0770534
0.748,730.09,0.012401
0.748,730.09,1.2945e-06
0.748018,730.157,0.0662636
0.748232,730.249,0.092464
0.74825,730.262,0.012401
0.74825,730.262,1.2945e-06
0.748268,730.328,0.0662636
0.748268,730.328,8.63e-07
0.748304,730.46,0.132527
0.748482,730.537,0.0770534
0.7485,730.55,0.012401
0.7485,730.55,1.2945e-06
0.748518,730.616,0.0662636
0.748732,730.709,0.092464
0.74875,730.721,0.012401
0.74875,730.721,1.2945e-06
0.748768,730.787,0.0662636
0.748768,730.787,8.63e-07
0.748804,730.92,0.132527
0.748982,730.997,0.0770534
0.749,731.009,0.012401
0.749,731.009,1.2945e-06
0.749018,731.076,0.0662636
0.749018,731.076,8.63e-07
0.749054,731.208,0.132527
0.749054,731.208,8.63e-07
0.749089,731.341,0.132527
0.749232,731.402,0.0616428
0.74925,731.415,0.012401
0.74925,731.415,1.2945e-06
0.749268,731.481,0.0662636
0.749268,731.481,8.63e-07
0.749304,731.613,0.132527
0.749482,731.69,0.0770534
0.7495,731.703,0.012401
0.7495,731.703,1.2945e-06
0.749518,731.769,0.0662636
0.749732,731.862,0.092464
0.74975,731.874,0.012401
0.74975,731.874,1.2945e-06
0.749768,731.94,0.0662636
0.749768,731.94,8.63e-07
0.749804,732.073,0.132527
0.749982,732.15,0.0770534
0.75,732.162,0.012401
0.75,732.162,1.2945e-06
0.750018,732.229,0.0662636
0.750232,732.321,0.092464
0.75025,732.333,0.012401
0.75025,732.333,1.2945e-06
0.750268,732.4,0.0662636
0.750268,732.4,8.63e-07
0.750304,732.532,0.132527
0.750482,732.609,0.0770534
0.7505,732.622,0.012401
0.7505,732.622,1.2945e-06
0.750518,732.688,0.0662636
0.750518,732.688,8.63e-07
0.750554,732.82,0.132527
0.750554,732.82,8.63e-07
0.750589,732.953,0.132527
0.750732,733.015,0.0616428
0.75075,733.027,0.012401
0.75075,733.027,1.2945e-06
0.750768,733.093,0.0662636
0.750768,733.093,8.63e-07
0.750804,733.226,0.132527
0.750982,733.303,0.0770534
0.751,733.315,0.012401
0.751,733.315,1.2945e-06
0.751018,733.381,0.0662636
0.751232,733.474,0.092464
0.75125,733.486,0.012401
0.75125,733.486,1.2945e-06
0.751268,733.553,0.0662636
0.751268,733.553,8.63e-07
0.751304,733.685,0.132527
0.751482,733.762,0.0770534
0.7515,733.775,0.012401
0.7515,733.775,1.2945e-06
0.751518,733.841,0.0662636
0.751732,733.933,0.092464
0.75175,733.946,0.012401
0.75175,733.946,1.2945e-06
0.751768,734.012,0.0662636
0.751768,734.012,8.63e-07
0.751804,734.145,0.132527
0.751982,734.222,0.0770534
0.752,734.234,0.012401
0.752,734.234,1.2945e-06
0.752018,734.3,0.0662636
0.752018,734.3,8.63e-07
0.752054,734.433,0.132527
0.752054,734.433,8.63e-07
0.752089,734.565,0.132527
0.752232,734.627,0.0616428
0.75225,734.639,0.012401
0.75225,734.639,1.2945e-06
0.752268,734.706,0.0662636
0.752268,734.706,8.63e-07
0.752304,734.838,0.132527
0.752482,734.915,0.0770534
0.7525,734.928,0.012401
0.7525,734.928,1.2945e-06
0.752518,734.994,0.0662636
0.752732,735.086,0.092464
0.75275,735.099,0.012401
0.75275,735.099,1.2945e-06
0.752768,735.165,0.0662636
0.752768,735.165,8.63e-07
0.752804,735.298,0.132527
0.752982,735.375,0.0770534
0.753,735.387,0.012401
0.753,735.387,1.2945e-06
0.753018,735.453,0.0662636
0.753232,735.546,0.092464
0.75325,735.558,0.012401
0.75325,735.558,1.2945e-06
0.753268,735.624,0.0662636
0.753268,735.624,8.63e-07
0.753304,735.757,0.132527
0.753482,735.834,0.0770534
0.7535,735.846,0.012401
0.7535,735.846,1.2945e-06
0.753518,735.913,0.0662636
0.753518,735.913,8.63e-07
0.753554,736.045,0.132527
0.753554,736.045,8.63e-07
0.753589,736.178,0.132527
0.753732,736.239,0.0616428
0.75375,736.252,0.012401
0.75375,736.252,1.2945e-06
0.753768,736.318,0.0662636
0.753768,736.318,8.63e-07
0.753804,736.451,0.132527
0.753982,736.528,0.0770534
0.754,736.54,0.012401
0.754,736.54,1.2945e-06
0.754018,736.606,0.0662636
0.754232,736.699,0.092464
0.75425,736.711,0.012401
0.75425,736.711,1.2945e-06
0.754268,736.777,0.0662636
0.754268,736.777,8.63e-07
0.754304,736.91,0.132527
0.754482,736.987,0.0770534
0.7545,736.999,0.012401
0.7545,736.999,1.2945e-06
0.754518,737.066,0.0662636
0.754732,737.158,0.092464
0.75475,737.17,0.012401
0.75475,737.17,1.2945e-06
0.754768,737.237,0.0662636
0.754768,737.237,8.63e-07
0.754804,737.369,0.132527
0.754982,737.446,0.0770534
0.755,737.459,0.012401
0.755,737.459,1.2945e-06
0.755018,737.525,0.0662636
0.755232,737.617,0.092464
0.75525,737.63,0.012401
0.75525,737.63,1.2945e-06
0.755268,737.696,0.0662636
0.755268,737.696,8.63e-07
0.755304,737.829,0.132527
0.755482,737.906,0.0770534
0.7555,737.918,0.012401
0.7555,737.918,1.2945e-06
0.755518,737.984,0.0662636
0.755732,738.077,0.092464
0.75575,738.089,0.012401
0.75575,738.089,1.2945e-06
0.755768,738.155,0.0662636
0.755768,738.155,8.63e-07
0.755804,738.288,0.132527
0.755982,738.365,0.0770534
0.756,738.377,0.012401
0.756,738.377,1.2945e-06
0.756018,738.444,0.0662636
0.756232,738.536,0.092464
0.75625,738.549,0.012401
0.75625,738.549,1.2945e-06
0.756268,738.615,0.0662636
0.756268,738.615,8.63e-07
0.756304,738.747,0.132527
0.756482,738.824,0.0770534
0.7565,738.837,0.012401
0.7565,738.837,1.2945e-06
0.756518,738.903,0.0662636
0.756732,738.996,0.092464
0.75675,739.008,0.012401
0.75675,739.008,1.2945e-06
0.756768,739.074,0.0662636
0.756768,739.074,8.63e-07
0.756804,739.207,0.132527
0.756982,739.284,0.0770534
0.757,739.296,0.012401
0.757,739.296,1.2945e-06
0.757018,739.362,0.0662636
0.757232,739.455,0.092464
0.75725,739.467,0.012401
0.75725,739.467,1.2945e-06
0.757268,739.534,0.0662636
0.757268,739.534,8.63e-07
0.757304,739.666,0.132527
0.757482,739.743,0.0770534
0.7575,739.756,0.012401
0.7575,739.756,1.2945e-06
0.757518,739.822,0.0662636
0.757732,739.914,0.092464
0.75775,739.927,0.012401
0.75775,739.927,1.2945e-06
0.757768,739.993,0.0662636
0.757768,739.993,8.63e-07
0.757804,740.126,0.132527
0.757982,740.203,0.0770534
0.758,740.215,0.012401
0.758,740.215,1.2945e-06
0.758018,740.281,0.0662636
0.758232,740.374,0.092464
0.75825,740.386,0.012401
0.75825,740.386,1.2945e-06
0.758268,740.452,0.0662636
0.758268,740.452,8.63e-07
0.758304,740.585,0.132527
0.758482,740.662,0.0770534
0.7585,740.674,0.012401
0.7585,740.674,1.2945e-06
0.758518,740.741,0.0662636
0.758732,740.833,0.092464
0.75875,740.845,0.012401
0.75875,740.845,1.2945e-06
0.758768,740.912,0.0662636
0.758768,740.912,8.63e-07
0.758804,741.044,0.132527
0.758982,741.121,0.0770534
0.759,741.134,0.012401
0.759,741.134,1.2945e-06
0.759018,741.2,0.0662636
0.759232,741.292,0.092464
0.75925,741.305,0.012401
0.75925,741.305,1.2945e-06
0.759268,741.371,0.0662636
0.759268,741.371,8.63e-07
0.759304,741.504,0.132527
0.759482,741.581,0.0770534
0.7595,741.593,0.012401
0.7595,741.593,1.2945e-06
0.759518,741.659,0.0662636
0.759732,741.752,0.092464
0.75975,741.764,0.012401
0.75975,741.764,1.2945e-06
0.759768,741.831,0.0662636
0.759768,741.831,8.63e-07
0.759804,741.963,0.132527
0.759982,742.04,0.0770534
0.76,742.052,0.012401
0.76,742.052,1.2945e-06
0.760018,742.119,0.0662636
0.760232,742.211,0.092464
0.76025,742.224,0.012401
0.76025,742.224,1.2945e-06
0.760268,742.29,0.0662636
0.760268,742.29,8.63e-07
0.760304,742.422,0.132527
0.760482,742.499,0.0770534
0.7605,742.512,0.012401
0.7605,742.512,1.2945e-06
0.760518,742.578,0.0662636
0.760732,742.671,0.092464
0.76075,742.683,0.012401
0.76075,742.683,1.2945e-06
0.760768,742.749,0.0662636
0.760768,742.749,8.63e-07
0.760804,742.882,0.132527
0.760982,742.959,0.0770534
0.761,742.971,0.012401
0.761,742.971,1.2945e-06
0.761018,743.038,0.0662636
0.761232,743.13,0.092464
0.76125,743.142,0.012401
0.76125,743.142,1.2945e-06
0.761268,743.209,0.0662636
0.761268,743.209,8.63e-07
0.761304,743.341,0.132527
0.761482,743.418,0.0770534
0.7615,743.431,0.012401
0.7615,743.431,1.2945e-06
0.761518,743.497,0.0662636
0.761732,743.589,0.092464
0.76175,743.602,0.012401
0.76175,743.602,1.2945e-06
0.761768,743.668,0.0662636
0.761768,743.668,8.63e-07
0.761804,743.801,0.132527
0.761982,743.878,0.0770534
0.762,743.89,0.012401
0.762,743.89,1.2945e-06
0.762018,743.956,0.0662636
0.762232,744.049,0.092464
0.76225,744.061,0.012401
0.76225,744.061,1.2945e-06
0.762268,744.127,0.0662636
0.762268,744.127,8.63e-07
0.762304,744.26,0.132527
0.762482,744.337,0.0770534
0.7625,744.349,0.012401
0.7625,744.349,1.2945e-06
0.762518,744.416,0.0662636
0.762732,744.508,0.092464
0.76275,744.521,0.012401
0.76275,744.521,1.2945e-06
0.762768,744.587,0.0662636
0.762768,744.587,8.63e-07
0.762804,744.719,0.132527
0.762982,744.796,0.0770534
0.763,744.809,0.012401
0.763,744.809,1.2945e-06
0.763018,744.875,0.0662636
0.763232,744.967,0.092464
0.76325,744.98,0.012401
0.76325,744.98,1.2945e-06
0.763268,745.046,0.0662636
0.763268,745.046,8.63e-07
0.763304,745.179,0.132527
0.763482,745.256,0.0770534
0.7635,745.268,0.012401
0.7635,745.268,1.2945e-06
0.763518,745.334,0.0662636
0.763732,745.427,0.092464
0.76375,745.439,0.012401
0.76375,745.439,1.2945e-06
0.763768,745.506,0.0662636
0.763768,745.506,8.63e-07
0.763804,745.638,0.132527
0.763982,745.715,0.0770534
0.764,745.728,0.012401
0.764,745.728,1.2945e-06
0.764018,745.794,0.0662636
0.764232,745.886,0.092464
0.76425,745.899,0.012401
0.76425,745.899,1.2945e-06
0.764268,745.965,0.0662636
0.764268,745.965,8.63e-07
0.764304,746.097,0.132527
0.764482,746.174,0.0770534
0.7645,746.187,0.012401
0.7645,746.187,1.2945e-06
0.764518,746.253,0.0662636
0.764732,746.346,0.092464
0.76475,746.358,0.012401
0.76475,746.358,1.2945e-06
0.764768,746.424,0.0662636
0.764768,746.424,8.63e-07
0.764804,746.557,0.132527
0.764982,746.634,0.0770534
0.765,746.646,0.012401
0.765,746.646,1.2945e-06
0.765018,746.713,0.0662636
0.765232,746.805,0.092464
0.76525,746.817,0.012401
0.76525,746.817,1.2945e-06
0.765268,746.884,0.0662636
0.765268,746.884,8.63e-07
0.765304,747.016,0.132527
0.765482,747.093,0.0770534
0.7655,747.106,0.012401
0.7655,747.106,1.2945e-06
0.765518,747.172,0.0662636
0.765732,747.264,0.092464
0.76575,747.277,0.012401
0.76575,747.277,1.2945e-06
0.765768,747.343,0.0662636
0.765768,747.343,8.63e-07
0.765804,747.476,0.132527
0.765982,747.553,0.0770534
0.766,747.565,0.012401
0.766,747.565,1.2945e-06
0.766018,747.631,0.0662636
0.766232,747.724,0.092464
0.76625,747.736,0.012401
0.76625,747.736,1.2945e-06
0.766268,747.802,0.0662636
0.766268,747.802,8.63e-07
0.766304,747.935,0.132527
0.766482,748.012,0.0770534
0.7665,748.024,0.012401
0.7665,748.024,1.2945e-06
0.766518,748.091,0.0662636
0.766732,748.183,0.092464
0.76675,748.196,0.012401
0.76675,748.196,1.2945e-06
0.766768,748.262,0.0662636
0.766768,748.262,8.63e-07
0.766804,748.394,0.132527
0.766982,748.471,0.0770534
0.767,748.484,0.012401
0.767,748.484,1.2945e-06
0.767018,748.55,0.0662636
0.767232,748.642,0.092464
0.76725,748.655,0.012401
0.76725,748.655,1.2945e-06
0.767268,748.721,0.0662636
0.767268,748.721,8.63e-07
0.767304,748.854,0.132527
0.767482,748.931,0.0770534
0.7675,748.943,0.012401
0.7675,748.943,1.2945e-06
0.767518,749.009,0.0662636
0.767732,749.102,0.092464
0.76775,749.114,0.012401
0.76775,749.114,1.2945e-06
0.767768,749.181,0.0662636
0.767768,749.181,8.63e-07
0.767804,749.313,0.132527
0.767982,749.39,0.0770534
0.768,749.403,0.012401
0.768,749.403,1.2945e-06
0.768018,749.469,0.0662636
0.768232,749.561,0.092464
0.76825,749.574,0.012401
0.76825,749.574,1.2945e-06
0.768268,749.64,0.0662636
0.768268,749.64,8.63e-07
0.768304,749.772,0.132527
0.768482,749.85,0.0770534
0.7685,749.862,0.012401
0.7685,749.862,1.2945e-06
0.768518,749.928,0.0662636
0.768732,750.021,0.092464
0.76875,750.033,0.012401
0.76875,750.033,1.2945e-06
0.768768,750.099,0.0662636
0.768768,750.099,8.63e-07
0.768804,750.232,0.132527
0.768982,750.309,0.0770534
0.769,750.321,0.012401
0.769,750.321,1.2945e-06
0.769018,750.388,0.0662636
0.769232,750.48,0.092464
0.76925,750.492,0.012401
0.76925,750.492,1.2945e-06
0.769268,750.559,0.0662636
0.769268,750.559,8.63e-07
0.769304,750.691,0.132527
0.769482,750.768,0.0770534
0.7695,750.781,0.012401
0.7695,750.781,1.2945e-06
0.769518,750.847,0.0662636
0.769732,750.939,0.092464
0.76975,750.952,0.012401
0.76975,750.952,1.2945e-06
0.769768,751.018,0.0662636
0.769768,751.018,8.63e-07
0.769804,751.151,0.132527
0.769982,751.228,0.0770534
0.77,751.24,0.012401
0.77,751.24,1.2945e-06
0.770018,751.306,0.0662636
0.770232,751.399,0.092464
0.77025,751.411,0.012401
0.77025,751.411,1.2945e-06
0.770268,751.477,0.0662636
0.770268,751.477,8.63e-07
0.770304,751.61,0.132527
0.770482,751.687,0.0770534
0.7705,751.699,0.012401
0.7705,751.699,1.2945e-06
0.770518,751.766,0.0662636
0.770732,751.858,0.092464
0.77075,751.871,0.012401
0.77075,751.871,1.2945e-06
0.770768,751.937,0.0662636
0.770768,751.937,8.63e-07
0.770804,752.069,0.132527
0.770982,752.146,0.0770534
0.771,752.159,0.012401
0.771,752.159,1.2945e-06
0.771018,752.225,0.0662636
0.771232,752.318,0.092464
0.77125,752.33,0.012401
0.77125,752.33,1.2945e-06
0.771268,752.396,0.0662636
0.771268,752.396,8.63e-07
0.771304,752.529,0.132527
0.771482,752.606,0.0770534
0.7715,752.618,0.012401
0.7715,752.618,1.2945e-06
0.771518,752.684,0.0662636
0.771518,752.684,8.63e-07
0.771554,752.817,0.132527
0.771554,752.817,8.63e-07
0.771589,752.949,0.132527
0.771732,753.011,0.0616428
0.77175,753.024,0.012401
0.77175,753.024,1.2945e-06
0.771768,753.09,0.0662636
0.771768,753.09,8.63e-07
0.771804,753.222,0.132527
0.771982,753.299,0.0770534
0.772,753.312,0.012401
0.772,753.312,1.2945e-06
0.772018,753.378,0.0662636
0.772232,753.471,0.092464
0.77225,753.483,0.012401
0.77225,753.483,1.2945e-06
0.772268,753.549,0.0662636
0.772268,753.549,8.63e-07
0.772304,753.682,0.132527
0.772482,753.759,0.0770534
0.7725,753.771,0.012401
0.7725,753.771,1.2945e-06
0.772518,753.837,0.0662636
0.772732,753.93,0.092464
0.77275,753.942,0.012401
0.77275,753.942,1.2945e-06
0.772768,754.009,0.0662636
0.772768,754.009,8.63e-07
0.772804,754.141,0.132527
0.772982,754.218,0.0770534
0.773,754.231,0.012401
0.773,754.231,1.2945e-06
0.773018,754.297,0.0662636
0.773018,754.297,8.63e-07
0.773054,754.429,0.132527
0.773054,754.429,8.63e-07
0.773089,754.562,0.132527
0.773232,754.623,0.0616428
0.77325,754.636,0.012401
0.77325,754.636,1.2945e-06
0.773268,754.702,0.0662636
0.773268,754.702,8.63e-07
0.773304,754.835,0.132527
0.773482,754.912,0.0770534
0.7735,754.924,0.012401
0.7735,754.924,1.2945e-06
0.773518,754.99,0.0662636
0.773732,755.083,0.092464
0.77375,755.095,0.012401
0.77375,755.095,1.2945e-06
0.773768,755.162,0.0662636
0.773768,755.162,8.63e-07
0.773804,755.294,0.132527
0.773982,755.371,0.0770534
0.774,755.384,0.012401
0.774,755.384,1.2945e-06
0.774018,755.45,0.0662636
0.774232,755.542,0.092464
0.77425,755.555,0.012401
0.77425,755.555,1.2945e-06
0.774268,755.621,0.0662636
0.774268,755.621,8.63e-07
0.774304,755.753,0.132527
0.774482,755.83,0.0770534
0.7745,755.843,0.012401
0.7745,755.843,1.2945e-06
0.774518,755.909,0.0662636
0.774732,756.002,0.092464
0.77475,756.014,0.012401
0.77475,756.014,1.2945e-06
0.774768,756.08,0.0662636
0.774768,756.08,8.63e-07
0.774804,756.213,0.132527
0.774982,756.29,0.0770534
0.775,756.302,0.012401
0.775,756.302,1.2945e-06
0.775018,756.369,0.0662636
0.775232,756.461,0.092464
0.77525,756.473,0.012401
0.77525,756.473,1.2945e-06
0.775268,756.54,0.0662636
0.775268,756.54,8.63e-07
0.775304,756.672,0.132527
0.775482,756.749,0.0770534
0.7755,756.762,0.012401
0.7755,756.762,1.2945e-06
0.775518,756.828,0.0662636
0.775732,756.92,0.092464
0.77575,756.933,0.012401
0.77575,756.933,1.2945e-06
0.775768,756.999,0.0662636
0.775768,756.999,8.63e-07
0.775804,757.132,0.132527
0.775982,757.209,0.0770534
0.776,757.221,0.012401
0.776,757.221,1.2945e-06
0.776018,757.287,0.0662636
0.776232,757.38,0.092464
0.77625,757.392,0.012401
0.77625,757.392,1.2945e-06
0.776268,757.458,0.0662636
0.776268,757.458,8.63e-07
0.776304,757.591,0.132527
0.776482,757.668,0.0770534
0.7765,757.68,0.012401
0.7765,757.68,1.2945e-06
0.776518,757.747,0.0662636
0.776732,757.839,0.092464
0.77675,757.852,0.012401
0.77675,757.852,1.2945e-06
0.776768,757.918,0.0662636
0.776768,757.918,8.63e-07
0.776804,758.05,0.132527
0.776982,758.127,0.0770534
0.777,758.14,0.012401
0.777,758.14,1.2945e-06
0.777018,758.206,0.0662636
0.777232,758.299,0.092464
0.77725,758.311,0.012401
0.77725,758.311,1.2945e-06
0.777268,758.377,0.0662636
0.777268,758.377,8.63e-07
0.777304,758.51,0.132527
0.777482,758.587,0.0770534
0.7775,758.599,0.012401
0.7775,758.599,1.2945e-06
0.777518,758.665,0.0662636
0.777732,758.758,0.092464
0.77775,758.77,0.012401
0.77775,758.77,1.2945e-06
0.777768,758.837,0.0662636
0.777768,758.837,8.63e-07
0.777804,758.969,0.132527
0.777982,759.046,0.0770534
0.778,759.059,0.012401
0.778,759.059,1.2945e-06
0.778018,759.125,0.0662636
0.778232,759.217,0.092464
0.77825,759.23,0.012401
0.77825,759.23,1.2945e-06
0.778268,759.296,0.0662636
0.778268,759.296,8.63e-07
0.778304,759.428,0.132527
0.778482,759.506,0.0770534
0.7785,759.518,0.012401
0.7785,759.518,1.2945e-06
0.778518,759.584,0.0662636
0.778732,759.677,0.092464
0.77875,759.689,0.012401
0.77875,759.689,1.2945e-06
0.778768,759.755,0.0662636
0.778768,759.755,8.63e-07
0.778804,759.888,0.132527
0.778982,759.965,0.0770534
0.779,759.977,0.012401
0.779,759.977,1.2945e-06
0.779018,760.044,0.0662636
0.779232,760.136,0.092464
0.77925,760.148,0.012401
0.77925,760.148,1.2945e-06
0.779268,760.215,0.0662636
0.779268,760.215,8.63e-07
0.779304,760.347,0.132527
0.779482,760.424,0.0770534
0.7795,760.437,0.012401
0.7795,760.437,1.2945e-06
0.779518,760.503,0.0662636
0.779732,760.595,0.092464
0.77975,760.608,0.012401
0.77975,760.608,1.2945e-06
0.779768,760.674,0.0662636
0.779768,760.674,8.63e-07
0.779804,760.807,0.132527
0.779982,760.884,0.0770534
0.78,760.896,0.012401
0.78,760.896,1.2945e-06
0.780018,760.962,0.0662636
0.780232,761.055,0.092464
0.78025,761.067,0.012401
0.78025,761.067,1.2945e-06
0.780268,761.133,0.0662636
0.780268,761.133,8.63e-07
0.780304,761.266,0.132527
0.780482,761.343,0.0770534
0.7805,761.355,0.012401
0.7805,761.355,1.2945e-06
0.780518,761.422,0.0662636
0.780732,761.514,0.092464
0.78075,761.527,0.012401
0.78075,761.527,1.2945e-06
0.780768,761.593,0.0662636
0.780768,761.593,8.63e-07
0.780804,761.725,0.132527
0.780982,761.802,0.0770534
0.781,761.815,0.012401
0.781,761.815,1.2945e-06
0.781018,761.881,0.0662636
0.781232,761.974,0.092464
0.78125,761.986,0.012401
0.78125,761.986,1.2945e-06
0.781268,762.052,0.0662636
0.781268,762.052,8.63e-07
0.781304,762.185,0.132527
0.781482,762.262,0.0770534
0.7815,762.274,0.012401
0.7815,762.274,1.2945e-06
0.781518,762.34,0.0662636
0.781732,762.433,0.092464
0.78175,762.445,0.012401
0.78175,762.445,1.2945e-06
0.781768,762.512,0.0662636
0.781768,762.512,8.63e-07
0.781804,762.644,0.132527
0.781982,762.721,0.0770534
0.782,762.734,0.012401
0.782,762.734,1.2945e-06
0.782018,762.8,0.0662636
0.782232,762.892,0.092464
0.78225,762.905,0.012401
0.78225,762.905,1.2945e-06
0.782268,762.971,0.0662636
0.782268,762.971,8.63e-07
0.782304,763.103,0.132527
0.782482,763.181,0.0770534
0.7825,763.193,0.012401
0.7825,763.193,1.2945e-06
0.782518,763.259,0.0662636
0.782732,763.352,0.092464
0.78275,763.364,0.012401
0.78275,763.364,1.2945e-06
0.782768,763.43,0.0662636
0.782768,763.43,8.63e-07
0.782804,763.563,0.132527
0.782982,763.64,0.0770534
0.783,763.652,0.012401
0.783,763.652,1.2945e-06
0.783018,763.719,0.0662636
0.783232,763.811,0.092464
0.78325,763.823,0.012401
0.78325,763.823,1.2945e-06
0.783268,763.89,0.0662636
0.783268,763.89,8.63e-07
0.783304,764.022,0.132527
0.783482,764.099,0.0770534
0.7835,764.112,0.012401
0.7835,764.112,1.2945e-06
0.783518,764.178,0.0662636
0.783732,764.27,0.092464
0.78375,764.283,0.012401
0.78375,764.283,1.2945e-06
0.783768,764.349,0.0662636
0.783768,764.349,8.63e-07
0.783804,764.482,0.132527
0.783982,764.559,0.0770534
0.784,764.571,0.012401
0.784,764.571,1.2945e-06
0.784018,764.637,0.0662636
0.784232,764.73,0.092464
0.78425,764.742,0.012401
0.78425,764.742,1.2945e-06
0.784268,764.808,0.0662636
0.784268,764.808,8.63e-07
0.784304,764.941,0.132527
0.784482,765.018,0.0770534
0.7845,765.03,0.012401
0.7845,765.03,1.2945e-06
0.784518,765.097,0.0662636
0.784732,765.189,0.092464
0.78475,765.202,0.012401
0.78475,765.202,1.2945e-06
0.784768,765.268,0.0662636
0.784768,765.268,8.63e-07
0.784804,765.4,0.132527
0.784982,765.477,0.0770534
0.785,765.49,0.012401
0.785,765.49,1.2945e-06
0.785018,765.556,0.0662636
0.785232,765.649,0.092464
0.78525,765.661,0.012401
0.78525,765.661,1.2945e-06
0.785268,765.727,0.0662636
0.785268,765.727,8.63e-07
0.785304,765.86,0.132527
0.785482,765.937,0.0770534
0.7855,765.949,0.012401
0.7855,765.949,1.2945e-06
0.785518,766.015,0.0662636
0.785732,766.108,0.092464
0.78575,766.12,0.012401
0.78575,766.12,1.2945e-06
0.785768,766.187,0.0662636
0.785768,766.187,8.63e-07
0.785804,766.319,0.132527
0.785982,766.396,0.0770534
0.786,766.409,0.012401
0.786,766.409,1.2945e-06
0.786018,766.475,0.0662636
0.786232,766.567,0.092464
0.78625,766.58,0.012401
0.78625,766.58,1.2945e-06
0.786268,766.646,0.0662636
0.786268,766.646,8.63e-07
0.786304,766.778,0.132527
0.786482,766.856,0.0770534
0.7865,766.868,0.012401
0.7865,766.868,1.2945e-06
0.786518,766.934,0.0662636
0.786732,767.027,0.092464
0.78675,767.039,0.012401
0.78675,767.039,1.2945e-06
0.786768,767.105,0.0662636
0.786768,767.105,8.63e-07
0.786804,767.238,0.132527
0.786982,767.315,0.0770534
0.787,767.327,0.012401
0.787,767.327,1.2945e-06
0.787018,767.394,0.0662636
0.787232,767.486,0.092464
0.78725,767.498,0.012401
0.78725,767.498,1.2945e-06
0.787268,767.565,0.0662636
0.787268,767.565,8.63e-07
0.787304,767.697,0.132527
0.787482,767.774,0.0770534
0.7875,767.787,0.012401
0.7875,767.787,1.2945e-06
0.787518,767.853,0.0662636
0.787732,767.945,0.092464
0.78775,767.958,0.012401
0.78775,767.958,1.2945e-06
0.787768,768.024,0.0662636
0.787768,768.024,8.63e-07
0.787804,768.157,0.132527
0.787982,768.234,0.0770534
0.788,768.246,0.012401
0.788,768.246,1.2945e-06
0.788018,768.312,0.0662636
0.788232,768.405,0.092464
0.78825,768.417,0.012401
0.78825,768.417,1.2945e-06
0.788268,768.483,0.0662636
0.788268,768.483,8.63e-07
0.788304,768.616,0.132527
0.788482,768.693,0.0770534
0.7885,768.705,0.012401
0.7885,768.705,1.2945e-06
0.788518,768.772,0.0662636
0.788732,768.864,0.092464
0.78875,768.877,0.012401
0.78875,768.877,1.2945e-06
0.788768,768.943,0.0662636
0.788768,768.943,8.63e-07
0.788804,769.075,0.132527
0.788982,769.152,0.0770534
0.789,769.165,0.012401
0.789,769.165,1.2945e-06
0.789018,769.231,0.0662636
0.789232,769.324,0.092464
0.78925,769.336,0.012401
0.78925,769.336,1.2945e-06
0.789268,769.402,0.0662636
0.789268,769.402,8.63e-07
0.789304,769.535,0.132527
0.789482,769.612,0.0770534
0.7895,769.624,0.012401
0.7895,769.624,1.2945e-06
0.789518,769.69,0.0662636
0.789732,769.783,0.092464
0.78975,769.795,0.012401
0.78975,769.795,1.2945e-06
0.789768,769.862,0.0662636
0.789768,769.862,8.63e-07
0.789804,769.994,0.132527
0.789982,770.071,0.0770534
0.79,770.084,0.012401
0.79,770.084,1.2945e-06
0.790018,770.15,0.0662636
0.790232,770.242,0.092464
0.79025,770.255,0.012401
0.79025,770.255,1.2945e-06
0.790268,770.321,0.0662636
0.790268,770.321,8.63e-07
0.790304,770.454,0.132527
0.790482,770.531,0.0770534
0.7905,770.543,0.012401
0.7905,770.543,1.2945e-06
0.790518,770.609,0.0662636
0.790732,770.702,0.092464
0.79075,770.714,0.012401
0.79075,770.714,1.2945e-06
0.790768,770.78,0.0662636
0.790768,770.78,8.63e-07
0.790804,770.913,0.132527
0.790982,770.99,0.0770534
0.791,771.002,0.012401
0.791,771.002,1.2945e-06
0.791018,771.069,0.0662636
0.791232,771.161,0.092464
0.79125,771.173,0.012401
0.79125,771.173,1.2945e-06
0.791268,771.24,0.0662636
0.791268,771.24,8.63e-07
0.791304,771.372,0.132527
0.791482,771.449,0.0770534
0.7915,771.462,0.012401
0.7915,771.462,1.2945e-06
0.791518,771.528,0.0662636
0.791732,771.62,0.092464
0.79175,771.633,0.012401
0.79175,771.633,1.2945e-06
0.791768,771.699,0.0662636
0.791768,771.699,8.63e-07
0.791804,771.832,0.132527
0.791982,771.909,0.0770534
0.792,771.921,0.012401
0.792,771.921,1.2945e-06
0.792018,771.987,0.0662636
0.792232,772.08,0.092464
0.79225,772.092,0.012401
0.79225,772.092,1.2945e-06
0.792268,772.158,0.0662636
0.792268,772.158,8.63e-07
0.792304,772.291,0.132527
0.792482,772.368,0.0770534
0.7925,772.38,0.012401
0.7925,772.38,1.2945e-06
0.792518,772.447,0.0662636
0.792732,772.539,0.092464
0.79275,772.552,0.012401
0.79275,772.552,1.2945e-06
0.792768,772.618,0.0662636
0.792768,772.618,8.63e-07
0.792804,772.75,0.132527
0.792982,772.827,0.0770534
0.793,772.84,0.012401
0.793,772.84,1.2945e-06
0.793018,772.906,0.0662636
0.793232,772.999,0.092464
0.79325,773.011,0.012401
0.79325,773.011,1.2945e-06
0.793268,773.077,0.0662636
0.793268,773.077,8.63e-07
0.793304,773.21,0.132527
0.793482,773.287,0.0770534
0.7935,773.299,0.012401
0.7935,773.299,1.2945e-06
0.793518,773.365,0.0662636
0.793732,773.458,0.092464
0.79375,773.47,0.012401
0.79375,773.47,1.2945e-06
0.793768,773.537,0.0662636
0.793768,773.537,8.63e-07
0.793804,773.669,0.132527
0.793982,773.746,0.0770534
0.794,773.759,0.012401
0.794,773.759,1.2945e-06
0.794018,773.825,0.0662636
0.794232,773.917,0.092464
0.79425,773.93,0.012401
0.79425,773.93,1.2945e-06
0.794268,773.996,0.0662636
0.794268,773.996,8.63e-07
0.794304,774.129,0.132527
0.794482,774.206,0.0770534
0.7945,774.218,0.012401
0.7945,774.218,1.2945e-06
0.794518,774.284,0.0662636
0.794732,774.377,0.092464
0.79475,774.389,0.012401
0.79475,774.389,1.2945e-06
0.794768,774.455,0.0662636
0.794768,774.455,8.63e-07
0.794804,774.588,0.132527
0.794982,774.665,0.0770534
0.795,774.677,0.012401
0.795,774.677,1.2945e-06
0.795018,774.744,0.0662636
0.795232,774.836,0.092464
0.79525,774.848,0.012401
0.79525,774.848,1.2945e-06
0.795268,774.915,0.0662636
0.795268,774.915,8.63e-07
0.795304,775.047,0.132527
0.795482,775.124,0.0770534
0.7955,775.137,0.012401
0.7955,775.137,1.2945e-06
0.795518,775.203,0.0662636
0.795732,775.295,0.092464
0.79575,775.308,0.012401
0.79575,775.308,1.2945e-06
0.795768,775.374,0.0662636
0.795768,775.374,8.63e-07
0.795804,775.507,0.132527
0.795982,775.584,0.0770534
0.796,775.596,0.012401
0.796,775.596,1.2945e-06
0.796018,775.662,0.0662636
0.796232,775.755,0.092464
0.79625,775.767,0.012401
0.79625,775.767,1.2945e-06
0.796268,775.834,0.0662636
0.796268,775.834,8.63e-07
0.796304,775.966,0.132527
0.796482,776.043,0.0770534
0.7965,776.055,0.012401
0.7965,776.055,1.2945e-06
0.796518,776.122,0.0662636
0.796732,776.214,0.092464
0.79675,776.227,0.012401
0.79675,776.227,1.2945e-06
0.796768,776.293,0.0662636
0.796768,776.293,8.63e-07
0.796804,776.425,0.132527
0.796982,776.502,0.0770534
0.797,776.515,0.012401
0.797,776.515,1.2945e-06
0.797018,776.581,0.0662636
0.797232,776.674,0.092464
0.79725,776.686,0.012401
0.79725,776.686,1.2945e-06
0.797268,776.752,0.0662636
0.797268,776.752,8.63e-07
0.797304,776.885,0.132527
0.797482,776.962,0.0770534
0.7975,776.974,0.012401
0.7975,776.974,1.2945e-06
0.797518,777.041,0.0662636
0.797732,777.133,0.092464
0.79775,777.145,0.012401
0.79775,777.145,1.2945e-06
0.797768,777.212,0.0662636
0.797768,777.212,8.63e-07
0.797804,777.344,0.132527
0.797982,777.421,0.0770534
0.798,777.434,0.012401
0.798,777.434,1.2945e-06
0.798018,777.5,0.0662636
0.798232,777.592,0.092464
0.79825,777.605,0.012401
0.79825,777.605,1.2945e-06
0.798268,777.671,0.0662636
0.798268,777.671,8.63e-07
0.798304,777.804,0.132527
0.798482,777.881,0.0770534
0.7985,777.893,0.012401
0.7985,777.893,1.2945e-06
0.798518,777.959,0.0662636
0.798732,778.052,0.092464
0.79875,778.064,0.012401
0.79875,778.064,1.2945e-06
0.798768,778.13,0.0662636
0.798768,778.13,8.63e-07
0.798804,778.263,0.132527
0.798982,778.34,0.0770534
0.799,778.352,0.012401
0.799,778.352,1.2945e-06
0.799018,778.419,0.0662636
0.799232,778.511,0.092464
0.79925,778.524,0.012401
0.79925,778.524,1.2945e-06
0.799268,778.59,0.0662636
0.799268,778.59,8.63e-07
0.799304,778.722,0.132527
0.799482,778.799,0.0770534
0.7995,778.812,0.012401
0.7995,778.812,1.2945e-06
0.799518,778.878,0.0662636
0.799732,778.97,0.092464
0.79975,778.983,0.012401
0.79975,778.983,1.2945e-06
0.799768,779.049,0.0662636
0.799768,779.049,8.63e-07
0.799804,779.182,0.132527
0.799982,779.259,0.0770534
0.8,779.271,0.012401
0.8,779.271,1.2945e-06
0.800018,779.337,0.0662636
0.800232,779.43,0.092464
0.80025,779.442,0.012401
0.80025,779.442,1.2945e-06
0.800268,779.509,0.0662636
0.800268,779.509,8.63e-07
0.800304,779.641,0.132527
0.800482,779.718,0.0770534
0.8005,779.731,0.012401
0.8005,779.731,1.2945e-06
0.800518,779.797,0.0662636
0.800732,779.889,0.092464
0.80075,779.902,0.012401
0.80075,779.902,1.2945e-06
0.800768,779.968,0.0662636
0.800768,779.968,8.63e-07
0.800804,780.1,0.132527
0.800982,780.177,0.0770534
0.801,780.19,0.012401
0.801,780.19,1.2945e-06
0.801018,780.256,0.0662636
0.801232,780.349,0.092464
0.80125,780.361,0.012401
0.80125,780.361,1.2945e-06
0.801268,780.427,0.0662636
0.801268,780.427,8.63e-07
0.801304,780.56,0.132527
0.801482,780.637,0.0770534
0.8015,780.649,0.012401
0.8015,780.649,1.2945e-06
0.801518,780.716,0.0662636
0.801518,780.716,8.63e-07
0.801554,780.848,0.132527
0.801554,780.848,8.63e-07
0.801589,780.981,0.132527
0.801732,781.042,0.0616428
0.80175,781.055,0.012401
0.80175,781.055,1.2945e-06
0.801768,781.121,0.0662636
0.801768,781.121,8.63e-07
0.801804,781.253,0.132527
0.801982,781.33,0.0770534
0.802,781.343,0.012401
0.802,781.343,1.2945e-06
0.802018,781.409,0.0662636
0.802018,781.409,8.63e-07
0.802054,781.542,0.132527
0.802054,781.542,8.63e-07
0.802089,781.674,0.132527
0.802232,781.736,0.0616428
0.80225,781.748,0.012401
0.80225,781.748,1.2945e-06
0.802268,781.815,0.0662636
0.802268,781.815,8.63e-07
0.802304,781.947,0.132527
0.802482,782.024,0.0770534
0.8025,782.036,0.012401
0.8025,782.036,1.2945e-06
0.802518,782.103,0.0662636
0.802732,782.195,0.092464
0.80275,782.208,0.012401
0.80275,782.208,1.2945e-06
0.802768,782.274,0.0662636
0.802768,782.274,8.63e-07
0.802804,782.406,0.132527
0.802982,782.483,0.0770534
0.803,782.496,0.012401
0.803,782.496,1.2945e-06
0.803018,782.562,0.0662636
0.803232,782.655,0.092464
0.80325,782.667,0.012401
0.80325,782.667,1.2945e-06
0.803268,782.733,0.0662636
0.803268,782.733,8.63e-07
0.803304,782.866,0.132527
0.803482,782.943,0.0770534
0.8035,782.955,0.012401
0.8035,782.955,1.2945e-06
0.803518,783.022,0.0662636
0.803732,783.114,0.092464
0.80375,783.126,0.012401
0.80375,783.126,1.2945e-06
0.803768,783.193,0.0662636
0.803768,783.193,8.63e-07
0.803821,783.391,0.198795
0.803982,783.461,0.0693481
0.804,783.473,0.012401
0.804,783.473,1.2945e-06
0.804018,783.539,0.0662636
0.804018,783.539,8.63e-07
0.804054,783.672,0.132527
0.804054,783.672,8.63e-07
0.804089,783.805,0.132527
0.804232,783.866,0.0616428
0.80425,783.879,0.012401
0.80425,783.879,1.2945e-06
0.804268,783.945,0.0662636
0.804268,783.945,8.63e-07
0.804321,784.144,0.198795
0.804482,784.213,0.0693481
0.8045,784.225,0.012401
0.8045,784.225,1.2945e-06
0.804518,784.292,0.0662636
0.804732,784.384,0.092464
0.80475,784.396,0.012401
0.80475,784.396,1.2945e-06
0.804768,784.463,0.0662636
0.804768,784.463,8.63e-07
0.804821,784.662,0.198795
0.804982,784.731,0.0693481
0.805,784.743,0.012401
0.805,784.743,1.2945e-06
0.805018,784.81,0.0662636
0.805232,784.902,0.092464
0.80525,784.914,0.012401
0.80525,784.914,1.2945e-06
0.805268,784.981,0.0662636
0.805268,784.981,8.63e-07
0.805321,785.179,0.198795
0.805482,785.249,0.0693481
0.8055,785.261,0.012401
0.8055,785.261,1.2945e-06
0.805518,785.328,0.0662636
0.805732,785.42,0.092464
0.80575,785.432,0.012401
0.80575,785.432,1.2945e-06
0.805768,785.499,0.0662636
0.805768,785.499,8.63e-07
0.805821,785.697,0.198795
0.805982,785.767,0.0693481
0.806,785.779,0.012401
0.806,785.779,1.2945e-06
0.806018,785.845,0.0662636
0.806232,785.938,0.092464
0.80625,785.95,0.012401
0.80625,785.95,1.2945e-06
0.806268,786.017,0.0662636
0.806268,786.017,8.63e-07
0.806321,786.215,0.198795
0.806482,786.285,0.0693481
0.8065,786.297,0.012401
0.8065,786.297,1.2945e-06
0.806518,786.363,0.0662636
0.806732,786.456,0.092464
0.80675,786.468,0.012401
0.80675,786.468,1.2945e-06
0.806768,786.535,0.0662636
0.806768,786.535,8.63e-07
0.806821,786.733,0.198795
0.806982,786.803,0.0693481
0.807,786.815,0.012401
0.807,786.815,1.2945e-06
0.807018,786.881,0.0662636
0.807232,786.974,0.092464
0.80725,786.986,0.012401
0.80725,786.986,1.2945e-06
0.807268,787.052,0.0662636
0.807268,787.052,8.63e-07
0.807321,787.251,0.198795
0.807482,787.321,0.0693481
0.8075,787.333,0.012401
0.8075,787.333,1.2945e-06
0.807518,787.399,0.0662636
0.807732,787.492,0.092464
0.80775,787.504,0.012401
0.80775,787.504,1.2945e-06
0.807768,787.57,0.0662636
0.807768,787.57,8.63e-07
0.807821,787.769,0.198795
0.807982,787.839,0.0693481
0.808,787.851,0.012401
0.808,787.851,1.2945e-06
0.808018,787.917,0.0662636
0.808232,788.01,0.092464
0.80825,788.022,0.012401
0.80825,788.022,1.2945e-06
0.808268,788.088,0.0662636
0.808268,788.088,8.63e-07
0.808321,788.287,0.198795
0.808482,788.356,0.0693481
0.8085,788.369,0.012401
0.8085,788.369,1.2945e-06
0.808518,788.435,0.0662636
0.808732,788.528,0.092464
0.80875,788.54,0.012401
0.80875,788.54,1.2945e-06
0.808768,788.606,0.0662636
0.808768,788.606,8.63e-07
0.808821,788.805,0.198795
0.808982,788.874,0.0693481
0.809,788.887,0.012401
0.809,788.887,1.2945e-06
0.809018,788.953,0.0662636
0.809232,789.046,0.092464
0.80925,789.058,0.012401
0.80925,789.058,1.2945e-06
0.809268,789.124,0.0662636
0.809268,789.124,8.63e-07
0.809321,789.323,0.198795
0.809482,789.392,0.0693481
0.8095,789.405,0.012401
0.8095,789.405,1.2945e-06
0.809518,789.471,0.0662636
0.809732,789.563,0.092464
0.80975,789.576,0.012401
0.80975,789.576,1.2945e-06
0.809768,789.642,0.0662636
0.809768,789.642,8.63e-07
0.809821,789.841,0.198795
0.809982,789.91,0.0693481
0.81,789.923,0.012401
0.81,789.923,1.2945e-06
0.810018,789.989,0.0662636
0.810232,790.081,0.092464
0.81025,790.094,0.012401
0.81025,790.094,1.2945e-06
0.810268,790.16,0.0662636
0.810268,790.16,8.63e-07
0.810304,790.293,0.132527
0.810482,790.37,0.0770534
0.8105,790.382,0.012401
0.8105,790.382,1.2945e-06
0.810518,790.448,0.0662636
0.810732,790.541,0.092464
0.81075,790.553,0.012401
0.81075,790.553,1.2945e-06
0.810768,790.619,0.0662636
0.810768,790.619,8.63e-07
0.810804,790.752,0.132527
0.810982,790.829,0.0770534
0.811,790.841,0.012401
0.811,790.841,1.2945e-06
0.811018,790.908,0.0662636
0.811018,790.908,8.63e-07
0.811054,791.04,0.132527
0.811054,791.04,8.63e-07
0.811089,791.173,0.132527
0.811232,791.234,0.0616428
0.81125,791.247,0.012401
0.81125,791.247,1.2945e-06
0.811268,791.313,0.0662636
0.811268,791.313,8.63e-07
0.811321,791.512,0.198795
0.811482,791.581,0.0693481
0.8115,791.594,0.012401
0.8115,791.594,1.2945e-06
0.811518,791.66,0.0662636
0.811732,791.752,0.092464
0.81175,791.765,0.012401
0.81175,791.765,1.2945e-06
0.811768,791.831,0.0662636
0.811768,791.831,8.63e-07
0.811804,791.964,0.132527
0.811982,792.041,0.0770534
0.812,792.053,0.012401
0.812,792.053,1.2945e-06
0.812018,792.119,0.0662636
0.812232,792.212,0.092464
0.81225,792.224,0.012401
0.81225,792.224,1.2945e-06
0.812268,792.29,0.0662636
0.812268,792.29,8.63e-07
0.812304,792.423,0.132527
0.812482,792.5,0.0770534
0.8125,792.512,0.012401
0.8125,792.512,1.2945e-06
0.812518,792.579,0.0662636
0.812732,792.671,0.092464
0.81275,792.684,0.012401
0.81275,792.684,1.2945e-06
0.812768,792.75,0.0662636
0.812768,792.75,8.63e-07
0.812804,792.882,0.132527
0.812982,792.959,0.0770534
0.813,792.972,0.012401
0.813,792.972,1.2945e-06
0.813018,793.038,0.0662636
0.813232,793.13,0.092464
0.81325,793.143,0.012401
0.81325,793.143,1.2945e-06
0.813268,793.209,0.0662636
0.813268,793.209,8.63e-07
0.813304,793.342,0.132527
0.813482,793.419,0.0770534
0.8135,793.431,0.012401
0.8135,793.431,1.2945e-06
0.813518,793.497,0.0662636
0.813732,793.59,0.092464
0.81375,793.602,0.012401
0.81375,793.602,1.2945e-06
0.813768,793.669,0.0662636
0.813768,793.669,8.63e-07
0.813804,793.801,0.132527
0.813982,793.878,0.0770534
0.814,793.891,0.012401
0.814,793.891,1.2945e-06
0.814018,793.957,0.0662636
0.814232,794.049,0.092464
0.81425,794.062,0.012401
0.81425,794.062,1.2945e-06
0.814268,794.128,0.0662636
0.814268,794.128,8.63e-07
0.814304,794.26,0.132527
0.814482,794.337,0.0770534
0.8145,794.35,0.012401
0.8145,794.35,1.2945e-06
0.814518,794.416,0.0662636
0.814518,794.416,8.63e-07
0.814554,794.549,0.132527
0.814554,794.549,8.63e-07
0.814589,794.681,0.132527
0.814732,794.743,0.0616428
0.81475,794.755,0.012401
0.81475,794.755,1.2945e-06
0.814768,794.822,0.0662636
0.814768,794.822,8.63e-07
0.814804,794.954,0.132527
0.814982,795.031,0.0770534
0.815,795.044,0.012401
0.815,795.044,1.2945e-06
0.815018,795.11,0.0662636
0.815232,795.202,0.092464
0.81525,795.215,0.012401
0.81525,795.215,1.2945e-06
0.815268,795.281,0.0662636
0.815268,795.281,8.63e-07
0.815304,795.413,0.132527
0.815482,795.49,0.0770534
0.8155,795.503,0.012401
0.8155,795.503,1.2945e-06
0.815518,795.569,0.0662636
0.815732,795.662,0.092464
0.81575,795.674,0.012401
0.81575,795.674,1.2945e-06
0.815768,795.74,0.0662636
0.815768,795.74,8.63e-07
0.815804,795.873,0.132527
0.815982,795.95,0.0770534
0.816,795.962,0.012401
0.816,795.962,1.2945e-06
0.816018,796.029,0.0662636
0.816232,796.121,0.092464
0.81625,796.133,0.012401
0.81625,796.133,1.2945e-06
0.816268,796.2,0.0662636
0.816268,796.2,8.63e-07
0.816304,796.332,0.132527
0.816482,796.409,0.0770534
0.8165,796.422,0.012401
0.8165,796.422,1.2945e-06
0.816518,796.488,0.0662636
0.816732,796.58,0.092464
0.81675,796.593,0.012401
0.81675,796.593,1.2945e-06
0.816768,796.659,0.0662636
0.816768,796.659,8.63e-07
0.816804,796.792,0.132527
0.816982,796.869,0.0770534
0.817,796.881,0.012401
0.817,796.881,1.2945e-06
0.817018,796.947,0.0662636
0.817232,797.04,0.092464
0.81725,797.052,0.012401
0.81725,797.052,1.2945e-06
0.817268,797.118,0.0662636
0.817268,797.118,8.63e-07
0.817304,797.251,0.132527
0.817482,797.328,0.0770534
0.8175,797.34,0.012401
0.8175,797.34,1.2945e-06
0.817518,797.407,0.0662636
0.817732,797.499,0.092464
0.81775,797.512,0.012401
0.81775,797.512,1.2945e-06
0.817768,797.578,0.0662636
0.817768,797.578,8.63e-07
0.817804,797.71,0.132527
0.817982,797.787,0.0770534
0.818,797.8,0.012401
0.818,797.8,1.2945e-06
0.818018,797.866,0.0662636
0.818232,797.958,0.092464
0.81825,797.971,0.012401
0.81825,797.971,1.2945e-06
0.818268,798.037,0.0662636
0.818268,798.037,8.63e-07
0.818304,798.17,0.132527
0.818482,798.247,0.0770534
0.8185,798.259,0.012401
0.8185,798.259,1.2945e-06
0.818518,798.325,0.0662636
0.818732,798.418,0.092464
0.81875,798.43,0.012401
0.81875,798.43,1.2945e-06
0.818768,798.497,0.0662636
0.818768,798.497,8.63e-07
0.818804,798.629,0.132527
0.818982,798.706,0.0770534
0.819,798.719,0.012401
0.819,798.719,1.2945e-06
0.819018,798.785,0.0662636
0.819232,798.877,0.092464
0.81925,798.89,0.012401
0.81925,798.89,1.2945e-06
0.819268,798.956,0.0662636
0.819268,798.956,8.63e-07
0.819304,799.088,0.132527
0.819482,799.165,0.0770534
0.8195,799.178,0.012401
0.8195,799.178,1.2945e-06
0.819518,799.244,0.0662636
0.819732,799.337,0.092464
0.81975,799.349,0.012401
0.81975,799.349,1.2945e-06
0.819768,799.415,0.0662636
0.819768,799.415,8.63e-07
0.819804,799.548,0.132527
0.819982,799.625,0.0770534
0.82,799.637,0.012401
0.82,799.637,1.2945e-06
0.820018,799.704,0.0662636
0.820232,799.796,0.092464
0.82025,799.808,0.012401
0.82025,799.808,1.2945e-06
0.820268,799.875,0.0662636
0.820268,799.875,8.63e-07
0.820304,800.007,0.132527
0.820482,800.084,0.0770534
0.8205,800.097,0.012401
0.8205,800.097,1.2945e-06
0.820518,800.163,0.0662636
0.820732,800.255,0.092464
0.82075,800.268,0.012401
0.82075,800.268,1.2945e-06
0.820768,800.334,0.0662636
0.820768,800.334,8.63e-07
0.820804,800.467,0.132527
0.820982,800.544,0.0770534
0.821,800.556,0.012401
0.821,800.556,1.2945e-06
0.821018,800.622,0.0662636
0.821232,800.715,0.092464
0.82125,800.727,0.012401
0.82125,800.727,1.2945e-06
0.821268,800.793,0.0662636
0.821268,800.793,8.63e-07
0.821304,800.926,0.132527
0.821482,801.003,0.0770534
0.8215,801.015,0.012401
0.8215,801.015,1.2945e-06
0.821518,801.082,0.0662636
0.821732,801.174,0.092464
0.82175,801.187,0.012401
0.82175,801.187,1.2945e-06
0.821768,801.253,0.0662636
0.821768,801.253,8.63e-07
0.821804,801.385,0.132527
0.821982,801.462,0.0770534
0.822,801.475,0.012401
0.822,801.475,1.2945e-06
0.822018,801.541,0.0662636
0.822232,801.634,0.092464
0.82225,801.646,0.012401
0.82225,801.646,1.2945e-06
0.822268,801.712,0.0662636
0.822268,801.712,8.63e-07
0.822304,801.845,0.132527
0.822482,801.922,0.0770534
0.8225,801.934,0.012401
0.8225,801.934,1.2945e-06
0.822518,802,0.0662636
0.822732,802.093,0.092464
0.82275,802.105,0.012401
0.82275,802.105,1.2945e-06
0.822768,802.172,0.0662636
0.822768,802.172,8.63e-07
0.822804,802.304,0.132527
0.822982,802.381,0.0770534
0.823,802.394,0.012401
0.823,802.394,1.2945e-06
0.823018,802.46,0.0662636
0.823232,802.552,0.092464
0.82325,802.565,0.012401
0.82325,802.565,1.2945e-06
0.823268,802.631,0.0662636
0.823268,802.631,8.63e-07
0.823304,802.763,0.132527
0.823482,802.841,0.0770534
0.8235,802.853,0.012401
0.8235,802.853,1.2945e-06
0.823518,802.919,0.0662636
0.823732,803.012,0.092464
0.82375,803.024,0.012401
0.82375,803.024,1.2945e-06
0.823768,803.09,0.0662636
0.823768,803.09,8.63e-07
0.823804,803.223,0.132527
0.823982,803.3,0.0770534
0.824,803.312,0.012401
0.824,803.312,1.2945e-06
0.824018,803.379,0.0662636
0.824232,803.471,0.092464
0.82425,803.483,0.012401
0.82425,803.483,1.2945e-06
0.824268,803.55,0.0662636
0.824268,803.55,8.63e-07
0.824304,803.682,0.132527
0.824482,803.759,0.0770534
0.8245,803.772,0.012401
0.8245,803.772,1.2945e-06
0.824518,803.838,0.0662636
0.824732,803.93,0.092464
0.82475,803.943,0.012401
0.82475,803.943,1.2945e-06
0.824768,804.009,0.0662636
0.824768,804.009,8.63e-07
0.824804,804.142,0.132527
0.824982,804.219,0.0770534
0.825,804.231,0.012401
0.825,804.231,1.2945e-06
0.825018,804.297,0.0662636
0.825232,804.39,0.092464
0.82525,804.402,0.012401
0.82525,804.402,1.2945e-06
0.825268,804.468,0.0662636
0.825268,804.468,8.63e-07
0.825304,804.601,0.132527
0.825482,804.678,0.0770534
0.8255,804.69,0.012401
0.8255,804.69,1.2945e-06
0.825518,804.757,0.0662636
0.825732,804.849,0.092464
0.82575,804.862,0.012401
0.82575,804.862,1.2945e-06
0.825768,804.928,0.0662636
0.825768,804.928,8.63e-07
0.825804,805.06,0.132527
0.825982,805.137,0.0770534
0.826,805.15,0.012401
0.826,805.15,1.2945e-06
0.826018,805.216,0.0662636
0.826232,805.309,0.092464
0.82625,805.321,0.012401
0.82625,805.321,1.2945e-06
0.826268,805.387,0.0662636
0.826268,805.387,8.63e-07
0.826304,805.52,0.132527
0.826482,805.597,0.0770534
0.8265,805.609,0.012401
0.8265,805.609,1.2945e-06
0.826518,805.675,0.0662636
0.826732,805.768,0.092464
0.82675,805.78,0.012401
0.82675,805.78,1.2945e-06
0.826768,805.847,0.0662636
0.826768,805.847,8.63e-07
0.826804,805.979,0.132527
0.826982,806.056,0.0770534
0.827,806.069,0.012401
0.827,806.069,1.2945e-06
0.827018,806.135,0.0662636
0.827232,806.227,0.092464
0.82725,806.24,0.012401
0.82725,806.24,1.2945e-06
0.827268,806.306,0.0662636
0.827268,806.306,8.63e-07
0.827304,806.438,0.132527
0.827482,806.516,0.0770534
0.8275,806.528,0.012401
0.8275,806.528,1.2945e-06
0.827518,806.594,0.0662636
0.827732,806.687,0.092464
0.82775,806.699,0.012401
0.82775,806.699,1.2945e-06
0.827768,806.765,0.0662636
0.827768,806.765,8.63e-07
0.827804,806.898,0.132527
0.827982,806.975,0.0770534
0.828,806.987,0.012401
0.828,806.987,1.2945e-06
0.828018,807.054,0.0662636
0.828232,807.146,0.092464
0.82825,807.158,0.012401
0.82825,807.158,1.2945e-06
0.828268,807.225,0.0662636
0.828268,807.225,8.63e-07
0.828304,807.357,0.132527
0.828482,807.434,0.0770534
0.8285,807.447,0.012401
0.8285,807.447,1.2945e-06
0.828518,807.513,0.0662636
0.828732,807.605,0.092464
0.82875,807.618,0.012401
0.82875,807.618,1.2945e-06
0.828768,807.684,0.0662636
0.828768,807.684,8.63e-07
0.828804,807.817,0.132527
0.828982,807.894,0.0770534
0.829,807.906,0.012401
0.829,807.906,1.2945e-06
0.829018,807.972,0.0662636
0.829232,808.065,0.092464
0.82925,808.077,0.012401
0.82925,808.077,1.2945e-06
0.829268,808.143,0.0662636
0.829268,808.143,8.63e-07
0.829304,808.276,0.132527
0.829482,808.353,0.0770534
0.8295,808.365,0.012401
0.8295,808.365,1.2945e-06
0.829518,808.432,0.0662636
0.829732,808.524,0.092464
0.82975,808.537,0.012401
0.82975,808.537,1.2945e-06
0.829768,808.603,0.0662636
0.829768,808.603,8.63e-07
0.829804,808.735,0.132527
0.829982,808.812,0.0770534
0.83,808.825,0.012401
0.83,808.825,1.2945e-06
0.830018,808.891,0.0662636
0.830232,808.984,0.092464
0.83025,808.996,0.012401
0.83025,808.996,1.2945e-06
0.830268,809.062,0.0662636
0.830268,809.062,8.63e-07
0.830304,809.195,0.132527
0.830482,809.272,0.0770534
0.8305,809.284,0.012401
0.8305,809.284,1.2945e-06
0.830518,809.35,0.0662636
0.830732,809.443,0.092464
0.83075,809.455,0.012401
0.83075,809.455,1.2945e-06
0.830768,809.522,0.0662636
0.830768,809.522,8.63e-07
0.830804,809.654,0.132527
0.830982,809.731,0.0770534
0.831,809.744,0.012401
0.831,809.744,1.2945e-06
0.831018,809.81,0.0662636
0.831232,809.902,0.092464
0.83125,809.915,0.012401
0.83125,809.915,1.2945e-06
0.831268,809.981,0.0662636
0.831268,809.981,8.63e-07
0.831304,810.113,0.132527
0.831482,810.191,0.0770534
0.8315,810.203,0.012401
0.8315,810.203,1.2945e-06
0.831518,810.269,0.0662636
0.831732,810.362,0.092464
0.83175,810.374,0.012401
0.83175,810.374,1.2945e-06
0.831768,810.44,0.0662636
0.831768,810.44,8.63e-07
0.831804,810.573,0.132527
0.831982,810.65,0.0770534
0.832,810.662,0.012401
0.832,810.662,1.2945e-06
0.832018,810.729,0.0662636
0.832232,810.821,0.092464
0.83225,810.833,0.012401
0.83225,810.833,1.2945e-06
0.832268,810.9,0.0662636
0.832268,810.9,8.63e-07
0.832304,811.032,0.132527
0.832482,811.109,0.0770534
0.8325,811.122,0.012401
0.8325,811.122,1.2945e-06
0.832518,811.188,0.0662636
0.832732,811.28,0.092464
0.83275,811.293,0.012401
0.83275,811.293,1.2945e-06
0.832768,811.359,0.0662636
0.832768,811.359,8.63e-07
0.832804,811.492,0.132527
0.832982,811.569,0.0770534
0.833,811.581,0.012401
0.833,811.581,1.2945e-06
0.833018,811.647,0.0662636
0.833232,811.74,0.092464
0.83325,811.752,0.012401
0.83325,811.752,1.2945e-06
0.833268,811.818,0.0662636
0.833268,811.818,8.63e-07
0.833304,811.951,0.132527
0.833482,812.028,0.0770534
0.8335,812.04,0.012401
0.8335,812.04,1.2945e-06
0.833518,812.107,0.0662636
0.833732,812.199,0.092464
0.83375,812.212,0.012401
0.83375,812.212,1.2945e-06
0.833768,812.278,0.0662636
0.833768,812.278,8.63e-07
0.833804,812.41,0.132527
0.833982,812.487,0.0770534
0.834,812.5,0.012401
0.834,812.5,1.2945e-06
0.834018,812.566,0.0662636
0.834232,812.659,0.092464
0.83425,812.671,0.012401
0.83425,812.671,1.2945e-06
0.834268,812.737,0.0662636
0.834268,812.737,8.63e-07
0.834304,812.87,0.132527
0.834482,812.947,0.0770534
0.8345,812.959,0.012401
0.8345,812.959,1.2945e-06
0.834518,813.025,0.0662636
0.834732,813.118,0.092464
0.83475,813.13,0.012401
0.83475,813.13,1.2945e-06
0.834768,813.197,0.0662636
0.834768,813.197,8.63e-07
0.834804,813.329,0.132527
0.834982,813.406,0.0770534
0.835,813.419,0.012401
0.835,813.419,1.2945e-06
0.835018,813.485,0.0662636
0.835232,813.577,0.092464
0.83525,813.59,0.012401
0.83525,813.59,1.2945e-06
0.835268,813.656,0.0662636
0.835268,813.656,8.63e-07
0.835304,813.789,0.132527
0.835482,813.866,0.0770534
0.8355,813.878,0.012401
0.8355,813.878,1.2945e-06
0.835518,813.944,0.0662636
0.835732,814.037,0.092464
0.83575,814.049,0.012401
0.83575,814.049,1.2945e-06
0.835768,814.115,0.0662636
0.835768,814.115,8.63e-07
0.835804,814.248,0.132527
0.835982,814.325,0.0770534
0.836,814.337,0.012401
0.836,814.337,1.2945e-06
0.836018,814.404,0.0662636
0.836232,814.496,0.092464
0.83625,814.508,0.012401
0.83625,814.508,1.2945e-06
0.836268,814.575,0.0662636
0.836268,814.575,8.63e-07
0.836304,814.707,0.132527
0.836482,814.784,0.0770534
0.8365,814.797,0.012401
0.8365,814.797,1.2945e-06
0.836518,814.863,0.0662636
0.836732,814.955,0.092464
0.83675,814.968,0.012401
0.83675,814.968,1.2945e-06
0.836768,815.034,0.0662636
0.836768,815.034,8.63e-07
0.836804,815.167,0.132527
0.836982,815.244,0.0770534
0.837,815.256,0.012401
0.837,815.256,1.2945e-06
0.837018,815.322,0.0662636
0.837018,815.322,8.63e-07
0.837054,815.455,0.132527
0.837054,815.455,8.63e-07
0.837089,815.587,0.132527
0.837232,815.649,0.0616428
0.83725,815.661,0.012401
0.83725,815.661,1.2945e-06
0.837268,815.728,0.0662636
0.837268,815.728,8.63e-07
0.837304,815.86,0.132527
0.837482,815.937,0.0770534
0.8375,815.95,0.012401
0.8375,815.95,1.2945e-06
0.837518,816.016,0.0662636
0.837732,816.108,0.092464
0.83775,816.121,0.012401
0.83775,816.121,1.2945e-06
0.837768,816.187,0.0662636
0.837768,816.187,8.63e-07
0.837804,816.32,0.132527
0.837982,816.397,0.0770534
0.838,816.409,0.012401
0.838,816.409,1.2945e-06
0.838018,816.475,0.0662636
0.838232,816.568,0.092464
0.83825,816.58,0.012401
0.83825,816.58,1.2945e-06
0.838268,816.646,0.0662636
0.838268,816.646,8.63e-07
0.838304,816.779,0.132527
0.838482,816.856,0.0770534
0.8385,816.868,0.012401
0.8385,816.868,1.2945e-06
0.838518,816.935,0.0662636
0.838732,817.027,0.092464
0.83875,817.04,0.012401
0.83875,817.04,1.2945e-06
0.838768,817.106,0.0662636
0.838768,817.106,8.63e-07
0.838804,817.238,0.132527
0.838982,817.315,0.0770534
0.839,817.328,0.012401
0.839,817.328,1.2945e-06
0.839018,817.394,0.0662636
0.839232,817.487,0.092464
0.83925,817.499,0.012401
0.83925,817.499,1.2945e-06
0.839268,817.565,0.0662636
0.839268,817.565,8.63e-07
0.839304,817.698,0.132527
0.839482,817.775,0.0770534
0.8395,817.787,0.012401
0.8395,817.787,1.2945e-06
0.839518,817.853,0.0662636
0.839732,817.946,0.092464
0.83975,817.958,0.012401
0.83975,817.958,1.2945e-06
0.839768,818.025,0.0662636
0.839768,818.025,8.63e-07
0.839804,818.157,0.132527
0.839982,818.234,0.0770534
0.84,818.247,0.012401
0.84,818.247,1.2945e-06
0.840018,818.313,0.0662636
0.840232,818.405,0.092464
0.84025,818.418,0.012401
0.84025,818.418,1.2945e-06
0.840268,818.484,0.0662636
0.840268,818.484,8.63e-07
0.840304,818.617,0.132527
0.840482,818.694,0.0770534
0.8405,818.706,0.012401
0.8405,818.706,1.2945e-06
0.840518,818.772,0.0662636
0.840732,818.865,0.092464
0.84075,818.877,0.012401
0.84075,818.877,1.2945e-06
0.840768,818.943,0.0662636
0.840768,818.943,8.63e-07
0.840804,819.076,0.132527
0.840982,819.153,0.0770534
0.841,819.165,0.012401
0.841,819.165,1.2945e-06
0.841018,819.232,0.0662636
0.841232,819.324,0.092464
0.84125,819.336,0.012401
0.84125,819.336,1.2945e-06
0.841268,819.403,0.0662636
0.841268,819.403,8.63e-07
0.841304,819.535,0.132527
0.841482,819.612,0.0770534
0.8415,819.625,0.012401
0.8415,819.625,1.2945e-06
0.841518,819.691,0.0662636
0.841732,819.783,0.092464
0.84175,819.796,0.012401
0.84175,819.796,1.2945e-06
0.841768,819.862,0.0662636
0.841768,819.862,8.63e-07
0.841804,819.995,0.132527
0.841982,820.072,0.0770534
0.842,820.084,0.012401
0.842,820.084,1.2945e-06
0.842018,820.15,0.0662636
0.842232,820.243,0.092464
0.84225,820.255,0.012401
0.84225,820.255,1.2945e-06
0.842268,820.322,0.0662636
0.842268,820.322,8.63e-07
0.842304,820.454,0.132527
0.842482,820.531,0.0770534
0.8425,820.543,0.012401
0.8425,820.543,1.2945e-06
0.842518,820.61,0.0662636
0.842732,820.702,0.092464
0.84275,820.715,0.012401
0.84275,820.715,1.2945e-06
0.842768,820.781,0.0662636
0.842768,820.781,8.63e-07
0.842804,820.913,0.132527
0.842982,820.99,0.0770534
0.843,821.003,0.012401
0.843,821.003,1.2945e-06
0.843018,821.069,0.0662636
0.843232,821.162,0.092464
0.84325,821.174,0.012401
0.84325,821.174,1.2945e-06
0.843268,821.24,0.0662636
0.843268,821.24,8.63e-07
0.843304,821.373,0.132527
0.843482,821.45,0.0770534
0.8435,821.462,0.012401
0.8435,821.462,1.2945e-06
0.843518,821.529,0.0662636
0.843732,821.621,0.092464
0.84375,821.633,0.012401
0.84375,821.633,1.2945e-06
0.843768,821.7,0.0662636
0.843768,821.7,8.63e-07
0.843804,821.832,0.132527
0.843982,821.909,0.0770534
0.844,821.922,0.012401
0.844,821.922,1.2945e-06
0.844018,821.988,0.0662636
0.844232,822.08,0.092464
0.84425,822.093,0.012401
0.84425,822.093,1.2945e-06
0.844268,822.159,0.0662636
0.844268,822.159,8.63e-07
0.844304,822.292,0.132527
0.844482,822.369,0.0770534
0.8445,822.381,0.012401
0.8445,822.381,1.2945e-06
0.844518,822.447,0.0662636
0.844732,822.54,0.092464
0.84475,822.552,0.012401
0.84475,822.552,1.2945e-06
0.844768,822.618,0.0662636
0.844768,822.618,8.63e-07
0.844804,822.751,0.132527
0.844982,822.828,0.0770534
0.845,822.84,0.012401
0.845,822.84,1.2945e-06
0.845018,822.907,0.0662636
0.845232,822.999,0.092464
0.84525,823.012,0.012401
0.84525,823.012,1.2945e-06
0.845268,823.078,0.0662636
0.845268,823.078,8.63e-07
0.845304,823.21,0.132527
0.845482,823.287,0.0770534
0.8455,823.3,0.012401
0.8455,823.3,1.2945e-06
0.845518,823.366,0.0662636
0.845732,823.458,0.092464
0.84575,823.471,0.012401
0.84575,823.471,1.2945e-06
0.845768,823.537,0.0662636
0.845768,823.537,8.63e-07
0.845804,823.67,0.132527
0.845982,823.747,0.0770534
0.846,823.759,0.012401
0.846,823.759,1.2945e-06
0.846018,823.825,0.0662636
0.846232,823.918,0.092464
0.84625,823.93,0.012401
0.84625,823.93,1.2945e-06
0.846268,823.997,0.0662636
0.846268,823.997,8.63e-07
0.846304,824.129,0.132527
0.846482,824.206,0.0770534
0.8465,824.219,0.012401
0.8465,824.219,1.2945e-06
0.846518,824.285,0.0662636
0.846732,824.377,0.092464
0.84675,824.39,0.012401
0.84675,824.39,1.2945e-06
0.846768,824.456,0.0662636
0.846768,824.456,8.63e-07
0.846804,824.588,0.132527
0.846982,824.665,0.0770534
0.847,824.678,0.012401
0.847,824.678,1.2945e-06
0.847018,824.744,0.0662636
0.847232,824.837,0.092464
0.84725,824.849,0.012401
0.84725,824.849,1.2945e-06
0.847268,824.915,0.0662636
0.847268,824.915,8.63e-07
0.847304,825.048,0.132527
0.847482,825.125,0.0770534
0.8475,825.137,0.012401
0.8475,825.137,1.2945e-06
0.847518,825.204,0.0662636
0.847732,825.296,0.092464
0.84775,825.308,0.012401
0.84775,825.308,1.2945e-06
0.847768,825.375,0.0662636
0.847768,825.375,8.63e-07
0.847804,825.507,0.132527
0.847982,825.584,0.0770534
0.848,825.597,0.012401
0.848,825.597,1.2945e-06
0.848018,825.663,0.0662636
0.848232,825.755,0.092464
0.84825,825.768,0.012401
0.84825,825.768,1.2945e-06
0.848268,825.834,0.0662636
0.848268,825.834,8.63e-07
0.848304,825.967,0.132527
0.848482,826.044,0.0770534
0.8485,826.056,0.012401
0.8485,826.056,1.2945e-06
0.848518,826.122,0.0662636
0.848732,826.215,0.092464
0.84875,826.227,0.012401
0.84875,826.227,1.2945e-06
0.848768,826.293,0.0662636
0.848768,826.293,8.63e-07
0.848804,826.426,0.132527
0.848982,826.503,0.0770534
0.849,826.515,0.012401
0.849,826.515,1.2945e-06
0.849018,826.582,0.0662636
0.849232,826.674,0.092464
0.84925,826.687,0.012401
0.84925,826.687,1.2945e-06
0.849268,826.753,0.0662636
0.849268,826.753,8.63e-07
0.849304,826.885,0.132527
0.849482,826.962,0.0770534
0.8495,826.975,0.012401
0.8495,826.975,1.2945e-06
0.849518,827.041,0.0662636
0.849732,827.133,0.092464
0.84975,827.146,0.012401
0.84975,827.146,1.2945e-06
0.849768,827.212,0.0662636
0.849768,827.212,8.63e-07
0.849804,827.345,0.132527
0.849982,827.422,0.0770534
0.85,827.434,0.012401
0.85,827.434,1.2945e-06
0.850018,827.5,0.0662636
0.850232,827.593,0.092464
0.85025,827.605,0.012401
0.85025,827.605,1.2945e-06
0.850268,827.672,0.0662636
0.850268,827.672,8.63e-07
0.850304,827.804,0.132527
0.850482,827.881,0.0770534
0.8505,827.894,0.012401
0.8505,827.894,1.2945e-06
0.850518,827.96,0.0662636
0.850732,828.052,0.092464
0.85075,828.065,0.012401
0.85075,828.065,1.2945e-06
0.850768,828.131,0.0662636
0.850768,828.131,8.63e-07
0.850804,828.263,0.132527
0.850982,828.34,0.0770534
0.851,828.353,0.012401
0.851,828.353,1.2945e-06
0.851018,828.419,0.0662636
0.851232,828.512,0.092464
0.85125,828.524,0.012401
0.85125,828.524,1.2945e-06
0.851268,828.59,0.0662636
0.851268,828.59,8.63e-07
0.851304,828.723,0.132527
0.851482,828.8,0.0770534
0.8515,828.812,0.012401
0.8515,828.812,1.2945e-06
0.851518,828.879,0.0662636
0.851732,828.971,0.092464
0.85175,828.983,0.012401
0.85175,828.983,1.2945e-06
0.851768,829.05,0.0662636
0.851768,829.05,8.63e-07
0.851804,829.182,0.132527
0.851982,829.259,0.0770534
0.852,829.272,0.012401
0.852,829.272,1.2945e-06
0.852018,829.338,0.0662636
0.852018,829.338,8.63e-07
0.852054,829.47,0.132527
0.852054,829.47,8.63e-07
0.852089,829.603,0.132527
0.852232,829.665,0.0616428
0.85225,829.677,0.012401
0.85225,829.677,1.2945e-06
0.852268,829.743,0.0662636
0.852268,829.743,8.63e-07
0.852304,829.876,0.132527
0.852482,829.953,0.0770534
0.8525,829.965,0.012401
0.8525,829.965,1.2945e-06
0.852518,830.032,0.0662636
0.852518,830.032,8.63e-07
0.852554,830.164,0.132527
0.852554,830.164,8.63e-07
0.852589,830.297,0.132527
0.852732,830.358,0.0616428
0.85275,830.371,0.012401
0.85275,830.371,1.2945e-06
0.852768,830.437,0.0662636
0.852768,830.437,8.63e-07
0.852804,830.569,0.132527
0.852982,830.646,0.0770534
0.853,830.659,0.012401
0.853,830.659,1.2945e-06
0.853018,830.725,0.0662636
0.853232,830.818,0.092464
0.85325,830.83,0.012401
0.85325,830.83,1.2945e-06
0.853268,830.896,0.0662636
0.853268,830.896,8.63e-07
0.853304,831.029,0.132527
0.853482,831.106,0.0770534
0.8535,831.118,0.012401
0.8535,831.118,1.2945e-06
0.853518,831.185,0.0662636
0.853732,831.277,0.092464
0.85375,831.289,0.012401
0.85375,831.289,1.2945e-06
0.853768,831.356,0.0662636
0.853768,831.356,8.63e-07
0.853804,831.488,0.132527
0.853982,831.565,0.0770534
0.854,831.578,0.012401
0.854,831.578,1.2945e-06
0.854018,831.644,0.0662636
0.854232,831.736,0.092464
0.85425,831.749,0.012401
0.85425,831.749,1.2945e-06
0.854268,831.815,0.0662636
0.854268,831.815,8.63e-07
0.854304,831.948,0.132527
0.854482,832.025,0.0770534
0.8545,832.037,0.012401
0.8545,832.037,1.2945e-06
0.854518,832.103,0.0662636
0.854732,832.196,0.092464
0.85475,832.208,0.012401
0.85475,832.208,1.2945e-06
0.854768,832.274,0.0662636
0.854768,832.274,8.63e-07
0.854804,832.407,0.132527
0.854982,832.484,0.0770534
0.855,832.496,0.012401
0.855,832.496,1.2945e-06
0.855018,832.563,0.0662636
0.855232,832.655,0.092464
0.85525,832.668,0.012401
0.85525,832.668,1.2945e-06
0.855268,832.734,0.0662636
0.855268,832.734,8.63e-07
0.855304,832.866,0.132527
0.855482,832.943,0.0770534
0.8555,832.956,0.012401
0.8555,832.956,1.2945e-06
0.855518,833.022,0.0662636
0.855732,833.114,0.092464
0.85575,833.127,0.012401
0.85575,833.127,1.2945e-06
0.855768,833.193,0.0662636
0.855768,833.193,8.63e-07
0.855804,833.326,0.132527
0.855982,833.403,0.0770534
0.856,833.415,0.012401
0.856,833.415,1.2945e-06
0.856018,833.481,0.0662636
0.856018,833.481,8.63e-07
0.856054,833.614,0.132527
0.856054,833.614,8.63e-07
0.856089,833.746,0.132527
0.856232,833.808,0.0616428
0.85625,833.821,0.012401
0.85625,833.821,1.2945e-06
0.856268,833.887,0.0662636
0.856268,833.887,8.63e-07
0.856304,834.019,0.132527
0.856482,834.096,0.0770534
0.8565,834.109,0.012401
0.8565,834.109,1.2945e-06
0.856518,834.175,0.0662636
0.856518,834.175,8.63e-07
0.856554,834.308,0.132527
0.856554,834.308,8.63e-07
0.856589,834.44,0.132527
0.856732,834.502,0.0616428
0.85675,834.514,0.012401
0.85675,834.514,1.2945e-06
0.856768,834.58,0.0662636
0.856768,834.58,8.63e-07
0.856804,834.713,0.132527
0.856982,834.79,0.0770534
0.857,834.802,0.012401
0.857,834.802,1.2945e-06
0.857018,834.869,0.0662636
0.857232,834.961,0.092464
0.85725,834.973,0.012401
0.85725,834.973,1.2945e-06
0.857268,835.04,0.0662636
0.857268,835.04,8.63e-07
0.857304,835.172,0.132527
0.857482,835.249,0.0770534
0.8575,835.262,0.012401
0.8575,835.262,1.2945e-06
0.857518,835.328,0.0662636
0.857518,835.328,8.63e-07
0.857554,835.461,0.132527
0.857554,835.461,8.63e-07
0.857589,835.593,0.132527
0.857732,835.655,0.0616428
0.85775,835.667,0.012401
0.85775,835.667,1.2945e-06
0.857768,835.733,0.0662636
0.857768,835.733,8.63e-07
0.857804,835.866,0.132527
0.857982,835.943,0.0770534
0.858,835.955,0.012401
0.858,835.955,1.2945e-06
0.858018,836.022,0.0662636
0.858232,836.114,0.092464
0.85825,836.126,0.012401
0.85825,836.126,1.2945e-06
0.858268,836.193,0.0662636
0.858268,836.193,8.63e-07
0.858304,836.325,0.132527
0.858482,836.402,0.0770534
0.8585,836.415,0.012401
0.8585,836.415,1.2945e-06
0.858518,836.481,0.0662636
0.858732,836.573,0.092464
0.85875,836.586,0.012401
0.85875,836.586,1.2945e-06
0.858768,836.652,0.0662636
0.858768,836.652,8.63e-07
0.858804,836.785,0.132527
0.858982,836.862,0.0770534
0.859,836.874,0.012401
0.859,836.874,1.2945e-06
0.859018,836.94,0.0662636
0.859232,837.033,0.092464
0.85925,837.045,0.012401
0.85925,837.045,1.2945e-06
0.859268,837.112,0.0662636
0.859268,837.112,8.63e-07
0.859304,837.244,0.132527
0.859482,837.321,0.0770534
0.8595,837.333,0.012401
0.8595,837.333,1.2945e-06
0.859518,837.4,0.0662636
0.859518,837.4,8.63e-07
0.859554,837.532,0.132527
0.859554,837.532,8.63e-07
0.859589,837.665,0.132527
0.859732,837.726,0.0616428
0.85975,837.739,0.012401
0.85975,837.739,1.2945e-06
0.859768,837.805,0.0662636
0.859768,837.805,8.63e-07
0.859804,837.938,0.132527
0.859982,838.015,0.0770534
0.86,838.027,0.012401
0.86,838.027,1.2945e-06
0.860018,838.093,0.0662636
0.860232,838.186,0.092464
0.86025,838.198,0.012401
0.86025,838.198,1.2945e-06
0.860268,838.264,0.0662636
0.860268,838.264,8.63e-07
0.860304,838.397,0.132527
0.860482,838.474,0.0770534
0.8605,838.486,0.012401
0.8605,838.486,1.2945e-06
0.860518,838.553,0.0662636
0.860732,838.645,0.092464
0.86075,838.658,0.012401
0.86075,838.658,1.2945e-06
0.860768,838.724,0.0662636
0.860768,838.724,8.63e-07
0.860804,838.856,0.132527
0.860982,838.933,0.0770534
0.861,838.946,0.012401
0.861,838.946,1.2945e-06
0.861018,839.012,0.0662636
0.861018,839.012,8.63e-07
0.861054,839.145,0.132527
0.861054,839.145,8.63e-07
0.861089,839.277,0.132527
0.861232,839.339,0.0616428
0.86125,839.351,0.012401
0.86125,839.351,1.2945e-06
0.861268,839.417,0.0662636
0.861268,839.417,8.63e-07
0.861304,839.55,0.132527
0.861482,839.627,0.0770534
0.8615,839.639,0.012401
0.8615,839.639,1.2945e-06
0.861518,839.706,0.0662636
0.861732,839.798,0.092464
0.86175,839.811,0.012401
0.86175,839.811,1.2945e-06
0.861768,839.877,0.0662636
0.861768,839.877,8.63e-07
0.861804,840.009,0.132527
0.861982,840.086,0.0770534
0.862,840.099,0.012401
0.862,840.099,1.2945e-06
0.862018,840.165,0.0662636
0.862232,840.258,0.092464
0.86225,840.27,0.012401
0.86225,840.27,1.2945e-06
0.862268,840.336,0.0662636
0.862268,840.336,8.63e-07
0.862304,840.469,0.132527
0.862482,840.546,0.0770534
0.8625,840.558,0.012401
0.8625,840.558,1.2945e-06
0.862518,840.624,0.0662636
0.862732,840.717,0.092464
0.86275,840.729,0.012401
0.86275,840.729,1.2945e-06
0.862768,840.796,0.0662636
0.862768,840.796,8.63e-07
0.862804,840.928,0.132527
0.862982,841.005,0.0770534
0.863,841.018,0.012401
0.863,841.018,1.2945e-06
0.863018,841.084,0.0662636
0.863232,841.176,0.092464
0.86325,841.189,0.012401
0.86325,841.189,1.2945e-06
0.863268,841.255,0.0662636
0.863268,841.255,8.63e-07
0.863304,841.388,0.132527
0.863482,841.465,0.0770534
0.8635,841.477,0.012401
0.8635,841.477,1.2945e-06
0.863518,841.543,0.0662636
0.863732,841.636,0.092464
0.86375,841.648,0.012401
0.86375,841.648,1.2945e-06
0.863768,841.714,0.0662636
0.863768,841.714,8.63e-07
0.863804,841.847,0.132527
0.863982,841.924,0.0770534
0.864,841.936,0.012401
0.864,841.936,1.2945e-06
0.864018,842.003,0.0662636
0.864232,842.095,0.092464
0.86425,842.107,0.012401
0.86425,842.107,1.2945e-06
0.864268,842.174,0.0662636
0.864268,842.174,8.63e-07
0.864304,842.306,0.132527
0.864482,842.383,0.0770534
0.8645,842.396,0.012401
0.8645,842.396,1.2945e-06
0.864518,842.462,0.0662636
0.864732,842.554,0.092464
0.86475,842.567,0.012401
0.86475,842.567,1.2945e-06
0.864768,842.633,0.0662636
0.864768,842.633,8.63e-07
0.864804,842.766,0.132527
0.864982,842.843,0.0770534
0.865,842.855,0.012401
0.865,842.855,1.2945e-06
0.865018,842.921,0.0662636
0.865232,843.014,0.092464
0.86525,843.026,0.012401
0.86525,843.026,1.2945e-06
0.865268,843.093,0.0662636
0.865268,843.093,8.63e-07
0.865304,843.225,0.132527
0.865482,843.302,0.0770534
0.8655,843.314,0.012401
0.8655,843.314,1.2945e-06
0.865518,843.381,0.0662636
0.865732,843.473,0.092464
0.86575,843.486,0.012401
0.86575,843.486,1.2945e-06
0.865768,843.552,0.0662636
0.865768,843.552,8.63e-07
0.865804,843.684,0.132527
0.865982,843.761,0.0770534
0.866,843.774,0.012401
0.866,843.774,1.2945e-06
0.866018,843.84,0.0662636
0.866232,843.933,0.092464
0.86625,843.945,0.012401
0.86625,843.945,1.2945e-06
0.866268,844.011,0.0662636
0.866268,844.011,8.63e-07
0.866304,844.144,0.132527
0.866482,844.221,0.0770534
0.8665,844.233,0.012401
0.8665,844.233,1.2945e-06
0.866518,844.3,0.0662636
0.866732,844.392,0.092464
0.86675,844.404,0.012401
0.86675,844.404,1.2945e-06
0.866768,844.471,0.0662636
0.866768,844.471,8.63e-07
0.866804,844.603,0.132527
0.866982,844.68,0.0770534
0.867,844.693,0.012401
0.867,844.693,1.2945e-06
0.867018,844.759,0.0662636
0.867232,844.851,0.092464
0.86725,844.864,0.012401
0.86725,844.864,1.2945e-06
0.867268,844.93,0.0662636
0.867268,844.93,8.63e-07
0.867304,845.063,0.132527
0.867482,845.14,0.0770534
0.8675,845.152,0.012401
0.8675,845.152,1.2945e-06
0.867518,845.218,0.0662636
0.867732,845.311,0.092464
0.86775,845.323,0.012401
0.86775,845.323,1.2945e-06
0.867768,845.389,0.0662636
0.867768,845.389,8.63e-07
0.867804,845.522,0.132527
0.867982,845.599,0.0770534
0.868,845.611,0.012401
0.868,845.611,1.2945e-06
0.868018,845.678,0.0662636
0.868232,845.77,0.092464
0.86825,845.783,0.012401
0.86825,845.783,1.2945e-06
0.868268,845.849,0.0662636
0.868268,845.849,8.63e-07
0.868304,845.981,0.132527
0.868482,846.058,0.0770534
0.8685,846.071,0.012401
0.8685,846.071,1.2945e-06
0.868518,846.137,0.0662636
0.868732,846.229,0.092464
0.86875,846.242,0.012401
0.86875,846.242,1.2945e-06
0.868768,846.308,0.0662636
0.868768,846.308,8.63e-07
0.868804,846.441,0.132527
0.868982,846.518,0.0770534
0.869,846.53,0.012401
0.869,846.53,1.2945e-06
0.869018,846.596,0.0662636
0.869232,846.689,0.092464
0.86925,846.701,0.012401
0.86925,846.701,1.2945e-06
0.869268,846.768,0.0662636
0.869268,846.768,8.63e-07
0.869304,846.9,0.132527
0.869482,846.977,0.0770534
0.8695,846.99,0.012401
0.8695,846.99,1.2945e-06
0.869518,847.056,0.0662636
0.869732,847.148,0.092464
0.86975,847.161,0.012401
0.86975,847.161,1.2945e-06
0.869768,847.227,0.0662636
0.869768,847.227,8.63e-07
0.869804,847.359,0.132527
0.869982,847.436,0.0770534
0.87,847.449,0.012401
0.87,847.449,1.2945e-06
0.870018,847.515,0.0662636
0.870232,847.608,0.092464
0.87025,847.62,0.012401
0.87025,847.62,1.2945e-06
0.870268,847.686,0.0662636
0.870268,847.686,8.63e-07
0.870304,847.819,0.132527
0.870482,847.896,0.0770534
0.8705,847.908,0.012401
0.8705,847.908,1.2945e-06
0.870518,847.975,0.0662636
0.870732,848.067,0.092464
0.87075,848.079,0.012401
0.87075,848.079,1.2945e-06
0.870768,848.146,0.0662636
0.870768,848.146,8.63e-07
0.870804,848.278,0.132527
0.870982,848.355,0.0770534
0.871,848.368,0.012401
0.871,848.368,1.2945e-06
0.871018,848.434,0.0662636
0.871232,848.526,0.092464
0.87125,848.539,0.012401
0.87125,848.539,1.2945e-06
0.871268,848.605,0.0662636
0.871268,848.605,8.63e-07
0.871304,848.738,0.132527
0.871482,848.815,0.0770534
0.8715,848.827,0.012401
0.8715,848.827,1.2945e-06
0.871518,848.893,0.0662636
0.871732,848.986,0.092464
0.87175,848.998,0.012401
0.87175,848.998,1.2945e-06
0.871768,849.064,0.0662636
0.871768,849.064,8.63e-07
0.871804,849.197,0.132527
0.871982,849.274,0.0770534
0.872,849.286,0.012401
0.872,849.286,1.2945e-06
0.872018,849.353,0.0662636
0.872232,849.445,0.092464
0.87225,849.458,0.012401
0.87225,849.458,1.2945e-06
0.872268,849.524,0.0662636
0.872268,849.524,8.63e-07
0.872304,849.656,0.132527
0.872482,849.733,0.0770534
0.8725,849.746,0.012401
0.8725,849.746,1.2945e-06
0.872518,849.812,0.0662636
0.872732,849.904,0.092464
0.87275,849.917,0.012401
0.87275,849.917,1.2945e-06
0.872768,849.983,0.0662636
0.872768,849.983,8.63e-07
0.872804,850.116,0.132527
0.872982,850.193,0.0770534
0.873,850.205,0.012401
0.873,850.205,1.2945e-06
0.873018,850.271,0.0662636
0.873232,850.364,0.092464
0.87325,850.376,0.012401
0.87325,850.376,1.2945e-06
0.873268,850.443,0.0662636
0.873268,850.443,8.63e-07
0.873304,850.575,0.132527
0.873482,850.652,0.0770534
0.8735,850.665,0.012401
0.8735,850.665,1.2945e-06
0.873518,850.731,0.0662636
0.873732,850.823,0.092464
0.87375,850.836,0.012401
0.87375,850.836,1.2945e-06
0.873768,850.902,0.0662636
0.873768,850.902,8.63e-07
0.873804,851.034,0.132527
0.873982,851.111,0.0770534
0.874,851.124,0.012401
0.874,851.124,1.2945e-06
0.874018,851.19,0.0662636
0.874232,851.283,0.092464
0.87425,851.295,0.012401
0.87425,851.295,1.2945e-06
0.874268,851.361,0.0662636
0.874268,851.361,8.63e-07
0.874304,851.494,0.132527
0.874482,851.571,0.0770534
0.8745,851.583,0.012401
0.8745,851.583,1.2945e-06
0.874518,851.65,0.0662636
0.874732,851.742,0.092464
0.87475,851.754,0.012401
0.87475,851.754,1.2945e-06
0.874768,851.821,0.0662636
0.874768,851.821,8.63e-07
0.874804,851.953,0.132527
0.874982,852.03,0.0770534
0.875,852.043,0.012401
0.875,852.043,1.2945e-06
0.875018,852.109,0.0662636
0.875232,852.201,0.092464
0.87525,852.214,0.012401
0.87525,852.214,1.2945e-06
0.875268,852.28,0.0662636
0.875268,852.28,8.63e-07
0.875304,852.413,0.132527
0.875482,852.49,0.0770534
0.8755,852.502,0.012401
0.8755,852.502,1.2945e-06
0.875518,852.568,0.0662636
0.875732,852.661,0.092464
0.87575,852.673,0.012401
0.87575,852.673,1.2945e-06
0.875768,852.739,0.0662636
0.875768,852.739,8.63e-07
0.875804,852.872,0.132527
0.875982,852.949,0.0770534
0.876,852.961,0.012401
0.876,852.961,1.2945e-06
0.876018,853.028,0.0662636
0.876232,853.12,0.092464
0.87625,853.133,0.012401
0.87625,853.133,1.2945e-06
0.876268,853.199,0.0662636
0.876268,853.199,8.63e-07
0.876304,853.331,0.132527
0.876482,853.408,0.0770534
0.8765,853.421,0.012401
0.8765,853.421,1.2945e-06
0.876518,853.487,0.0662636
0.876732,853.58,0.092464
0.87675,853.592,0.012401
0.87675,853.592,1.2945e-06
0.876768,853.658,0.0662636
0.876768,853.658,8.63e-07
0.876804,853.791,0.132527
0.876982,853.868,0.0770534
0.877,853.88,0.012401
0.877,853.88,1.2945e-06
0.877018,853.946,0.0662636
0.877232,854.039,0.092464
0.87725,854.051,0.012401
0.87725,854.051,1.2945e-06
0.877268,854.118,0.0662636
0.877268,854.118,8.63e-07
0.877304,854.25,0.132527
0.877482,854.327,0.0770534
0.8775,854.34,0.012401
0.8775,854.34,1.2945e-06
0.877518,854.406,0.0662636
0.877732,854.498,0.092464
0.87775,854.511,0.012401
0.87775,854.511,1.2945e-06
0.877768,854.577,0.0662636
0.877768,854.577,8.63e-07
0.877804,854.709,0.132527
0.877982,854.787,0.0770534
0.878,854.799,0.012401
0.878,854.799,1.2945e-06
0.878018,854.865,0.0662636
0.878232,854.958,0.092464
0.87825,854.97,0.012401
0.87825,854.97,1.2945e-06
0.878268,855.036,0.0662636
0.878268,855.036,8.63e-07
0.878304,855.169,0.132527
0.878482,855.246,0.0770534
0.8785,855.258,0.012401
0.8785,855.258,1.2945e-06
0.878518,855.325,0.0662636
0.878732,855.417,0.092464
0.87875,855.429,0.012401
0.87875,855.429,1.2945e-06
0.878768,855.496,0.0662636
0.878768,855.496,8.63e-07
0.878804,855.628,0.132527
0.878982,855.705,0.0770534
0.879,855.718,0.012401
0.879,855.718,1.2945e-06
0.879018,855.784,0.0662636
0.879232,855.876,0.092464
0.87925,855.889,0.012401
0.87925,855.889,1.2945e-06
0.879268,855.955,0.0662636
0.879268,855.955,8.63e-07
0.879304,856.088,0.132527
0.879482,856.165,0.0770534
0.8795,856.177,0.012401
0.8795,856.177,1.2945e-06
0.879518,856.243,0.0662636
0.879732,856.336,0.092464
0.87975,856.348,0.012401
0.87975,856.348,1.2945e-06
0.879768,856.414,0.0662636
0.879768,856.414,8.63e-07
0.879804,856.547,0.132527
0.879982,856.624,0.0770534
0.88,856.636,0.012401
0.88,856.636,1.2945e-06
0.880018,856.703,0.0662636
0.880232,856.795,0.092464
0.88025,856.808,0.012401
0.88025,856.808,1.2945e-06
0.880268,856.874,0.0662636
0.880268,856.874,8.63e-07
0.880304,857.006,0.132527
0.880482,857.083,0.0770534
0.8805,857.096,0.012401
0.8805,857.096,1.2945e-06
0.880518,857.162,0.0662636
0.880732,857.255,0.092464
0.88075,857.267,0.012401
0.88075,857.267,1.2945e-06
0.880768,857.333,0.0662636
0.880768,857.333,8.63e-07
0.880804,857.466,0.132527
0.880982,857.543,0.0770534
0.881,857.555,0.012401
0.881,857.555,1.2945e-06
0.881018,857.621,0.0662636
0.881232,857.714,0.092464
0.88125,857.726,0.012401
0.88125,857.726,1.2945e-06
0.881268,857.793,0.0662636
0.881268,857.793,8.63e-07
0.881304,857.925,0.132527
0.881482,858.002,0.0770534
0.8815,858.015,0.012401
0.8815,858.015,1.2945e-06
0.881518,858.081,0.0662636
0.881732,858.173,0.092464
0.88175,858.186,0.012401
0.88175,858.186,1.2945e-06
0.881768,858.252,0.0662636
0.881768,858.252,8.63e-07
0.881804,858.384,0.132527
0.881982,858.462,0.0770534
0.882,858.474,0.012401
0.882,858.474,1.2945e-06
0.882018,858.54,0.0662636
0.882232,858.633,0.092464
0.88225,858.645,0.012401
0.88225,858.645,1.2945e-06
0.882268,858.711,0.0662636
0.882268,858.711,8.63e-07
0.882304,858.844,0.132527
0.882482,858.921,0.0770534
0.8825,858.933,0.012401
0.8825,858.933,1.2945e-06
0.882518,859,0.0662636
0.882732,859.092,0.092464
0.88275,859.104,0.012401
0.88275,859.104,1.2945e-06
0.882768,859.171,0.0662636
0.882768,859.171,8.63e-07
0.882804,859.303,0.132527
0.882982,859.38,0.0770534
0.883,859.393,0.012401
0.883,859.393,1.2945e-06
0.883018,859.459,0.0662636
0.883232,859.551,0.092464
0.88325,859.564,0.012401
0.88325,859.564,1.2945e-06
0.883268,859.63,0.0662636
0.883268,859.63,8.63e-07
0.883304,859.763,0.132527
0.883482,859.84,0.0770534
0.8835,859.852,0.012401
0.8835,859.852,1.2945e-06
0.883518,859.918,0.0662636
0.883732,860.011,0.092464
0.88375,860.023,0.012401
0.88375,860.023,1.2945e-06
0.883768,860.089,0.0662636
0.883768,860.089,8.63e-07
0.883804,860.222,0.132527
0.883982,860.299,0.0770534
0.884,860.311,0.012401
0.884,860.311,1.2945e-06
0.884018,860.378,0.0662636
0.884232,860.47,0.092464
0.88425,860.483,0.012401
0.88425,860.483,1.2945e-06
0.884268,860.549,0.0662636
0.884268,860.549,8.63e-07
0.884304,860.681,0.132527
0.884482,860.758,0.0770534
0.8845,860.771,0.012401
0.8845,860.771,1.2945e-06
0.884518,860.837,0.0662636
0.884732,860.93,0.092464
0.88475,860.942,0.012401
0.88475,860.942,1.2945e-06
0.884768,861.008,0.0662636
0.884768,861.008,8.63e-07
0.884804,861.141,0.132527
0.884982,861.218,0.0770534
0.885,861.23,0.012401
0.885,861.23,1.2945e-06
0.885018,861.296,0.0662636
0.885232,861.389,0.092464
0.88525,861.401,0.012401
0.88525,861.401,1.2945e-06
0.885268,861.468,0.0662636
0.885268,861.468,8.63e-07
0.885304,861.6,0.132527
0.885482,861.677,0.0770534
0.8855,861.69,0.012401
0.8855,861.69,1.2945e-06
0.885518,861.756,0.0662636
0.885732,861.848,0.092464
0.88575,861.861,0.012401
0.88575,861.861,1.2945e-06
0.885768,861.927,0.0662636
0.885768,861.927,8.63e-07
0.885804,862.059,0.132527
0.885982,862.137,0.0770534
0.886,862.149,0.012401
0.886,862.149,1.2945e-06
0.886018,862.215,0.0662636
0.886232,862.308,0.092464
0.88625,862.32,0.012401
0.88625,862.32,1.2945e-06
0.886268,862.386,0.0662636
0.886268,862.386,8.63e-07
0.886304,862.519,0.132527
0.886482,862.596,0.0770534
0.8865,862.608,0.012401
0.8865,862.608,1.2945e-06
0.886518,862.675,0.0662636
0.886732,862.767,0.092464
0.88675,862.779,0.012401
0.88675,862.779,1.2945e-06
0.886768,862.846,0.0662636
0.886768,862.846,8.63e-07
0.886804,862.978,0.132527
0.886982,863.055,0.0770534
0.887,863.068,0.012401
0.887,863.068,1.2945e-06
0.887018,863.134,0.0662636
0.887018,863.134,8.63e-07
0.887054,863.266,0.132527
0.887054,863.267,8.63e-07
0.887089,863.399,0.132527
0.887232,863.461,0.0616428
0.88725,863.473,0.012401
0.88725,863.473,1.2945e-06
0.887268,863.539,0.0662636
0.887268,863.539,8.63e-07
0.887304,863.672,0.132527
0.887482,863.749,0.0770534
0.8875,863.761,0.012401
0.8875,863.761,1.2945e-06
0.887518,863.828,0.0662636
0.887732,863.92,0.092464
0.88775,863.932,0.012401
0.88775,863.932,1.2945e-06
0.887768,863.999,0.0662636
0.887768,863.999,8.63e-07
0.887804,864.131,0.132527
0.887982,864.208,0.0770534
0.888,864.221,0.012401
0.888,864.221,1.2945e-06
0.888018,864.287,0.0662636
0.888232,864.379,0.092464
0.88825,864.392,0.012401
0.88825,864.392,1.2945e-06
0.888268,864.458,0.0662636
0.888268,864.458,8.63e-07
0.888304,864.591,0.132527
0.888482,864.668,0.0770534
0.8885,864.68,0.012401
0.8885,864.68,1.2945e-06
0.888518,864.746,0.0662636
0.888518,864.746,8.63e-07
0.888554,864.879,0.132527
0.888554,864.879,8.63e-07
0.888589,865.011,0.132527
0.888732,865.073,0.0616428
0.88875,865.085,0.012401
0.88875,865.085,1.2945e-06
0.888768,865.152,0.0662636
0.888768,865.152,8.63e-07
0.888804,865.284,0.132527
0.888982,865.361,0.0770534
0.889,865.374,0.012401
0.889,865.374,1.2945e-06
0.889018,865.44,0.0662636
0.889232,865.532,0.092464
0.88925,865.545,0.012401
0.88925,865.545,1.2945e-06
0.889268,865.611,0.0662636
0.889268,865.611,8.63e-07
0.889304,865.744,0.132527
0.889482,865.821,0.0770534
0.8895,865.833,0.012401
0.8895,865.833,1.2945e-06
0.889518,865.899,0.0662636
0.889732,865.992,0.092464
0.88975,866.004,0.012401
0.88975,866.004,1.2945e-06
0.889768,866.07,0.0662636
0.889768,866.07,8.63e-07
0.889804,866.203,0.132527
0.889982,866.28,0.0770534
0.89,866.292,0.012401
0.89,866.292,1.2945e-06
0.890018,866.359,0.0662636
0.890232,866.451,0.092464
0.89025,866.464,0.012401
0.89025,866.464,1.2945e-06
0.890268,866.53,0.0662636
0.890268,866.53,8.63e-07
0.890304,866.662,0.132527
0.890482,866.739,0.0770534
0.8905,866.752,0.012401
0.8905,866.752,1.2945e-06
0.890518,866.818,0.0662636
0.890732,866.911,0.092464
0.89075,866.923,0.012401
0.89075,866.923,1.2945e-06
0.890768,866.989,0.0662636
0.890768,866.989,8.63e-07
0.890804,867.122,0.132527
0.890982,867.199,0.0770534
0.891,867.211,0.012401
0.891,867.211,1.2945e-06
0.891018,867.277,0.0662636
0.891018,867.277,8.63e-07
0.891054,867.41,0.132527
0.891054,867.41,8.63e-07
0.891089,867.543,0.132527
0.891232,867.604,0.0616428
0.89125,867.617,0.012401
0.89125,867.617,1.2945e-06
0.891268,867.683,0.0662636
0.891268,867.683,8.63e-07
0.891304,867.815,0.132527
0.891482,867.892,0.0770534
0.8915,867.905,0.012401
0.8915,867.905,1.2945e-06
0.891518,867.971,0.0662636
0.891732,868.064,0.092464
0.89175,868.076,0.012401
0.89175,868.076,1.2945e-06
0.891768,868.142,0.0662636
0.891768,868.142,8.63e-07
0.891804,868.275,0.132527
0.891982,868.352,0.0770534
0.892,868.364,0.012401
0.892,868.364,1.2945e-06
0.892018,868.43,0.0662636
0.892232,868.523,0.092464
0.89225,868.535,0.012401
0.89225,868.535,1.2945e-06
0.892268,868.602,0.0662636
0.892268,868.602,8.63e-07
0.892304,868.734,0.132527
0.892482,868.811,0.0770534
0.8925,868.824,0.012401
0.8925,868.824,1.2945e-06
0.892518,868.89,0.0662636
0.892732,868.982,0.092464
0.89275,868.995,0.012401
0.89275,868.995,1.2945e-06
0.892768,869.061,0.0662636
0.892768,869.061,8.63e-07
0.892804,869.193,0.132527
0.892982,869.271,0.0770534
0.893,869.283,0.012401
0.893,869.283,1.2945e-06
0.893018,869.349,0.0662636
0.893232,869.442,0.092464
0.89325,869.454,0.012401
0.89325,869.454,1.2945e-06
0.893268,869.52,0.0662636
0.893268,869.52,8.63e-07
0.893304,869.653,0.132527
0.893482,869.73,0.0770534
0.8935,869.742,0.012401
0.8935,869.742,1.2945e-06
0.893518,869.809,0.0662636
0.893732,869.901,0.092464
0.89375,869.913,0.012401
0.89375,869.913,1.2945e-06
0.893768,869.98,0.0662636
0.893768,869.98,8.63e-07
0.893804,870.112,0.132527
0.893982,870.189,0.0770534
0.894,870.202,0.012401
0.894,870.202,1.2945e-06
0.894018,870.268,0.0662636
0.894232,870.36,0.092464
0.89425,870.373,0.012401
0.89425,870.373,1.2945e-06
0.894268,870.439,0.0662636
0.894268,870.439,8.63e-07
0.894304,870.572,0.132527
0.894482,870.649,0.0770534
0.8945,870.661,0.012401
0.8945,870.661,1.2945e-06
0.894518,870.727,0.0662636
0.894732,870.82,0.092464
0.89475,870.832,0.012401
0.89475,870.832,1.2945e-06
0.894768,870.898,0.0662636
0.894768,870.898,8.63e-07
0.894804,871.031,0.132527
0.894982,871.108,0.0770534
0.895,871.12,0.012401
0.895,871.12,1.2945e-06
0.895018,871.187,0.0662636
0.895232,871.279,0.092464
0.89525,871.292,0.012401
0.89525,871.292,1.2945e-06
0.895268,871.358,0.0662636
0.895268,871.358,8.63e-07
0.895304,871.49,0.132527
0.895482,871.567,0.0770534
0.8955,871.58,0.012401
0.8955,871.58,1.2945e-06
0.895518,871.646,0.0662636
0.895732,871.739,0.092464
0.89575,871.751,0.012401
0.89575,871.751,1.2945e-06
0.895768,871.817,0.0662636
0.895768,871.817,8.63e-07
0.895821,872.016,0.198795
0.895982,872.085,0.0693481
0.896,872.098,0.012401
0.896,872.098,1.2945e-06
0.896018,872.164,0.0662636
0.896018,872.164,8.63e-07
0.896054,872.297,0.132527
0.896054,872.297,8.63e-07
0.896089,872.429,0.132527
0.896232,872.491,0.0616428
0.89625,872.503,0.012401
0.89625,872.503,1.2945e-06
0.896268,872.569,0.0662636
0.896268,872.569,8.63e-07
0.896321,872.768,0.198795
0.896482,872.838,0.0693481
0.8965,872.85,0.012401
0.8965,872.85,1.2945e-06
0.896518,872.916,0.0662636
0.896732,873.009,0.092464
0.89675,873.021,0.012401
0.89675,873.021,1.2945e-06
0.896768,873.087,0.0662636
0.896768,873.087,8.63e-07
0.896804,873.22,0.132527
0.896982,873.297,0.0770534
0.897,873.309,0.012401
0.897,873.309,1.2945e-06
0.897018,873.376,0.0662636
0.897232,873.468,0.092464
0.89725,873.48,0.012401
0.89725,873.48,1.2945e-06
0.897268,873.547,0.0662636
0.897268,873.547,8.63e-07
0.897321,873.746,0.198795
0.897482,873.815,0.0693481
0.8975,873.827,0.012401
0.8975,873.827,1.2945e-06
0.897518,873.894,0.0662636
0.897518,873.894,8.63e-07
0.897554,874.026,0.132527
0.897554,874.026,8.63e-07
0.897589,874.159,0.132527
0.897732,874.22,0.0616428
0.89775,874.233,0.012401
0.89775,874.233,1.2945e-06
0.897768,874.299,0.0662636
0.897768,874.299,8.63e-07
0.897821,874.498,0.198795
0.897982,874.567,0.0693481
0.898,874.579,0.012401
0.898,874.579,1.2945e-06
0.898018,874.646,0.0662636
0.898232,874.738,0.092464
0.89825,874.751,0.012401
0.89825,874.751,1.2945e-06
0.898268,874.817,0.0662636
0.898268,874.817,8.63e-07
0.898321,875.016,0.198795
0.898482,875.085,0.0693481
0.8985,875.097,0.012401
0.8985,875.097,1.2945e-06
0.898518,875.164,0.0662636
0.898732,875.256,0.092464
0.89875,875.268,0.012401
0.89875,875.268,1.2945e-06
0.898768,875.335,0.0662636
0.898768,875.335,8.63e-07
0.898821,875.534,0.198795
0.898982,875.603,0.0693481
0.899,875.615,0.012401
0.899,875.615,1.2945e-06
0.899018,875.682,0.0662636
0.899232,875.774,0.092464
0.89925,875.786,0.012401
0.89925,875.786,1.2945e-06
0.899268,875.853,0.0662636
0.899268,875.853,8.63e-07
0.899321,876.051,0.198795
0.899482,876.121,0.0693481
0.8995,876.133,0.012401
0.8995,876.133,1.2945e-06
0.899518,876.2,0.0662636
0.899732,876.292,0.092464
0.89975,876.304,0.012401
0.89975,876.304,1.2945e-06
0.899768,876.371,0.0662636
0.899768,876.371,8.63e-07
0.899821,876.569,0.198795
0.899982,876.639,0.0693481
0.9,876.651,0.012401
0.9,876.651,1.2945e-06
0.900018,876.717,0.0662636
0.900232,876.81,0.092464
0.90025,876.822,0.012401
0.90025,876.822,1.2945e-06
0.900268,876.889,0.0662636
0.900268,876.889,8.63e-07
0.900321,877.087,0.198795
0.900482,877.157,0.0693481
0.9005,877.169,0.012401
0.9005,877.169,1.2945e-06
0.900518,877.235,0.0662636
0.900732,877.328,0.092464
0.90075,877.34,0.012401
0.90075,877.34,1.2945e-06
0.900768,877.407,0.0662636
0.900768,877.407,8.63e-07
0.900821,877.605,0.198795
0.900982,877.675,0.0693481
0.901,877.687,0.012401
0.901,877.687,1.2945e-06
0.901018,877.753,0.0662636
0.901232,877.846,0.092464
0.90125,877.858,0.012401
0.90125,877.858,1.2945e-06
0.901268,877.924,0.0662636
0.901268,877.924,8.63e-07
0.901321,878.123,0.198795
0.901482,878.193,0.0693481
0.9015,878.205,0.012401
0.9015,878.205,1.2945e-06
0.901518,878.271,0.0662636
0.901732,878.364,0.092464
0.90175,878.376,0.012401
0.90175,878.376,1.2945e-06
0.901768,878.442,0.0662636
0.901768,878.442,8.63e-07
0.901804,878.575,0.132527
0.901982,878.652,0.0770534
0.902,878.664,0.012401
0.902,878.664,1.2945e-06
0.902018,878.731,0.0662636
0.902232,878.823,0.092464
0.90225,878.836,0.012401
0.90225,878.836,1.2945e-06
0.902268,878.902,0.0662636
0.902268,878.902,8.63e-07
0.902304,879.034,0.132527
0.902482,879.111,0.0770534
0.9025,879.124,0.012401
0.9025,879.124,1.2945e-06
0.902518,879.19,0.0662636
0.902732,879.282,0.092464
0.90275,879.295,0.012401
0.90275,879.295,1.2945e-06
0.902768,879.361,0.0662636
0.902768,879.361,8.63e-07
0.902804,879.494,0.132527
0.902982,879.571,0.0770534
0.903,879.583,0.012401
0.903,879.583,1.2945e-06
0.903018,879.649,0.0662636
0.903232,879.742,0.092464
0.90325,879.754,0.012401
0.90325,879.754,1.2945e-06
0.903268,879.821,0.0662636
0.903268,879.821,8.63e-07
0.903304,879.953,0.132527
0.903482,880.03,0.0770534
0.9035,880.043,0.012401
0.9035,880.043,1.2945e-06
0.903518,880.109,0.0662636
0.903732,880.201,0.092464
0.90375,880.214,0.012401
0.90375,880.214,1.2945e-06
0.903768,880.28,0.0662636
0.903768,880.28,8.63e-07
0.903804,880.412,0.132527
0.903982,880.489,0.0770534
0.904,880.502,0.012401
0.904,880.502,1.2945e-06
0.904018,880.568,0.0662636
0.904232,880.661,0.092464
0.90425,880.673,0.012401
0.90425,880.673,1.2945e-06
0.904268,880.739,0.0662636
0.904268,880.739,8.63e-07
0.904304,880.872,0.132527
0.904482,880.949,0.0770534
0.9045,880.961,0.012401
0.9045,880.961,1.2945e-06
0.904518,881.028,0.0662636
0.904732,881.12,0.092464
0.90475,881.132,0.012401
0.90475,881.132,1.2945e-06
0.904768,881.199,0.0662636
0.904768,881.199,8.63e-07
0.904804,881.331,0.132527
0.904982,881.408,0.0770534
0.905,881.421,0.012401
0.905,881.421,1.2945e-06
0.905018,881.487,0.0662636
0.905232,881.579,0.092464
0.90525,881.592,0.012401
0.90525,881.592,1.2945e-06
0.905268,881.658,0.0662636
0.905268,881.658,8.63e-07
0.905304,881.791,0.132527
0.905482,881.868,0.0770534
0.9055,881.88,0.012401
0.9055,881.88,1.2945e-06
0.905518,881.946,0.0662636
0.905732,882.039,0.092464
0.90575,882.051,0.012401
0.90575,882.051,1.2945e-06
0.905768,882.117,0.0662636
0.905768,882.117,8.63e-07
0.905804,882.25,0.132527
0.905982,882.327,0.0770534
0.906,882.339,0.012401
0.906,882.339,1.2945e-06
0.906018,882.406,0.0662636
0.906232,882.498,0.092464
0.90625,882.511,0.012401
0.90625,882.511,1.2945e-06
0.906268,882.577,0.0662636
0.906268,882.577,8.63e-07
0.906304,882.709,0.132527
0.906482,882.786,0.0770534
0.9065,882.799,0.012401
0.9065,882.799,1.2945e-06
0.906518,882.865,0.0662636
0.906732,882.958,0.092464
0.90675,882.97,0.012401
0.90675,882.97,1.2945e-06
0.906768,883.036,0.0662636
0.906768,883.036,8.63e-07
0.906804,883.169,0.132527
0.906982,883.246,0.0770534
0.907,883.258,0.012401
0.907,883.258,1.2945e-06
0.907018,883.324,0.0662636
0.907232,883.417,0.092464
0.90725,883.429,0.012401
0.90725,883.429,1.2945e-06
0.907268,883.496,0.0662636
0.907268,883.496,8.63e-07
0.907304,883.628,0.132527
0.907482,883.705,0.0770534
0.9075,883.718,0.012401
0.9075,883.718,1.2945e-06
0.907518,883.784,0.0662636
0.907732,883.876,0.092464
0.90775,883.889,0.012401
0.90775,883.889,1.2945e-06
0.907768,883.955,0.0662636
0.907768,883.955,8.63e-07
0.907804,884.087,0.132527
0.907982,884.165,0.0770534
0.908,884.177,0.012401
0.908,884.177,1.2945e-06
0.908018,884.243,0.0662636
0.908232,884.336,0.092464
0.90825,884.348,0.012401
0.90825,884.348,1.2945e-06
0.908268,884.414,0.0662636
0.908268,884.414,8.63e-07
0.908304,884.547,0.132527
0.908482,884.624,0.0770534
0.9085,884.636,0.012401
0.9085,884.636,1.2945e-06
0.908518,884.703,0.0662636
0.908732,884.795,0.092464
0.90875,884.807,0.012401
0.90875,884.807,1.2945e-06
0.908768,884.874,0.0662636
0.908768,884.874,8.63e-07
0.908804,885.006,0.132527
0.908982,885.083,0.0770534
0.909,885.096,0.012401
0.909,885.096,1.2945e-06
0.909018,885.162,0.0662636
0.909232,885.254,0.092464
0.90925,885.267,0.012401
0.90925,885.267,1.2945e-06
0.909268,885.333,0.0662636
0.909268,885.333,8.63e-07
0.909304,885.466,0.132527
0.909482,885.543,0.0770534
0.9095,885.555,0.012401
0.9095,885.555,1.2945e-06
0.909518,885.621,0.0662636
0.909732,885.714,0.092464
0.90975,885.726,0.012401
0.90975,885.726,1.2945e-06
0.909768,885.792,0.0662636
0.909768,885.792,8.63e-07
0.909804,885.925,0.132527
0.909982,886.002,0.0770534
0.91,886.014,0.012401
0.91,886.014,1.2945e-06
0.910018,886.081,0.0662636
0.910232,886.173,0.092464
0.91025,886.186,0.012401
0.91025,886.186,1.2945e-06
0.910268,886.252,0.0662636
0.910268,886.252,8.63e-07
0.910304,886.384,0.132527
0.910482,886.461,0.0770534
0.9105,886.474,0.012401
0.9105,886.474,1.2945e-06
0.910518,886.54,0.0662636
0.910732,886.633,0.092464
0.91075,886.645,0.012401
0.91075,886.645,1.2945e-06
0.910768,886.711,0.0662636
0.910768,886.711,8.63e-07
0.910804,886.844,0.132527
0.910982,886.921,0.0770534
0.911,886.933,0.012401
0.911,886.933,1.2945e-06
0.911018,886.999,0.0662636
0.911232,887.092,0.092464
0.91125,887.104,0.012401
0.91125,887.104,1.2945e-06
0.911268,887.171,0.0662636
0.911268,887.171,8.63e-07
0.911304,887.303,0.132527
0.911482,887.38,0.0770534
0.9115,887.393,0.012401
0.9115,887.393,1.2945e-06
0.911518,887.459,0.0662636
0.911732,887.551,0.092464
0.91175,887.564,0.012401
0.91175,887.564,1.2945e-06
0.911768,887.63,0.0662636
0.911768,887.63,8.63e-07
0.911804,887.762,0.132527
0.911982,887.84,0.0770534
0.912,887.852,0.012401
0.912,887.852,1.2945e-06
0.912018,887.918,0.0662636
0.912232,888.011,0.092464
0.91225,888.023,0.012401
0.91225,888.023,1.2945e-06
0.912268,888.089,0.0662636
0.912268,888.089,8.63e-07
0.912304,888.222,0.132527
0.912482,888.299,0.0770534
0.9125,888.311,0.012401
0.9125,888.311,1.2945e-06
0.912518,888.378,0.0662636
0.912732,888.47,0.092464
0.91275,888.482,0.012401
0.91275,888.482,1.2945e-06
0.912768,888.549,0.0662636
0.912768,888.549,8.63e-07
0.912804,888.681,0.132527
0.912982,888.758,0.0770534
0.913,888.771,0.012401
0.913,888.771,1.2945e-06
0.913018,888.837,0.0662636
0.913232,888.929,0.092464
0.91325,888.942,0.012401
0.91325,888.942,1.2945e-06
0.913268,889.008,0.0662636
0.913268,889.008,8.63e-07
0.913304,889.141,0.132527
0.913482,889.218,0.0770534
0.9135,889.23,0.012401
0.9135,889.23,1.2945e-06
0.913518,889.296,0.0662636
0.913732,889.389,0.092464
0.91375,889.401,0.012401
0.91375,889.401,1.2945e-06
0.913768,889.467,0.0662636
0.913768,889.467,8.63e-07
0.913804,889.6,0.132527
0.913982,889.677,0.0770534
0.914,889.689,0.012401
0.914,889.689,1.2945e-06
0.914018,889.756,0.0662636
0.914232,889.848,0.092464
0.91425,889.861,0.012401
0.91425,889.861,1.2945e-06
0.914268,889.927,0.0662636
0.914268,889.927,8.63e-07
0.914304,890.059,0.132527
0.914482,890.136,0.0770534
0.9145,890.149,0.012401
0.9145,890.149,1.2945e-06
0.914518,890.215,0.0662636
0.914732,890.308,0.092464
0.91475,890.32,0.012401
0.91475,890.32,1.2945e-06
0.914768,890.386,0.0662636
0.914768,890.386,8.63e-07
0.914804,890.519,0.132527
0.914982,890.596,0.0770534
0.915,890.608,0.012401
0.915,890.608,1.2945e-06
0.915018,890.674,0.0662636
0.915232,890.767,0.092464
0.91525,890.779,0.012401
0.91525,890.779,1.2945e-06
0.915268,890.846,0.0662636
0.915268,890.846,8.63e-07
0.915304,890.978,0.132527
0.915482,891.055,0.0770534
0.9155,891.068,0.012401
0.9155,891.068,1.2945e-06
0.915518,891.134,0.0662636
0.915732,891.226,0.092464
0.91575,891.239,0.012401
0.91575,891.239,1.2945e-06
0.915768,891.305,0.0662636
0.915768,891.305,8.63e-07
0.915804,891.437,0.132527
0.915982,891.515,0.0770534
0.916,891.527,0.012401
0.916,891.527,1.2945e-06
0.916018,891.593,0.0662636
0.916232,891.686,0.092464
0.91625,891.698,0.012401
0.91625,891.698,1.2945e-06
0.916268,891.764,0.0662636
0.916268,891.764,8.63e-07
0.916304,891.897,0.132527
0.916482,891.974,0.0770534
0.9165,891.986,0.012401
0.9165,891.986,1.2945e-06
0.916518,892.053,0.0662636
0.916732,892.145,0.092464
0.91675,892.157,0.012401
0.91675,892.157,1.2945e-06
0.916768,892.224,0.0662636
0.916768,892.224,8.63e-07
0.916804,892.356,0.132527
0.916982,892.433,0.0770534
0.917,892.446,0.012401
0.917,892.446,1.2945e-06
0.917018,892.512,0.0662636
0.917232,892.604,0.092464
0.91725,892.617,0.012401
0.91725,892.617,1.2945e-06
0.917268,892.683,0.0662636
0.917268,892.683,8.63e-07
0.917304,892.816,0.132527
0.917482,892.893,0.0770534
0.9175,892.905,0.012401
0.9175,892.905,1.2945e-06
0.917518,892.971,0.0662636
0.917732,893.064,0.092464
0.91775,893.076,0.012401
0.91775,893.076,1.2945e-06
0.917768,893.142,0.0662636
0.917768,893.142,8.63e-07
0.917804,893.275,0.132527
0.917982,893.352,0.0770534
0.918,893.364,0.012401
0.918,893.364,1.2945e-06
0.918018,893.431,0.0662636
0.918232,893.523,0.092464
0.91825,893.536,0.012401
0.91825,893.536,1.2945e-06
0.918268,893.602,0.0662636
0.918268,893.602,8.63e-07
0.918304,893.734,0.132527
0.918482,893.811,0.0770534
0.9185,893.824,0.012401
0.9185,893.824,1.2945e-06
0.918518,893.89,0.0662636
0.918732,893.983,0.092464
0.91875,893.995,0.012401
0.91875,893.995,1.2945e-06
0.918768,894.061,0.0662636
0.918768,894.061,8.63e-07
0.918804,894.194,0.132527
0.918982,894.271,0.0770534
0.919,894.283,0.012401
0.919,894.283,1.2945e-06
0.919018,894.349,0.0662636
0.919232,894.442,0.092464
0.91925,894.454,0.012401
0.91925,894.454,1.2945e-06
0.919268,894.521,0.0662636
0.919268,894.521,8.63e-07
0.919304,894.653,0.132527
0.919482,894.73,0.0770534
0.9195,894.743,0.012401
0.9195,894.743,1.2945e-06
0.919518,894.809,0.0662636
0.919732,894.901,0.092464
0.91975,894.914,0.012401
0.91975,894.914,1.2945e-06
0.919768,894.98,0.0662636
0.919768,894.98,8.63e-07
0.919804,895.113,0.132527
0.919982,895.19,0.0770534
0.92,895.202,0.012401
0.92,895.202,1.2945e-06
0.920018,895.268,0.0662636
0.920232,895.361,0.092464
0.92025,895.373,0.012401
0.92025,895.373,1.2945e-06
0.920268,895.439,0.0662636
0.920268,895.439,8.63e-07
0.920304,895.572,0.132527
0.920482,895.649,0.0770534
0.9205,895.661,0.012401
0.9205,895.661,1.2945e-06
0.920518,895.728,0.0662636
0.920732,895.82,0.092464
0.92075,895.832,0.012401
0.92075,895.832,1.2945e-06
0.920768,895.899,0.0662636
0.920768,895.899,8.63e-07
0.920804,896.031,0.132527
0.920982,896.108,0.0770534
0.921,896.121,0.012401
0.921,896.121,1.2945e-06
0.921018,896.187,0.0662636
0.921232,896.279,0.092464
0.92125,896.292,0.012401
0.92125,896.292,1.2945e-06
0.921268,896.358,0.0662636
0.921268,896.358,8.63e-07
0.921304,896.491,0.132527
0.921482,896.568,0.0770534
0.9215,896.58,0.012401
0.9215,896.58,1.2945e-06
0.921518,896.646,0.0662636
0.921732,896.739,0.092464
0.92175,896.751,0.012401
0.92175,896.751,1.2945e-06
0.921768,896.817,0.0662636
0.921768,896.817,8.63e-07
0.921804,896.95,0.132527
0.921982,897.027,0.0770534
0.922,897.039,0.012401
0.922,897.039,1.2945e-06
0.922018,897.106,0.0662636
0.922232,897.198,0.092464
0.92225,897.211,0.012401
0.92225,897.211,1.2945e-06
0.922268,897.277,0.0662636
0.922268,897.277,8.63e-07
0.922304,897.409,0.132527
0.922482,897.486,0.0770534
0.9225,897.499,0.012401
0.9225,897.499,1.2945e-06
0.922518,897.565,0.0662636
0.922732,897.658,0.092464
0.92275,897.67,0.012401
0.92275,897.67,1.2945e-06
0.922768,897.736,0.0662636
0.922768,897.736,8.63e-07
0.922804,897.869,0.132527
0.922982,897.946,0.0770534
0.923,897.958,0.012401
0.923,897.958,1.2945e-06
0.923018,898.024,0.0662636
0.923232,898.117,0.092464
0.92325,898.129,0.012401
0.92325,898.129,1.2945e-06
0.923268,898.196,0.0662636
0.923268,898.196,8.63e-07
0.923304,898.328,0.132527
0.923482,898.405,0.0770534
0.9235,898.418,0.012401
0.9235,898.418,1.2945e-06
0.923518,898.484,0.0662636
0.923732,898.576,0.092464
0.92375,898.589,0.012401
0.92375,898.589,1.2945e-06
0.923768,898.655,0.0662636
0.923768,898.655,8.63e-07
0.923804,898.788,0.132527
0.923982,898.865,0.0770534
0.924,898.877,0.012401
0.924,898.877,1.2945e-06
0.924018,898.943,0.0662636
0.924232,899.036,0.092464
0.92425,899.048,0.012401
0.92425,899.048,1.2945e-06
0.924268,899.114,0.0662636
0.924268,899.114,8.63e-07
0.924304,899.247,0.132527
0.924482,899.324,0.0770534
0.9245,899.336,0.012401
0.9245,899.336,1.2945e-06
0.924518,899.403,0.0662636
0.924732,899.495,0.092464
0.92475,899.507,0.012401
0.92475,899.507,1.2945e-06
0.924768,899.574,0.0662636
0.924768,899.574,8.63e-07
0.924804,899.706,0.132527
0.924982,899.783,0.0770534
0.925,899.796,0.012401
0.925,899.796,1.2945e-06
0.925018,899.862,0.0662636
0.925232,899.954,0.092464
0.92525,899.967,0.012401
0.92525,899.967,1.2945e-06
0.925268,900.033,0.0662636
0.925268,900.033,8.63e-07
0.925304,900.166,0.132527
0.925482,900.243,0.0770534
0.9255,900.255,0.012401
0.9255,900.255,1.2945e-06
0.925518,900.321,0.0662636
0.925732,900.414,0.092464
0.92575,900.426,0.012401
0.92575,900.426,1.2945e-06
0.925768,900.493,0.0662636
0.925768,900.493,8.63e-07
0.925804,900.625,0.132527
0.925982,900.702,0.0770534
0.926,900.714,0.012401
0.926,900.714,1.2945e-06
0.926018,900.781,0.0662636
0.926232,900.873,0.092464
0.92625,900.886,0.012401
0.92625,900.886,1.2945e-06
0.926268,900.952,0.0662636
0.926268,900.952,8.63e-07
0.926304,901.084,0.132527
0.926482,901.161,0.0770534
0.9265,901.174,0.012401
0.9265,901.174,1.2945e-06
0.926518,901.24,0.0662636
0.926732,901.333,0.092464
0.92675,901.345,0.012401
0.92675,901.345,1.2945e-06
0.926768,901.411,0.0662636
0.926768,901.411,8.63e-07
0.926804,901.544,0.132527
0.926982,901.621,0.0770534
0.927,901.633,0.012401
0.927,901.633,1.2945e-06
0.927018,901.7,0.0662636
0.927232,901.792,0.092464
0.92725,901.804,0.012401
0.92725,901.804,1.2945e-06
0.927268,901.871,0.0662636
0.927268,901.871,8.63e-07
0.927304,902.003,0.132527
0.927482,902.08,0.0770534
0.9275,902.093,0.012401
0.9275,902.093,1.2945e-06
0.927518,902.159,0.0662636
0.927732,902.251,0.092464
0.92775,902.264,0.012401
0.92775,902.264,1.2945e-06
0.927768,902.33,0.0662636
0.927768,902.33,8.63e-07
0.927804,902.463,0.132527
0.927982,902.54,0.0770534
0.928,902.552,0.012401
0.928,902.552,1.2945e-06
0.928018,902.618,0.0662636
0.928232,902.711,0.092464
0.92825,902.723,0.012401
0.92825,902.723,1.2945e-06
0.928268,902.789,0.0662636
0.928268,902.789,8.63e-07
0.928304,902.922,0.132527
0.928482,902.999,0.0770534
0.9285,903.011,0.012401
0.9285,903.011,1.2945e-06
0.928518,903.078,0.0662636
0.928732,903.17,0.092464
0.92875,903.183,0.012401
0.92875,903.183,1.2945e-06
0.928768,903.249,0.0662636
0.928768,903.249,8.63e-07
0.928804,903.381,0.132527
0.928982,903.458,0.0770534
0.929,903.471,0.012401
0.929,903.471,1.2945e-06
0.929018,903.537,0.0662636
0.929232,903.629,0.092464
0.92925,903.642,0.012401
0.92925,903.642,1.2945e-06
0.929268,903.708,0.0662636
0.929268,903.708,8.63e-07
0.929304,903.841,0.132527
0.929482,903.918,0.0770534
0.9295,903.93,0.012401
0.9295,903.93,1.2945e-06
0.929518,903.996,0.0662636
0.929732,904.089,0.092464
0.92975,904.101,0.012401
0.92975,904.101,1.2945e-06
0.929768,904.168,0.0662636
0.929768,904.168,8.63e-07
0.929804,904.3,0.132527
0.929982,904.377,0.0770534
0.93,904.39,0.012401
0.93,904.39,1.2945e-06
0.930018,904.456,0.0662636
0.930232,904.548,0.092464
0.93025,904.561,0.012401
0.93025,904.561,1.2945e-06
0.930268,904.627,0.0662636
0.930268,904.627,8.63e-07
0.930304,904.759,0.132527
0.930482,904.836,0.0770534
0.9305,904.849,0.012401
0.9305,904.849,1.2945e-06
0.930518,904.915,0.0662636
0.930732,905.008,0.092464
0.93075,905.02,0.012401
0.93075,905.02,1.2945e-06
0.930768,905.086,0.0662636
0.930768,905.086,8.63e-07
0.930804,905.219,0.132527
0.930982,905.296,0.0770534
0.931,905.308,0.012401
0.931,905.308,1.2945e-06
0.931018,905.375,0.0662636
0.931232,905.467,0.092464
0.93125,905.479,0.012401
0.93125,905.479,1.2945e-06
0.931268,905.546,0.0662636
0.931268,905.546,8.63e-07
0.931304,905.678,0.132527
0.931482,905.755,0.0770534
0.9315,905.768,0.012401
0.9315,905.768,1.2945e-06
0.931518,905.834,0.0662636
0.931732,905.926,0.092464
0.93175,905.939,0.012401
0.93175,905.939,1.2945e-06
0.931768,906.005,0.0662636
0.931768,906.005,8.63e-07
0.931804,906.138,0.132527
0.931982,906.215,0.0770534
0.932,906.227,0.012401
0.932,906.227,1.2945e-06
0.932018,906.293,0.0662636
0.932232,906.386,0.092464
0.93225,906.398,0.012401
0.93225,906.398,1.2945e-06
0.932268,906.464,0.0662636
0.932268,906.464,8.63e-07
0.932304,906.597,0.132527
0.932482,906.674,0.0770534
0.9325,906.686,0.012401
0.9325,906.686,1.2945e-06
0.932518,906.753,0.0662636
0.932732,906.845,0.092464
0.93275,906.858,0.012401
0.93275,906.858,1.2945e-06
0.932768,906.924,0.0662636
0.932768,906.924,8.63e-07
0.932804,907.056,0.132527
0.932982,907.133,0.0770534
0.933,907.146,0.012401
0.933,907.146,1.2945e-06
0.933018,907.212,0.0662636
0.933232,907.305,0.092464
0.93325,907.317,0.012401
0.93325,907.317,1.2945e-06
0.933268,907.383,0.0662636
0.933268,907.383,8.63e-07
0.933304,907.516,0.132527
0.933482,907.593,0.0770534
0.9335,907.605,0.012401
0.9335,907.605,1.2945e-06
0.933518,907.671,0.0662636
0.933732,907.764,0.092464
0.93375,907.776,0.012401
0.93375,907.776,1.2945e-06
0.933768,907.843,0.0662636
0.933768,907.843,8.63e-07
0.933804,907.975,0.132527
0.933982,908.052,0.0770534
0.934,908.065,0.012401
0.934,908.065,1.2945e-06
0.934018,908.131,0.0662636
0.934232,908.223,0.092464
0.93425,908.236,0.012401
0.93425,908.236,1.2945e-06
0.934268,908.302,0.0662636
0.934268,908.302,8.63e-07
0.934304,908.434,0.132527
0.934482,908.512,0.0770534
0.9345,908.524,0.012401
0.9345,908.524,1.2945e-06
0.934518,908.59,0.0662636
0.934732,908.683,0.092464
0.93475,908.695,0.012401
0.93475,908.695,1.2945e-06
0.934768,908.761,0.0662636
0.934768,908.761,8.63e-07
0.934804,908.894,0.132527
0.934982,908.971,0.0770534
0.935,908.983,0.012401
0.935,908.983,1.2945e-06
0.935018,909.05,0.0662636
0.935232,909.142,0.092464
0.93525,909.154,0.012401
0.93525,909.154,1.2945e-06
0.935268,909.221,0.0662636
0.935268,909.221,8.63e-07
0.935304,909.353,0.132527
0.935482,909.43,0.0770534
0.9355,909.443,0.012401
0.9355,909.443,1.2945e-06
0.935518,909.509,0.0662636
0.935732,909.601,0.092464
0.93575,909.614,0.012401
0.93575,909.614,1.2945e-06
0.935768,909.68,0.0662636
0.935768,909.68,8.63e-07
0.935804,909.813,0.132527
0.935982,909.89,0.0770534
0.936,909.902,0.012401
0.936,909.902,1.2945e-06
0.936018,909.968,0.0662636
0.936232,910.061,0.092464
0.93625,910.073,0.012401
0.93625,910.073,1.2945e-06
0.936268,910.139,0.0662636
0.936268,910.139,8.63e-07
0.936304,910.272,0.132527
0.936482,910.349,0.0770534
0.9365,910.361,0.012401
0.9365,910.361,1.2945e-06
0.936518,910.428,0.0662636
0.936732,910.52,0.092464
0.93675,910.533,0.012401
0.93675,910.533,1.2945e-06
0.936768,910.599,0.0662636
0.936768,910.599,8.63e-07
0.936804,910.731,0.132527
0.936982,910.808,0.0770534
0.937,910.821,0.012401
0.937,910.821,1.2945e-06
0.937018,910.887,0.0662636
0.937232,910.98,0.092464
0.93725,910.992,0.012401
0.93725,910.992,1.2945e-06
0.937268,911.058,0.0662636
0.937268,911.058,8.63e-07
0.937304,911.191,0.132527
0.937482,911.268,0.0770534
0.9375,911.28,0.012401
0.9375,911.28,1.2945e-06
0.937518,911.346,0.0662636
0.937732,911.439,0.092464
0.93775,911.451,0.012401
0.93775,911.451,1.2945e-06
0.937768,911.518,0.0662636
0.937768,911.518,8.63e-07
0.937804,911.65,0.132527
0.937982,911.727,0.0770534
0.938,911.74,0.012401
0.938,911.74,1.2945e-06
0.938018,911.806,0.0662636
0.938232,911.898,0.092464
0.93825,911.911,0.012401
0.93825,911.911,1.2945e-06
0.938268,911.977,0.0662636
0.938268,911.977,8.63e-07
0.938304,912.109,0.132527
0.938482,912.187,0.0770534
0.9385,912.199,0.012401
0.9385,912.199,1.2945e-06
0.938518,912.265,0.0662636
0.938732,912.358,0.092464
0.93875,912.37,0.012401
0.93875,912.37,1.2945e-06
0.938768,912.436,0.0662636
0.938768,912.436,8.63e-07
0.938804,912.569,0.132527
0.938982,912.646,0.0770534
0.939,912.658,0.012401
0.939,912.658,1.2945e-06
0.939018,912.725,0.0662636
0.939232,912.817,0.092464
0.93925,912.829,0.012401
0.93925,912.829,1.2945e-06
0.939268,912.896,0.0662636
0.939268,912.896,8.63e-07
0.939304,913.028,0.132527
0.939482,913.105,0.0770534
0.9395,913.118,0.012401
0.9395,913.118,1.2945e-06
0.939518,913.184,0.0662636
0.939732,913.276,0.092464
0.93975,913.289,0.012401
0.93975,913.289,1.2945e-06
0.939768,913.355,0.0662636
0.939768,913.355,8.63e-07
0.939804,913.488,0.132527
0.939982,913.565,0.0770534
0.94,913.577,0.012401
0.94,913.577,1.2945e-06
0.940018,913.643,0.0662636
0.940232,913.736,0.092464
0.94025,913.748,0.012401
0.94025,913.748,1.2945e-06
0.940268,913.814,0.0662636
0.940268,913.814,8.63e-07
0.940304,913.947,0.132527
0.940482,914.024,0.0770534
0.9405,914.036,0.012401
0.9405,914.036,1.2945e-06
0.940518,914.103,0.0662636
0.940732,914.195,0.092464
0.94075,914.208,0.012401
0.94075,914.208,1.2945e-06
0.940768,914.274,0.0662636
0.940768,914.274,8.63e-07
0.940804,914.406,0.132527
0.940982,914.483,0.0770534
0.941,914.496,0.012401
0.941,914.496,1.2945e-06
0.941018,914.562,0.0662636
0.941232,914.655,0.092464
0.94125,914.667,0.012401
0.94125,914.667,1.2945e-06
0.941268,914.733,0.0662636
0.941268,914.733,8.63e-07
0.941304,914.866,0.132527
0.941482,914.943,0.0770534
0.9415,914.955,0.012401
0.9415,914.955,1.2945e-06
0.941518,915.021,0.0662636
0.941732,915.114,0.092464
0.94175,915.126,0.012401
0.94175,915.126,1.2945e-06
0.941768,915.193,0.0662636
0.941768,915.193,8.63e-07
0.941804,915.325,0.132527
0.941982,915.402,0.0770534
0.942,915.415,0.012401
0.942,915.415,1.2945e-06
0.942018,915.481,0.0662636
0.942232,915.573,0.092464
0.94225,915.586,0.012401
0.94225,915.586,1.2945e-06
0.942268,915.652,0.0662636
0.942268,915.652,8.63e-07
0.942304,915.784,0.132527
0.942482,915.862,0.0770534
0.9425,915.874,0.012401
0.9425,915.874,1.2945e-06
0.942518,915.94,0.0662636
0.942732,916.033,0.092464
0.94275,916.045,0.012401
0.94275,916.045,1.2945e-06
0.942768,916.111,0.0662636
0.942768,916.111,8.63e-07
0.942804,916.244,0.132527
0.942982,916.321,0.0770534
0.943,916.333,0.012401
0.943,916.333,1.2945e-06
0.943018,916.4,0.0662636
0.943232,916.492,0.092464
0.94325,916.504,0.012401
0.94325,916.504,1.2945e-06
0.943268,916.571,0.0662636
0.943268,916.571,8.63e-07
0.943304,916.703,0.132527
0.943482,916.78,0.0770534
0.9435,916.793,0.012401
0.9435,916.793,1.2945e-06
0.943518,916.859,0.0662636
0.943732,916.951,0.092464
0.94375,916.964,0.012401
0.94375,916.964,1.2945e-06
0.943768,917.03,0.0662636
0.943768,917.03,8.63e-07
0.943804,917.163,0.132527
0.943982,917.24,0.0770534
0.944,917.252,0.012401
0.944,917.252,1.2945e-06
0.944018,917.318,0.0662636
0.944232,917.411,0.092464
0.94425,917.423,0.012401
0.94425,917.423,1.2945e-06
0.944268,917.489,0.0662636
0.944268,917.489,8.63e-07
0.944304,917.622,0.132527
0.944482,917.699,0.0770534
0.9445,917.711,0.012401
0.9445,917.711,1.2945e-06
0.944518,917.778,0.0662636
0.944732,917.87,0.092464
0.94475,917.883,0.012401
0.94475,917.883,1.2945e-06
0.944768,917.949,0.0662636
0.944768,917.949,8.63e-07
0.944804,918.081,0.132527
0.944982,918.158,0.0770534
0.945,918.171,0.012401
0.945,918.171,1.2945e-06
0.945018,918.237,0.0662636
0.945232,918.33,0.092464
0.94525,918.342,0.012401
0.94525,918.342,1.2945e-06
0.945268,918.408,0.0662636
0.945268,918.408,8.63e-07
0.945304,918.541,0.132527
0.945482,918.618,0.0770534
0.9455,918.63,0.012401
0.9455,918.63,1.2945e-06
0.945518,918.696,0.0662636
0.945732,918.789,0.092464
0.94575,918.801,0.012401
0.94575,918.801,1.2945e-06
0.945768,918.868,0.0662636
0.945768,918.868,8.63e-07
0.945804,919,0.132527
0.945982,919.077,0.0770534
0.946,919.09,0.012401
0.946,919.09,1.2945e-06
0.946018,919.156,0.0662636
0.946232,919.248,0.092464
0.94625,919.261,0.012401
0.94625,919.261,1.2945e-06
0.946268,919.327,0.0662636
0.946268,919.327,8.63e-07
0.946304,919.46,0.132527
0.946482,919.537,0.0770534
0.9465,919.549,0.012401
0.9465,919.549,1.2945e-06
0.946518,919.615,0.0662636
0.946732,919.708,0.092464
0.94675,919.72,0.012401
0.94675,919.72,1.2945e-06
0.946768,919.786,0.0662636
0.946768,919.786,8.63e-07
0.946804,919.919,0.132527
0.946982,919.996,0.0770534
0.947,920.008,0.012401
0.947,920.008,1.2945e-06
0.947018,920.075,0.0662636
0.947232,920.167,0.092464
0.94725,920.179,0.012401
0.94725,920.179,1.2945e-06
0.947268,920.246,0.0662636
0.947268,920.246,8.63e-07
0.947304,920.378,0.132527
0.947482,920.455,0.0770534
0.9475,920.468,0.012401
0.9475,920.468,1.2945e-06
0.947518,920.534,0.0662636
0.947732,920.626,0.092464
0.94775,920.639,0.012401
0.94775,920.639,1.2945e-06
0.947768,920.705,0.0662636
0.947768,920.705,8.63e-07
0.947804,920.838,0.132527
0.947982,920.915,0.0770534
0.948,920.927,0.012401
0.948,920.927,1.2945e-06
0.948018,920.993,0.0662636
0.948232,921.086,0.092464
0.94825,921.098,0.012401
0.94825,921.098,1.2945e-06
0.948268,921.164,0.0662636
0.948268,921.164,8.63e-07
0.948304,921.297,0.132527
0.948482,921.374,0.0770534
0.9485,921.386,0.012401
0.9485,921.386,1.2945e-06
0.948518,921.453,0.0662636
0.948732,921.545,0.092464
0.94875,921.558,0.012401
0.94875,921.558,1.2945e-06
0.948768,921.624,0.0662636
0.948768,921.624,8.63e-07
0.948804,921.756,0.132527
0.948982,921.833,0.0770534
0.949,921.846,0.012401
0.949,921.846,1.2945e-06
0.949018,921.912,0.0662636
0.949232,922.005,0.092464
0.94925,922.017,0.012401
0.94925,922.017,1.2945e-06
0.949268,922.083,0.0662636
0.949268,922.083,8.63e-07
0.949304,922.216,0.132527
0.949482,922.293,0.0770534
0.9495,922.305,0.012401
0.9495,922.305,1.2945e-06
0.949518,922.371,0.0662636
0.949732,922.464,0.092464
0.94975,922.476,0.012401
0.94975,922.476,1.2945e-06
0.949768,922.543,0.0662636
0.949768,922.543,8.63e-07
0.949804,922.675,0.132527
0.949982,922.752,0.0770534
0.95,922.765,0.012401
0.95,922.765,1.2945e-06
0.950018,922.831,0.0662636
0.950232,922.923,0.092464
0.95025,922.936,0.012401
0.95025,922.936,1.2945e-06
0.950268,923.002,0.0662636
0.950268,923.002,8.63e-07
0.950304,923.135,0.132527
0.950482,923.212,0.0770534
0.9505,923.224,0.012401
0.9505,923.224,1.2945e-06
0.950518,923.29,0.0662636
0.950732,923.383,0.092464
0.95075,923.395,0.012401
0.95075,923.395,1.2945e-06
0.950768,923.461,0.0662636
0.950768,923.461,8.63e-07
0.950804,923.594,0.132527
0.950982,923.671,0.0770534
0.951,923.683,0.012401
0.951,923.683,1.2945e-06
0.951018,923.75,0.0662636
0.951232,923.842,0.092464
0.95125,923.854,0.012401
0.95125,923.854,1.2945e-06
0.951268,923.921,0.0662636
0.951268,923.921,8.63e-07
0.951304,924.053,0.132527
0.951482,924.13,0.0770534
0.9515,924.143,0.012401
0.9515,924.143,1.2945e-06
0.951518,924.209,0.0662636
0.951732,924.301,0.092464
0.95175,924.314,0.012401
0.95175,924.314,1.2945e-06
0.951768,924.38,0.0662636
0.951768,924.38,8.63e-07
0.951804,924.513,0.132527
0.951982,924.59,0.0770534
0.952,924.602,0.012401
0.952,924.602,1.2945e-06
0.952018,924.668,0.0662636
0.952232,924.761,0.092464
0.95225,924.773,0.012401
0.95225,924.773,1.2945e-06
0.952268,924.84,0.0662636
0.952268,924.84,8.63e-07
0.952304,924.972,0.132527
0.952482,925.049,0.0770534
0.9525,925.061,0.012401
0.9525,925.061,1.2945e-06
0.952518,925.128,0.0662636
0.952732,925.22,0.092464
0.95275,925.233,0.012401
0.95275,925.233,1.2945e-06
0.952768,925.299,0.0662636
0.952768,925.299,8.63e-07
0.952804,925.431,0.132527
0.952982,925.508,0.0770534
0.953,925.521,0.012401
0.953,925.521,1.2945e-06
0.953018,925.587,0.0662636
0.953232,925.68,0.092464
0.95325,925.692,0.012401
0.95325,925.692,1.2945e-06
0.953268,925.758,0.0662636
0.953268,925.758,8.63e-07
0.953304,925.891,0.132527
0.953482,925.968,0.0770534
0.9535,925.98,0.012401
0.9535,925.98,1.2945e-06
0.953518,926.047,0.0662636
0.953732,926.139,0.092464
0.95375,926.151,0.012401
0.95375,926.151,1.2945e-06
0.953768,926.218,0.0662636
0.953768,926.218,8.63e-07
0.953804,926.35,0.132527
0.953982,926.427,0.0770534
0.954,926.44,0.012401
0.954,926.44,1.2945e-06
0.954018,926.506,0.0662636
0.954232,926.598,0.092464
0.95425,926.611,0.012401
0.95425,926.611,1.2945e-06
0.954268,926.677,0.0662636
0.954268,926.677,8.63e-07
0.954304,926.81,0.132527
0.954482,926.887,0.0770534
0.9545,926.899,0.012401
0.9545,926.899,1.2945e-06
0.954518,926.965,0.0662636
0.954732,927.058,0.092464
0.95475,927.07,0.012401
0.95475,927.07,1.2945e-06
0.954768,927.136,0.0662636
0.954768,927.136,8.63e-07
0.954804,927.269,0.132527
0.954982,927.346,0.0770534
0.955,927.358,0.012401
0.955,927.358,1.2945e-06
0.955018,927.425,0.0662636
0.955232,927.517,0.092464
0.95525,927.53,0.012401
0.95525,927.53,1.2945e-06
0.955268,927.596,0.0662636
0.955268,927.596,8.63e-07
0.955304,927.728,0.132527
0.955482,927.805,0.0770534
0.9555,927.818,0.012401
0.9555,927.818,1.2945e-06
0.955518,927.884,0.0662636
0.955732,927.976,0.092464
0.95575,927.989,0.012401
0.95575,927.989,1.2945e-06
0.955768,928.055,0.0662636
0.955768,928.055,8.63e-07
0.955804,928.188,0.132527
0.955982,928.265,0.0770534
0.956,928.277,0.012401
0.956,928.277,1.2945e-06
0.956018,928.343,0.0662636
0.956232,928.436,0.092464
0.95625,928.448,0.012401
0.95625,928.448,1.2945e-06
0.956268,928.515,0.0662636
0.956268,928.515,8.63e-07
0.956304,928.647,0.132527
0.956482,928.724,0.0770534
0.9565,928.737,0.012401
0.9565,928.737,1.2945e-06
0.956518,928.803,0.0662636
0.956732,928.895,0.092464
0.95675,928.908,0.012401
0.95675,928.908,1.2945e-06
0.956768,928.974,0.0662636
0.956768,928.974,8.63e-07
0.956804,929.106,0.132527
0.956982,929.183,0.0770534
0.957,929.196,0.012401
0.957,929.196,1.2945e-06
0.957018,929.262,0.0662636
0.957232,929.355,0.092464
0.95725,929.367,0.012401
0.95725,929.367,1.2945e-06
0.957268,929.433,0.0662636
0.957268,929.433,8.63e-07
0.957304,929.566,0.132527
0.957482,929.643,0.0770534
0.9575,929.655,0.012401
0.9575,929.655,1.2945e-06
0.957518,929.722,0.0662636
0.957732,929.814,0.092464
0.95775,929.826,0.012401
0.95775,929.826,1.2945e-06
0.957768,929.893,0.0662636
0.957768,929.893,8.63e-07
0.957804,930.025,0.132527
0.957982,930.102,0.0770534
0.958,930.115,0.012401
0.958,930.115,1.2945e-06
0.958018,930.181,0.0662636
0.958232,930.273,0.092464
0.95825,930.286,0.012401
0.95825,930.286,1.2945e-06
0.958268,930.352,0.0662636
0.958268,930.352,8.63e-07
0.958304,930.485,0.132527
0.958482,930.562,0.0770534
0.9585,930.574,0.012401
0.9585,930.574,1.2945e-06
0.958518,930.64,0.0662636
0.958732,930.733,0.092464
0.95875,930.745,0.012401
0.95875,930.745,1.2945e-06
0.958768,930.811,0.0662636
0.958768,930.811,8.63e-07
0.958804,930.944,0.132527
0.958982,931.021,0.0770534
0.959,931.033,0.012401
0.959,931.033,1.2945e-06
0.959018,931.1,0.0662636
0.959232,931.192,0.092464
0.95925,931.205,0.012401
0.95925,931.205,1.2945e-06
0.959268,931.271,0.0662636
0.959268,931.271,8.63e-07
0.959304,931.403,0.132527
0.959482,931.48,0.0770534
0.9595,931.493,0.012401
0.9595,931.493,1.2945e-06
0.959518,931.559,0.0662636
0.959732,931.651,0.092464
0.95975,931.664,0.012401
0.95975,931.664,1.2945e-06
0.959768,931.73,0.0662636
0.959768,931.73,8.63e-07
0.959804,931.863,0.132527
0.959982,931.94,0.0770534
0.96,931.952,0.012401
0.96,931.952,1.2945e-06
0.960018,932.018,0.0662636
0.960232,932.111,0.092464
0.96025,932.123,0.012401
0.96025,932.123,1.2945e-06
0.960268,932.19,0.0662636
0.960268,932.19,8.63e-07
0.960304,932.322,0.132527
0.960482,932.399,0.0770534
0.9605,932.412,0.012401
0.9605,932.412,1.2945e-06
0.960518,932.478,0.0662636
0.960732,932.57,0.092464
0.96075,932.583,0.012401
0.96075,932.583,1.2945e-06
0.960768,932.649,0.0662636
0.960768,932.649,8.63e-07
0.960804,932.781,0.132527
0.960982,932.858,0.0770534
0.961,932.871,0.012401
0.961,932.871,1.2945e-06
0.961018,932.937,0.0662636
0.961232,933.03,0.092464
0.96125,933.042,0.012401
0.96125,933.042,1.2945e-06
0.961268,933.108,0.0662636
0.961268,933.108,8.63e-07
0.961304,933.241,0.132527
0.961482,933.318,0.0770534
0.9615,933.33,0.012401
0.9615,933.33,1.2945e-06
0.961518,933.397,0.0662636
0.961732,933.489,0.092464
0.96175,933.501,0.012401
0.96175,933.501,1.2945e-06
0.961768,933.568,0.0662636
0.961768,933.568,8.63e-07
0.961804,933.7,0.132527
0.961982,933.777,0.0770534
0.962,933.79,0.012401
0.962,933.79,1.2945e-06
0.962018,933.856,0.0662636
0.962232,933.948,0.092464
0.96225,933.961,0.012401
0.96225,933.961,1.2945e-06
0.962268,934.027,0.0662636
0.962268,934.027,8.63e-07
0.962304,934.16,0.132527
0.962482,934.237,0.0770534
0.9625,934.249,0.012401
0.9625,934.249,1.2945e-06
0.962518,934.315,0.0662636
0.962732,934.408,0.092464
0.96275,934.42,0.012401
0.96275,934.42,1.2945e-06
0.962768,934.486,0.0662636
0.962768,934.486,8.63e-07
0.962804,934.619,0.132527
0.962982,934.696,0.0770534
0.963,934.708,0.012401
0.963,934.708,1.2945e-06
0.963018,934.775,0.0662636
0.963232,934.867,0.092464
0.96325,934.88,0.012401
0.96325,934.88,1.2945e-06
0.963268,934.946,0.0662636
0.963268,934.946,8.63e-07
0.963304,935.078,0.132527
0.963482,935.155,0.0770534
0.9635,935.168,0.012401
0.9635,935.168,1.2945e-06
0.963518,935.234,0.0662636
0.963732,935.327,0.092464
0.96375,935.339,0.012401
0.96375,935.339,1.2945e-06
0.963768,935.405,0.0662636
0.963768,935.405,8.63e-07
0.963804,935.538,0.132527
0.963982,935.615,0.0770534
0.964,935.627,0.012401
0.964,935.627,1.2945e-06
0.964018,935.693,0.0662636
0.964232,935.786,0.092464
0.96425,935.798,0.012401
0.96425,935.798,1.2945e-06
0.964268,935.865,0.0662636
0.964268,935.865,8.63e-07
0.964304,935.997,0.132527
0.964482,936.074,0.0770534
0.9645,936.087,0.012401
0.9645,936.087,1.2945e-06
0.964518,936.153,0.0662636
0.964732,936.245,0.092464
0.96475,936.258,0.012401
0.96475,936.258,1.2945e-06
0.964768,936.324,0.0662636
0.964768,936.324,8.63e-07
0.964804,936.456,0.132527
0.964982,936.534,0.0770534
0.965,936.546,0.012401
0.965,936.546,1.2945e-06
0.965018,936.612,0.0662636
0.965232,936.705,0.092464
0.96525,936.717,0.012401
0.96525,936.717,1.2945e-06
0.965268,936.783,0.0662636
0.965268,936.783,8.63e-07
0.965304,936.916,0.132527
0.965482,936.993,0.0770534
0.9655,937.005,0.012401
0.9655,937.005,1.2945e-06
0.965518,937.072,0.0662636
0.965732,937.164,0.092464
0.96575,937.176,0.012401
0.96575,937.176,1.2945e-06
0.965768,937.243,0.0662636
0.965768,937.243,8.63e-07
0.965804,937.375,0.132527
0.965982,937.452,0.0770534
0.966,937.465,0.012401
0.966,937.465,1.2945e-06
0.966018,937.531,0.0662636
0.966232,937.623,0.092464
0.96625,937.636,0.012401
0.96625,937.636,1.2945e-06
0.966268,937.702,0.0662636
0.966268,937.702,8.63e-07
0.966304,937.835,0.132527
0.966482,937.912,0.0770534
0.9665,937.924,0.012401
0.9665,937.924,1.2945e-06
0.966518,937.99,0.0662636
0.966732,938.083,0.092464
0.96675,938.095,0.012401
0.96675,938.095,1.2945e-06
0.966768,938.161,0.0662636
0.966768,938.161,8.63e-07
0.966804,938.294,0.132527
0.966982,938.371,0.0770534
0.967,938.383,0.012401
0.967,938.383,1.2945e-06
0.967018,938.45,0.0662636
0.967232,938.542,0.092464
0.96725,938.555,0.012401
0.96725,938.555,1.2945e-06
0.967268,938.621,0.0662636
0.967268,938.621,8.63e-07
0.967304,938.753,0.132527
0.967482,938.83,0.0770534
0.9675,938.843,0.012401
0.9675,938.843,1.2945e-06
0.967518,938.909,0.0662636
0.967732,939.002,0.092464
0.96775,939.014,0.012401
0.96775,939.014,1.2945e-06
0.967768,939.08,0.0662636
0.967768,939.08,8.63e-07
0.967804,939.213,0.132527
0.967982,939.29,0.0770534
0.968,939.302,0.012401
0.968,939.302,1.2945e-06
0.968018,939.368,0.0662636
0.968232,939.461,0.092464
0.96825,939.473,0.012401
0.96825,939.473,1.2945e-06
0.968268,939.54,0.0662636
0.968268,939.54,8.63e-07
0.968304,939.672,0.132527
0.968482,939.749,0.0770534
0.9685,939.762,0.012401
0.9685,939.762,1.2945e-06
0.968518,939.828,0.0662636
0.968732,939.92,0.092464
0.96875,939.933,0.012401
0.96875,939.933,1.2945e-06
0.968768,939.999,0.0662636
0.968768,939.999,8.63e-07
0.968804,940.131,0.132527
0.968982,940.209,0.0770534
0.969,940.221,0.012401
0.969,940.221,1.2945e-06
0.969018,940.287,0.0662636
0.969232,940.38,0.092464
0.96925,940.392,0.012401
0.96925,940.392,1.2945e-06
0.969268,940.458,0.0662636
0.969268,940.458,8.63e-07
0.969304,940.591,0.132527
0.969482,940.668,0.0770534
0.9695,940.68,0.012401
0.9695,940.68,1.2945e-06
0.969518,940.747,0.0662636
0.969732,940.839,0.092464
0.96975,940.851,0.012401
0.96975,940.851,1.2945e-06
0.969768,940.918,0.0662636
0.969768,940.918,8.63e-07
0.969804,941.05,0.132527
0.969982,941.127,0.0770534
0.97,941.14,0.012401
0.97,941.14,1.2945e-06
0.970018,941.206,0.0662636
0.970232,941.298,0.092464
0.97025,941.311,0.012401
0.97025,941.311,1.2945e-06
0.970268,941.377,0.0662636
0.970268,941.377,8.63e-07
0.970304,941.51,0.132527
0.970482,941.587,0.0770534
0.9705,941.599,0.012401
0.9705,941.599,1.2945e-06
0.970518,941.665,0.0662636
0.970732,941.758,0.092464
0.97075,941.77,0.012401
0.97075,941.77,1.2945e-06
0.970768,941.836,0.0662636
0.970768,941.836,8.63e-07
0.970804,941.969,0.132527
0.970982,942.046,0.0770534
0.971,942.058,0.012401
0.971,942.058,1.2945e-06
0.971018,942.125,0.0662636
0.971232,942.217,0.092464
0.97125,942.23,0.012401
0.97125,942.23,1.2945e-06
0.971268,942.296,0.0662636
0.971268,942.296,8.63e-07
0.971304,942.428,0.132527
0.971482,942.505,0.0770534
0.9715,942.518,0.012401
0.9715,942.518,1.2945e-06
0.971518,942.584,0.0662636
0.971732,942.677,0.092464
0.97175,942.689,0.012401
0.97175,942.689,1.2945e-06
0.971768,942.755,0.0662636
0.971768,942.755,8.63e-07
0.971804,942.888,0.132527
0.971982,942.965,0.0770534
0.972,942.977,0.012401
0.972,942.977,1.2945e-06
0.972018,943.043,0.0662636
0.972232,943.136,0.092464
0.97225,943.148,0.012401
0.97225,943.148,1.2945e-06
0.972268,943.215,0.0662636
0.972268,943.215,8.63e-07
0.972304,943.347,0.132527
0.972482,943.424,0.0770534
0.9725,943.437,0.012401
0.9725,943.437,1.2945e-06
0.972518,943.503,0.0662636
0.972732,943.595,0.092464
0.97275,943.608,0.012401
0.97275,943.608,1.2945e-06
0.972768,943.674,0.0662636
0.972768,943.674,8.63e-07
0.972804,943.806,0.132527
0.972982,943.884,0.0770534
0.973,943.896,0.012401
0.973,943.896,1.2945e-06
0.973018,943.962,0.0662636
0.973232,944.055,0.092464
0.97325,944.067,0.012401
0.97325,944.067,1.2945e-06
0.973268,944.133,0.0662636
0.973268,944.133,8.63e-07
0.973304,944.266,0.132527
0.973482,944.343,0.0770534
0.9735,944.355,0.012401
0.9735,944.355,1.2945e-06
0.973518,944.422,0.0662636
0.973732,944.514,0.092464
0.97375,944.526,0.012401
0.97375,944.526,1.2945e-06
0.973768,944.593,0.0662636
0.973768,944.593,8.63e-07
0.973804,944.725,0.132527
0.973982,944.802,0.0770534
0.974,944.815,0.012401
0.974,944.815,1.2945e-06
0.974018,944.881,0.0662636
0.974232,944.973,0.092464
0.97425,944.986,0.012401
0.97425,944.986,1.2945e-06
0.974268,945.052,0.0662636
0.974268,945.052,8.63e-07
0.974304,945.185,0.132527
0.974482,945.262,0.0770534
0.9745,945.274,0.012401
0.9745,945.274,1.2945e-06
0.974518,945.34,0.0662636
0.974732,945.433,0.092464
0.97475,945.445,0.012401
0.97475,945.445,1.2945e-06
0.974768,945.511,0.0662636
0.974768,945.511,8.63e-07
0.974804,945.644,0.132527
0.974982,945.721,0.0770534
0.975,945.733,0.012401
0.975,945.733,1.2945e-06
0.975018,945.8,0.0662636
0.975232,945.892,0.092464
0.97525,945.905,0.012401
0.97525,945.905,1.2945e-06
0.975268,945.971,0.0662636
0.975268,945.971,8.63e-07
0.975304,946.103,0.132527
0.975482,946.18,0.0770534
0.9755,946.193,0.012401
0.9755,946.193,1.2945e-06
0.975518,946.259,0.0662636
0.975732,946.352,0.092464
0.97575,946.364,0.012401
0.97575,946.364,1.2945e-06
0.975768,946.43,0.0662636
0.975768,946.43,8.63e-07
0.975804,946.563,0.132527
0.975982,946.64,0.0770534
0.976,946.652,0.012401
0.976,946.652,1.2945e-06
0.976018,946.718,0.0662636
0.976232,946.811,0.092464
0.97625,946.823,0.012401
0.97625,946.823,1.2945e-06
0.976268,946.89,0.0662636
0.976268,946.89,8.63e-07
0.976304,947.022,0.132527
0.976482,947.099,0.0770534
0.9765,947.112,0.012401
0.9765,947.112,1.2945e-06
0.976518,947.178,0.0662636
0.976732,947.27,0.092464
0.97675,947.283,0.012401
0.97675,947.283,1.2945e-06
0.976768,947.349,0.0662636
0.976768,947.349,8.63e-07
0.976804,947.482,0.132527
0.976982,947.559,0.0770534
0.977,947.571,0.012401
0.977,947.571,1.2945e-06
0.977018,947.637,0.0662636
0.977232,947.73,0.092464
0.97725,947.742,0.012401
0.97725,947.742,1.2945e-06
0.977268,947.808,0.0662636
0.977268,947.808,8.63e-07
0.977304,947.941,0.132527
0.977482,948.018,0.0770534
0.9775,948.03,0.012401
0.9775,948.03,1.2945e-06
0.977518,948.097,0.0662636
0.977732,948.189,0.092464
0.97775,948.201,0.012401
0.97775,948.201,1.2945e-06
0.977768,948.268,0.0662636
0.977768,948.268,8.63e-07
0.977804,948.4,0.132527
0.977982,948.477,0.0770534
0.978,948.49,0.012401
0.978,948.49,1.2945e-06
0.978018,948.556,0.0662636
0.978232,948.648,0.092464
0.97825,948.661,0.012401
0.97825,948.661,1.2945e-06
0.978268,948.727,0.0662636
0.978268,948.727,8.63e-07
0.978304,948.86,0.132527
0.978482,948.937,0.0770534
0.9785,948.949,0.012401
0.9785,948.949,1.2945e-06
0.978518,949.015,0.0662636
0.978732,949.108,0.092464
0.97875,949.12,0.012401
0.97875,949.12,1.2945e-06
0.978768,949.186,0.0662636
0.978768,949.186,8.63e-07
0.978804,949.319,0.132527
0.978982,949.396,0.0770534
0.979,949.408,0.012401
0.979,949.408,1.2945e-06
0.979018,949.475,0.0662636
0.979232,949.567,0.092464
0.97925,949.58,0.012401
0.97925,949.58,1.2945e-06
0.979268,949.646,0.0662636
0.979268,949.646,8.63e-07
0.979304,949.778,0.132527
0.979482,949.855,0.0770534
0.9795,949.868,0.012401
0.9795,949.868,1.2945e-06
0.979518,949.934,0.0662636
0.979732,950.027,0.092464
0.97975,950.039,0.012401
0.97975,950.039,1.2945e-06
0.979768,950.105,0.0662636
0.979768,950.105,8.63e-07
0.979804,950.238,0.132527
0.979982,950.315,0.0770534
0.98,950.327,0.012401
0.98,950.327,1.2945e-06
0.980018,950.393,0.0662636
0.980232,950.486,0.092464
0.98025,950.498,0.012401
0.98025,950.498,1.2945e-06
0.980268,950.565,0.0662636
0.980268,950.565,8.63e-07
0.980304,950.697,0.132527
0.980482,950.774,0.0770534
0.9805,950.787,0.012401
0.9805,950.787,1.2945e-06
0.980518,950.853,0.0662636
0.980732,950.945,0.092464
0.98075,950.958,0.012401
0.98075,950.958,1.2945e-06
0.980768,951.024,0.0662636
0.980768,951.024,8.63e-07
0.980804,951.157,0.132527
0.980982,951.234,0.0770534
0.981,951.246,0.012401
0.981,951.246,1.2945e-06
0.981018,951.312,0.0662636
0.981232,951.405,0.092464
0.98125,951.417,0.012401
0.98125,951.417,1.2945e-06
0.981268,951.483,0.0662636
0.981268,951.483,8.63e-07
0.981304,951.616,0.132527
0.981482,951.693,0.0770534
0.9815,951.705,0.012401
0.9815,951.705,1.2945e-06
0.981518,951.772,0.0662636
0.981732,951.864,0.092464
0.98175,951.876,0.012401
0.98175,951.876,1.2945e-06
0.981768,951.943,0.0662636
0.981768,951.943,8.63e-07
0.981804,952.075,0.132527
0.981982,952.152,0.0770534
0.982,952.165,0.012401
0.982,952.165,1.2945e-06
0.982018,952.231,0.0662636
0.982232,952.323,0.092464
0.98225,952.336,0.012401
0.98225,952.336,1.2945e-06
0.982268,952.402,0.0662636
0.982268,952.402,8.63e-07
0.982304,952.535,0.132527
0.982482,952.612,0.0770534
0.9825,952.624,0.012401
0.9825,952.624,1.2945e-06
0.982518,952.69,0.0662636
0.982732,952.783,0.092464
0.98275,952.795,0.012401
0.98275,952.795,1.2945e-06
0.982768,952.862,0.0662636
0.982768,952.862,8.63e-07
0.982804,952.994,0.132527
0.982982,953.071,0.0770534
0.983,953.083,0.012401
0.983,953.083,1.2945e-06
0.983018,953.15,0.0662636
0.983232,953.242,0.092464
0.98325,953.255,0.012401
0.98325,953.255,1.2945e-06
0.983268,953.321,0.0662636
0.983268,953.321,8.63e-07
0.983304,953.453,0.132527
0.983482,953.53,0.0770534
0.9835,953.543,0.012401
0.9835,953.543,1.2945e-06
0.983518,953.609,0.0662636
0.983732,953.702,0.092464
0.98375,953.714,0.012401
0.98375,953.714,1.2945e-06
0.983768,953.78,0.0662636
0.983768,953.78,8.63e-07
0.983804,953.913,0.132527
0.983982,953.99,0.0770534
0.984,954.002,0.012401
0.984,954.002,1.2945e-06
0.984018,954.069,0.0662636
0.984232,954.161,0.092464
0.98425,954.173,0.012401
0.98425,954.173,1.2945e-06
0.984268,954.24,0.0662636
0.984268,954.24,8.63e-07
0.984304,954.372,0.132527
0.984482,954.449,0.0770534
0.9845,954.462,0.012401
0.9845,954.462,1.2945e-06
0.984518,954.528,0.0662636
0.984732,954.62,0.092464
0.98475,954.633,0.012401
0.98475,954.633,1.2945e-06
0.984768,954.699,0.0662636
0.984768,954.699,8.63e-07
0.984804,954.832,0.132527
0.984982,954.909,0.0770534
0.985,954.921,0.012401
0.985,954.921,1.2945e-06
0.985018,954.987,0.0662636
0.985232,955.08,0.092464
0.98525,955.092,0.012401
0.98525,955.092,1.2945e-06
0.985268,955.158,0.0662636
0.985268,955.158,8.63e-07
0.985304,955.291,0.132527
0.985482,955.368,0.0770534
0.9855,955.38,0.012401
0.9855,955.38,1.2945e-06
0.985518,955.447,0.0662636
0.985732,955.539,0.092464
0.98575,955.552,0.012401
0.98575,955.552,1.2945e-06
0.985768,955.618,0.0662636
0.985768,955.618,8.63e-07
0.985804,955.75,0.132527
0.985982,955.827,0.0770534
0.986,955.84,0.012401
0.986,955.84,1.2945e-06
0.986018,955.906,0.0662636
0.986232,955.998,0.092464
0.98625,956.011,0.012401
0.98625,956.011,1.2945e-06
0.986268,956.077,0.0662636
0.986268,956.077,8.63e-07
0.986304,956.21,0.132527
0.986482,956.287,0.0770534
0.9865,956.299,0.012401
0.9865,956.299,1.2945e-06
0.986518,956.365,0.0662636
0.986732,956.458,0.092464
0.98675,956.47,0.012401
0.98675,956.47,1.2945e-06
0.986768,956.537,0.0662636
0.986768,956.537,8.63e-07
0.986804,956.669,0.132527
0.986982,956.746,0.0770534
0.987,956.759,0.012401
0.987,956.759,1.2945e-06
0.987018,956.825,0.0662636
0.987232,956.917,0.092464
0.98725,956.93,0.012401
0.98725,956.93,1.2945e-06
0.987268,956.996,0.0662636
0.987268,956.996,8.63e-07
0.987304,957.128,0.132527
0.987482,957.205,0.0770534
0.9875,957.218,0.012401
0.9875,957.218,1.2945e-06
0.987518,957.284,0.0662636
0.987732,957.377,0.092464
0.98775,957.389,0.012401
0.98775,957.389,1.2945e-06
0.987768,957.455,0.0662636
0.987768,957.455,8.63e-07
0.987804,957.588,0.132527
0.987982,957.665,0.0770534
0.988,957.677,0.012401
0.988,957.677,1.2945e-06
0.988018,957.744,0.0662636
0.988232,957.836,0.092464
0.98825,957.848,0.012401
0.98825,957.848,1.2945e-06
0.988268,957.915,0.0662636
0.988268,957.915,8.63e-07
0.988304,958.047,0.132527
0.988482,958.124,0.0770534
0.9885,958.137,0.012401
0.9885,958.137,1.2945e-06
0.988518,958.203,0.0662636
0.988732,958.295,0.092464
0.98875,958.308,0.012401
0.98875,958.308,1.2945e-06
0.988768,958.374,0.0662636
0.988768,958.374,8.63e-07
0.988804,958.507,0.132527
0.988982,958.584,0.0770534
0.989,958.596,0.012401
0.989,958.596,1.2945e-06
0.989018,958.662,0.0662636
0.989232,958.755,0.092464
0.98925,958.767,0.012401
0.98925,958.767,1.2945e-06
0.989268,958.833,0.0662636
0.989268,958.833,8.63e-07
0.989304,958.966,0.132527
0.989482,959.043,0.0770534
0.9895,959.055,0.012401
0.9895,959.055,1.2945e-06
0.989518,959.122,0.0662636
0.989732,959.214,0.092464
0.98975,959.227,0.012401
0.98975,959.227,1.2945e-06
0.989768,959.293,0.0662636
0.989768,959.293,8.63e-07
0.989804,959.425,0.132527
0.989982,959.502,0.0770534
0.99,959.515,0.012401
0.99,959.515,1.2945e-06
0.990018,959.581,0.0662636
0.990232,959.674,0.092464
0.99025,959.686,0.012401
0.99025,959.686,1.2945e-06
0.990268,959.752,0.0662636
0.990268,959.752,8.63e-07
0.990304,959.885,0.132527
0.990482,959.962,0.0770534
0.9905,959.974,0.012401
0.9905,959.974,1.2945e-06
0.990518,960.04,0.0662636
0.990732,960.133,0.092464
0.99075,960.145,0.012401
0.99075,960.145,1.2945e-06
0.990768,960.212,0.0662636
0.990768,960.212,8.63e-07
0.990804,960.344,0.132527
0.990982,960.421,0.0770534
0.991,960.434,0.012401
0.991,960.434,1.2945e-06
0.991018,960.5,0.0662636
0.991232,960.592,0.092464
0.99125,960.605,0.012401
0.99125,960.605,1.2945e-06
0.991268,960.671,0.0662636
0.991268,960.671,8.63e-07
0.991304,960.803,0.132527
0.991482,960.881,0.0770534
0.9915,960.893,0.012401
0.9915,960.893,1.2945e-06
0.991518,960.959,0.0662636
0.991732,961.052,0.092464
0.99175,961.064,0.012401
0.99175,961.064,1.2945e-06
0.991768,961.13,0.0662636
0.991768,961.13,8.63e-07
0.991804,961.263,0.132527
0.991982,961.34,0.0770534
0.992,961.352,0.012401
0.992,961.352,1.2945e-06
0.992018,961.419,0.0662636
0.992232,961.511,0.092464
0.99225,961.523,0.012401
0.99225,961.523,1.2945e-06
0.992268,961.59,0.0662636
0.992268,961.59,8.63e-07
0.992304,961.722,0.132527
0.992482,961.799,0.0770534
0.9925,961.812,0.012401
0.9925,961.812,1.2945e-06
0.992518,961.878,0.0662636
0.992732,961.97,0.092464
0.99275,961.983,0.012401
0.99275,961.983,1.2945e-06
0.992768,962.049,0.0662636
0.992768,962.049,8.63e-07
0.992804,962.182,0.132527
0.992982,962.259,0.0770534
0.993,962.271,0.012401
0.993,962.271,1.2945e-06
0.993018,962.337,0.0662636
0.993232,962.43,0.092464
0.99325,962.442,0.012401
0.99325,962.442,1.2945e-06
0.993268,962.508,0.0662636
0.993268,962.508,8.63e-07
0.993304,962.641,0.132527
0.993482,962.718,0.0770534
0.9935,962.73,0.012401
0.9935,962.73,1.2945e-06
0.993518,962.797,0.0662636
0.993732,962.889,0.092464
0.99375,962.902,0.012401
0.99375,962.902,1.2945e-06
0.993768,962.968,0.0662636
0.993768,962.968,8.63e-07
0.993804,963.1,0.132527
0.993982,963.177,0.0770534
0.994,963.19,0.012401
0.994,963.19,1.2945e-06
0.994018,963.256,0.0662636
0.994232,963.349,0.092464
0.99425,963.361,0.012401
0.99425,963.361,1.2945e-06
0.994268,963.427,0.0662636
0.994268,963.427,8.63e-07
0.994304,963.56,0.132527
0.994482,963.637,0.0770534
0.9945,963.649,0.012401
0.9945,963.649,1.2945e-06
0.994518,963.715,0.0662636
0.994732,963.808,0.092464
0.99475,963.82,0.012401
0.99475,963.82,1.2945e-06
0.994768,963.887,0.0662636
0.994768,963.887,8.63e-07
0.994804,964.019,0.132527
0.994982,964.096,0.0770534
0.995,964.109,0.012401
0.995,964.109,1.2945e-06
0.995018,964.175,0.0662636
0.995232,964.267,0.092464
0.99525,964.28,0.012401
0.99525,964.28,1.2945e-06
0.995268,964.346,0.0662636
0.995268,964.346,8.63e-07
0.995304,964.478,0.132527
0.995482,964.556,0.0770534
0.9955,964.568,0.012401
0.9955,964.568,1.2945e-06
0.995518,964.634,0.0662636
0.995732,964.727,0.092464
0.99575,964.739,0.012401
0.99575,964.739,1.2945e-06
0.995768,964.805,0.0662636
0.995768,964.805,8.63e-07
0.995804,964.938,0.132527
0.995982,965.015,0.0770534
0.996,965.027,0.012401
0.996,965.027,1.2945e-06
0.996018,965.094,0.0662636
0.996232,965.186,0.092464
0.99625,965.198,0.012401
0.99625,965.198,1.2945e-06
0.996268,965.265,0.0662636
0.996268,965.265,8.63e-07
0.996304,965.397,0.132527
0.996482,965.474,0.0770534
0.9965,965.487,0.012401
0.9965,965.487,1.2945e-06
0.996518,965.553,0.0662636
0.996732,965.645,0.092464
0.99675,965.658,0.012401
0.99675,965.658,1.2945e-06
0.996768,965.724,0.0662636
0.996768,965.724,8.63e-07
0.996804,965.857,0.132527
0.996982,965.934,0.0770534
0.997,965.946,0.012401
0.997,965.946,1.2945e-06
0.997018,966.012,0.0662636
0.997232,966.105,0.092464
0.99725,966.117,0.012401
0.99725,966.117,1.2945e-06
0.997268,966.183,0.0662636
0.997268,966.183,8.63e-07
0.997304,966.316,0.132527
0.997482,966.393,0.0770534
0.9975,966.405,0.012401
0.9975,966.405,1.2945e-06
0.997518,966.472,0.0662636
0.997732,966.564,0.092464
0.99775,966.577,0.012401
0.99775,966.577,1.2945e-06
0.997768,966.643,0.0662636
0.997768,966.643,8.63e-07
0.997804,966.775,0.132527
0.997982,966.852,0.0770534
0.998,966.865,0.012401
0.998,966.865,1.2945e-06
0.998018,966.931,0.0662636
0.998232,967.024,0.092464
0.99825,967.036,0.012401
0.99825,967.036,1.2945e-06
0.998268,967.102,0.0662636
0.998268,967.102,8.63e-07
0.998304,967.235,0.132527
0.998482,967.312,0.0770534
0.9985,967.324,0.012401
0.9985,967.324,1.2945e-06
0.998518,967.39,0.0662636
0.998732,967.483,0.092464
0.99875,967.495,0.012401
0.99875,967.495,1.2945e-06
0.998768,967.562,0.0662636
0.998768,967.562,8.63e-07
0.998804,967.694,0.132527
0.998982,967.771,0.0770534
0.999,967.784,0.012401
0.999,967.784,1.2945e-06
0.999018,967.85,0.0662636
0.999232,967.942,0.092464
0.99925,967.955,0.012401
0.99925,967.955,1.2945e-06
0.999268,968.021,0.0662636
0.999268,968.021,8.63e-07
0.999304,968.153,0.132527
0.999482,968.231,0.0770534
0.9995,968.243,0.012401
0.9995,968.243,1.2945e-06
0.999518,968.309,0.0662636
0.999732,968.402,0.092464
0.99975,968.414,0.012401
0.99975,968.414,1.2945e-06
0.999768,968.48,0.0662636
0.999768,968.48,8.63e-07
0.999804,968.613,0.132527
0.999982,968.69,0.0770534
1,968.702,0.012401
1,968.702,1.2945e-06
1.00002,968.769,0.0662636
1.00023,968.861,0.092464
1.00025,968.873,0.012401
1.00025,968.873,1.2945e-06
1.00027,968.94,0.0662636
1.00027,968.94,8.63e-07
1.0003,969.072,0.132527
1.00048,969.149,0.0770534
1.0005,969.162,0.012401
1.0005,969.162,1.2945e-06
1.00052,969.228,0.0662636
1.00073,969.32,0.092464
1.00075,969.333,0.012401
1.00075,969.333,1.2945e-06
1.00077,969.399,0.0662636
1.00077,969.399,8.63e-07
1.0008,969.532,0.132527
1.00098,969.609,0.0770534
1.001,969.621,0.012401
1.001,969.621,1.2945e-06
1.00102,969.687,0.0662636
1.00123,969.78,0.092464
1.00125,969.792,0.012401
1.00125,969.792,1.2945e-06
1.00127,969.858,0.0662636
1.00127,969.858,8.63e-07
1.0013,969.991,0.132527
1.00148,970.068,0.0770534
1.0015,970.08,0.012401
1.0015,970.08,1.2945e-06
1.00152,970.147,0.0662636
1.00173,970.239,0.092464
1.00175,970.252,0.012401
1.00175,970.252,1.2945e-06
1.00177,970.318,0.0662636
1.00177,970.318,8.63e-07
1.0018,970.45,0.132527
1.00198,970.527,0.0770534
1.002,970.54,0.012401
1.002,970.54,1.2945e-06
1.00202,970.606,0.0662636
1.00223,970.699,0.092464
1.00225,970.711,0.012401
1.00225,970.711,1.2945e-06
1.00227,970.777,0.0662636
1.00227,970.777,8.63e-07
1.0023,970.91,0.132527
1.00248,970.987,0.0770534
1.0025,970.999,0.012401
1.0025,970.999,1.2945e-06
1.00252,971.065,0.0662636
1.00273,971.158,0.092464
1.00275,971.17,0.012401
1.00275,971.17,1.2945e-06
1.00277,971.237,0.0662636
1.00277,971.237,8.63e-07
1.0028,971.369,0.132527
1.00298,971.446,0.0770534
1.003,971.459,0.012401
1.003,971.459,1.2945e-06
1.00302,971.525,0.0662636
1.00323,971.617,0.092464
1.00325,971.63,0.012401
1.00325,971.63,1.2945e-06
1.00327,971.696,0.0662636
1.00327,971.696,8.63e-07
1.0033,971.829,0.132527
1.00348,971.906,0.0770534
1.0035,971.918,0.012401
1.0035,971.918,1.2945e-06
1.00352,971.984,0.0662636
1.00373,972.077,0.092464
1.00375,972.089,0.012401
1.00375,972.089,1.2945e-06
1.00377,972.155,0.0662636
1.00377,972.155,8.63e-07
1.0038,972.288,0.132527
1.00398,972.365,0.0770534
1.004,972.377,0.012401
1.004,972.377,1.2945e-06
1.00402,972.444,0.0662636
1.00423,972.536,0.092464
1.00425,972.548,0.012401
1.00425,972.548,1.2945e-06
1.00427,972.615,0.0662636
1.00427,972.615,8.63e-07
1.0043,972.747,0.132527
1.00448,972.824,0.0770534
1.0045,972.837,0.012401
1.0045,972.837,1.2945e-06
1.00452,972.903,0.0662636
1.00473,972.995,0.092464
1.00475,973.008,0.012401
1.00475,973.008,1.2945e-06
1.00477,973.074,0.0662636
1.00477,973.074,8.63e-07
1.0048,973.207,0.132527
1.00498,973.284,0.0770534
1.005,973.296,0.012401
1.005,973.296,1.2945e-06
1.00502,973.362,0.0662636
1.00523,973.455,0.092464
1.00525,973.467,0.012401
1.00525,973.467,1.2945e-06
1.00527,973.533,0.0662636
1.00527,973.533,8.63e-07
1.0053,973.666,0.132527
1.00548,973.743,0.0770534
1.0055,973.755,0.012401
1.0055,973.755,1.2945e-06
1.00552,973.822,0.0662636
1.00573,973.914,0.092464
1.00575,973.927,0.012401
1.00575,973.927,1.2945e-06
1.00577,973.993,0.0662636
1.00577,973.993,8.63e-07
1.0058,974.125,0.132527
1.00598,974.202,0.0770534
1.006,974.215,0.012401
1.006,974.215,1.2945e-06
1.00602,974.281,0.0662636
1.00623,974.374,0.092464
1.00625,974.386,0.012401
1.00625,974.386,1.2945e-06
1.00627,974.452,0.0662636
1.00627,974.452,8.63e-07
1.0063,974.585,0.132527
1.00648,974.662,0.0770534
1.0065,974.674,0.012401
1.0065,974.674,1.2945e-06
1.00652,974.74,0.0662636
1.00673,974.833,0.092464
1.00675,974.845,0.012401
1.00675,974.845,1.2945e-06
1.00677,974.912,0.0662636
1.00677,974.912,8.63e-07
1.0068,975.044,0.132527
1.00698,975.121,0.0770534
1.007,975.134,0.012401
1.007,975.134,1.2945e-06
1.00702,975.2,0.0662636
1.00723,975.292,0.092464
1.00725,975.305,0.012401
1.00725,975.305,1.2945e-06
1.00727,975.371,0.0662636
1.00727,975.371,8.63e-07
1.0073,975.504,0.132527
1.00748,975.581,0.0770534
1.0075,975.593,0.012401
1.0075,975.593,1.2945e-06
1.00752,975.659,0.0662636
1.00773,975.752,0.092464
1.00775,975.764,0.012401
1.00775,975.764,1.2945e-06
1.00777,975.83,0.0662636
1.00777,975.83,8.63e-07
1.0078,975.963,0.132527
1.00798,976.04,0.0770534
1.008,976.052,0.012401
1.008,976.052,1.2945e-06
1.00802,976.119,0.0662636
1.00823,976.211,0.092464
1.00825,976.223,0.012401
1.00825,976.223,1.2945e-06
1.00827,976.29,0.0662636
1.00827,976.29,8.63e-07
1.0083,976.422,0.132527
1.00848,976.499,0.0770534
1.0085,976.512,0.012401
1.0085,976.512,1.2945e-06
1.00852,976.578,0.0662636
1.00873,976.67,0.092464
1.00875,976.683,0.012401
1.00875,976.683,1.2945e-06
1.00877,976.749,0.0662636
1.00877,976.749,8.63e-07
1.0088,976.882,0.132527
1.00898,976.959,0.0770534
1.009,976.971,0.012401
1.009,976.971,1.2945e-06
1.00902,977.037,0.0662636
1.00923,977.13,0.092464
1.00925,977.142,0.012401
1.00925,977.142,1.2945e-06
1.00927,977.209,0.0662636
1.00927,977.209,8.63e-07
1.0093,977.341,0.132527
1.00948,977.418,0.0770534
1.0095,977.43,0.012401
1.0095,977.43,1.2945e-06
1.00952,977.497,0.0662636
1.00973,977.589,0.092464
1.00975,977.602,0.012401
1.00975,977.602,1.2945e-06
1.00977,977.668,0.0662636
1.00977,977.668,8.63e-07
1.0098,977.8,0.132527
1.00998,977.877,0.0770534
1.01,977.89,0.012401
1.01,977.89,1.2945e-06
1.01002,977.956,0.0662636
1.01023,978.049,0.092464
1.01025,978.061,0.012401
1.01025,978.061,1.2945e-06
1.01027,978.127,0.0662636
1.01027,978.127,8.63e-07
1.0103,978.26,0.132527
1.01048,978.337,0.0770534
1.0105,978.349,0.012401
1.0105,978.349,1.2945e-06
1.01052,978.416,0.0662636
1.01073,978.508,0.092464
1.01075,978.52,0.012401
1.01075,978.52,1.2945e-06
1.01077,978.587,0.0662636
1.01077,978.587,8.63e-07
1.0108,978.719,0.132527
1.01098,978.796,0.0770534
1.011,978.809,0.012401
1.011,978.809,1.2945e-06
1.01102,978.875,0.0662636
1.01123,978.967,0.092464
1.01125,978.98,0.012401
1.01125,978.98,1.2945e-06
1.01127,979.046,0.0662636
1.01127,979.046,8.63e-07
1.0113,979.179,0.132527
1.01148,979.256,0.0770534
1.0115,979.268,0.012401
1.0115,979.268,1.2945e-06
1.01152,979.334,0.0662636
1.01173,979.427,0.092464
1.01175,979.439,0.012401
1.01175,979.439,1.2945e-06
1.01177,979.505,0.0662636
1.01177,979.505,8.63e-07
1.0118,979.638,0.132527
1.01198,979.715,0.0770534
1.012,979.727,0.012401
1.012,979.727,1.2945e-06
1.01202,979.794,0.0662636
1.01223,979.886,0.092464
1.01225,979.899,0.012401
1.01225,979.899,1.2945e-06
1.01227,979.965,0.0662636
1.01227,979.965,8.63e-07
1.0123,980.097,0.132527
1.01248,980.174,0.0770534
1.0125,980.187,0.012401
1.0125,980.187,1.2945e-06
1.01252,980.253,0.0662636
1.01273,980.345,0.092464
1.01275,980.358,0.012401
1.01275,980.358,1.2945e-06
1.01277,980.424,0.0662636
1.01277,980.424,8.63e-07
1.0128,980.557,0.132527
1.01298,980.634,0.0770534
1.013,980.646,0.012401
1.013,980.646,1.2945e-06
1.01302,980.712,0.0662636
1.01323,980.805,0.092464
1.01325,980.817,0.012401
1.01325,980.817,1.2945e-06
1.01327,980.884,0.0662636
1.01327,980.884,8.63e-07
1.0133,981.016,0.132527
1.01348,981.093,0.0770534
1.0135,981.106,0.012401
1.0135,981.106,1.2945e-06
1.01352,981.172,0.0662636
1.01373,981.264,0.092464
1.01375,981.277,0.012401
1.01375,981.277,1.2945e-06
1.01377,981.343,0.0662636
1.01377,981.343,8.63e-07
1.0138,981.475,0.132527
1.01398,981.552,0.0770534
1.014,981.565,0.012401
1.014,981.565,1.2945e-06
1.01402,981.631,0.0662636
1.01423,981.724,0.092464
1.01425,981.736,0.012401
1.01425,981.736,1.2945e-06
1.01427,981.802,0.0662636
1.01427,981.802,8.63e-07
1.0143,981.935,0.132527
1.01448,982.012,0.0770534
1.0145,982.024,0.012401
1.0145,982.024,1.2945e-06
1.01452,982.091,0.0662636
1.01473,982.183,0.092464
1.01475,982.195,0.012401
1.01475,982.195,1.2945e-06
1.01477,982.262,0.0662636
1.01477,982.262,8.63e-07
1.0148,982.394,0.132527
1.01498,982.471,0.0770534
1.015,982.484,0.012401
1.015,982.484,1.2945e-06
1.01502,982.55,0.0662636
1.01523,982.642,0.092464
1.01525,982.655,0.012401
1.01525,982.655,1.2945e-06
1.01527,982.721,0.0662636
1.01527,982.721,8.63e-07
1.0153,982.854,0.132527
1.01548,982.931,0.0770534
1.0155,982.943,0.012401
1.0155,982.943,1.2945e-06
1.01552,983.009,0.0662636
1.01573,983.102,0.092464
1.01575,983.114,0.012401
1.01575,983.114,1.2945e-06
1.01577,983.18,0.0662636
1.01577,983.18,8.63e-07
1.0158,983.313,0.132527
1.01598,983.39,0.0770534
1.016,983.402,0.012401
1.016,983.402,1.2945e-06
1.01602,983.469,0.0662636
1.01623,983.561,0.092464
1.01625,983.574,0.012401
1.01625,983.574,1.2945e-06
1.01627,983.64,0.0662636
1.01627,983.64,8.63e-07
1.0163,983.772,0.132527
1.01648,983.849,0.0770534
1.0165,983.862,0.012401
1.0165,983.862,1.2945e-06
1.01652,983.928,0.0662636
1.01673,984.021,0.092464
1.01675,984.033,0.012401
1.01675,984.033,1.2945e-06
1.01677,984.099,0.0662636
1.01677,984.099,8.63e-07
1.0168,984.232,0.132527
1.01698,984.309,0.0770534
1.017,984.321,0.012401
1.017,984.321,1.2945e-06
1.01702,984.387,0.0662636
1.01723,984.48,0.092464
1.01725,984.492,0.012401
1.01725,984.492,1.2945e-06
1.01727,984.559,0.0662636
1.01727,984.559,8.63e-07
1.0173,984.691,0.132527
1.01748,984.768,0.0770534
1.0175,984.781,0.012401
1.0175,984.781,1.2945e-06
1.01752,984.847,0.0662636
1.01773,984.939,0.092464
1.01775,984.952,0.012401
1.01775,984.952,1.2945e-06
1.01777,985.018,0.0662636
1.01777,985.018,8.63e-07
1.0178,985.15,0.132527
1.01798,985.228,0.0770534
1.018,985.24,0.012401
1.018,985.24,1.2945e-06
1.01802,985.306,0.0662636
1.01823,985.399,0.092464
1.01825,985.411,0.012401
1.01825,985.411,1.2945e-06
1.01827,985.477,0.0662636
1.01827,985.477,8.63e-07
1.0183,985.61,0.132527
1.01848,985.687,0.0770534
1.0185,985.699,0.012401
1.0185,985.699,1.2945e-06
1.01852,985.766,0.0662636
1.01873,985.858,0.092464
1.01875,985.87,0.012401
1.01875,985.87,1.2945e-06
1.01877,985.937,0.0662636
1.01877,985.937,8.63e-07
1.0188,986.069,0.132527
1.01898,986.146,0.0770534
1.019,986.159,0.012401
1.019,986.159,1.2945e-06
1.01902,986.225,0.0662636
1.01923,986.317,0.092464
1.01925,986.33,0.012401
1.01925,986.33,1.2945e-06
1.01927,986.396,0.0662636
1.01927,986.396,8.63e-07
1.0193,986.529,0.132527
1.01948,986.606,0.0770534
1.0195,986.618,0.012401
1.0195,986.618,1.2945e-06
1.01952,986.684,0.0662636
1.01973,986.777,0.092464
1.01975,986.789,0.012401
1.01975,986.789,1.2945e-06
1.01977,986.855,0.0662636
1.01977,986.855,8.63e-07
1.0198,986.988,0.132527
1.01998,987.065,0.0770534
1.02,987.077,0.012401
1.02,987.077,1.2945e-06
1.02002,987.144,0.0662636
1.02023,987.236,0.092464
1.02025,987.249,0.012401
1.02025,987.249,1.2945e-06
1.02027,987.315,0.0662636
1.02027,987.315,8.63e-07
1.0203,987.447,0.132527
1.02048,987.524,0.0770534
1.0205,987.537,0.012401
1.0205,987.537,1.2945e-06
1.02052,987.603,0.0662636
1.02073,987.696,0.092464
1.02075,987.708,0.012401
1.02075,987.708,1.2945e-06
1.02077,987.774,0.0662636
1.02077,987.774,8.63e-07
1.0208,987.907,0.132527
1.02098,987.984,0.0770534
1.021,987.996,0.012401
1.021,987.996,1.2945e-06
1.02102,988.062,0.0662636
1.02123,988.155,0.092464
1.02125,988.167,0.012401
1.02125,988.167,1.2945e-06
1.02127,988.234,0.0662636
1.02127,988.234,8.63e-07
1.0213,988.366,0.132527
1.02148,988.443,0.0770534
1.0215,988.456,0.012401
1.0215,988.456,1.2945e-06
1.02152,988.522,0.0662636
1.02173,988.614,0.092464
1.02175,988.627,0.012401
1.02175,988.627,1.2945e-06
1.02177,988.693,0.0662636
1.02177,988.693,8.63e-07
1.0218,988.825,0.132527
1.02198,988.903,0.0770534
1.022,988.915,0.012401
1.022,988.915,1.2945e-06
1.02202,988.981,0.0662636
1.02223,989.074,0.092464
1.02225,989.086,0.012401
1.02225,989.086,1.2945e-06
1.02227,989.152,0.0662636
1.02227,989.152,8.63e-07
1.0223,989.285,0.132527
1.02248,989.362,0.0770534
1.0225,989.374,0.012401
1.0225,989.374,1.2945e-06
1.02252,989.441,0.0662636
1.02273,989.533,0.092464
1.02275,989.545,0.012401
1.02275,989.545,1.2945e-06
1.02277,989.612,0.0662636
1.02277,989.612,8.63e-07
1.0228,989.744,0.132527
1.02298,989.821,0.0770534
1.023,989.834,0.012401
1.023,989.834,1.2945e-06
1.02302,989.9,0.0662636
1.02323,989.992,0.092464
1.02325,990.005,0.012401
1.02325,990.005,1.2945e-06
1.02327,990.071,0.0662636
1.02327,990.071,8.63e-07
1.0233,990.204,0.132527
1.02348,990.281,0.0770534
1.0235,990.293,0.012401
1.0235,990.293,1.2945e-06
1.02352,990.359,0.0662636
1.02373,990.452,0.092464
1.02375,990.464,0.012401
1.02375,990.464,1.2945e-06
1.02377,990.53,0.0662636
1.02377,990.53,8.63e-07
1.0238,990.663,0.132527
1.02398,990.74,0.0770534
1.024,990.752,0.012401
1.024,990.752,1.2945e-06
1.02402,990.819,0.0662636
1.02423,990.911,0.092464
1.02425,990.924,0.012401
1.02425,990.924,1.2945e-06
1.02427,990.99,0.0662636
1.02427,990.99,8.63e-07
1.0243,991.122,0.132527
1.02448,991.199,0.0770534
1.0245,991.212,0.012401
1.0245,991.212,1.2945e-06
1.02452,991.278,0.0662636
1.02473,991.371,0.092464
1.02475,991.383,0.012401
1.02475,991.383,1.2945e-06
1.02477,991.449,0.0662636
1.02477,991.449,8.63e-07
1.0248,991.582,0.132527
1.02498,991.659,0.0770534
1.025,991.671,0.012401
1.025,991.671,1.2945e-06
1.02502,991.737,0.0662636
1.02523,991.83,0.092464
1.02525,991.842,0.012401
1.02525,991.842,1.2945e-06
1.02527,991.909,0.0662636
1.02527,991.909,8.63e-07
1.0253,992.041,0.132527
1.02548,992.118,0.0770534
1.0255,992.131,0.012401
1.0255,992.131,1.2945e-06
1.02552,992.197,0.0662636
1.02573,992.289,0.092464
1.02575,992.302,0.012401
1.02575,992.302,1.2945e-06
1.02577,992.368,0.0662636
1.02577,992.368,8.63e-07
1.0258,992.5,0.132527
1.02598,992.578,0.0770534
1.026,992.59,0.012401
1.026,992.59,1.2945e-06
1.02602,992.656,0.0662636
1.02623,992.749,0.092464
1.02625,992.761,0.012401
1.02625,992.761,1.2945e-06
1.02627,992.827,0.0662636
1.02627,992.827,8.63e-07
1.0263,992.96,0.132527
1.02648,993.037,0.0770534
1.0265,993.049,0.012401
1.0265,993.049,1.2945e-06
1.02652,993.116,0.0662636
1.02673,993.208,0.092464
1.02675,993.22,0.012401
1.02675,993.22,1.2945e-06
1.02677,993.287,0.0662636
1.02677,993.287,8.63e-07
1.0268,993.419,0.132527
1.02698,993.496,0.0770534
1.027,993.509,0.012401
1.027,993.509,1.2945e-06
1.02702,993.575,0.0662636
1.02723,993.667,0.092464
1.02725,993.68,0.012401
1.02725,993.68,1.2945e-06
1.02727,993.746,0.0662636
1.02727,993.746,8.63e-07
1.0273,993.879,0.132527
1.02748,993.956,0.0770534
1.0275,993.968,0.012401
1.0275,993.968,1.2945e-06
1.02752,994.034,0.0662636
1.02773,994.127,0.092464
1.02775,994.139,0.012401
1.02775,994.139,1.2945e-06
1.02777,994.205,0.0662636
1.02777,994.205,8.63e-07
1.0278,994.338,0.132527
1.02798,994.415,0.0770534
1.028,994.427,0.012401
1.028,994.427,1.2945e-06
1.02802,994.494,0.0662636
1.02823,994.586,0.092464
1.02825,994.599,0.012401
1.02825,994.599,1.2945e-06
1.02827,994.665,0.0662636
1.02827,994.665,8.63e-07
1.0283,994.797,0.132527
1.02848,994.874,0.0770534
1.0285,994.887,0.012401
1.0285,994.887,1.2945e-06
1.02852,994.953,0.0662636
1.02873,995.046,0.092464
1.02875,995.058,0.012401
1.02875,995.058,1.2945e-06
1.02877,995.124,0.0662636
1.02877,995.124,8.63e-07
1.0288,995.257,0.132527
1.02898,995.334,0.0770534
1.029,995.346,0.012401
1.029,995.346,1.2945e-06
1.02902,995.412,0.0662636
1.02923,995.505,0.092464
1.02925,995.517,0.012401
1.02925,995.517,1.2945e-06
1.02927,995.584,0.0662636
1.02927,995.584,8.63e-07
1.0293,995.716,0.132527
1.02948,995.793,0.0770534
1.0295,995.806,0.012401
1.0295,995.806,1.2945e-06
1.02952,995.872,0.0662636
1.02973,995.964,0.092464
1.02975,995.977,0.012401
1.02975,995.977,1.2945e-06
1.02977,996.043,0.0662636
1.02977,996.043,8.63e-07
1.0298,996.176,0.132527
1.02998,996.253,0.0770534
1.03,996.265,0.012401
1.03,996.265,1.2945e-06
1.03002,996.331,0.0662636
1.03023,996.424,0.092464
1.03025,996.436,0.012401
1.03025,996.436,1.2945e-06
1.03027,996.502,0.0662636
1.03027,996.502,8.63e-07
1.0303,996.635,0.132527
1.03048,996.712,0.0770534
1.0305,996.724,0.012401
1.0305,996.724,1.2945e-06
1.03052,996.791,0.0662636
1.03073,996.883,0.092464
1.03075,996.895,0.012401
1.03075,996.895,1.2945e-06
1.03077,996.962,0.0662636
1.03077,996.962,8.63e-07
1.0308,997.094,0.132527
1.03098,997.171,0.0770534
1.031,997.184,0.012401
1.031,997.184,1.2945e-06
1.03102,997.25,0.0662636
1.03123,997.342,0.092464
1.03125,997.355,0.012401
1.03125,997.355,1.2945e-06
1.03127,997.421,0.0662636
1.03127,997.421,8.63e-07
1.0313,997.554,0.132527
1.03148,997.631,0.0770534
1.0315,997.643,0.012401
1.0315,997.643,1.2945e-06
1.03152,997.709,0.0662636
1.03173,997.802,0.092464
1.03175,997.814,0.012401
1.03175,997.814,1.2945e-06
1.03177,997.88,0.0662636
1.03177,997.88,8.63e-07
1.0318,998.013,0.132527
1.03198,998.09,0.0770534
1.032,998.102,0.012401
1.032,998.102,1.2945e-06
1.03202,998.169,0.0662636
1.03223,998.261,0.092464
1.03225,998.274,0.012401
1.03225,998.274,1.2945e-06
1.03227,998.34,0.0662636
1.03227,998.34,8.63e-07
1.0323,998.472,0.132527
1.03248,998.549,0.0770534
1.0325,998.562,0.012401
1.0325,998.562,1.2945e-06
1.03252,998.628,0.0662636
1.03273,998.721,0.092464
1.03275,998.733,0.012401
1.03275,998.733,1.2945e-06
1.03277,998.799,0.0662636
1.03277,998.799,8.63e-07
1.0328,998.932,0.132527
1.03298,999.009,0.0770534
1.033,999.021,0.012401
1.033,999.021,1.2945e-06
1.03302,999.087,0.0662636
1.03323,999.18,0.092464
1.03325,999.192,0.012401
1.03325,999.192,1.2945e-06
1.03327,999.259,0.0662636
1.03327,999.259,8.63e-07
1.0333,999.391,0.132527
1.03348,999.468,0.0770534
1.0335,999.481,0.012401
1.0335,999.481,1.2945e-06
1.03352,999.547,0.0662636
1.03373,999.639,0.092464
1.03375,999.652,0.012401
1.03375,999.652,1.2945e-06
1.03377,999.718,0.0662636
1.03377,999.718,8.63e-07
1.0338,999.851,0.132527
1.03398,999.928,0.0770534
1.034,999.94,0.012401
1.034,999.94,1.2945e-06
1.03402,1000.01,0.0662636
1.03423,1000.1,0.092464
1.03425,1000.11,0.012401
1.03425,1000.11,1.2945e-06
1.03427,1000.18,0.0662636
1.03427,1000.18,8.63e-07
1.0343,1000.31,0.132527
1.03448,1000.39,0.0770534
1.0345,1000.4,0.012401
1.0345,1000.4,1.2945e-06
1.03452,1000.47,0.0662636
1.03473,1000.56,0.092464
1.03475,1000.57,0.012401
1.03475,1000.57,1.2945e-06
1.03477,1000.64,0.0662636
1.03477,1000.64,8.63e-07
1.0348,1000.77,0.132527
1.03498,1000.85,0.0770534
1.035,1000.86,0.012401
1.035,1000.86,1.2945e-06
1.03502,1000.92,0.0662636
1.03523,1001.02,0.092464
1.03525,1001.03,0.012401
1.03525,1001.03,1.2945e-06
1.03527,1001.1,0.0662636
1.03527,1001.1,8.63e-07
1.0353,1001.23,0.132527
1.03548,1001.31,0.0770534
1.0355,1001.32,0.012401
1.0355,1001.32,1.2945e-06
1.03552,1001.38,0.0662636
1.03573,1001.48,0.092464
1.03575,1001.49,0.012401
1.03575,1001.49,1.2945e-06
1.03577,1001.56,0.0662636
1.03577,1001.56,8.63e-07
1.0358,1001.69,0.132527
1.03598,1001.77,0.0770534
1.036,1001.78,0.012401
1.036,1001.78,1.2945e-06
1.03602,1001.84,0.0662636
1.03623,1001.94,0.092464
1.03625,1001.95,0.012401
1.03625,1001.95,1.2945e-06
1.03627,1002.01,0.0662636
1.03627,1002.01,8.63e-07
1.0363,1002.15,0.132527
1.03648,1002.22,0.0770534
1.0365,1002.24,0.012401
1.0365,1002.24,1.2945e-06
1.03652,1002.3,0.0662636
1.03673,1002.4,0.092464
1.03675,1002.41,0.012401
1.03675,1002.41,1.2945e-06
1.03677,1002.47,0.0662636
1.03677,1002.47,8.63e-07
1.0368,1002.61,0.132527
1.03698,1002.68,0.0770534
1.037,1002.7,0.012401
1.037,1002.7,1.2945e-06
1.03702,1002.76,0.0662636
1.03723,1002.85,0.092464
1.03725,1002.87,0.012401
1.03725,1002.87,1.2945e-06
1.03727,1002.93,0.0662636
1.03727,1002.93,8.63e-07
1.0373,1003.07,0.132527
1.03748,1003.14,0.0770534
1.0375,1003.16,0.012401
1.0375,1003.16,1.2945e-06
1.03752,1003.22,0.0662636
1.03773,1003.31,0.092464
1.03775,1003.33,0.012401
1.03775,1003.33,1.2945e-06
1.03777,1003.39,0.0662636
1.03777,1003.39,8.63e-07
1.0378,1003.53,0.132527
1.03798,1003.6,0.0770534
1.038,1003.61,0.012401
1.038,1003.61,1.2945e-06
1.03802,1003.68,0.0662636
1.03823,1003.77,0.092464
1.03825,1003.79,0.012401
1.03825,1003.79,1.2945e-06
1.03827,1003.85,0.0662636
1.03827,1003.85,8.63e-07
1.0383,1003.98,0.132527
1.03848,1004.06,0.0770534
1.0385,1004.07,0.012401
1.0385,1004.07,1.2945e-06
1.03852,1004.14,0.0662636
1.03873,1004.23,0.092464
1.03875,1004.25,0.012401
1.03875,1004.25,1.2945e-06
1.03877,1004.31,0.0662636
1.03877,1004.31,8.63e-07
1.0388,1004.44,0.132527
1.03898,1004.52,0.0770534
1.039,1004.53,0.012401
1.039,1004.53,1.2945e-06
1.03902,1004.6,0.0662636
1.03923,1004.69,0.092464
1.03925,1004.7,0.012401
1.03925,1004.7,1.2945e-06
1.03927,1004.77,0.0662636
1.03927,1004.77,8.63e-07
1.0393,1004.9,0.132527
1.03948,1004.98,0.0770534
1.0395,1004.99,0.012401
1.0395,1004.99,1.2945e-06
1.03952,1005.06,0.0662636
1.03973,1005.15,0.092464
1.03975,1005.16,0.012401
1.03975,1005.16,1.2945e-06
1.03977,1005.23,0.0662636
1.03977,1005.23,8.63e-07
1.0398,1005.36,0.132527
1.03998,1005.44,0.0770534
1.04,1005.45,0.012401
1.04,1005.45,1.2945e-06
1.04002,1005.52,0.0662636
1.04023,1005.61,0.092464
1.04025,1005.62,0.012401
1.04025,1005.62,1.2945e-06
1.04027,1005.69,0.0662636
1.04027,1005.69,8.63e-07
1.0403,1005.82,0.132527
1.04048,1005.9,0.0770534
1.0405,1005.91,0.012401
1.0405,1005.91,1.2945e-06
1.04052,1005.98,0.0662636
1.04073,1006.07,0.092464
1.04075,1006.08,0.012401
1.04075,1006.08,1.2945e-06
1.04077,1006.15,0.0662636
1.04077,1006.15,8.63e-07
1.0408,1006.28,0.132527
1.04098,1006.36,0.0770534
1.041,1006.37,0.012401
1.041,1006.37,1.2945e-06
1.04102,1006.44,0.0662636
1.04123,1006.53,0.092464
1.04125,1006.54,0.012401
1.04125,1006.54,1.2945e-06
1.04127,1006.61,0.0662636
1.04127,1006.61,8.63e-07
1.0413,1006.74,0.132527
1.04148,1006.82,0.0770534
1.0415,1006.83,0.012401
1.0415,1006.83,1.2945e-06
1.04152,1006.9,0.0662636
1.04173,1006.99,0.092464
1.04175,1007,0.012401
1.04175,1007,1.2945e-06
1.04177,1007.07,0.0662636
1.04177,1007.07,8.63e-07
1.0418,1007.2,0.132527
1.04198,1007.28,0.0770534
1.042,1007.29,0.012401
1.042,1007.29,1.2945e-06
1.04202,1007.36,0.0662636
1.04223,1007.45,0.092464
1.04225,1007.46,0.012401
1.04225,1007.46,1.2945e-06
1.04227,1007.53,0.0662636
1.04227,1007.53,8.63e-07
1.0423,1007.66,0.132527
1.04248,1007.74,0.0770534
1.0425,1007.75,0.012401
1.0425,1007.75,1.2945e-06
1.04252,1007.82,0.0662636
1.04273,1007.91,0.092464
1.04275,1007.92,0.012401
1.04275,1007.92,1.2945e-06
1.04277,1007.99,0.0662636
1.04277,1007.99,8.63e-07
1.0428,1008.12,0.132527
1.04298,1008.2,0.0770534
1.043,1008.21,0.012401
1.043,1008.21,1.2945e-06
1.04302,1008.28,0.0662636
1.04323,1008.37,0.092464
1.04325,1008.38,0.012401
1.04325,1008.38,1.2945e-06
1.04327,1008.45,0.0662636
1.04327,1008.45,8.63e-07
1.0433,1008.58,0.132527
1.04348,1008.66,0.0770534
1.0435,1008.67,0.012401
1.0435,1008.67,1.2945e-06
1.04352,1008.73,0.0662636
1.04373,1008.83,0.092464
1.04375,1008.84,0.012401
1.04375,1008.84,1.2945e-06
1.04377,1008.91,0.0662636
1.04377,1008.91,8.63e-07
1.0438,1009.04,0.132527
1.04398,1009.12,0.0770534
1.044,1009.13,0.012401
1.044,1009.13,1.2945e-06
1.04402,1009.19,0.0662636
1.04423,1009.29,0.092464
1.04425,1009.3,0.012401
1.04425,1009.3,1.2945e-06
1.04427,1009.36,0.0662636
1.04427,1009.36,8.63e-07
1.0443,1009.5,0.132527
1.04448,1009.57,0.0770534
1.0445,1009.59,0.012401
1.0445,1009.59,1.2945e-06
1.04452,1009.65,0.0662636
1.04473,1009.75,0.092464
1.04475,1009.76,0.012401
1.04475,1009.76,1.2945e-06
1.04477,1009.82,0.0662636
1.04477,1009.82,8.63e-07
1.0448,1009.96,0.132527
1.04498,1010.03,0.0770534
1.045,1010.05,0.012401
1.045,1010.05,1.2945e-06
1.04502,1010.11,0.0662636
1.04523,1010.21,0.092464
1.04525,1010.22,0.012401
1.04525,1010.22,1.2945e-06
1.04527,1010.28,0.0662636
1.04527,1010.28,8.63e-07
1.0453,1010.42,0.132527
1.04548,1010.49,0.0770534
1.0455,1010.51,0.012401
1.0455,1010.51,1.2945e-06
1.04552,1010.57,0.0662636
1.04573,1010.66,0.092464
1.04575,1010.68,0.012401
1.04575,1010.68,1.2945e-06
1.04577,1010.74,0.0662636
1.04577,1010.74,8.63e-07
1.0458,1010.88,0.132527
1.04598,1010.95,0.0770534
1.046,1010.97,0.012401
1.046,1010.97,1.2945e-06
1.04602,1011.03,0.0662636
1.04623,1011.12,0.092464
1.04625,1011.14,0.012401
1.04625,1011.14,1.2945e-06
1.04627,1011.2,0.0662636
1.04627,1011.2,8.63e-07
1.0463,1011.33,0.132527
1.04648,1011.41,0.0770534
1.0465,1011.42,0.012401
1.0465,1011.42,1.2945e-06
1.04652,1011.49,0.0662636
1.04673,1011.58,0.092464
1.04675,1011.6,0.012401
1.04675,1011.6,1.2945e-06
1.04677,1011.66,0.0662636
1.04677,1011.66,8.63e-07
1.0468,1011.79,0.132527
1.04698,1011.87,0.0770534
1.047,1011.88,0.012401
1.047,1011.88,1.2945e-06
1.04702,1011.95,0.0662636
1.04723,1012.04,0.092464
1.04725,1012.05,0.012401
1.04725,1012.05,1.2945e-06
1.04727,1012.12,0.0662636
1.04727,1012.12,8.63e-07
1.0473,1012.25,0.132527
1.04748,1012.33,0.0770534
1.0475,1012.34,0.012401
1.0475,1012.34,1.2945e-06
1.04752,1012.41,0.0662636
1.04773,1012.5,0.092464
1.04775,1012.51,0.012401
1.04775,1012.51,1.2945e-06
1.04777,1012.58,0.0662636
1.04777,1012.58,8.63e-07
1.0478,1012.71,0.132527
1.04798,1012.79,0.0770534
1.048,1012.8,0.012401
1.048,1012.8,1.2945e-06
1.04802,1012.87,0.0662636
1.04823,1012.96,0.092464
1.04825,1012.97,0.012401
1.04825,1012.97,1.2945e-06
1.04827,1013.04,0.0662636
1.04827,1013.04,8.63e-07
1.0483,1013.17,0.132527
1.04848,1013.25,0.0770534
1.0485,1013.26,0.012401
1.0485,1013.26,1.2945e-06
1.04852,1013.33,0.0662636
1.04873,1013.42,0.092464
1.04875,1013.43,0.012401
1.04875,1013.43,1.2945e-06
1.04877,1013.5,0.0662636
1.04877,1013.5,8.63e-07
1.0488,1013.63,0.132527
1.04898,1013.71,0.0770534
1.049,1013.72,0.012401
1.049,1013.72,1.2945e-06
1.04902,1013.79,0.0662636
1.04923,1013.88,0.092464
1.04925,1013.89,0.012401
1.04925,1013.89,1.2945e-06
1.04927,1013.96,0.0662636
1.04927,1013.96,8.63e-07
1.0493,1014.09,0.132527
1.04948,1014.17,0.0770534
1.0495,1014.18,0.012401
1.0495,1014.18,1.2945e-06
1.04952,1014.25,0.0662636
1.04973,1014.34,0.092464
1.04975,1014.35,0.012401
1.04975,1014.35,1.2945e-06
1.04977,1014.42,0.0662636
1.04977,1014.42,8.63e-07
1.0498,1014.55,0.132527
1.04998,1014.63,0.0770534
1.05,1014.64,0.012401
1.05,1014.64,1.2945e-06
1.05002,1014.71,0.0662636
1.05023,1014.8,0.092464
1.05025,1014.81,0.012401
1.05025,1014.81,1.2945e-06
1.05027,1014.88,0.0662636
1.05027,1014.88,8.63e-07
1.0503,1015.01,0.132527
1.05048,1015.09,0.0770534
1.0505,1015.1,0.012401
1.0505,1015.1,1.2945e-06
1.05052,1015.17,0.0662636
1.05073,1015.26,0.092464
1.05075,1015.27,0.012401
1.05075,1015.27,1.2945e-06
1.05077,1015.34,0.0662636
1.05077,1015.34,8.63e-07
1.0508,1015.47,0.132527
1.05098,1015.55,0.0770534
1.051,1015.56,0.012401
1.051,1015.56,1.2945e-06
1.05102,1015.63,0.0662636
1.05123,1015.72,0.092464
1.05125,1015.73,0.012401
1.05125,1015.73,1.2945e-06
1.05127,1015.8,0.0662636
1.05127,1015.8,8.63e-07
1.0513,1015.93,0.132527
1.05148,1016.01,0.0770534
1.0515,1016.02,0.012401
1.0515,1016.02,1.2945e-06
1.05152,1016.08,0.0662636
1.05173,1016.18,0.092464
1.05175,1016.19,0.012401
1.05175,1016.19,1.2945e-06
1.05177,1016.26,0.0662636
1.05177,1016.26,8.63e-07
1.0518,1016.39,0.132527
1.05198,1016.47,0.0770534
1.052,1016.48,0.012401
1.052,1016.48,1.2945e-06
1.05202,1016.54,0.0662636
1.05223,1016.64,0.092464
1.05225,1016.65,0.012401
1.05225,1016.65,1.2945e-06
1.05227,1016.71,0.0662636
1.05227,1016.71,8.63e-07
1.0523,1016.85,0.132527
1.05248,1016.92,0.0770534
1.0525,1016.94,0.012401
1.0525,1016.94,1.2945e-06
1.05252,1017,0.0662636
1.05273,1017.1,0.092464
1.05275,1017.11,0.012401
1.05275,1017.11,1.2945e-06
1.05277,1017.17,0.0662636
1.05277,1017.17,8.63e-07
1.0528,1017.31,0.132527
1.05298,1017.38,0.0770534
1.053,1017.4,0.012401
1.053,1017.4,1.2945e-06
1.05302,1017.46,0.0662636
1.05323,1017.56,0.092464
1.05325,1017.57,0.012401
1.05325,1017.57,1.2945e-06
1.05327,1017.63,0.0662636
1.05327,1017.63,8.63e-07
1.0533,1017.77,0.132527
1.05348,1017.84,0.0770534
1.0535,1017.86,0.012401
1.0535,1017.86,1.2945e-06
1.05352,1017.92,0.0662636
1.05373,1018.01,0.092464
1.05375,1018.03,0.012401
1.05375,1018.03,1.2945e-06
1.05377,1018.09,0.0662636
1.05377,1018.09,8.63e-07
1.0538,1018.23,0.132527
1.05398,1018.3,0.0770534
1.054,1018.32,0.012401
1.054,1018.32,1.2945e-06
1.05402,1018.38,0.0662636
1.05423,1018.47,0.092464
1.05425,1018.49,0.012401
1.05425,1018.49,1.2945e-06
1.05427,1018.55,0.0662636
1.05427,1018.55,8.63e-07
1.0543,1018.68,0.132527
1.05448,1018.76,0.0770534
1.0545,1018.77,0.012401
1.0545,1018.77,1.2945e-06
1.05452,1018.84,0.0662636
1.05473,1018.93,0.092464
1.05475,1018.95,0.012401
1.05475,1018.95,1.2945e-06
1.05477,1019.01,0.0662636
1.05477,1019.01,8.63e-07
1.0548,1019.14,0.132527
1.05498,1019.22,0.0770534
1.055,1019.23,0.012401
1.055,1019.23,1.2945e-06
1.05502,1019.3,0.0662636
1.05523,1019.39,0.092464
1.05525,1019.4,0.012401
1.05525,1019.4,1.2945e-06
1.05527,1019.47,0.0662636
1.05527,1019.47,8.63e-07
1.0553,1019.6,0.132527
1.05548,1019.68,0.0770534
1.0555,1019.69,0.012401
1.0555,1019.69,1.2945e-06
1.05552,1019.76,0.0662636
1.05573,1019.85,0.092464
1.05575,1019.86,0.012401
1.05575,1019.86,1.2945e-06
1.05577,1019.93,0.0662636
1.05577,1019.93,8.63e-07
1.0558,1020.06,0.132527
1.05598,1020.14,0.0770534
1.056,1020.15,0.012401
1.056,1020.15,1.2945e-06
1.05602,1020.22,0.0662636
1.05623,1020.31,0.092464
1.05625,1020.32,0.012401
1.05625,1020.32,1.2945e-06
1.05627,1020.39,0.0662636
1.05627,1020.39,8.63e-07
1.0563,1020.52,0.132527
1.05648,1020.6,0.0770534
1.0565,1020.61,0.012401
1.0565,1020.61,1.2945e-06
1.05652,1020.68,0.0662636
1.05673,1020.77,0.092464
1.05675,1020.78,0.012401
1.05675,1020.78,1.2945e-06
1.05677,1020.85,0.0662636
1.05677,1020.85,8.63e-07
1.0568,1020.98,0.132527
1.05698,1021.06,0.0770534
1.057,1021.07,0.012401
1.057,1021.07,1.2945e-06
1.05702,1021.14,0.0662636
1.05723,1021.23,0.092464
1.05725,1021.24,0.012401
1.05725,1021.24,1.2945e-06
1.05727,1021.31,0.0662636
1.05727,1021.31,8.63e-07
1.0573,1021.44,0.132527
1.05748,1021.52,0.0770534
1.0575,1021.53,0.012401
1.0575,1021.53,1.2945e-06
1.05752,1021.6,0.0662636
1.05773,1021.69,0.092464
1.05775,1021.7,0.012401
1.05775,1021.7,1.2945e-06
1.05777,1021.77,0.0662636
1.05777,1021.77,8.63e-07
1.0578,1021.9,0.132527
1.05798,1021.98,0.0770534
1.058,1021.99,0.012401
1.058,1021.99,1.2945e-06
1.05802,1022.06,0.0662636
1.05823,1022.15,0.092464
1.05825,1022.16,0.012401
1.05825,1022.16,1.2945e-06
1.05827,1022.23,0.0662636
1.05827,1022.23,8.63e-07
1.0583,1022.36,0.132527
1.05848,1022.44,0.0770534
1.0585,1022.45,0.012401
1.0585,1022.45,1.2945e-06
1.05852,1022.52,0.0662636
1.05873,1022.61,0.092464
1.05875,1022.62,0.012401
1.05875,1022.62,1.2945e-06
1.05877,1022.69,0.0662636
1.05877,1022.69,8.63e-07
1.0588,1022.82,0.132527
1.05898,1022.9,0.0770534
1.059,1022.91,0.012401
1.059,1022.91,1.2945e-06
1.05902,1022.98,0.0662636
1.05923,1023.07,0.092464
1.05925,1023.08,0.012401
1.05925,1023.08,1.2945e-06
1.05927,1023.15,0.0662636
1.05927,1023.15,8.63e-07
1.0593,1023.28,0.132527
1.05948,1023.36,0.0770534
1.0595,1023.37,0.012401
1.0595,1023.37,1.2945e-06
1.05952,1023.43,0.0662636
1.05973,1023.53,0.092464
1.05975,1023.54,0.012401
1.05975,1023.54,1.2945e-06
1.05977,1023.61,0.0662636
1.05977,1023.61,8.63e-07
1.0598,1023.74,0.132527
1.05998,1023.82,0.0770534
1.06,1023.83,0.012401
1.06,1023.83,1.2945e-06
1.06002,1023.89,0.0662636
1.06023,1023.99,0.092464
1.06025,1024,0.012401
1.06025,1024,1.2945e-06
1.06027,1024.06,0.0662636
1.06027,1024.06,8.63e-07
1.0603,1024.2,0.132527
1.06048,1024.27,0.0770534
1.0605,1024.29,0.012401
1.0605,1024.29,1.2945e-06
1.06052,1024.35,0.0662636
1.06073,1024.45,0.092464
1.06075,1024.46,0.012401
1.06075,1024.46,1.2945e-06
1.06077,1024.52,0.0662636
1.06077,1024.52,8.63e-07
1.0608,1024.66,0.132527
1.06098,1024.73,0.0770534
1.061,1024.75,0.012401
1.061,1024.75,1.2945e-06
1.06102,1024.81,0.0662636
1.06123,1024.91,0.092464
1.06125,1024.92,0.012401
1.06125,1024.92,1.2945e-06
1.06127,1024.98,0.0662636
1.06127,1024.98,8.63e-07
1.0613,1025.12,0.132527
1.06148,1025.19,0.0770534
1.0615,1025.21,0.012401
1.0615,1025.21,1.2945e-06
1.06152,1025.27,0.0662636
1.06173,1025.36,0.092464
1.06175,1025.38,0.012401
1.06175,1025.38,1.2945e-06
1.06177,1025.44,0.0662636
1.06177,1025.44,8.63e-07
1.0618,1025.58,0.132527
1.06198,1025.65,0.0770534
1.062,1025.67,0.012401
1.062,1025.67,1.2945e-06
1.06202,1025.73,0.0662636
1.06223,1025.82,0.092464
1.06225,1025.84,0.012401
1.06225,1025.84,1.2945e-06
1.06227,1025.9,0.0662636
1.06227,1025.9,8.63e-07
1.0623,1026.04,0.132527
1.06248,1026.11,0.0770534
1.0625,1026.12,0.012401
1.0625,1026.12,1.2945e-06
1.06252,1026.19,0.0662636
1.06273,1026.28,0.092464
1.06275,1026.3,0.012401
1.06275,1026.3,1.2945e-06
1.06277,1026.36,0.0662636
1.06277,1026.36,8.63e-07
1.0628,1026.49,0.132527
1.06298,1026.57,0.0770534
1.063,1026.58,0.012401
1.063,1026.58,1.2945e-06
1.06302,1026.65,0.0662636
1.06323,1026.74,0.092464
1.06325,1026.75,0.012401
1.06325,1026.75,1.2945e-06
1.06327,1026.82,0.0662636
1.06327,1026.82,8.63e-07
1.0633,1026.95,0.132527
1.06348,1027.03,0.0770534
1.0635,1027.04,0.012401
1.0635,1027.04,1.2945e-06
1.06352,1027.11,0.0662636
1.06373,1027.2,0.092464
1.06375,1027.21,0.012401
1.06375,1027.21,1.2945e-06
1.06377,1027.28,0.0662636
1.06377,1027.28,8.63e-07
1.0638,1027.41,0.132527
1.06398,1027.49,0.0770534
1.064,1027.5,0.012401
1.064,1027.5,1.2945e-06
1.06402,1027.57,0.0662636
1.06423,1027.66,0.092464
1.06425,1027.67,0.012401
1.06425,1027.67,1.2945e-06
1.06427,1027.74,0.0662636
1.06427,1027.74,8.63e-07
1.0643,1027.87,0.132527
1.06448,1027.95,0.0770534
1.0645,1027.96,0.012401
1.0645,1027.96,1.2945e-06
1.06452,1028.03,0.0662636
1.06473,1028.12,0.092464
1.06475,1028.13,0.012401
1.06475,1028.13,1.2945e-06
1.06477,1028.2,0.0662636
1.06477,1028.2,8.63e-07
1.0648,1028.33,0.132527
1.06498,1028.41,0.0770534
1.065,1028.42,0.012401
1.065,1028.42,1.2945e-06
1.06502,1028.49,0.0662636
1.06523,1028.58,0.092464
1.06525,1028.59,0.012401
1.06525,1028.59,1.2945e-06
1.06527,1028.66,0.0662636
1.06527,1028.66,8.63e-07
1.0653,1028.79,0.132527
1.06548,1028.87,0.0770534
1.0655,1028.88,0.012401
1.0655,1028.88,1.2945e-06
1.06552,1028.95,0.0662636
1.06573,1029.04,0.092464
1.06575,1029.05,0.012401
1.06575,1029.05,1.2945e-06
1.06577,1029.12,0.0662636
1.06577,1029.12,8.63e-07
1.0658,1029.25,0.132527
1.06598,1029.33,0.0770534
1.066,1029.34,0.012401
1.066,1029.34,1.2945e-06
1.06602,1029.41,0.0662636
1.06623,1029.5,0.092464
1.06625,1029.51,0.012401
1.06625,1029.51,1.2945e-06
1.06627,1029.58,0.0662636
1.06627,1029.58,8.63e-07
1.0663,1029.71,0.132527
1.06648,1029.79,0.0770534
1.0665,1029.8,0.012401
1.0665,1029.8,1.2945e-06
1.06652,1029.87,0.0662636
1.06673,1029.96,0.092464
1.06675,1029.97,0.012401
1.06675,1029.97,1.2945e-06
1.06677,1030.04,0.0662636
1.06677,1030.04,8.63e-07
1.0668,1030.17,0.132527
1.06698,1030.25,0.0770534
1.067,1030.26,0.012401
1.067,1030.26,1.2945e-06
1.06702,1030.33,0.0662636
1.06723,1030.42,0.092464
1.06725,1030.43,0.012401
1.06725,1030.43,1.2945e-06
1.06727,1030.5,0.0662636
1.06727,1030.5,8.63e-07
1.0673,1030.63,0.132527
1.06748,1030.71,0.0770534
1.0675,1030.72,0.012401
1.0675,1030.72,1.2945e-06
1.06752,1030.78,0.0662636
1.06773,1030.88,0.092464
1.06775,1030.89,0.012401
1.06775,1030.89,1.2945e-06
1.06777,1030.96,0.0662636
1.06777,1030.96,8.63e-07
1.0678,1031.09,0.132527
1.06798,1031.17,0.0770534
1.068,1031.18,0.012401
1.068,1031.18,1.2945e-06
1.06802,1031.24,0.0662636
1.06823,1031.34,0.092464
1.06825,1031.35,0.012401
1.06825,1031.35,1.2945e-06
1.06827,1031.42,0.0662636
1.06827,1031.42,8.63e-07
1.0683,1031.55,0.132527
1.06848,1031.62,0.0770534
1.0685,1031.64,0.012401
1.0685,1031.64,1.2945e-06
1.06852,1031.7,0.0662636
1.06873,1031.8,0.092464
1.06875,1031.81,0.012401
1.06875,1031.81,1.2945e-06
1.06877,1031.87,0.0662636
1.06877,1031.87,8.63e-07
1.0688,1032.01,0.132527
1.06898,1032.08,0.0770534
1.069,1032.1,0.012401
1.069,1032.1,1.2945e-06
1.06902,1032.16,0.0662636
1.06923,1032.26,0.092464
1.06925,1032.27,0.012401
1.06925,1032.27,1.2945e-06
1.06927,1032.33,0.0662636
1.06927,1032.33,8.63e-07
1.0693,1032.47,0.132527
1.06948,1032.54,0.0770534
1.0695,1032.56,0.012401
1.0695,1032.56,1.2945e-06
1.06952,1032.62,0.0662636
1.06973,1032.71,0.092464
1.06975,1032.73,0.012401
1.06975,1032.73,1.2945e-06
1.06977,1032.79,0.0662636
1.06977,1032.79,8.63e-07
1.0698,1032.93,0.132527
1.06998,1033,0.0770534
1.07,1033.02,0.012401
1.07,1033.02,1.2945e-06
1.07002,1033.08,0.0662636
1.07023,1033.17,0.092464
1.07025,1033.19,0.012401
1.07025,1033.19,1.2945e-06
1.07027,1033.25,0.0662636
1.07027,1033.25,8.63e-07
1.0703,1033.39,0.132527
1.07048,1033.46,0.0770534
1.0705,1033.47,0.012401
1.0705,1033.47,1.2945e-06
1.07052,1033.54,0.0662636
1.07073,1033.63,0.092464
1.07075,1033.65,0.012401
1.07075,1033.65,1.2945e-06
1.07077,1033.71,0.0662636
1.07077,1033.71,8.63e-07
1.0708,1033.84,0.132527
1.07098,1033.92,0.0770534
1.071,1033.93,0.012401
1.071,1033.93,1.2945e-06
1.07102,1034,0.0662636
1.07123,1034.09,0.092464
1.07125,1034.11,0.012401
1.07125,1034.11,1.2945e-06
1.07127,1034.17,0.0662636
1.07127,1034.17,8.63e-07
1.0713,1034.3,0.132527
1.07148,1034.38,0.0770534
1.0715,1034.39,0.012401
1.0715,1034.39,1.2945e-06
1.07152,1034.46,0.0662636
1.07173,1034.55,0.092464
1.07175,1034.56,0.012401
1.07175,1034.56,1.2945e-06
1.07177,1034.63,0.0662636
1.07177,1034.63,8.63e-07
1.0718,1034.76,0.132527
1.07198,1034.84,0.0770534
1.072,1034.85,0.012401
1.072,1034.85,1.2945e-06
1.07202,1034.92,0.0662636
1.07223,1035.01,0.092464
1.07225,1035.02,0.012401
1.07225,1035.02,1.2945e-06
1.07227,1035.09,0.0662636
1.07227,1035.09,8.63e-07
1.0723,1035.22,0.132527
1.07248,1035.3,0.0770534
1.0725,1035.31,0.012401
1.0725,1035.31,1.2945e-06
1.07252,1035.38,0.0662636
1.07273,1035.47,0.092464
1.07275,1035.48,0.012401
1.07275,1035.48,1.2945e-06
1.07277,1035.55,0.0662636
1.07277,1035.55,8.63e-07
1.0728,1035.68,0.132527
1.07298,1035.76,0.0770534
1.073,1035.77,0.012401
1.073,1035.77,1.2945e-06
1.07302,1035.84,0.0662636
1.07323,1035.93,0.092464
1.07325,1035.94,0.012401
1.07325,1035.94,1.2945e-06
1.07327,1036.01,0.0662636
1.07327,1036.01,8.63e-07
1.0733,1036.14,0.132527
1.07348,1036.22,0.0770534
1.0735,1036.23,0.012401
1.0735,1036.23,1.2945e-06
1.07352,1036.3,0.0662636
1.07373,1036.39,0.092464
1.07375,1036.4,0.012401
1.07375,1036.4,1.2945e-06
1.07377,1036.47,0.0662636
1.07377,1036.47,8.63e-07
1.0738,1036.6,0.132527
1.07398,1036.68,0.0770534
1.074,1036.69,0.012401
1.074,1036.69,1.2945e-06
1.07402,1036.76,0.0662636
1.07423,1036.85,0.092464
1.07425,1036.86,0.012401
1.07425,1036.86,1.2945e-06
1.07427,1036.93,0.0662636
1.07427,1036.93,8.63e-07
1.0743,1037.06,0.132527
1.07448,1037.14,0.0770534
1.0745,1037.15,0.012401
1.0745,1037.15,1.2945e-06
1.07452,1037.22,0.0662636
1.07473,1037.31,0.092464
1.07475,1037.32,0.012401
1.07475,1037.32,1.2945e-06
1.07477,1037.39,0.0662636
1.07477,1037.39,8.63e-07
1.0748,1037.52,0.132527
1.07498,1037.6,0.0770534
1.075,1037.61,0.012401
1.075,1037.61,1.2945e-06
1.07502,1037.68,0.0662636
1.07523,1037.77,0.092464
1.07525,1037.78,0.012401
1.07525,1037.78,1.2945e-06
1.07527,1037.85,0.0662636
1.07527,1037.85,8.63e-07
1.0753,1037.98,0.132527
1.07548,1038.06,0.0770534
1.0755,1038.07,0.012401
1.0755,1038.07,1.2945e-06
1.07552,1038.13,0.0662636
1.07573,1038.23,0.092464
1.07575,1038.24,0.012401
1.07575,1038.24,1.2945e-06
1.07577,1038.31,0.0662636
1.07577,1038.31,8.63e-07
1.0758,1038.44,0.132527
1.07598,1038.52,0.0770534
1.076,1038.53,0.012401
1.076,1038.53,1.2945e-06
1.07602,1038.59,0.0662636
1.07623,1038.69,0.092464
1.07625,1038.7,0.012401
1.07625,1038.7,1.2945e-06
1.07627,1038.77,0.0662636
1.07627,1038.77,8.63e-07
1.0763,1038.9,0.132527
1.07648,1038.97,0.0770534
1.0765,1038.99,0.012401
1.0765,1038.99,1.2945e-06
1.07652,1039.05,0.0662636
1.07673,1039.15,0.092464
1.07675,1039.16,0.012401
1.07675,1039.16,1.2945e-06
1.07677,1039.22,0.0662636
1.07677,1039.22,8.63e-07
1.0768,1039.36,0.132527
1.07698,1039.43,0.0770534
1.077,1039.45,0.012401
1.077,1039.45,1.2945e-06
1.07702,1039.51,0.0662636
1.07723,1039.61,0.092464
1.07725,1039.62,0.012401
1.07725,1039.62,1.2945e-06
1.07727,1039.68,0.0662636
1.07727,1039.68,8.63e-07
1.0773,1039.82,0.132527
1.07748,1039.89,0.0770534
1.0775,1039.91,0.012401
1.0775,1039.91,1.2945e-06
1.07752,1039.97,0.0662636
1.07773,1040.06,0.092464
1.07775,1040.08,0.012401
1.07775,1040.08,1.2945e-06
1.07777,1040.14,0.0662636
1.07777,1040.14,8.63e-07
1.0778,1040.28,0.132527
1.07798,1040.35,0.0770534
1.078,1040.37,0.012401
1.078,1040.37,1.2945e-06
1.07802,1040.43,0.0662636
1.07823,1040.52,0.092464
1.07825,1040.54,0.012401
1.07825,1040.54,1.2945e-06
1.07827,1040.6,0.0662636
1.07827,1040.6,8.63e-07
1.0783,1040.74,0.132527
1.07848,1040.81,0.0770534
1.0785,1040.82,0.012401
1.0785,1040.82,1.2945e-06
1.07852,1040.89,0.0662636
1.07873,1040.98,0.092464
1.07875,1041,0.012401
1.07875,1041,1.2945e-06
1.07877,1041.06,0.0662636
1.07877,1041.06,8.63e-07
1.0788,1041.19,0.132527
1.07898,1041.27,0.0770534
1.079,1041.28,0.012401
1.079,1041.28,1.2945e-06
1.07902,1041.35,0.0662636
1.07923,1041.44,0.092464
1.07925,1041.46,0.012401
1.07925,1041.46,1.2945e-06
1.07927,1041.52,0.0662636
1.07927,1041.52,8.63e-07
1.0793,1041.65,0.132527
1.07948,1041.73,0.0770534
1.0795,1041.74,0.012401
1.0795,1041.74,1.2945e-06
1.07952,1041.81,0.0662636
1.07973,1041.9,0.092464
1.07975,1041.91,0.012401
1.07975,1041.91,1.2945e-06
1.07977,1041.98,0.0662636
1.07977,1041.98,8.63e-07
1.0798,1042.11,0.132527
1.07998,1042.19,0.0770534
1.08,1042.2,0.012401
1.08,1042.2,1.2945e-06
1.08002,1042.27,0.0662636
1.08023,1042.36,0.092464
1.08025,1042.37,0.012401
1.08025,1042.37,1.2945e-06
1.08027,1042.44,0.0662636
1.08027,1042.44,8.63e-07
1.0803,1042.57,0.132527
1.08048,1042.65,0.0770534
1.0805,1042.66,0.012401
1.0805,1042.66,1.2945e-06
1.08052,1042.73,0.0662636
1.08073,1042.82,0.092464
1.08075,1042.83,0.012401
1.08075,1042.83,1.2945e-06
1.08077,1042.9,0.0662636
1.08077,1042.9,8.63e-07
1.0808,1043.03,0.132527
1.08098,1043.11,0.0770534
1.081,1043.12,0.012401
1.081,1043.12,1.2945e-06
1.08102,1043.19,0.0662636
1.08123,1043.28,0.092464
1.08125,1043.29,0.012401
1.08125,1043.29,1.2945e-06
1.08127,1043.36,0.0662636
1.08127,1043.36,8.63e-07
1.0813,1043.49,0.132527
1.08148,1043.57,0.0770534
1.0815,1043.58,0.012401
1.0815,1043.58,1.2945e-06
1.08152,1043.65,0.0662636
1.08173,1043.74,0.092464
1.08175,1043.75,0.012401
1.08175,1043.75,1.2945e-06
1.08177,1043.82,0.0662636
1.08177,1043.82,8.63e-07
1.0818,1043.95,0.132527
1.08198,1044.03,0.0770534
1.082,1044.04,0.012401
1.082,1044.04,1.2945e-06
1.08202,1044.11,0.0662636
1.08223,1044.2,0.092464
1.08225,1044.21,0.012401
1.08225,1044.21,1.2945e-06
1.08227,1044.28,0.0662636
1.08227,1044.28,8.63e-07
1.0823,1044.41,0.132527
1.08248,1044.49,0.0770534
1.0825,1044.5,0.012401
1.0825,1044.5,1.2945e-06
1.08252,1044.57,0.0662636
1.08273,1044.66,0.092464
1.08275,1044.67,0.012401
1.08275,1044.67,1.2945e-06
1.08277,1044.74,0.0662636
1.08277,1044.74,8.63e-07
1.0828,1044.87,0.132527
1.08298,1044.95,0.0770534
1.083,1044.96,0.012401
1.083,1044.96,1.2945e-06
1.08302,1045.03,0.0662636
1.08323,1045.12,0.092464
1.08325,1045.13,0.012401
1.08325,1045.13,1.2945e-06
1.08327,1045.2,0.0662636
1.08327,1045.2,8.63e-07
1.0833,1045.33,0.132527
1.08348,1045.41,0.0770534
1.0835,1045.42,0.012401
1.0835,1045.42,1.2945e-06
1.08352,1045.48,0.0662636
1.08373,1045.58,0.092464
1.08375,1045.59,0.012401
1.08375,1045.59,1.2945e-06
1.08377,1045.66,0.0662636
1.08377,1045.66,8.63e-07
1.0838,1045.79,0.132527
1.08398,1045.87,0.0770534
1.084,1045.88,0.012401
1.084,1045.88,1.2945e-06
1.08402,1045.94,0.0662636
1.08423,1046.04,0.092464
1.08425,1046.05,0.012401
1.08425,1046.05,1.2945e-06
1.08427,1046.12,0.0662636
1.08427,1046.12,8.63e-07
1.0843,1046.25,0.132527
1.08448,1046.32,0.0770534
1.0845,1046.34,0.012401
1.0845,1046.34,1.2945e-06
1.08452,1046.4,0.0662636
1.08473,1046.5,0.092464
1.08475,1046.51,0.012401
1.08475,1046.51,1.2945e-06
1.08477,1046.57,0.0662636
1.08477,1046.57,8.63e-07
1.0848,1046.71,0.132527
1.08498,1046.78,0.0770534
1.085,1046.8,0.012401
1.085,1046.8,1.2945e-06
1.08502,1046.86,0.0662636
1.08523,1046.96,0.092464
1.08525,1046.97,0.012401
1.08525,1046.97,1.2945e-06
1.08527,1047.03,0.0662636
1.08527,1047.03,8.63e-07
1.0853,1047.17,0.132527
1.08548,1047.24,0.0770534
1.0855,1047.26,0.012401
1.0855,1047.26,1.2945e-06
1.08552,1047.32,0.0662636
1.08573,1047.41,0.092464
1.08575,1047.43,0.012401
1.08575,1047.43,1.2945e-06
1.08577,1047.49,0.0662636
1.08577,1047.49,8.63e-07
1.0858,1047.63,0.132527
1.08598,1047.7,0.0770534
1.086,1047.72,0.012401
1.086,1047.72,1.2945e-06
1.08602,1047.78,0.0662636
1.08623,1047.87,0.092464
1.08625,1047.89,0.012401
1.08625,1047.89,1.2945e-06
1.08627,1047.95,0.0662636
1.08627,1047.95,8.63e-07
1.0863,1048.09,0.132527
1.08648,1048.16,0.0770534
1.0865,1048.17,0.012401
1.0865,1048.17,1.2945e-06
1.08652,1048.24,0.0662636
1.08673,1048.33,0.092464
1.08675,1048.35,0.012401
1.08675,1048.35,1.2945e-06
1.08677,1048.41,0.0662636
1.08677,1048.41,8.63e-07
1.0868,1048.54,0.132527
1.08698,1048.62,0.0770534
1.087,1048.63,0.012401
1.087,1048.63,1.2945e-06
1.08702,1048.7,0.0662636
1.08723,1048.79,0.092464
1.08725,1048.81,0.012401
1.08725,1048.81,1.2945e-06
1.08727,1048.87,0.0662636
1.08727,1048.87,8.63e-07
1.0873,1049,0.132527
1.08748,1049.08,0.0770534
1.0875,1049.09,0.012401
1.0875,1049.09,1.2945e-06
1.08752,1049.16,0.0662636
1.08773,1049.25,0.092464
1.08775,1049.26,0.012401
1.08775,1049.26,1.2945e-06
1.08777,1049.33,0.0662636
1.08777,1049.33,8.63e-07
1.0878,1049.46,0.132527
1.08798,1049.54,0.0770534
1.088,1049.55,0.012401
1.088,1049.55,1.2945e-06
1.08802,1049.62,0.0662636
1.08823,1049.71,0.092464
1.08825,1049.72,0.012401
1.08825,1049.72,1.2945e-06
1.08827,1049.79,0.0662636
1.08827,1049.79,8.63e-07
1.0883,1049.92,0.132527
1.08848,1050,0.0770534
1.0885,1050.01,0.012401
1.0885,1050.01,1.2945e-06
1.08852,1050.08,0.0662636
1.08873,1050.17,0.092464
1.08875,1050.18,0.012401
1.08875,1050.18,1.2945e-06
1.08877,1050.25,0.0662636
1.08877,1050.25,8.63e-07
1.0888,1050.38,0.132527
1.08898,1050.46,0.0770534
1.089,1050.47,0.012401
1.089,1050.47,1.2945e-06
1.08902,1050.54,0.0662636
1.08923,1050.63,0.092464
1.08925,1050.64,0.012401
1.08925,1050.64,1.2945e-06
1.08927,1050.71,0.0662636
1.08927,1050.71,8.63e-07
1.0893,1050.84,0.132527
1.08948,1050.92,0.0770534
1.0895,1050.93,0.012401
1.0895,1050.93,1.2945e-06
1.08952,1051,0.0662636
1.08973,1051.09,0.092464
1.08975,1051.1,0.012401
1.08975,1051.1,1.2945e-06
1.08977,1051.17,0.0662636
1.08977,1051.17,8.63e-07
1.0898,1051.3,0.132527
1.08998,1051.38,0.0770534
1.09,1051.39,0.012401
1.09,1051.39,1.2945e-06
1.09002,1051.46,0.0662636
1.09023,1051.55,0.092464
1.09025,1051.56,0.012401
1.09025,1051.56,1.2945e-06
1.09027,1051.63,0.0662636
1.09027,1051.63,8.63e-07
1.0903,1051.76,0.132527
1.09048,1051.84,0.0770534
1.0905,1051.85,0.012401
1.0905,1051.85,1.2945e-06
1.09052,1051.92,0.0662636
1.09073,1052.01,0.092464
1.09075,1052.02,0.012401
1.09075,1052.02,1.2945e-06
1.09077,1052.09,0.0662636
1.09077,1052.09,8.63e-07
1.0908,1052.22,0.132527
1.09098,1052.3,0.0770534
1.091,1052.31,0.012401
1.091,1052.31,1.2945e-06
1.09102,1052.38,0.0662636
1.09123,1052.47,0.092464
1.09125,1052.48,0.012401
1.09125,1052.48,1.2945e-06
1.09127,1052.55,0.0662636
1.09127,1052.55,8.63e-07
1.0913,1052.68,0.132527
1.09148,1052.76,0.0770534
1.0915,1052.77,0.012401
1.0915,1052.77,1.2945e-06
1.09152,1052.83,0.0662636
1.09173,1052.93,0.092464
1.09175,1052.94,0.012401
1.09175,1052.94,1.2945e-06
1.09177,1053.01,0.0662636
1.09177,1053.01,8.63e-07
1.0918,1053.14,0.132527
1.09198,1053.22,0.0770534
1.092,1053.23,0.012401
1.092,1053.23,1.2945e-06
1.09202,1053.29,0.0662636
1.09223,1053.39,0.092464
1.09225,1053.4,0.012401
1.09225,1053.4,1.2945e-06
1.09227,1053.47,0.0662636
1.09227,1053.47,8.63e-07
1.0923,1053.6,0.132527
1.09248,1053.67,0.0770534
1.0925,1053.69,0.012401
1.0925,1053.69,1.2945e-06
1.09252,1053.75,0.0662636
1.09273,1053.85,0.092464
1.09275,1053.86,0.012401
1.09275,1053.86,1.2945e-06
1.09277,1053.92,0.0662636
1.09277,1053.92,8.63e-07
1.0928,1054.06,0.132527
1.09298,1054.13,0.0770534
1.093,1054.15,0.012401
1.093,1054.15,1.2945e-06
1.09302,1054.21,0.0662636
1.09323,1054.31,0.092464
1.09325,1054.32,0.012401
1.09325,1054.32,1.2945e-06
1.09327,1054.38,0.0662636
1.09327,1054.38,8.63e-07
1.0933,1054.52,0.132527
1.09348,1054.59,0.0770534
1.0935,1054.61,0.012401
1.0935,1054.61,1.2945e-06
1.09352,1054.67,0.0662636
1.09373,1054.76,0.092464
1.09375,1054.78,0.012401
1.09375,1054.78,1.2945e-06
1.09377,1054.84,0.0662636
1.09377,1054.84,8.63e-07
1.0938,1054.98,0.132527
1.09398,1055.05,0.0770534
1.094,1055.07,0.012401
1.094,1055.07,1.2945e-06
1.09402,1055.13,0.0662636
1.09423,1055.22,0.092464
1.09425,1055.24,0.012401
1.09425,1055.24,1.2945e-06
1.09427,1055.3,0.0662636
1.09427,1055.3,8.63e-07
1.0943,1055.44,0.132527
1.09448,1055.51,0.0770534
1.0945,1055.52,0.012401
1.0945,1055.52,1.2945e-06
1.09452,1055.59,0.0662636
1.09473,1055.68,0.092464
1.09475,1055.7,0.012401
1.09475,1055.7,1.2945e-06
1.09477,1055.76,0.0662636
1.09477,1055.76,8.63e-07
1.0948,1055.89,0.132527
1.09498,1055.97,0.0770534
1.095,1055.98,0.012401
1.095,1055.98,1.2945e-06
1.09502,1056.05,0.0662636
1.09523,1056.14,0.092464
1.09525,1056.16,0.012401
1.09525,1056.16,1.2945e-06
1.09527,1056.22,0.0662636
1.09527,1056.22,8.63e-07
1.0953,1056.35,0.132527
1.09548,1056.43,0.0770534
1.0955,1056.44,0.012401
1.0955,1056.44,1.2945e-06
1.09552,1056.51,0.0662636
1.09573,1056.6,0.092464
1.09575,1056.61,0.012401
1.09575,1056.61,1.2945e-06
1.09577,1056.68,0.0662636
1.09577,1056.68,8.63e-07
1.0958,1056.81,0.132527
1.09598,1056.89,0.0770534
1.096,1056.9,0.012401
1.096,1056.9,1.2945e-06
1.09602,1056.97,0.0662636
1.09623,1057.06,0.092464
1.09625,1057.07,0.012401
1.09625,1057.07,1.2945e-06
1.09627,1057.14,0.0662636
1.09627,1057.14,8.63e-07
1.0963,1057.27,0.132527
1.09648,1057.35,0.0770534
1.0965,1057.36,0.012401
1.0965,1057.36,1.2945e-06
1.09652,1057.43,0.0662636
1.09673,1057.52,0.092464
1.09675,1057.53,0.012401
1.09675,1057.53,1.2945e-06
1.09677,1057.6,0.0662636
1.09677,1057.6,8.63e-07
1.0968,1057.73,0.132527
1.09698,1057.81,0.0770534
1.097,1057.82,0.012401
1.097,1057.82,1.2945e-06
1.09702,1057.89,0.0662636
1.09723,1057.98,0.092464
1.09725,1057.99,0.012401
1.09725,1057.99,1.2945e-06
1.09727,1058.06,0.0662636
1.09727,1058.06,8.63e-07
1.0973,1058.19,0.132527
1.09748,1058.27,0.0770534
1.0975,1058.28,0.012401
1.0975,1058.28,1.2945e-06
1.09752,1058.35,0.0662636
1.09773,1058.44,0.092464
1.09775,1058.45,0.012401
1.09775,1058.45,1.2945e-06
1.09777,1058.52,0.0662636
1.09777,1058.52,8.63e-07
1.0978,1058.65,0.132527
1.09798,1058.73,0.0770534
1.098,1058.74,0.012401
1.098,1058.74,1.2945e-06
1.09802,1058.81,0.0662636
1.09823,1058.9,0.092464
1.09825,1058.91,0.012401
1.09825,1058.91,1.2945e-06
1.09827,1058.98,0.0662636
1.09827,1058.98,8.63e-07
1.0983,1059.11,0.132527
1.09848,1059.19,0.0770534
1.0985,1059.2,0.012401
1.0985,1059.2,1.2945e-06
1.09852,1059.27,0.0662636
1.09873,1059.36,0.092464
1.09875,1059.37,0.012401
1.09875,1059.37,1.2945e-06
1.09877,1059.44,0.0662636
1.09877,1059.44,8.63e-07
1.0988,1059.57,0.132527
1.09898,1059.65,0.0770534
1.099,1059.66,0.012401
1.099,1059.66,1.2945e-06
1.09902,1059.73,0.0662636
1.09923,1059.82,0.092464
1.09925,1059.83,0.012401
1.09925,1059.83,1.2945e-06
1.09927,1059.9,0.0662636
1.09927,1059.9,8.63e-07
1.0993,1060.03,0.132527
1.09948,1060.11,0.0770534
1.0995,1060.12,0.012401
1.0995,1060.12,1.2945e-06
1.09952,1060.18,0.0662636
1.09973,1060.28,0.092464
1.09975,1060.29,0.012401
1.09975,1060.29,1.2945e-06
1.09977,1060.36,0.0662636
1.09977,1060.36,8.63e-07
1.0998,1060.49,0.132527
1.09998,1060.57,0.0770534
1.1,1060.58,0.012401
1.1,1060.58,1.2945e-06
1.10002,1060.64,0.0662636
1.10023,1060.74,0.092464
1.10025,1060.75,0.012401
1.10025,1060.75,1.2945e-06
1.10027,1060.82,0.0662636
1.10027,1060.82,8.63e-07
1.1003,1060.95,0.132527
1.10048,1061.02,0.0770534
1.1005,1061.04,0.012401
1.1005,1061.04,1.2945e-06
1.10052,1061.1,0.0662636
1.10073,1061.2,0.092464
1.10075,1061.21,0.012401
1.10075,1061.21,1.2945e-06
1.10077,1061.27,0.0662636
1.10077,1061.27,8.63e-07
1.1008,1061.41,0.132527
1.10098,1061.48,0.0770534
1.101,1061.5,0.012401
1.101,1061.5,1.2945e-06
1.10102,1061.56,0.0662636
1.10123,1061.66,0.092464
1.10125,1061.67,0.012401
1.10125,1061.67,1.2945e-06
1.10127,1061.73,0.0662636
1.10127,1061.73,8.63e-07
1.1013,1061.87,0.132527
1.10148,1061.94,0.0770534
1.1015,1061.96,0.012401
1.1015,1061.96,1.2945e-06
1.10152,1062.02,0.0662636
1.10173,1062.11,0.092464
1.10175,1062.13,0.012401
1.10175,1062.13,1.2945e-06
1.10177,1062.19,0.0662636
1.10177,1062.19,8.63e-07
1.1018,1062.33,0.132527
1.10198,1062.4,0.0770534
1.102,1062.42,0.012401
1.102,1062.42,1.2945e-06
1.10202,1062.48,0.0662636
1.10202,1062.48,8.63e-07
1.10205,1062.61,0.132527
1.10205,1062.61,8.63e-07
1.10209,1062.75,0.132527
1.10223,1062.81,0.0616428
1.10225,1062.82,0.012401
1.10225,1062.82,1.2945e-06
1.10227,1062.89,0.0662636
1.10227,1062.89,8.63e-07
1.1023,1063.02,0.132527
1.10248,1063.1,0.0770534
1.1025,1063.11,0.012401
1.1025,1063.11,1.2945e-06
1.10252,1063.18,0.0662636
1.10252,1063.18,8.63e-07
1.10255,1063.31,0.132527
1.10255,1063.31,8.63e-07
1.10259,1063.44,0.132527
1.10273,1063.5,0.0616428
1.10275,1063.51,0.012401
1.10275,1063.51,1.2945e-06
1.10277,1063.58,0.0662636
1.10277,1063.58,8.63e-07
1.1028,1063.71,0.132527
1.10298,1063.79,0.0770534
1.103,1063.8,0.012401
1.103,1063.8,1.2945e-06
1.10302,1063.87,0.0662636
1.10323,1063.96,0.092464
1.10325,1063.97,0.012401
1.10325,1063.97,1.2945e-06
1.10327,1064.04,0.0662636
1.10327,1064.04,8.63e-07
1.1033,1064.17,0.132527
1.10348,1064.25,0.0770534
1.1035,1064.26,0.012401
1.1035,1064.26,1.2945e-06
1.10352,1064.33,0.0662636
1.10352,1064.33,8.63e-07
1.10355,1064.46,0.132527
1.10355,1064.46,8.63e-07
1.10359,1064.59,0.132527
1.10373,1064.65,0.0616428
1.10375,1064.67,0.012401
1.10375,1064.67,1.2945e-06
1.10377,1064.73,0.0662636
1.10377,1064.73,8.63e-07
1.1038,1064.87,0.132527
1.10398,1064.94,0.0770534
1.104,1064.96,0.012401
1.104,1064.96,1.2945e-06
1.10402,1065.02,0.0662636
1.10423,1065.11,0.092464
1.10425,1065.13,0.012401
1.10425,1065.13,1.2945e-06
1.10427,1065.19,0.0662636
1.10427,1065.19,8.63e-07
1.1043,1065.33,0.132527
1.10448,1065.4,0.0770534
1.1045,1065.41,0.012401
1.1045,1065.41,1.2945e-06
1.10452,1065.48,0.0662636
1.10473,1065.57,0.092464
1.10475,1065.59,0.012401
1.10475,1065.59,1.2945e-06
1.10477,1065.65,0.0662636
1.10477,1065.65,8.63e-07
1.1048,1065.78,0.132527
1.10498,1065.86,0.0770534
1.105,1065.87,0.012401
1.105,1065.87,1.2945e-06
1.10502,1065.94,0.0662636
1.10502,1065.94,8.63e-07
1.10505,1066.07,0.132527
1.10505,1066.07,8.63e-07
1.10509,1066.21,0.132527
1.10523,1066.27,0.0616428
1.10525,1066.28,0.012401
1.10525,1066.28,1.2945e-06
1.10527,1066.35,0.0662636
1.10527,1066.35,8.63e-07
1.1053,1066.48,0.132527
1.10548,1066.56,0.0770534
1.1055,1066.57,0.012401
1.1055,1066.57,1.2945e-06
1.10552,1066.63,0.0662636
1.10573,1066.73,0.092464
1.10575,1066.74,0.012401
1.10575,1066.74,1.2945e-06
1.10577,1066.81,0.0662636
1.10577,1066.81,8.63e-07
1.1058,1066.94,0.132527
1.10598,1067.01,0.0770534
1.106,1067.03,0.012401
1.106,1067.03,1.2945e-06
1.10602,1067.09,0.0662636
1.10623,1067.19,0.092464
1.10625,1067.2,0.012401
1.10625,1067.2,1.2945e-06
1.10627,1067.26,0.0662636
1.10627,1067.26,8.63e-07
1.1063,1067.4,0.132527
1.10648,1067.47,0.0770534
1.1065,1067.49,0.012401
1.1065,1067.49,1.2945e-06
1.10652,1067.55,0.0662636
1.10652,1067.55,8.63e-07
1.10655,1067.69,0.132527
1.10655,1067.69,8.63e-07
1.10659,1067.82,0.132527
1.10673,1067.88,0.0616428
1.10675,1067.89,0.012401
1.10675,1067.89,1.2945e-06
1.10677,1067.96,0.0662636
1.10677,1067.96,8.63e-07
1.1068,1068.09,0.132527
1.10698,1068.17,0.0770534
1.107,1068.18,0.012401
1.107,1068.18,1.2945e-06
1.10702,1068.25,0.0662636
1.10723,1068.34,0.092464
1.10725,1068.35,0.012401
1.10725,1068.35,1.2945e-06
1.10727,1068.42,0.0662636
1.10727,1068.42,8.63e-07
1.1073,1068.55,0.132527
1.10748,1068.63,0.0770534
1.1075,1068.64,0.012401
1.1075,1068.64,1.2945e-06
1.10752,1068.71,0.0662636
1.10752,1068.71,8.63e-07
1.10755,1068.84,0.132527
1.10755,1068.84,8.63e-07
1.10759,1068.97,0.132527
1.10773,1069.03,0.0616428
1.10775,1069.04,0.012401
1.10775,1069.04,1.2945e-06
1.10777,1069.11,0.0662636
1.10777,1069.11,8.63e-07
1.1078,1069.24,0.132527
1.10798,1069.32,0.0770534
1.108,1069.33,0.012401
1.108,1069.33,1.2945e-06
1.10802,1069.4,0.0662636
1.10802,1069.4,8.63e-07
1.10805,1069.53,0.132527
1.10805,1069.53,8.63e-07
1.10809,1069.66,0.132527
1.10823,1069.73,0.0616428
1.10825,1069.74,0.012401
1.10825,1069.74,1.2945e-06
1.10827,1069.8,0.0662636
1.10827,1069.8,8.63e-07
1.1083,1069.94,0.132527
1.10848,1070.01,0.0770534
1.1085,1070.03,0.012401
1.1085,1070.03,1.2945e-06
1.10852,1070.09,0.0662636
1.10873,1070.19,0.092464
1.10875,1070.2,0.012401
1.10875,1070.2,1.2945e-06
1.10877,1070.26,0.0662636
1.10877,1070.26,8.63e-07
1.1088,1070.4,0.132527
1.10898,1070.47,0.0770534
1.109,1070.49,0.012401
1.109,1070.49,1.2945e-06
1.10902,1070.55,0.0662636
1.10923,1070.64,0.092464
1.10925,1070.66,0.012401
1.10925,1070.66,1.2945e-06
1.10927,1070.72,0.0662636
1.10927,1070.72,8.63e-07
1.1093,1070.86,0.132527
1.10948,1070.93,0.0770534
1.1095,1070.95,0.012401
1.1095,1070.95,1.2945e-06
1.10952,1071.01,0.0662636
1.10952,1071.01,8.63e-07
1.10955,1071.14,0.132527
1.10955,1071.14,8.63e-07
1.10959,1071.28,0.132527
1.10973,1071.34,0.0616428
1.10975,1071.35,0.012401
1.10975,1071.35,1.2945e-06
1.10977,1071.42,0.0662636
1.10977,1071.42,8.63e-07
1.1098,1071.55,0.132527
1.10998,1071.63,0.0770534
1.11,1071.64,0.012401
1.11,1071.64,1.2945e-06
1.11002,1071.71,0.0662636
1.11023,1071.8,0.092464
1.11025,1071.81,0.012401
1.11025,1071.81,1.2945e-06
1.11027,1071.88,0.0662636
1.11027,1071.88,8.63e-07
1.1103,1072.01,0.132527
1.11048,1072.09,0.0770534
1.1105,1072.1,0.012401
1.1105,1072.1,1.2945e-06
1.11052,1072.16,0.0662636
1.11073,1072.26,0.092464
1.11075,1072.27,0.012401
1.11075,1072.27,1.2945e-06
1.11077,1072.34,0.0662636
1.11077,1072.34,8.63e-07
1.1108,1072.47,0.132527
1.11098,1072.55,0.0770534
1.111,1072.56,0.012401
1.111,1072.56,1.2945e-06
1.11102,1072.62,0.0662636
1.11123,1072.72,0.092464
1.11125,1072.73,0.012401
1.11125,1072.73,1.2945e-06
1.11127,1072.8,0.0662636
1.11127,1072.8,8.63e-07
1.1113,1072.93,0.132527
1.11148,1073,0.0770534
1.1115,1073.02,0.012401
1.1115,1073.02,1.2945e-06
1.11152,1073.08,0.0662636
1.11152,1073.08,8.63e-07
1.11155,1073.22,0.132527
1.11155,1073.22,8.63e-07
1.11159,1073.35,0.132527
1.11173,1073.41,0.0616428
1.11175,1073.42,0.012401
1.11175,1073.42,1.2945e-06
1.11177,1073.49,0.0662636
1.11177,1073.49,8.63e-07
1.11182,1073.69,0.198795
1.11198,1073.76,0.0693481
1.112,1073.77,0.012401
1.112,1073.77,1.2945e-06
1.11202,1073.84,0.0662636
1.11202,1073.84,8.63e-07
1.11205,1073.97,0.132527
1.11205,1073.97,8.63e-07
1.11209,1074.1,0.132527
1.11223,1074.16,0.0616428
1.11225,1074.17,0.012401
1.11225,1074.17,1.2945e-06
1.11227,1074.24,0.0662636
1.11227,1074.24,8.63e-07
1.1123,1074.37,0.132527
1.11248,1074.45,0.0770534
1.1125,1074.46,0.012401
1.1125,1074.46,1.2945e-06
1.11252,1074.53,0.0662636
1.11273,1074.62,0.092464
1.11275,1074.63,0.012401
1.11275,1074.63,1.2945e-06
1.11277,1074.7,0.0662636
1.11277,1074.7,8.63e-07
1.1128,1074.83,0.132527
1.11298,1074.91,0.0770534
1.113,1074.92,0.012401
1.113,1074.92,1.2945e-06
1.11302,1074.99,0.0662636
1.11302,1074.99,8.63e-07
1.11305,1075.12,0.132527
1.11305,1075.12,8.63e-07
1.11309,1075.25,0.132527
1.11323,1075.32,0.0616428
1.11325,1075.33,0.012401
1.11325,1075.33,1.2945e-06
1.11327,1075.39,0.0662636
1.11327,1075.39,8.63e-07
1.11332,1075.59,0.198795
1.11348,1075.66,0.0693481
1.1135,1075.67,0.012401
1.1135,1075.67,1.2945e-06
1.11352,1075.74,0.0662636
1.11352,1075.74,8.63e-07
1.11355,1075.87,0.132527
1.11355,1075.87,8.63e-07
1.11359,1076.01,0.132527
1.11373,1076.07,0.0616428
1.11375,1076.08,0.012401
1.11375,1076.08,1.2945e-06
1.11377,1076.15,0.0662636
1.11377,1076.15,8.63e-07
1.1138,1076.28,0.132527
1.11398,1076.36,0.0770534
1.114,1076.37,0.012401
1.114,1076.37,1.2945e-06
1.11402,1076.43,0.0662636
1.11423,1076.53,0.092464
1.11425,1076.54,0.012401
1.11425,1076.54,1.2945e-06
1.11427,1076.61,0.0662636
1.11427,1076.61,8.63e-07
1.1143,1076.74,0.132527
1.11448,1076.82,0.0770534
1.1145,1076.83,0.012401
1.1145,1076.83,1.2945e-06
1.11452,1076.89,0.0662636
1.11452,1076.89,8.63e-07
1.11455,1077.03,0.132527
1.11455,1077.03,8.63e-07
1.11459,1077.16,0.132527
1.11473,1077.22,0.0616428
1.11475,1077.23,0.012401
1.11475,1077.23,1.2945e-06
1.11477,1077.3,0.0662636
1.11477,1077.3,8.63e-07
1.11482,1077.5,0.198795
1.11498,1077.57,0.0693481
1.115,1077.58,0.012401
1.115,1077.58,1.2945e-06
1.11502,1077.65,0.0662636
1.11502,1077.65,8.63e-07
1.11505,1077.78,0.132527
1.11505,1077.78,8.63e-07
1.11509,1077.91,0.132527
1.11523,1077.97,0.0616428
1.11525,1077.99,0.012401
1.11525,1077.99,1.2945e-06
1.11527,1078.05,0.0662636
1.11527,1078.05,8.63e-07
1.1153,1078.18,0.132527
1.11548,1078.26,0.0770534
1.1155,1078.27,0.012401
1.1155,1078.27,1.2945e-06
1.11552,1078.34,0.0662636
1.11573,1078.43,0.092464
1.11575,1078.44,0.012401
1.11575,1078.44,1.2945e-06
1.11577,1078.51,0.0662636
1.11577,1078.51,8.63e-07
1.1158,1078.64,0.132527
1.11598,1078.72,0.0770534
1.116,1078.73,0.012401
1.116,1078.73,1.2945e-06
1.11602,1078.8,0.0662636
1.11602,1078.8,8.63e-07
1.11605,1078.93,0.132527
1.11605,1078.93,8.63e-07
1.11609,1079.06,0.132527
1.11623,1079.13,0.0616428
1.11625,1079.14,0.012401
1.11625,1079.14,1.2945e-06
1.11627,1079.2,0.0662636
1.11627,1079.2,8.63e-07
1.1163,1079.34,0.132527
1.11648,1079.41,0.0770534
1.1165,1079.43,0.012401
1.1165,1079.43,1.2945e-06
1.11652,1079.49,0.0662636
1.11652,1079.49,8.63e-07
1.11655,1079.63,0.132527
1.11655,1079.63,8.63e-07
1.11659,1079.76,0.132527
1.11673,1079.82,0.0616428
1.11675,1079.83,0.012401
1.11675,1079.83,1.2945e-06
1.11677,1079.9,0.0662636
1.11677,1079.9,8.63e-07
1.1168,1080.03,0.132527
1.11698,1080.11,0.0770534
1.117,1080.12,0.012401
1.117,1080.12,1.2945e-06
1.11702,1080.19,0.0662636
1.11723,1080.28,0.092464
1.11725,1080.29,0.012401
1.11725,1080.29,1.2945e-06
1.11727,1080.36,0.0662636
1.11727,1080.36,8.63e-07
1.1173,1080.49,0.132527
1.11748,1080.57,0.0770534
1.1175,1080.58,0.012401
1.1175,1080.58,1.2945e-06
1.11752,1080.65,0.0662636
1.11752,1080.65,8.63e-07
1.11755,1080.78,0.132527
1.11755,1080.78,8.63e-07
1.11759,1080.91,0.132527
1.11773,1080.97,0.0616428
1.11775,1080.98,0.012401
1.11775,1080.98,1.2945e-06
1.11777,1081.05,0.0662636
1.11777,1081.05,8.63e-07
1.1178,1081.18,0.132527
1.11798,1081.26,0.0770534
1.118,1081.27,0.012401
1.118,1081.27,1.2945e-06
1.11802,1081.34,0.0662636
1.11802,1081.34,8.63e-07
1.11805,1081.47,0.132527
1.11805,1081.47,8.63e-07
1.11809,1081.6,0.132527
1.11823,1081.67,0.0616428
1.11825,1081.68,0.012401
1.11825,1081.68,1.2945e-06
1.11827,1081.74,0.0662636
1.11827,1081.74,8.63e-07
1.1183,1081.88,0.132527
1.11848,1081.95,0.0770534
1.1185,1081.97,0.012401
1.1185,1081.97,1.2945e-06
1.11852,1082.03,0.0662636
1.11873,1082.13,0.092464
1.11875,1082.14,0.012401
1.11875,1082.14,1.2945e-06
1.11877,1082.2,0.0662636
1.11877,1082.2,8.63e-07
1.1188,1082.34,0.132527
1.11898,1082.41,0.0770534
1.119,1082.43,0.012401
1.119,1082.43,1.2945e-06
1.11902,1082.49,0.0662636
1.11902,1082.49,8.63e-07
1.11905,1082.62,0.132527
1.11905,1082.62,8.63e-07
1.11909,1082.76,0.132527
1.11923,1082.82,0.0616428
1.11925,1082.83,0.012401
1.11925,1082.83,1.2945e-06
1.11927,1082.9,0.0662636
1.11927,1082.9,8.63e-07
1.1193,1083.03,0.132527
1.11948,1083.11,0.0770534
1.1195,1083.12,0.012401
1.1195,1083.12,1.2945e-06
1.11952,1083.19,0.0662636
1.11952,1083.19,8.63e-07
1.11955,1083.32,0.132527
1.11955,1083.32,8.63e-07
1.11959,1083.45,0.132527
1.11973,1083.51,0.0616428
1.11975,1083.53,0.012401
1.11975,1083.53,1.2945e-06
1.11977,1083.59,0.0662636
1.11977,1083.59,8.63e-07
1.1198,1083.72,0.132527
1.11998,1083.8,0.0770534
1.12,1083.81,0.012401
1.12,1083.81,1.2945e-06
1.12002,1083.88,0.0662636
1.12023,1083.97,0.092464
1.12025,1083.98,0.012401
1.12025,1083.98,1.2945e-06
1.12027,1084.05,0.0662636
1.12027,1084.05,8.63e-07
1.1203,1084.18,0.132527
1.12048,1084.26,0.0770534
1.1205,1084.27,0.012401
1.1205,1084.27,1.2945e-06
1.12052,1084.34,0.0662636
1.12052,1084.34,8.63e-07
1.12055,1084.47,0.132527
1.12055,1084.47,8.63e-07
1.12059,1084.6,0.132527
1.12073,1084.67,0.0616428
1.12075,1084.68,0.012401
1.12075,1084.68,1.2945e-06
1.12077,1084.74,0.0662636
1.12077,1084.74,8.63e-07
1.1208,1084.88,0.132527
1.12098,1084.95,0.0770534
1.121,1084.97,0.012401
1.121,1084.97,1.2945e-06
1.12102,1085.03,0.0662636
1.12102,1085.03,8.63e-07
1.12105,1085.17,0.132527
1.12105,1085.17,8.63e-07
1.12109,1085.3,0.132527
1.12123,1085.36,0.0616428
1.12125,1085.37,0.012401
1.12125,1085.37,1.2945e-06
1.12127,1085.44,0.0662636
1.12127,1085.44,8.63e-07
1.1213,1085.57,0.132527
1.12148,1085.65,0.0770534
1.1215,1085.66,0.012401
1.1215,1085.66,1.2945e-06
1.12152,1085.73,0.0662636
1.12173,1085.82,0.092464
1.12175,1085.83,0.012401
1.12175,1085.83,1.2945e-06
1.12177,1085.9,0.0662636
1.12177,1085.9,8.63e-07
1.1218,1086.03,0.132527
1.12198,1086.11,0.0770534
1.122,1086.12,0.012401
1.122,1086.12,1.2945e-06
1.12202,1086.19,0.0662636
1.12223,1086.28,0.092464
1.12225,1086.29,0.012401
1.12225,1086.29,1.2945e-06
1.12227,1086.36,0.0662636
1.12227,1086.36,8.63e-07
1.1223,1086.49,0.132527
1.12248,1086.57,0.0770534
1.1225,1086.58,0.012401
1.1225,1086.58,1.2945e-06
1.12252,1086.64,0.0662636
1.12273,1086.74,0.092464
1.12275,1086.75,0.012401
1.12275,1086.75,1.2945e-06
1.12277,1086.82,0.0662636
1.12277,1086.82,8.63e-07
1.1228,1086.95,0.132527
1.12298,1087.03,0.0770534
1.123,1087.04,0.012401
1.123,1087.04,1.2945e-06
1.12302,1087.1,0.0662636
1.12323,1087.2,0.092464
1.12325,1087.21,0.012401
1.12325,1087.21,1.2945e-06
1.12327,1087.28,0.0662636
1.12327,1087.28,8.63e-07
1.1233,1087.41,0.132527
1.12348,1087.48,0.0770534
1.1235,1087.5,0.012401
1.1235,1087.5,1.2945e-06
1.12352,1087.56,0.0662636
1.12373,1087.66,0.092464
1.12375,1087.67,0.012401
1.12375,1087.67,1.2945e-06
1.12377,1087.73,0.0662636
1.12377,1087.73,8.63e-07
1.1238,1087.87,0.132527
1.12398,1087.94,0.0770534
1.124,1087.96,0.012401
1.124,1087.96,1.2945e-06
1.12402,1088.02,0.0662636
1.12423,1088.12,0.092464
1.12425,1088.13,0.012401
1.12425,1088.13,1.2945e-06
1.12427,1088.19,0.0662636
1.12427,1088.19,8.63e-07
1.1243,1088.33,0.132527
1.12448,1088.4,0.0770534
1.1245,1088.42,0.012401
1.1245,1088.42,1.2945e-06
1.12452,1088.48,0.0662636
1.12473,1088.57,0.092464
1.12475,1088.59,0.012401
1.12475,1088.59,1.2945e-06
1.12477,1088.65,0.0662636
1.12477,1088.65,8.63e-07
1.1248,1088.79,0.132527
1.12498,1088.86,0.0770534
1.125,1088.88,0.012401
1.125,1088.88,1.2945e-06
1.12502,1088.94,0.0662636
1.12523,1089.03,0.092464
1.12525,1089.05,0.012401
1.12525,1089.05,1.2945e-06
1.12527,1089.11,0.0662636
1.12527,1089.11,8.63e-07
1.1253,1089.25,0.132527
1.12548,1089.32,0.0770534
1.1255,1089.33,0.012401
1.1255,1089.33,1.2945e-06
1.12552,1089.4,0.0662636
1.12573,1089.49,0.092464
1.12575,1089.51,0.012401
1.12575,1089.51,1.2945e-06
1.12577,1089.57,0.0662636
1.12577,1089.57,8.63e-07
1.1258,1089.7,0.132527
1.12598,1089.78,0.0770534
1.126,1089.79,0.012401
1.126,1089.79,1.2945e-06
1.12602,1089.86,0.0662636
1.12623,1089.95,0.092464
1.12625,1089.97,0.012401
1.12625,1089.97,1.2945e-06
1.12627,1090.03,0.0662636
1.12627,1090.03,8.63e-07
1.1263,1090.16,0.132527
1.12648,1090.24,0.0770534
1.1265,1090.25,0.012401
1.1265,1090.25,1.2945e-06
1.12652,1090.32,0.0662636
1.12652,1090.32,8.63e-07
1.12655,1090.45,0.132527
1.12655,1090.45,8.63e-07
1.12659,1090.58,0.132527
1.12673,1090.65,0.0616428
1.12675,1090.66,0.012401
1.12675,1090.66,1.2945e-06
1.12677,1090.73,0.0662636
1.12677,1090.73,8.63e-07
1.1268,1090.86,0.132527
1.12698,1090.93,0.0770534
1.127,1090.95,0.012401
1.127,1090.95,1.2945e-06
1.12702,1091.01,0.0662636
1.12702,1091.01,8.63e-07
1.12705,1091.15,0.132527
1.12705,1091.15,8.63e-07
1.12709,1091.28,0.132527
1.12723,1091.34,0.0616428
1.12725,1091.35,0.012401
1.12725,1091.35,1.2945e-06
1.12727,1091.42,0.0662636
1.12727,1091.42,8.63e-07
1.1273,1091.55,0.132527
1.12748,1091.63,0.0770534
1.1275,1091.64,0.012401
1.1275,1091.64,1.2945e-06
1.12752,1091.71,0.0662636
1.12773,1091.8,0.092464
1.12775,1091.81,0.012401
1.12775,1091.81,1.2945e-06
1.12777,1091.88,0.0662636
1.12777,1091.88,8.63e-07
1.1278,1092.01,0.132527
1.12798,1092.09,0.0770534
1.128,1092.1,0.012401
1.128,1092.1,1.2945e-06
1.12802,1092.17,0.0662636
1.12823,1092.26,0.092464
1.12825,1092.27,0.012401
1.12825,1092.27,1.2945e-06
1.12827,1092.34,0.0662636
1.12827,1092.34,8.63e-07
1.1283,1092.47,0.132527
1.12848,1092.55,0.0770534
1.1285,1092.56,0.012401
1.1285,1092.56,1.2945e-06
1.12852,1092.63,0.0662636
1.12873,1092.72,0.092464
1.12875,1092.73,0.012401
1.12875,1092.73,1.2945e-06
1.12877,1092.8,0.0662636
1.12877,1092.8,8.63e-07
1.1288,1092.93,0.132527
1.12898,1093.01,0.0770534
1.129,1093.02,0.012401
1.129,1093.02,1.2945e-06
1.12902,1093.09,0.0662636
1.12923,1093.18,0.092464
1.12925,1093.19,0.012401
1.12925,1093.19,1.2945e-06
1.12927,1093.26,0.0662636
1.12927,1093.26,8.63e-07
1.1293,1093.39,0.132527
1.12948,1093.47,0.0770534
1.1295,1093.48,0.012401
1.1295,1093.48,1.2945e-06
1.12952,1093.54,0.0662636
1.12973,1093.64,0.092464
1.12975,1093.65,0.012401
1.12975,1093.65,1.2945e-06
1.12977,1093.72,0.0662636
1.12977,1093.72,8.63e-07
1.1298,1093.85,0.132527
1.12998,1093.93,0.0770534
1.13,1093.94,0.012401
1.13,1093.94,1.2945e-06
1.13002,1094,0.0662636
1.13002,1094,8.63e-07
1.13005,1094.14,0.132527
1.13005,1094.14,8.63e-07
1.13009,1094.27,0.132527
1.13023,1094.33,0.0616428
1.13025,1094.34,0.012401
1.13025,1094.34,1.2945e-06
1.13027,1094.41,0.0662636
1.13027,1094.41,8.63e-07
1.1303,1094.54,0.132527
1.13048,1094.62,0.0770534
1.1305,1094.63,0.012401
1.1305,1094.63,1.2945e-06
1.13052,1094.7,0.0662636
1.13052,1094.7,8.63e-07
1.13055,1094.83,0.132527
1.13055,1094.83,8.63e-07
1.13059,1094.96,0.132527
1.13073,1095.02,0.0616428
1.13075,1095.04,0.012401
1.13075,1095.04,1.2945e-06
1.13077,1095.1,0.0662636
1.13077,1095.1,8.63e-07
1.1308,1095.24,0.132527
1.13098,1095.31,0.0770534
1.131,1095.32,0.012401
1.131,1095.32,1.2945e-06
1.13102,1095.39,0.0662636
1.13123,1095.48,0.092464
1.13125,1095.5,0.012401
1.13125,1095.5,1.2945e-06
1.13127,1095.56,0.0662636
1.13127,1095.56,8.63e-07
1.1313,1095.69,0.132527
1.13148,1095.77,0.0770534
1.1315,1095.78,0.012401
1.1315,1095.78,1.2945e-06
1.13152,1095.85,0.0662636
1.13173,1095.94,0.092464
1.13175,1095.96,0.012401
1.13175,1095.96,1.2945e-06
1.13177,1096.02,0.0662636
1.13177,1096.02,8.63e-07
1.1318,1096.15,0.132527
1.13198,1096.23,0.0770534
1.132,1096.24,0.012401
1.132,1096.24,1.2945e-06
1.13202,1096.31,0.0662636
1.13223,1096.4,0.092464
1.13225,1096.41,0.012401
1.13225,1096.41,1.2945e-06
1.13227,1096.48,0.0662636
1.13227,1096.48,8.63e-07
1.1323,1096.61,0.132527
1.13248,1096.69,0.0770534
1.1325,1096.7,0.012401
1.1325,1096.7,1.2945e-06
1.13252,1096.77,0.0662636
1.13252,1096.77,8.63e-07
1.13255,1096.9,0.132527
1.13255,1096.9,8.63e-07
1.13259,1097.03,0.132527
1.13273,1097.1,0.0616428
1.13275,1097.11,0.012401
1.13275,1097.11,1.2945e-06
1.13277,1097.17,0.0662636
1.13277,1097.17,8.63e-07
1.1328,1097.31,0.132527
1.13298,1097.38,0.0770534
1.133,1097.4,0.012401
1.133,1097.4,1.2945e-06
1.13302,1097.46,0.0662636
1.13302,1097.46,8.63e-07
1.13305,1097.6,0.132527
1.13305,1097.6,8.63e-07
1.13309,1097.73,0.132527
1.13323,1097.79,0.0616428
1.13325,1097.8,0.012401
1.13325,1097.8,1.2945e-06
1.13327,1097.87,0.0662636
1.13327,1097.87,8.63e-07
1.1333,1098,0.132527
1.13348,1098.08,0.0770534
1.1335,1098.09,0.012401
1.1335,1098.09,1.2945e-06
1.13352,1098.16,0.0662636
1.13373,1098.25,0.092464
1.13375,1098.26,0.012401
1.13375,1098.26,1.2945e-06
1.13377,1098.33,0.0662636
1.13377,1098.33,8.63e-07
1.1338,1098.46,0.132527
1.13398,1098.54,0.0770534
1.134,1098.55,0.012401
1.134,1098.55,1.2945e-06
1.13402,1098.62,0.0662636
1.13423,1098.71,0.092464
1.13425,1098.72,0.012401
1.13425,1098.72,1.2945e-06
1.13427,1098.79,0.0662636
1.13427,1098.79,8.63e-07
1.1343,1098.92,0.132527
1.13448,1099,0.0770534
1.1345,1099.01,0.012401
1.1345,1099.01,1.2945e-06
1.13452,1099.08,0.0662636
1.13473,1099.17,0.092464
1.13475,1099.18,0.012401
1.13475,1099.18,1.2945e-06
1.13477,1099.25,0.0662636
1.13477,1099.25,8.63e-07
1.1348,1099.38,0.132527
1.13498,1099.46,0.0770534
1.135,1099.47,0.012401
1.135,1099.47,1.2945e-06
1.13502,1099.53,0.0662636
1.13523,1099.63,0.092464
1.13525,1099.64,0.012401
1.13525,1099.64,1.2945e-06
1.13527,1099.71,0.0662636
1.13527,1099.71,8.63e-07
1.1353,1099.84,0.132527
1.13548,1099.92,0.0770534
1.1355,1099.93,0.012401
1.1355,1099.93,1.2945e-06
1.13552,1099.99,0.0662636
1.13573,1100.09,0.092464
1.13575,1100.1,0.012401
1.13575,1100.1,1.2945e-06
1.13577,1100.17,0.0662636
1.13577,1100.17,8.63e-07
1.1358,1100.3,0.132527
1.13598,1100.37,0.0770534
1.136,1100.39,0.012401
1.136,1100.39,1.2945e-06
1.13602,1100.45,0.0662636
1.13623,1100.55,0.092464
1.13625,1100.56,0.012401
1.13625,1100.56,1.2945e-06
1.13627,1100.62,0.0662636
1.13627,1100.62,8.63e-07
1.1363,1100.76,0.132527
1.13648,1100.83,0.0770534
1.1365,1100.85,0.012401
1.1365,1100.85,1.2945e-06
1.13652,1100.91,0.0662636
1.13673,1101.01,0.092464
1.13675,1101.02,0.012401
1.13675,1101.02,1.2945e-06
1.13677,1101.08,0.0662636
1.13677,1101.08,8.63e-07
1.1368,1101.22,0.132527
1.13698,1101.29,0.0770534
1.137,1101.31,0.012401
1.137,1101.31,1.2945e-06
1.13702,1101.37,0.0662636
1.13723,1101.46,0.092464
1.13725,1101.48,0.012401
1.13725,1101.48,1.2945e-06
1.13727,1101.54,0.0662636
1.13727,1101.54,8.63e-07
1.1373,1101.68,0.132527
1.13748,1101.75,0.0770534
1.1375,1101.77,0.012401
1.1375,1101.77,1.2945e-06
1.13752,1101.83,0.0662636
1.13773,1101.92,0.092464
1.13775,1101.94,0.012401
1.13775,1101.94,1.2945e-06
1.13777,1102,0.0662636
1.13777,1102,8.63e-07
1.1378,1102.14,0.132527
1.13798,1102.21,0.0770534
1.138,1102.22,0.012401
1.138,1102.22,1.2945e-06
1.13802,1102.29,0.0662636
1.13823,1102.38,0.092464
1.13825,1102.4,0.012401
1.13825,1102.4,1.2945e-06
1.13827,1102.46,0.0662636
1.13827,1102.46,8.63e-07
1.1383,1102.59,0.132527
1.13848,1102.67,0.0770534
1.1385,1102.68,0.012401
1.1385,1102.68,1.2945e-06
1.13852,1102.75,0.0662636
1.13873,1102.84,0.092464
1.13875,1102.86,0.012401
1.13875,1102.86,1.2945e-06
1.13877,1102.92,0.0662636
1.13877,1102.92,8.63e-07
1.1388,1103.05,0.132527
1.13898,1103.13,0.0770534
1.139,1103.14,0.012401
1.139,1103.14,1.2945e-06
1.13902,1103.21,0.0662636
1.13923,1103.3,0.092464
1.13925,1103.31,0.012401
1.13925,1103.31,1.2945e-06
1.13927,1103.38,0.0662636
1.13927,1103.38,8.63e-07
1.1393,1103.51,0.132527
1.13948,1103.59,0.0770534
1.1395,1103.6,0.012401
1.1395,1103.6,1.2945e-06
1.13952,1103.67,0.0662636
1.13973,1103.76,0.092464
1.13975,1103.77,0.012401
1.13975,1103.77,1.2945e-06
1.13977,1103.84,0.0662636
1.13977,1103.84,8.63e-07
1.1398,1103.97,0.132527
1.13998,1104.05,0.0770534
1.14,1104.06,0.012401
1.14,1104.06,1.2945e-06
1.14002,1104.13,0.0662636
1.14023,1104.22,0.092464
1.14025,1104.23,0.012401
1.14025,1104.23,1.2945e-06
1.14027,1104.3,0.0662636
1.14027,1104.3,8.63e-07
1.1403,1104.43,0.132527
1.14048,1104.51,0.0770534
1.1405,1104.52,0.012401
1.1405,1104.52,1.2945e-06
1.14052,1104.59,0.0662636
1.14073,1104.68,0.092464
1.14075,1104.69,0.012401
1.14075,1104.69,1.2945e-06
1.14077,1104.76,0.0662636
1.14077,1104.76,8.63e-07
1.1408,1104.89,0.132527
1.14098,1104.97,0.0770534
1.141,1104.98,0.012401
1.141,1104.98,1.2945e-06
1.14102,1105.05,0.0662636
1.14123,1105.14,0.092464
1.14125,1105.15,0.012401
1.14125,1105.15,1.2945e-06
1.14127,1105.22,0.0662636
1.14127,1105.22,8.63e-07
1.1413,1105.35,0.132527
1.14148,1105.43,0.0770534
1.1415,1105.44,0.012401
1.1415,1105.44,1.2945e-06
1.14152,1105.51,0.0662636
1.14173,1105.6,0.092464
1.14175,1105.61,0.012401
1.14175,1105.61,1.2945e-06
1.14177,1105.68,0.0662636
1.14177,1105.68,8.63e-07
1.1418,1105.81,0.132527
1.14198,1105.89,0.0770534
1.142,1105.9,0.012401
1.142,1105.9,1.2945e-06
1.14202,1105.97,0.0662636
1.14223,1106.06,0.092464
1.14225,1106.07,0.012401
1.14225,1106.07,1.2945e-06
1.14227,1106.14,0.0662636
1.14227,1106.14,8.63e-07
1.1423,1106.27,0.132527
1.14248,1106.35,0.0770534
1.1425,1106.36,0.012401
1.1425,1106.36,1.2945e-06
1.14252,1106.43,0.0662636
1.14273,1106.52,0.092464
1.14275,1106.53,0.012401
1.14275,1106.53,1.2945e-06
1.14277,1106.6,0.0662636
1.14277,1106.6,8.63e-07
1.1428,1106.73,0.132527
1.14298,1106.81,0.0770534
1.143,1106.82,0.012401
1.143,1106.82,1.2945e-06
1.14302,1106.88,0.0662636
1.14323,1106.98,0.092464
1.14325,1106.99,0.012401
1.14325,1106.99,1.2945e-06
1.14327,1107.06,0.0662636
1.14327,1107.06,8.63e-07
1.1433,1107.19,0.132527
1.14348,1107.27,0.0770534
1.1435,1107.28,0.012401
1.1435,1107.28,1.2945e-06
1.14352,1107.34,0.0662636
1.14373,1107.44,0.092464
1.14375,1107.45,0.012401
1.14375,1107.45,1.2945e-06
1.14377,1107.52,0.0662636
1.14377,1107.52,8.63e-07
1.1438,1107.65,0.132527
1.14398,1107.72,0.0770534
1.144,1107.74,0.012401
1.144,1107.74,1.2945e-06
1.14402,1107.8,0.0662636
1.14423,1107.9,0.092464
1.14425,1107.91,0.012401
1.14425,1107.91,1.2945e-06
1.14427,1107.97,0.0662636
1.14427,1107.97,8.63e-07
1.1443,1108.11,0.132527
1.14448,1108.18,0.0770534
1.1445,1108.2,0.012401
1.1445,1108.2,1.2945e-06
1.14452,1108.26,0.0662636
1.14473,1108.36,0.092464
1.14475,1108.37,0.012401
1.14475,1108.37,1.2945e-06
1.14477,1108.43,0.0662636
1.14477,1108.43,8.63e-07
1.1448,1108.57,0.132527
1.14498,1108.64,0.0770534
1.145,1108.66,0.012401
1.145,1108.66,1.2945e-06
1.14502,1108.72,0.0662636
1.14523,1108.81,0.092464
1.14525,1108.83,0.012401
1.14525,1108.83,1.2945e-06
1.14527,1108.89,0.0662636
1.14527,1108.89,8.63e-07
1.1453,1109.03,0.132527
1.14548,1109.1,0.0770534
1.1455,1109.12,0.012401
1.1455,1109.12,1.2945e-06
1.14552,1109.18,0.0662636
1.14573,1109.27,0.092464
1.14575,1109.29,0.012401
1.14575,1109.29,1.2945e-06
1.14577,1109.35,0.0662636
1.14577,1109.35,8.63e-07
1.1458,1109.49,0.132527
1.14598,1109.56,0.0770534
1.146,1109.57,0.012401
1.146,1109.57,1.2945e-06
1.14602,1109.64,0.0662636
1.14623,1109.73,0.092464
1.14625,1109.75,0.012401
1.14625,1109.75,1.2945e-06
1.14627,1109.81,0.0662636
1.14627,1109.81,8.63e-07
1.1463,1109.94,0.132527
1.14648,1110.02,0.0770534
1.1465,1110.03,0.012401
1.1465,1110.03,1.2945e-06
1.14652,1110.1,0.0662636
1.14673,1110.19,0.092464
1.14675,1110.21,0.012401
1.14675,1110.21,1.2945e-06
1.14677,1110.27,0.0662636
1.14677,1110.27,8.63e-07
1.1468,1110.4,0.132527
1.14698,1110.48,0.0770534
1.147,1110.49,0.012401
1.147,1110.49,1.2945e-06
1.14702,1110.56,0.0662636
1.14723,1110.65,0.092464
1.14725,1110.66,0.012401
1.14725,1110.66,1.2945e-06
1.14727,1110.73,0.0662636
1.14727,1110.73,8.63e-07
1.1473,1110.86,0.132527
1.14748,1110.94,0.0770534
1.1475,1110.95,0.012401
1.1475,1110.95,1.2945e-06
1.14752,1111.02,0.0662636
1.14773,1111.11,0.092464
1.14775,1111.12,0.012401
1.14775,1111.12,1.2945e-06
1.14777,1111.19,0.0662636
1.14777,1111.19,8.63e-07
1.1478,1111.32,0.132527
1.14798,1111.4,0.0770534
1.148,1111.41,0.012401
1.148,1111.41,1.2945e-06
1.14802,1111.48,0.0662636
1.14823,1111.57,0.092464
1.14825,1111.58,0.012401
1.14825,1111.58,1.2945e-06
1.14827,1111.65,0.0662636
1.14827,1111.65,8.63e-07
1.1483,1111.78,0.132527
1.14848,1111.86,0.0770534
1.1485,1111.87,0.012401
1.1485,1111.87,1.2945e-06
1.14852,1111.94,0.0662636
1.14873,1112.03,0.092464
1.14875,1112.04,0.012401
1.14875,1112.04,1.2945e-06
1.14877,1112.11,0.0662636
1.14877,1112.11,8.63e-07
1.1488,1112.24,0.132527
1.14898,1112.32,0.0770534
1.149,1112.33,0.012401
1.149,1112.33,1.2945e-06
1.14902,1112.4,0.0662636
1.14923,1112.49,0.092464
1.14925,1112.5,0.012401
1.14925,1112.5,1.2945e-06
1.14927,1112.57,0.0662636
1.14927,1112.57,8.63e-07
1.1493,1112.7,0.132527
1.14948,1112.78,0.0770534
1.1495,1112.79,0.012401
1.1495,1112.79,1.2945e-06
1.14952,1112.86,0.0662636
1.14973,1112.95,0.092464
1.14975,1112.96,0.012401
1.14975,1112.96,1.2945e-06
1.14977,1113.03,0.0662636
1.14977,1113.03,8.63e-07
1.1498,1113.16,0.132527
1.14998,1113.24,0.0770534
1.15,1113.25,0.012401
1.15,1113.25,1.2945e-06
1.15002,1113.32,0.0662636
1.15023,1113.41,0.092464
1.15025,1113.42,0.012401
1.15025,1113.42,1.2945e-06
1.15027,1113.49,0.0662636
1.15027,1113.49,8.63e-07
1.1503,1113.62,0.132527
1.15048,1113.7,0.0770534
1.1505,1113.71,0.012401
1.1505,1113.71,1.2945e-06
1.15052,1113.78,0.0662636
1.15073,1113.87,0.092464
1.15075,1113.88,0.012401
1.15075,1113.88,1.2945e-06
1.15077,1113.95,0.0662636
1.15077,1113.95,8.63e-07
1.1508,1114.08,0.132527
1.15098,1114.16,0.0770534
1.151,1114.17,0.012401
1.151,1114.17,1.2945e-06
1.15102,1114.23,0.0662636
1.15123,1114.33,0.092464
1.15125,1114.34,0.012401
1.15125,1114.34,1.2945e-06
1.15127,1114.41,0.0662636
1.15127,1114.41,8.63e-07
1.1513,1114.54,0.132527
1.15148,1114.62,0.0770534
1.1515,1114.63,0.012401
1.1515,1114.63,1.2945e-06
1.15152,1114.69,0.0662636
1.15173,1114.79,0.092464
1.15175,1114.8,0.012401
1.15175,1114.8,1.2945e-06
1.15177,1114.87,0.0662636
1.15177,1114.87,8.63e-07
1.1518,1115,0.132527
1.15198,1115.07,0.0770534
1.152,1115.09,0.012401
1.152,1115.09,1.2945e-06
1.15202,1115.15,0.0662636
1.15223,1115.25,0.092464
1.15225,1115.26,0.012401
1.15225,1115.26,1.2945e-06
1.15227,1115.32,0.0662636
1.15227,1115.32,8.63e-07
1.1523,1115.46,0.132527
1.15248,1115.53,0.0770534
1.1525,1115.55,0.012401
1.1525,1115.55,1.2945e-06
1.15252,1115.61,0.0662636
1.15273,1115.71,0.092464
1.15275,1115.72,0.012401
1.15275,1115.72,1.2945e-06
1.15277,1115.78,0.0662636
1.15277,1115.78,8.63e-07
1.1528,1115.92,0.132527
1.15298,1115.99,0.0770534
1.153,1116.01,0.012401
1.153,1116.01,1.2945e-06
1.15302,1116.07,0.0662636
1.15323,1116.16,0.092464
1.15325,1116.18,0.012401
1.15325,1116.18,1.2945e-06
1.15327,1116.24,0.0662636
1.15327,1116.24,8.63e-07
1.1533,1116.38,0.132527
1.15348,1116.45,0.0770534
1.1535,1116.47,0.012401
1.1535,1116.47,1.2945e-06
1.15352,1116.53,0.0662636
1.15373,1116.62,0.092464
1.15375,1116.64,0.012401
1.15375,1116.64,1.2945e-06
1.15377,1116.7,0.0662636
1.15377,1116.7,8.63e-07
1.1538,1116.84,0.132527
1.15398,1116.91,0.0770534
1.154,1116.92,0.012401
1.154,1116.92,1.2945e-06
1.15402,1116.99,0.0662636
1.15423,1117.08,0.092464
1.15425,1117.1,0.012401
1.15425,1117.1,1.2945e-06
1.15427,1117.16,0.0662636
1.15427,1117.16,8.63e-07
1.1543,1117.29,0.132527
1.15448,1117.37,0.0770534
1.1545,1117.38,0.012401
1.1545,1117.38,1.2945e-06
1.15452,1117.45,0.0662636
1.15473,1117.54,0.092464
1.15475,1117.56,0.012401
1.15475,1117.56,1.2945e-06
1.15477,1117.62,0.0662636
1.15477,1117.62,8.63e-07
1.1548,1117.75,0.132527
1.15498,1117.83,0.0770534
1.155,1117.84,0.012401
1.155,1117.84,1.2945e-06
1.15502,1117.91,0.0662636
1.15523,1118,0.092464
1.15525,1118.01,0.012401
1.15525,1118.01,1.2945e-06
1.15527,1118.08,0.0662636
1.15527,1118.08,8.63e-07
1.1553,1118.21,0.132527
1.15548,1118.29,0.0770534
1.1555,1118.3,0.012401
1.1555,1118.3,1.2945e-06
1.15552,1118.37,0.0662636
1.15573,1118.46,0.092464
1.15575,1118.47,0.012401
1.15575,1118.47,1.2945e-06
1.15577,1118.54,0.0662636
1.15577,1118.54,8.63e-07
1.1558,1118.67,0.132527
1.15598,1118.75,0.0770534
1.156,1118.76,0.012401
1.156,1118.76,1.2945e-06
1.15602,1118.83,0.0662636
1.15623,1118.92,0.092464
1.15625,1118.93,0.012401
1.15625,1118.93,1.2945e-06
1.15627,1119,0.0662636
1.15627,1119,8.63e-07
1.1563,1119.13,0.132527
1.15648,1119.21,0.0770534
1.1565,1119.22,0.012401
1.1565,1119.22,1.2945e-06
1.15652,1119.29,0.0662636
1.15673,1119.38,0.092464
1.15675,1119.39,0.012401
1.15675,1119.39,1.2945e-06
1.15677,1119.46,0.0662636
1.15677,1119.46,8.63e-07
1.1568,1119.59,0.132527
1.15698,1119.67,0.0770534
1.157,1119.68,0.012401
1.157,1119.68,1.2945e-06
1.15702,1119.75,0.0662636
1.15723,1119.84,0.092464
1.15725,1119.85,0.012401
1.15725,1119.85,1.2945e-06
1.15727,1119.92,0.0662636
1.15727,1119.92,8.63e-07
1.1573,1120.05,0.132527
1.15748,1120.13,0.0770534
1.1575,1120.14,0.012401
1.1575,1120.14,1.2945e-06
1.15752,1120.21,0.0662636
1.15773,1120.3,0.092464
1.15775,1120.31,0.012401
1.15775,1120.31,1.2945e-06
1.15777,1120.38,0.0662636
1.15777,1120.38,8.63e-07
1.1578,1120.51,0.132527
1.15798,1120.59,0.0770534
1.158,1120.6,0.012401
1.158,1120.6,1.2945e-06
1.15802,1120.67,0.0662636
1.15823,1120.76,0.092464
1.15825,1120.77,0.012401
1.15825,1120.77,1.2945e-06
1.15827,1120.84,0.0662636
1.15827,1120.84,8.63e-07
1.1583,1120.97,0.132527
1.15848,1121.05,0.0770534
1.1585,1121.06,0.012401
1.1585,1121.06,1.2945e-06
1.15852,1121.13,0.0662636
1.15873,1121.22,0.092464
1.15875,1121.23,0.012401
1.15875,1121.23,1.2945e-06
1.15877,1121.3,0.0662636
1.15877,1121.3,8.63e-07
1.1588,1121.43,0.132527
1.15898,1121.51,0.0770534
1.159,1121.52,0.012401
1.159,1121.52,1.2945e-06
1.15902,1121.58,0.0662636
1.15923,1121.68,0.092464
1.15925,1121.69,0.012401
1.15925,1121.69,1.2945e-06
1.15927,1121.76,0.0662636
1.15927,1121.76,8.63e-07
1.1593,1121.89,0.132527
1.15948,1121.97,0.0770534
1.1595,1121.98,0.012401
1.1595,1121.98,1.2945e-06
1.15952,1122.04,0.0662636
1.15973,1122.14,0.092464
1.15975,1122.15,0.012401
1.15975,1122.15,1.2945e-06
1.15977,1122.22,0.0662636
1.15977,1122.22,8.63e-07
1.1598,1122.35,0.132527
1.15998,1122.42,0.0770534
1.16,1122.44,0.012401
1.16,1122.44,1.2945e-06
1.16002,1122.5,0.0662636
1.16023,1122.6,0.092464
1.16025,1122.61,0.012401
1.16025,1122.61,1.2945e-06
1.16027,1122.67,0.0662636
1.16027,1122.67,8.63e-07
1.1603,1122.81,0.132527
1.16048,1122.88,0.0770534
1.1605,1122.9,0.012401
1.1605,1122.9,1.2945e-06
1.16052,1122.96,0.0662636
1.16073,1123.06,0.092464
1.16075,1123.07,0.012401
1.16075,1123.07,1.2945e-06
1.16077,1123.13,0.0662636
1.16077,1123.13,8.63e-07
1.1608,1123.27,0.132527
1.16098,1123.34,0.0770534
1.161,1123.36,0.012401
1.161,1123.36,1.2945e-06
1.16102,1123.42,0.0662636
1.16123,1123.51,0.092464
1.16125,1123.53,0.012401
1.16125,1123.53,1.2945e-06
1.16127,1123.59,0.0662636
1.16127,1123.59,8.63e-07
1.1613,1123.73,0.132527
1.16148,1123.8,0.0770534
1.1615,1123.82,0.012401
1.1615,1123.82,1.2945e-06
1.16152,1123.88,0.0662636
1.16173,1123.97,0.092464
1.16175,1123.99,0.012401
1.16175,1123.99,1.2945e-06
1.16177,1124.05,0.0662636
1.16177,1124.05,8.63e-07
1.1618,1124.19,0.132527
1.16198,1124.26,0.0770534
1.162,1124.27,0.012401
1.162,1124.27,1.2945e-06
1.16202,1124.34,0.0662636
1.16223,1124.43,0.092464
1.16225,1124.45,0.012401
1.16225,1124.45,1.2945e-06
1.16227,1124.51,0.0662636
1.16227,1124.51,8.63e-07
1.1623,1124.64,0.132527
1.16248,1124.72,0.0770534
1.1625,1124.73,0.012401
1.1625,1124.73,1.2945e-06
1.16252,1124.8,0.0662636
1.16273,1124.89,0.092464
1.16275,1124.91,0.012401
1.16275,1124.91,1.2945e-06
1.16277,1124.97,0.0662636
1.16277,1124.97,8.63e-07
1.1628,1125.1,0.132527
1.16298,1125.18,0.0770534
1.163,1125.19,0.012401
1.163,1125.19,1.2945e-06
1.16302,1125.26,0.0662636
1.16323,1125.35,0.092464
1.16325,1125.36,0.012401
1.16325,1125.36,1.2945e-06
1.16327,1125.43,0.0662636
1.16327,1125.43,8.63e-07
1.1633,1125.56,0.132527
1.16348,1125.64,0.0770534
1.1635,1125.65,0.012401
1.1635,1125.65,1.2945e-06
1.16352,1125.72,0.0662636
1.16373,1125.81,0.092464
1.16375,1125.82,0.012401
1.16375,1125.82,1.2945e-06
1.16377,1125.89,0.0662636
1.16377,1125.89,8.63e-07
1.1638,1126.02,0.132527
1.16398,1126.1,0.0770534
1.164,1126.11,0.012401
1.164,1126.11,1.2945e-06
1.16402,1126.18,0.0662636
1.16423,1126.27,0.092464
1.16425,1126.28,0.012401
1.16425,1126.28,1.2945e-06
1.16427,1126.35,0.0662636
1.16427,1126.35,8.63e-07
1.1643,1126.48,0.132527
1.16448,1126.56,0.0770534
1.1645,1126.57,0.012401
1.1645,1126.57,1.2945e-06
1.16452,1126.64,0.0662636
1.16473,1126.73,0.092464
1.16475,1126.74,0.012401
1.16475,1126.74,1.2945e-06
1.16477,1126.81,0.0662636
1.16477,1126.81,8.63e-07
1.1648,1126.94,0.132527
1.16498,1127.02,0.0770534
1.165,1127.03,0.012401
1.165,1127.03,1.2945e-06
1.16502,1127.1,0.0662636
1.16523,1127.19,0.092464
1.16525,1127.2,0.012401
1.16525,1127.2,1.2945e-06
1.16527,1127.27,0.0662636
1.16527,1127.27,8.63e-07
1.1653,1127.4,0.132527
1.16548,1127.48,0.0770534
1.1655,1127.49,0.012401
1.1655,1127.49,1.2945e-06
1.16552,1127.56,0.0662636
1.16573,1127.65,0.092464
1.16575,1127.66,0.012401
1.16575,1127.66,1.2945e-06
1.16577,1127.73,0.0662636
1.16577,1127.73,8.63e-07
1.1658,1127.86,0.132527
1.16598,1127.94,0.0770534
1.166,1127.95,0.012401
1.166,1127.95,1.2945e-06
1.16602,1128.02,0.0662636
1.16623,1128.11,0.092464
1.16625,1128.12,0.012401
1.16625,1128.12,1.2945e-06
1.16627,1128.19,0.0662636
1.16627,1128.19,8.63e-07
1.1663,1128.32,0.132527
1.16648,1128.4,0.0770534
1.1665,1128.41,0.012401
1.1665,1128.41,1.2945e-06
1.16652,1128.48,0.0662636
1.16673,1128.57,0.092464
1.16675,1128.58,0.012401
1.16675,1128.58,1.2945e-06
1.16677,1128.65,0.0662636
1.16677,1128.65,8.63e-07
1.1668,1128.78,0.132527
1.16698,1128.86,0.0770534
1.167,1128.87,0.012401
1.167,1128.87,1.2945e-06
1.16702,1128.93,0.0662636
1.16723,1129.03,0.092464
1.16725,1129.04,0.012401
1.16725,1129.04,1.2945e-06
1.16727,1129.11,0.0662636
1.16727,1129.11,8.63e-07
1.1673,1129.24,0.132527
1.16748,1129.32,0.0770534
1.1675,1129.33,0.012401
1.1675,1129.33,1.2945e-06
1.16752,1129.39,0.0662636
1.16773,1129.49,0.092464
1.16775,1129.5,0.012401
1.16775,1129.5,1.2945e-06
1.16777,1129.57,0.0662636
1.16777,1129.57,8.63e-07
1.1678,1129.7,0.132527
1.16798,1129.77,0.0770534
1.168,1129.79,0.012401
1.168,1129.79,1.2945e-06
1.16802,1129.85,0.0662636
1.16823,1129.95,0.092464
1.16825,1129.96,0.012401
1.16825,1129.96,1.2945e-06
1.16827,1130.02,0.0662636
1.16827,1130.02,8.63e-07
1.1683,1130.16,0.132527
1.16848,1130.23,0.0770534
1.1685,1130.25,0.012401
1.1685,1130.25,1.2945e-06
1.16852,1130.31,0.0662636
1.16873,1130.41,0.092464
1.16875,1130.42,0.012401
1.16875,1130.42,1.2945e-06
1.16877,1130.48,0.0662636
1.16877,1130.48,8.63e-07
1.1688,1130.62,0.132527
1.16898,1130.69,0.0770534
1.169,1130.71,0.012401
1.169,1130.71,1.2945e-06
1.16902,1130.77,0.0662636
1.16923,1130.86,0.092464
1.16925,1130.88,0.012401
1.16925,1130.88,1.2945e-06
1.16927,1130.94,0.0662636
1.16927,1130.94,8.63e-07
1.1693,1131.08,0.132527
1.16948,1131.15,0.0770534
1.1695,1131.17,0.012401
1.1695,1131.17,1.2945e-06
1.16952,1131.23,0.0662636
1.16973,1131.32,0.092464
1.16975,1131.34,0.012401
1.16975,1131.34,1.2945e-06
1.16977,1131.4,0.0662636
1.16977,1131.4,8.63e-07
1.1698,1131.54,0.132527
1.16998,1131.61,0.0770534
1.17,1131.62,0.012401
1.17,1131.62,1.2945e-06
1.17002,1131.69,0.0662636
1.17023,1131.78,0.092464
1.17025,1131.8,0.012401
1.17025,1131.8,1.2945e-06
1.17027,1131.86,0.0662636
1.17027,1131.86,8.63e-07
1.1703,1131.99,0.132527
1.17048,1132.07,0.0770534
1.1705,1132.08,0.012401
1.1705,1132.08,1.2945e-06
1.17052,1132.15,0.0662636
1.17073,1132.24,0.092464
1.17075,1132.26,0.012401
1.17075,1132.26,1.2945e-06
1.17077,1132.32,0.0662636
1.17077,1132.32,8.63e-07
1.1708,1132.45,0.132527
1.17098,1132.53,0.0770534
1.171,1132.54,0.012401
1.171,1132.54,1.2945e-06
1.17102,1132.61,0.0662636
1.17123,1132.7,0.092464
1.17125,1132.71,0.012401
1.17125,1132.71,1.2945e-06
1.17127,1132.78,0.0662636
1.17127,1132.78,8.63e-07
1.1713,1132.91,0.132527
1.17148,1132.99,0.0770534
1.1715,1133,0.012401
1.1715,1133,1.2945e-06
1.17152,1133.07,0.0662636
1.17173,1133.16,0.092464
1.17175,1133.17,0.012401
1.17175,1133.17,1.2945e-06
1.17177,1133.24,0.0662636
1.17177,1133.24,8.63e-07
1.1718,1133.37,0.132527
1.17198,1133.45,0.0770534
1.172,1133.46,0.012401
1.172,1133.46,1.2945e-06
1.17202,1133.53,0.0662636
1.17223,1133.62,0.092464
1.17225,1133.63,0.012401
1.17225,1133.63,1.2945e-06
1.17227,1133.7,0.0662636
1.17227,1133.7,8.63e-07
1.1723,1133.83,0.132527
1.17248,1133.91,0.0770534
1.1725,1133.92,0.012401
1.1725,1133.92,1.2945e-06
1.17252,1133.99,0.0662636
1.17273,1134.08,0.092464
1.17275,1134.09,0.012401
1.17275,1134.09,1.2945e-06
1.17277,1134.16,0.0662636
1.17277,1134.16,8.63e-07
1.1728,1134.29,0.132527
1.17298,1134.37,0.0770534
1.173,1134.38,0.012401
1.173,1134.38,1.2945e-06
1.17302,1134.45,0.0662636
1.17323,1134.54,0.092464
1.17325,1134.55,0.012401
1.17325,1134.55,1.2945e-06
1.17327,1134.62,0.0662636
1.17327,1134.62,8.63e-07
1.1733,1134.75,0.132527
1.17348,1134.83,0.0770534
1.1735,1134.84,0.012401
1.1735,1134.84,1.2945e-06
1.17352,1134.91,0.0662636
1.17373,1135,0.092464
1.17375,1135.01,0.012401
1.17375,1135.01,1.2945e-06
1.17377,1135.08,0.0662636
1.17377,1135.08,8.63e-07
1.1738,1135.21,0.132527
1.17398,1135.29,0.0770534
1.174,1135.3,0.012401
1.174,1135.3,1.2945e-06
1.17402,1135.37,0.0662636
1.17423,1135.46,0.092464
1.17425,1135.47,0.012401
1.17425,1135.47,1.2945e-06
1.17427,1135.54,0.0662636
1.17427,1135.54,8.63e-07
1.1743,1135.67,0.132527
1.17448,1135.75,0.0770534
1.1745,1135.76,0.012401
1.1745,1135.76,1.2945e-06
1.17452,1135.83,0.0662636
1.17473,1135.92,0.092464
1.17475,1135.93,0.012401
1.17475,1135.93,1.2945e-06
1.17477,1136,0.0662636
1.17477,1136,8.63e-07
1.1748,1136.13,0.132527
1.17498,1136.21,0.0770534
1.175,1136.22,0.012401
1.175,1136.22,1.2945e-06
1.17502,1136.28,0.0662636
1.17523,1136.38,0.092464
1.17525,1136.39,0.012401
1.17525,1136.39,1.2945e-06
1.17527,1136.46,0.0662636
1.17527,1136.46,8.63e-07
1.1753,1136.59,0.132527
1.17548,1136.67,0.0770534
1.1755,1136.68,0.012401
1.1755,1136.68,1.2945e-06
1.17552,1136.74,0.0662636
1.17573,1136.84,0.092464
1.17575,1136.85,0.012401
1.17575,1136.85,1.2945e-06
1.17577,1136.92,0.0662636
1.17577,1136.92,8.63e-07
1.1758,1137.05,0.132527
1.17598,1137.12,0.0770534
1.176,1137.14,0.012401
1.176,1137.14,1.2945e-06
1.17602,1137.2,0.0662636
1.17623,1137.3,0.092464
1.17625,1137.31,0.012401
1.17625,1137.31,1.2945e-06
1.17627,1137.37,0.0662636
1.17627,1137.37,8.63e-07
1.1763,1137.51,0.132527
1.17648,1137.58,0.0770534
1.1765,1137.6,0.012401
1.1765,1137.6,1.2945e-06
1.17652,1137.66,0.0662636
1.17652,1137.66,8.63e-07
1.17655,1137.8,0.132527
1.17655,1137.8,8.63e-07
1.17659,1137.93,0.132527
1.17673,1137.99,0.0616428
1.17675,1138,0.012401
1.17675,1138,1.2945e-06
1.17677,1138.07,0.0662636
1.17677,1138.07,8.63e-07
1.1768,1138.2,0.132527
1.17698,1138.28,0.0770534
1.177,1138.29,0.012401
1.177,1138.29,1.2945e-06
1.17702,1138.36,0.0662636
1.17702,1138.36,8.63e-07
1.17705,1138.49,0.132527
1.17705,1138.49,8.63e-07
1.17709,1138.62,0.132527
1.17723,1138.68,0.0616428
1.17725,1138.7,0.012401
1.17725,1138.7,1.2945e-06
1.17727,1138.76,0.0662636
1.17727,1138.76,8.63e-07
1.1773,1138.89,0.132527
1.17748,1138.97,0.0770534
1.1775,1138.98,0.012401
1.1775,1138.98,1.2945e-06
1.17752,1139.05,0.0662636
1.17773,1139.14,0.092464
1.17775,1139.16,0.012401
1.17775,1139.16,1.2945e-06
1.17777,1139.22,0.0662636
1.17777,1139.22,8.63e-07
1.1778,1139.35,0.132527
1.17798,1139.43,0.0770534
1.178,1139.44,0.012401
1.178,1139.44,1.2945e-06
1.17802,1139.51,0.0662636
1.17802,1139.51,8.63e-07
1.17805,1139.64,0.132527
1.17805,1139.64,8.63e-07
1.17809,1139.77,0.132527
1.17823,1139.84,0.0616428
1.17825,1139.85,0.012401
1.17825,1139.85,1.2945e-06
1.17827,1139.91,0.0662636
1.17827,1139.91,8.63e-07
1.1783,1140.05,0.132527
1.17848,1140.12,0.0770534
1.1785,1140.14,0.012401
1.1785,1140.14,1.2945e-06
1.17852,1140.2,0.0662636
1.17852,1140.2,8.63e-07
1.17855,1140.34,0.132527
1.17855,1140.34,8.63e-07
1.17859,1140.47,0.132527
1.17873,1140.53,0.0616428
1.17875,1140.54,0.012401
1.17875,1140.54,1.2945e-06
1.17877,1140.61,0.0662636
1.17877,1140.61,8.63e-07
1.1788,1140.74,0.132527
1.17898,1140.82,0.0770534
1.179,1140.83,0.012401
1.179,1140.83,1.2945e-06
1.17902,1140.9,0.0662636
1.17923,1140.99,0.092464
1.17925,1141,0.012401
1.17925,1141,1.2945e-06
1.17927,1141.07,0.0662636
1.17927,1141.07,8.63e-07
1.1793,1141.2,0.132527
1.17948,1141.28,0.0770534
1.1795,1141.29,0.012401
1.1795,1141.29,1.2945e-06
1.17952,1141.36,0.0662636
1.17973,1141.45,0.092464
1.17975,1141.46,0.012401
1.17975,1141.46,1.2945e-06
1.17977,1141.53,0.0662636
1.17977,1141.53,8.63e-07
1.1798,1141.66,0.132527
1.17998,1141.74,0.0770534
1.18,1141.75,0.012401
1.18,1141.75,1.2945e-06
1.18002,1141.82,0.0662636
1.18023,1141.91,0.092464
1.18025,1141.92,0.012401
1.18025,1141.92,1.2945e-06
1.18027,1141.99,0.0662636
1.18027,1141.99,8.63e-07
1.1803,1142.12,0.132527
1.18048,1142.2,0.0770534
1.1805,1142.21,0.012401
1.1805,1142.21,1.2945e-06
1.18052,1142.27,0.0662636
1.18073,1142.37,0.092464
1.18075,1142.38,0.012401
1.18075,1142.38,1.2945e-06
1.18077,1142.45,0.0662636
1.18077,1142.45,8.63e-07
1.1808,1142.58,0.132527
1.18098,1142.66,0.0770534
1.181,1142.67,0.012401
1.181,1142.67,1.2945e-06
1.18102,1142.73,0.0662636
1.18123,1142.83,0.092464
1.18125,1142.84,0.012401
1.18125,1142.84,1.2945e-06
1.18127,1142.91,0.0662636
1.18127,1142.91,8.63e-07
1.1813,1143.04,0.132527
1.18148,1143.12,0.0770534
1.1815,1143.13,0.012401
1.1815,1143.13,1.2945e-06
1.18152,1143.19,0.0662636
1.18173,1143.29,0.092464
1.18175,1143.3,0.012401
1.18175,1143.3,1.2945e-06
1.18177,1143.36,0.0662636
1.18177,1143.36,8.63e-07
1.1818,1143.5,0.132527
1.18198,1143.57,0.0770534
1.182,1143.59,0.012401
1.182,1143.59,1.2945e-06
1.18202,1143.65,0.0662636
1.18223,1143.75,0.092464
1.18225,1143.76,0.012401
1.18225,1143.76,1.2945e-06
1.18227,1143.82,0.0662636
1.18227,1143.82,8.63e-07
1.1823,1143.96,0.132527
1.18248,1144.03,0.0770534
1.1825,1144.05,0.012401
1.1825,1144.05,1.2945e-06
1.18252,1144.11,0.0662636
1.18273,1144.2,0.092464
1.18275,1144.22,0.012401
1.18275,1144.22,1.2945e-06
1.18277,1144.28,0.0662636
1.18277,1144.28,8.63e-07
1.1828,1144.42,0.132527
1.18298,1144.49,0.0770534
1.183,1144.51,0.012401
1.183,1144.51,1.2945e-06
1.18302,1144.57,0.0662636
1.18323,1144.66,0.092464
1.18325,1144.68,0.012401
1.18325,1144.68,1.2945e-06
1.18327,1144.74,0.0662636
1.18327,1144.74,8.63e-07
1.1833,1144.88,0.132527
1.18348,1144.95,0.0770534
1.1835,1144.96,0.012401
1.1835,1144.96,1.2945e-06
1.18352,1145.03,0.0662636
1.18373,1145.12,0.092464
1.18375,1145.14,0.012401
1.18375,1145.14,1.2945e-06
1.18377,1145.2,0.0662636
1.18377,1145.2,8.63e-07
1.1838,1145.33,0.132527
1.18398,1145.41,0.0770534
1.184,1145.42,0.012401
1.184,1145.42,1.2945e-06
1.18402,1145.49,0.0662636
1.18402,1145.49,8.63e-07
1.18405,1145.62,0.132527
1.18405,1145.62,8.63e-07
1.18409,1145.76,0.132527
1.18423,1145.82,0.0616428
1.18425,1145.83,0.012401
1.18425,1145.83,1.2945e-06
1.18427,1145.9,0.0662636
1.18427,1145.9,8.63e-07
1.1843,1146.03,0.132527
1.18448,1146.11,0.0770534
1.1845,1146.12,0.012401
1.1845,1146.12,1.2945e-06
1.18452,1146.18,0.0662636
1.18473,1146.28,0.092464
1.18475,1146.29,0.012401
1.18475,1146.29,1.2945e-06
1.18477,1146.36,0.0662636
1.18477,1146.36,8.63e-07
1.1848,1146.49,0.132527
1.18498,1146.56,0.0770534
1.185,1146.58,0.012401
1.185,1146.58,1.2945e-06
1.18502,1146.64,0.0662636
1.18523,1146.74,0.092464
1.18525,1146.75,0.012401
1.18525,1146.75,1.2945e-06
1.18527,1146.81,0.0662636
1.18527,1146.81,8.63e-07
1.1853,1146.95,0.132527
1.18548,1147.02,0.0770534
1.1855,1147.04,0.012401
1.1855,1147.04,1.2945e-06
1.18552,1147.1,0.0662636
1.18573,1147.2,0.092464
1.18575,1147.21,0.012401
1.18575,1147.21,1.2945e-06
1.18577,1147.27,0.0662636
1.18577,1147.27,8.63e-07
1.1858,1147.41,0.132527
1.18598,1147.48,0.0770534
1.186,1147.5,0.012401
1.186,1147.5,1.2945e-06
1.18602,1147.56,0.0662636
1.18602,1147.56,8.63e-07
1.18605,1147.69,0.132527
1.18605,1147.69,8.63e-07
1.18609,1147.83,0.132527
1.18623,1147.89,0.0616428
1.18625,1147.9,0.012401
1.18625,1147.9,1.2945e-06
1.18627,1147.97,0.0662636
1.18627,1147.97,8.63e-07
1.1863,1148.1,0.132527
1.18648,1148.18,0.0770534
1.1865,1148.19,0.012401
1.1865,1148.19,1.2945e-06
1.18652,1148.26,0.0662636
1.18652,1148.26,8.63e-07
1.18655,1148.39,0.132527
1.18655,1148.39,8.63e-07
1.18659,1148.52,0.132527
1.18673,1148.58,0.0616428
1.18675,1148.6,0.012401
1.18675,1148.6,1.2945e-06
1.18677,1148.66,0.0662636
1.18677,1148.66,8.63e-07
1.1868,1148.79,0.132527
1.18698,1148.87,0.0770534
1.187,1148.88,0.012401
1.187,1148.88,1.2945e-06
1.18702,1148.95,0.0662636
1.18702,1148.95,8.63e-07
1.18705,1149.08,0.132527
1.18705,1149.08,8.63e-07
1.18709,1149.21,0.132527
1.18723,1149.28,0.0616428
1.18725,1149.29,0.012401
1.18725,1149.29,1.2945e-06
1.18727,1149.35,0.0662636
1.18727,1149.35,8.63e-07
1.1873,1149.49,0.132527
1.18748,1149.56,0.0770534
1.1875,1149.58,0.012401
1.1875,1149.58,1.2945e-06
1.18752,1149.64,0.0662636
1.18773,1149.74,0.092464
1.18775,1149.75,0.012401
1.18775,1149.75,1.2945e-06
1.18777,1149.81,0.0662636
1.18777,1149.81,8.63e-07
1.1878,1149.95,0.132527
1.18798,1150.02,0.0770534
1.188,1150.04,0.012401
1.188,1150.04,1.2945e-06
1.18802,1150.1,0.0662636
1.18823,1150.2,0.092464
1.18825,1150.21,0.012401
1.18825,1150.21,1.2945e-06
1.18827,1150.27,0.0662636
1.18827,1150.27,8.63e-07
1.1883,1150.41,0.132527
1.18848,1150.48,0.0770534
1.1885,1150.5,0.012401
1.1885,1150.5,1.2945e-06
1.18852,1150.56,0.0662636
1.18873,1150.65,0.092464
1.18875,1150.67,0.012401
1.18875,1150.67,1.2945e-06
1.18877,1150.73,0.0662636
1.18877,1150.73,8.63e-07
1.1888,1150.87,0.132527
1.18898,1150.94,0.0770534
1.189,1150.96,0.012401
1.189,1150.96,1.2945e-06
1.18902,1151.02,0.0662636
1.18923,1151.11,0.092464
1.18925,1151.13,0.012401
1.18925,1151.13,1.2945e-06
1.18927,1151.19,0.0662636
1.18927,1151.19,8.63e-07
1.1893,1151.33,0.132527
1.18948,1151.4,0.0770534
1.1895,1151.41,0.012401
1.1895,1151.41,1.2945e-06
1.18952,1151.48,0.0662636
1.18973,1151.57,0.092464
1.18975,1151.59,0.012401
1.18975,1151.59,1.2945e-06
1.18977,1151.65,0.0662636
1.18977,1151.65,8.63e-07
1.1898,1151.78,0.132527
1.18998,1151.86,0.0770534
1.19,1151.87,0.012401
1.19,1151.87,1.2945e-06
1.19002,1151.94,0.0662636
1.19023,1152.03,0.092464
1.19025,1152.04,0.012401
1.19025,1152.04,1.2945e-06
1.19027,1152.11,0.0662636
1.19027,1152.11,8.63e-07
1.1903,1152.24,0.132527
1.19048,1152.32,0.0770534
1.1905,1152.33,0.012401
1.1905,1152.33,1.2945e-06
1.19052,1152.4,0.0662636
1.19073,1152.49,0.092464
1.19075,1152.5,0.012401
1.19075,1152.5,1.2945e-06
1.19077,1152.57,0.0662636
1.19077,1152.57,8.63e-07
1.1908,1152.7,0.132527
1.19098,1152.78,0.0770534
1.191,1152.79,0.012401
1.191,1152.79,1.2945e-06
1.19102,1152.86,0.0662636
1.19123,1152.95,0.092464
1.19125,1152.96,0.012401
1.19125,1152.96,1.2945e-06
1.19127,1153.03,0.0662636
1.19127,1153.03,8.63e-07
1.1913,1153.16,0.132527
1.19148,1153.24,0.0770534
1.1915,1153.25,0.012401
1.1915,1153.25,1.2945e-06
1.19152,1153.32,0.0662636
1.19173,1153.41,0.092464
1.19175,1153.42,0.012401
1.19175,1153.42,1.2945e-06
1.19177,1153.49,0.0662636
1.19177,1153.49,8.63e-07
1.1918,1153.62,0.132527
1.19198,1153.7,0.0770534
1.192,1153.71,0.012401
1.192,1153.71,1.2945e-06
1.19202,1153.78,0.0662636
1.19223,1153.87,0.092464
1.19225,1153.88,0.012401
1.19225,1153.88,1.2945e-06
1.19227,1153.95,0.0662636
1.19227,1153.95,8.63e-07
1.1923,1154.08,0.132527
1.19248,1154.16,0.0770534
1.1925,1154.17,0.012401
1.1925,1154.17,1.2945e-06
1.19252,1154.24,0.0662636
1.19273,1154.33,0.092464
1.19275,1154.34,0.012401
1.19275,1154.34,1.2945e-06
1.19277,1154.41,0.0662636
1.19277,1154.41,8.63e-07
1.1928,1154.54,0.132527
1.19298,1154.62,0.0770534
1.193,1154.63,0.012401
1.193,1154.63,1.2945e-06
1.19302,1154.7,0.0662636
1.19323,1154.79,0.092464
1.19325,1154.8,0.012401
1.19325,1154.8,1.2945e-06
1.19327,1154.87,0.0662636
1.19327,1154.87,8.63e-07
1.1933,1155,0.132527
1.19348,1155.08,0.0770534
1.1935,1155.09,0.012401
1.1935,1155.09,1.2945e-06
1.19352,1155.16,0.0662636
1.19373,1155.25,0.092464
1.19375,1155.26,0.012401
1.19375,1155.26,1.2945e-06
1.19377,1155.33,0.0662636
1.19377,1155.33,8.63e-07
1.1938,1155.46,0.132527
1.19398,1155.54,0.0770534
1.194,1155.55,0.012401
1.194,1155.55,1.2945e-06
1.19402,1155.62,0.0662636
1.19423,1155.71,0.092464
1.19425,1155.72,0.012401
1.19425,1155.72,1.2945e-06
1.19427,1155.79,0.0662636
1.19427,1155.79,8.63e-07
1.1943,1155.92,0.132527
1.19448,1156,0.0770534
1.1945,1156.01,0.012401
1.1945,1156.01,1.2945e-06
1.19452,1156.07,0.0662636
1.19473,1156.17,0.092464
1.19475,1156.18,0.012401
1.19475,1156.18,1.2945e-06
1.19477,1156.25,0.0662636
1.19477,1156.25,8.63e-07
1.1948,1156.38,0.132527
1.19498,1156.46,0.0770534
1.195,1156.47,0.012401
1.195,1156.47,1.2945e-06
1.19502,1156.53,0.0662636
1.19523,1156.63,0.092464
1.19525,1156.64,0.012401
1.19525,1156.64,1.2945e-06
1.19527,1156.7,0.0662636
1.19527,1156.71,8.63e-07
1.1953,1156.84,0.132527
1.19548,1156.91,0.0770534
1.1955,1156.93,0.012401
1.1955,1156.93,1.2945e-06
1.19552,1156.99,0.0662636
1.19573,1157.09,0.092464
1.19575,1157.1,0.012401
1.19575,1157.1,1.2945e-06
1.19577,1157.16,0.0662636
1.19577,1157.16,8.63e-07
1.1958,1157.3,0.132527
1.19598,1157.37,0.0770534
1.196,1157.39,0.012401
1.196,1157.39,1.2945e-06
1.19602,1157.45,0.0662636
1.19623,1157.55,0.092464
1.19625,1157.56,0.012401
1.19625,1157.56,1.2945e-06
1.19627,1157.62,0.0662636
1.19627,1157.62,8.63e-07
1.1963,1157.76,0.132527
1.19648,1157.83,0.0770534
1.1965,1157.85,0.012401
1.1965,1157.85,1.2945e-06
1.19652,1157.91,0.0662636
1.19673,1158,0.092464
1.19675,1158.02,0.012401
1.19675,1158.02,1.2945e-06
1.19677,1158.08,0.0662636
1.19677,1158.08,8.63e-07
1.1968,1158.22,0.132527
1.19698,1158.29,0.0770534
1.197,1158.31,0.012401
1.197,1158.31,1.2945e-06
1.19702,1158.37,0.0662636
1.19723,1158.46,0.092464
1.19725,1158.48,0.012401
1.19725,1158.48,1.2945e-06
1.19727,1158.54,0.0662636
1.19727,1158.54,8.63e-07
1.1973,1158.68,0.132527
1.19748,1158.75,0.0770534
1.1975,1158.76,0.012401
1.1975,1158.76,1.2945e-06
1.19752,1158.83,0.0662636
1.19773,1158.92,0.092464
1.19775,1158.94,0.012401
1.19775,1158.94,1.2945e-06
1.19777,1159,0.0662636
1.19777,1159,8.63e-07
1.1978,1159.13,0.132527
1.19798,1159.21,0.0770534
1.198,1159.22,0.012401
1.198,1159.22,1.2945e-06
1.19802,1159.29,0.0662636
1.19823,1159.38,0.092464
1.19825,1159.39,0.012401
1.19825,1159.39,1.2945e-06
1.19827,1159.46,0.0662636
1.19827,1159.46,8.63e-07
1.1983,1159.59,0.132527
1.19848,1159.67,0.0770534
1.1985,1159.68,0.012401
1.1985,1159.68,1.2945e-06
1.19852,1159.75,0.0662636
1.19873,1159.84,0.092464
1.19875,1159.85,0.012401
1.19875,1159.85,1.2945e-06
1.19877,1159.92,0.0662636
1.19877,1159.92,8.63e-07
1.1988,1160.05,0.132527
1.19898,1160.13,0.0770534
1.199,1160.14,0.012401
1.199,1160.14,1.2945e-06
1.19902,1160.21,0.0662636
1.19923,1160.3,0.092464
1.19925,1160.31,0.012401
1.19925,1160.31,1.2945e-06
1.19927,1160.38,0.0662636
1.19927,1160.38,8.63e-07
1.1993,1160.51,0.132527
1.19948,1160.59,0.0770534
1.1995,1160.6,0.012401
1.1995,1160.6,1.2945e-06
1.19952,1160.67,0.0662636
1.19973,1160.76,0.092464
1.19975,1160.77,0.012401
1.19975,1160.77,1.2945e-06
1.19977,1160.84,0.0662636
1.19977,1160.84,8.63e-07
1.1998,1160.97,0.132527
1.19998,1161.05,0.0770534
1.2,1161.06,0.012401
1.2,1161.06,1.2945e-06
1.20002,1161.13,0.0662636
1.20023,1161.22,0.092464
1.20025,1161.23,0.012401
1.20025,1161.23,1.2945e-06
1.20027,1161.3,0.0662636
1.20027,1161.3,8.63e-07
1.2003,1161.43,0.132527
1.20048,1161.51,0.0770534
1.2005,1161.52,0.012401
1.2005,1161.52,1.2945e-06
1.20052,1161.59,0.0662636
1.20073,1161.68,0.092464
1.20075,1161.69,0.012401
1.20075,1161.69,1.2945e-06
1.20077,1161.76,0.0662636
1.20077,1161.76,8.63e-07
1.2008,1161.89,0.132527
1.20098,1161.97,0.0770534
1.201,1161.98,0.012401
1.201,1161.98,1.2945e-06
1.20102,1162.05,0.0662636
1.20102,1162.05,8.63e-07
1.20105,1162.18,0.132527
1.20105,1162.18,8.63e-07
1.20109,1162.31,0.132527
1.20123,1162.37,0.0616428
1.20125,1162.39,0.012401
1.20125,1162.39,1.2945e-06
1.20127,1162.45,0.0662636
1.20127,1162.45,8.63e-07
1.2013,1162.58,0.132527
1.20148,1162.66,0.0770534
1.2015,1162.67,0.012401
1.2015,1162.67,1.2945e-06
1.20152,1162.74,0.0662636
1.20173,1162.83,0.092464
1.20175,1162.84,0.012401
1.20175,1162.84,1.2945e-06
1.20177,1162.91,0.0662636
1.20177,1162.91,8.63e-07
1.2018,1163.04,0.132527
1.20198,1163.12,0.0770534
1.202,1163.13,0.012401
1.202,1163.13,1.2945e-06
1.20202,1163.2,0.0662636
1.20223,1163.29,0.092464
1.20225,1163.3,0.012401
1.20225,1163.3,1.2945e-06
1.20227,1163.37,0.0662636
1.20227,1163.37,8.63e-07
1.2023,1163.5,0.132527
1.20248,1163.58,0.0770534
1.2025,1163.59,0.012401
1.2025,1163.59,1.2945e-06
1.20252,1163.66,0.0662636
1.20252,1163.66,8.63e-07
1.20255,1163.79,0.132527
1.20255,1163.79,8.63e-07
1.20259,1163.92,0.132527
1.20273,1163.99,0.0616428
1.20275,1164,0.012401
1.20275,1164,1.2945e-06
1.20277,1164.06,0.0662636
1.20277,1164.06,8.63e-07
1.2028,1164.2,0.132527
1.20298,1164.27,0.0770534
1.203,1164.29,0.012401
1.203,1164.29,1.2945e-06
1.20302,1164.35,0.0662636
1.20323,1164.44,0.092464
1.20325,1164.46,0.012401
1.20325,1164.46,1.2945e-06
1.20327,1164.52,0.0662636
1.20327,1164.52,8.63e-07
1.2033,1164.66,0.132527
1.20348,1164.73,0.0770534
1.2035,1164.75,0.012401
1.2035,1164.75,1.2945e-06
1.20352,1164.81,0.0662636
1.20373,1164.9,0.092464
1.20375,1164.92,0.012401
1.20375,1164.92,1.2945e-06
1.20377,1164.98,0.0662636
1.20377,1164.98,8.63e-07
1.2038,1165.12,0.132527
1.20398,1165.19,0.0770534
1.204,1165.2,0.012401
1.204,1165.2,1.2945e-06
1.20402,1165.27,0.0662636
1.20402,1165.27,8.63e-07
1.20405,1165.4,0.132527
1.20405,1165.4,8.63e-07
1.20409,1165.54,0.132527
1.20423,1165.6,0.0616428
1.20425,1165.61,0.012401
1.20425,1165.61,1.2945e-06
1.20427,1165.68,0.0662636
1.20427,1165.68,8.63e-07
1.2043,1165.81,0.132527
1.20448,1165.89,0.0770534
1.2045,1165.9,0.012401
1.2045,1165.9,1.2945e-06
1.20452,1165.96,0.0662636
1.20473,1166.06,0.092464
1.20475,1166.07,0.012401
1.20475,1166.07,1.2945e-06
1.20477,1166.14,0.0662636
1.20477,1166.14,8.63e-07
1.2048,1166.27,0.132527
1.20498,1166.35,0.0770534
1.205,1166.36,0.012401
1.205,1166.36,1.2945e-06
1.20502,1166.42,0.0662636
1.20523,1166.52,0.092464
1.20525,1166.53,0.012401
1.20525,1166.53,1.2945e-06
1.20527,1166.6,0.0662636
1.20527,1166.6,8.63e-07
1.2053,1166.73,0.132527
1.20548,1166.8,0.0770534
1.2055,1166.82,0.012401
1.2055,1166.82,1.2945e-06
1.20552,1166.88,0.0662636
1.20573,1166.98,0.092464
1.20575,1166.99,0.012401
1.20575,1166.99,1.2945e-06
1.20577,1167.05,0.0662636
1.20577,1167.05,8.63e-07
1.2058,1167.19,0.132527
1.20598,1167.26,0.0770534
1.206,1167.28,0.012401
1.206,1167.28,1.2945e-06
1.20602,1167.34,0.0662636
1.20623,1167.44,0.092464
1.20625,1167.45,0.012401
1.20625,1167.45,1.2945e-06
1.20627,1167.51,0.0662636
1.20627,1167.51,8.63e-07
1.2063,1167.65,0.132527
1.20648,1167.72,0.0770534
1.2065,1167.74,0.012401
1.2065,1167.74,1.2945e-06
1.20652,1167.8,0.0662636
1.20673,1167.89,0.092464
1.20675,1167.91,0.012401
1.20675,1167.91,1.2945e-06
1.20677,1167.97,0.0662636
1.20677,1167.97,8.63e-07
1.2068,1168.11,0.132527
1.20698,1168.18,0.0770534
1.207,1168.2,0.012401
1.207,1168.2,1.2945e-06
1.20702,1168.26,0.0662636
1.20723,1168.35,0.092464
1.20725,1168.37,0.012401
1.20725,1168.37,1.2945e-06
1.20727,1168.43,0.0662636
1.20727,1168.43,8.63e-07
1.2073,1168.57,0.132527
1.20748,1168.64,0.0770534
1.2075,1168.65,0.012401
1.2075,1168.65,1.2945e-06
1.20752,1168.72,0.0662636
1.20773,1168.81,0.092464
1.20775,1168.83,0.012401
1.20775,1168.83,1.2945e-06
1.20777,1168.89,0.0662636
1.20777,1168.89,8.63e-07
1.2078,1169.02,0.132527
1.20798,1169.1,0.0770534
1.208,1169.11,0.012401
1.208,1169.11,1.2945e-06
1.20802,1169.18,0.0662636
1.20823,1169.27,0.092464
1.20825,1169.29,0.012401
1.20825,1169.29,1.2945e-06
1.20827,1169.35,0.0662636
1.20827,1169.35,8.63e-07
1.2083,1169.48,0.132527
1.20848,1169.56,0.0770534
1.2085,1169.57,0.012401
1.2085,1169.57,1.2945e-06
1.20852,1169.64,0.0662636
1.20873,1169.73,0.092464
1.20875,1169.74,0.012401
1.20875,1169.74,1.2945e-06
1.20877,1169.81,0.0662636
1.20877,1169.81,8.63e-07
1.2088,1169.94,0.132527
1.20898,1170.02,0.0770534
1.209,1170.03,0.012401
1.209,1170.03,1.2945e-06
1.20902,1170.1,0.0662636
1.20902,1170.1,8.63e-07
1.20905,1170.23,0.132527
1.20905,1170.23,8.63e-07
1.20909,1170.36,0.132527
1.20923,1170.43,0.0616428
1.20925,1170.44,0.012401
1.20925,1170.44,1.2945e-06
1.20927,1170.5,0.0662636
1.20927,1170.5,8.63e-07
1.2093,1170.64,0.132527
1.20948,1170.71,0.0770534
1.2095,1170.73,0.012401
1.2095,1170.73,1.2945e-06
1.20952,1170.79,0.0662636
1.20952,1170.79,8.63e-07
1.20955,1170.93,0.132527
1.20955,1170.93,8.63e-07
1.20959,1171.06,0.132527
1.20973,1171.12,0.0616428
1.20975,1171.13,0.012401
1.20975,1171.13,1.2945e-06
1.20977,1171.2,0.0662636
1.20977,1171.2,8.63e-07
1.2098,1171.33,0.132527
1.20998,1171.41,0.0770534
1.21,1171.42,0.012401
1.21,1171.42,1.2945e-06
1.21002,1171.49,0.0662636
1.21023,1171.58,0.092464
1.21025,1171.59,0.012401
1.21025,1171.59,1.2945e-06
1.21027,1171.66,0.0662636
1.21027,1171.66,8.63e-07
1.2103,1171.79,0.132527
1.21048,1171.87,0.0770534
1.2105,1171.88,0.012401
1.2105,1171.88,1.2945e-06
1.21052,1171.95,0.0662636
1.21073,1172.04,0.092464
1.21075,1172.05,0.012401
1.21075,1172.05,1.2945e-06
1.21077,1172.12,0.0662636
1.21077,1172.12,8.63e-07
1.2108,1172.25,0.132527
1.21098,1172.33,0.0770534
1.211,1172.34,0.012401
1.211,1172.34,1.2945e-06
1.21102,1172.41,0.0662636
1.21123,1172.5,0.092464
1.21125,1172.51,0.012401
1.21125,1172.51,1.2945e-06
1.21127,1172.58,0.0662636
1.21127,1172.58,8.63e-07
1.2113,1172.71,0.132527
1.21148,1172.79,0.0770534
1.2115,1172.8,0.012401
1.2115,1172.8,1.2945e-06
1.21152,1172.86,0.0662636
1.21173,1172.96,0.092464
1.21175,1172.97,0.012401
1.21175,1172.97,1.2945e-06
1.21177,1173.04,0.0662636
1.21177,1173.04,8.63e-07
1.2118,1173.17,0.132527
1.21198,1173.25,0.0770534
1.212,1173.26,0.012401
1.212,1173.26,1.2945e-06
1.21202,1173.32,0.0662636
1.21223,1173.42,0.092464
1.21225,1173.43,0.012401
1.21225,1173.43,1.2945e-06
1.21227,1173.5,0.0662636
1.21227,1173.5,8.63e-07
1.2123,1173.63,0.132527
1.21248,1173.7,0.0770534
1.2125,1173.72,0.012401
1.2125,1173.72,1.2945e-06
1.21252,1173.78,0.0662636
1.21273,1173.88,0.092464
1.21275,1173.89,0.012401
1.21275,1173.89,1.2945e-06
1.21277,1173.95,0.0662636
1.21277,1173.95,8.63e-07
1.2128,1174.09,0.132527
1.21298,1174.16,0.0770534
1.213,1174.18,0.012401
1.213,1174.18,1.2945e-06
1.21302,1174.24,0.0662636
1.21323,1174.34,0.092464
1.21325,1174.35,0.012401
1.21325,1174.35,1.2945e-06
1.21327,1174.41,0.0662636
1.21327,1174.41,8.63e-07
1.2133,1174.55,0.132527
1.21348,1174.62,0.0770534
1.2135,1174.64,0.012401
1.2135,1174.64,1.2945e-06
1.21352,1174.7,0.0662636
1.21373,1174.79,0.092464
1.21375,1174.81,0.012401
1.21375,1174.81,1.2945e-06
1.21377,1174.87,0.0662636
1.21377,1174.87,8.63e-07
1.2138,1175.01,0.132527
1.21398,1175.08,0.0770534
1.214,1175.1,0.012401
1.214,1175.1,1.2945e-06
1.21402,1175.16,0.0662636
1.21423,1175.25,0.092464
1.21425,1175.27,0.012401
1.21425,1175.27,1.2945e-06
1.21427,1175.33,0.0662636
1.21427,1175.33,8.63e-07
1.2143,1175.47,0.132527
1.21448,1175.54,0.0770534
1.2145,1175.55,0.012401
1.2145,1175.55,1.2945e-06
1.21452,1175.62,0.0662636
1.21473,1175.71,0.092464
1.21475,1175.73,0.012401
1.21475,1175.73,1.2945e-06
1.21477,1175.79,0.0662636
1.21477,1175.79,8.63e-07
1.2148,1175.92,0.132527
1.21498,1176,0.0770534
1.215,1176.01,0.012401
1.215,1176.01,1.2945e-06
1.21502,1176.08,0.0662636
1.21523,1176.17,0.092464
1.21525,1176.19,0.012401
1.21525,1176.19,1.2945e-06
1.21527,1176.25,0.0662636
1.21527,1176.25,8.63e-07
1.2153,1176.38,0.132527
1.21548,1176.46,0.0770534
1.2155,1176.47,0.012401
1.2155,1176.47,1.2945e-06
1.21552,1176.54,0.0662636
1.21573,1176.63,0.092464
1.21575,1176.64,0.012401
1.21575,1176.64,1.2945e-06
1.21577,1176.71,0.0662636
1.21577,1176.71,8.63e-07
1.2158,1176.84,0.132527
1.21598,1176.92,0.0770534
1.216,1176.93,0.012401
1.216,1176.93,1.2945e-06
1.21602,1177,0.0662636
1.21623,1177.09,0.092464
1.21625,1177.1,0.012401
1.21625,1177.1,1.2945e-06
1.21627,1177.17,0.0662636
1.21627,1177.17,8.63e-07
1.2163,1177.3,0.132527
1.21648,1177.38,0.0770534
1.2165,1177.39,0.012401
1.2165,1177.39,1.2945e-06
1.21652,1177.46,0.0662636
1.21652,1177.46,8.63e-07
1.21655,1177.59,0.132527
1.21655,1177.59,8.63e-07
1.21659,1177.72,0.132527
1.21673,1177.78,0.0616428
1.21675,1177.8,0.012401
1.21675,1177.8,1.2945e-06
1.21677,1177.86,0.0662636
1.21677,1177.86,8.63e-07
1.2168,1178,0.132527
1.21698,1178.07,0.0770534
1.217,1178.09,0.012401
1.217,1178.09,1.2945e-06
1.21702,1178.15,0.0662636
1.21702,1178.15,8.63e-07
1.21705,1178.28,0.132527
1.21705,1178.28,8.63e-07
1.21709,1178.42,0.132527
1.21723,1178.48,0.0616428
1.21725,1178.49,0.012401
1.21725,1178.49,1.2945e-06
1.21727,1178.56,0.0662636
1.21727,1178.56,8.63e-07
1.2173,1178.69,0.132527
1.21748,1178.77,0.0770534
1.2175,1178.78,0.012401
1.2175,1178.78,1.2945e-06
1.21752,1178.85,0.0662636
1.21773,1178.94,0.092464
1.21775,1178.95,0.012401
1.21775,1178.95,1.2945e-06
1.21777,1179.02,0.0662636
1.21777,1179.02,8.63e-07
1.2178,1179.15,0.132527
1.21798,1179.23,0.0770534
1.218,1179.24,0.012401
1.218,1179.24,1.2945e-06
1.21802,1179.3,0.0662636
1.21802,1179.3,8.63e-07
1.21805,1179.44,0.132527
1.21805,1179.44,8.63e-07
1.21809,1179.57,0.132527
1.21823,1179.63,0.0616428
1.21825,1179.64,0.012401
1.21825,1179.64,1.2945e-06
1.21827,1179.71,0.0662636
1.21827,1179.71,8.63e-07
1.2183,1179.84,0.132527
1.21848,1179.92,0.0770534
1.2185,1179.93,0.012401
1.2185,1179.93,1.2945e-06
1.21852,1180,0.0662636
1.21852,1180,8.63e-07
1.21855,1180.13,0.132527
1.21855,1180.13,8.63e-07
1.21859,1180.26,0.132527
1.21873,1180.33,0.0616428
1.21875,1180.34,0.012401
1.21875,1180.34,1.2945e-06
1.21877,1180.4,0.0662636
1.21877,1180.4,8.63e-07
1.2188,1180.54,0.132527
1.21898,1180.61,0.0770534
1.219,1180.63,0.012401
1.219,1180.63,1.2945e-06
1.21902,1180.69,0.0662636
1.21923,1180.78,0.092464
1.21925,1180.8,0.012401
1.21925,1180.8,1.2945e-06
1.21927,1180.86,0.0662636
1.21927,1180.86,8.63e-07
1.2193,1181,0.132527
1.21948,1181.07,0.0770534
1.2195,1181.09,0.012401
1.2195,1181.09,1.2945e-06
1.21952,1181.15,0.0662636
1.21952,1181.15,8.63e-07
1.21955,1181.28,0.132527
1.21955,1181.28,8.63e-07
1.21959,1181.42,0.132527
1.21973,1181.48,0.0616428
1.21975,1181.49,0.012401
1.21975,1181.49,1.2945e-06
1.21977,1181.56,0.0662636
1.21977,1181.56,8.63e-07
1.2198,1181.69,0.132527
1.21998,1181.77,0.0770534
1.22,1181.78,0.012401
1.22,1181.78,1.2945e-06
1.22002,1181.85,0.0662636
1.22002,1181.85,8.63e-07
1.22005,1181.98,0.132527
1.22005,1181.98,8.63e-07
1.22009,1182.11,0.132527
1.22023,1182.17,0.0616428
1.22025,1182.18,0.012401
1.22025,1182.18,1.2945e-06
1.22027,1182.25,0.0662636
1.22027,1182.25,8.63e-07
1.2203,1182.38,0.132527
1.22048,1182.46,0.0770534
1.2205,1182.47,0.012401
1.2205,1182.47,1.2945e-06
1.22052,1182.54,0.0662636
1.22073,1182.63,0.092464
1.22075,1182.64,0.012401
1.22075,1182.64,1.2945e-06
1.22077,1182.71,0.0662636
1.22077,1182.71,8.63e-07
1.2208,1182.84,0.132527
1.22098,1182.92,0.0770534
1.221,1182.93,0.012401
1.221,1182.93,1.2945e-06
1.22102,1183,0.0662636
1.22102,1183,8.63e-07
1.22105,1183.13,0.132527
1.22105,1183.13,8.63e-07
1.22109,1183.26,0.132527
1.22123,1183.32,0.0616428
1.22125,1183.34,0.012401
1.22125,1183.34,1.2945e-06
1.22127,1183.4,0.0662636
1.22127,1183.4,8.63e-07
1.2213,1183.54,0.132527
1.22148,1183.61,0.0770534
1.2215,1183.63,0.012401
1.2215,1183.63,1.2945e-06
1.22152,1183.69,0.0662636
1.22152,1183.69,8.63e-07
1.22155,1183.82,0.132527
1.22155,1183.82,8.63e-07
1.22159,1183.96,0.132527
1.22173,1184.02,0.0616428
1.22175,1184.03,0.012401
1.22175,1184.03,1.2945e-06
1.22177,1184.1,0.0662636
1.22177,1184.1,8.63e-07
1.2218,1184.23,0.132527
1.22198,1184.31,0.0770534
1.222,1184.32,0.012401
1.222,1184.32,1.2945e-06
1.22202,1184.39,0.0662636
1.22223,1184.48,0.092464
1.22225,1184.49,0.012401
1.22225,1184.49,1.2945e-06
1.22227,1184.56,0.0662636
1.22227,1184.56,8.63e-07
1.2223,1184.69,0.132527
1.22248,1184.77,0.0770534
1.2225,1184.78,0.012401
1.2225,1184.78,1.2945e-06
1.22252,1184.84,0.0662636
1.22252,1184.84,8.63e-07
1.22255,1184.98,0.132527
1.22255,1184.98,8.63e-07
1.22259,1185.11,0.132527
1.22273,1185.17,0.0616428
1.22275,1185.18,0.012401
1.22275,1185.18,1.2945e-06
1.22277,1185.25,0.0662636
1.22277,1185.25,8.63e-07
1.2228,1185.38,0.132527
1.22298,1185.46,0.0770534
1.223,1185.47,0.012401
1.223,1185.47,1.2945e-06
1.22302,1185.54,0.0662636
1.22302,1185.54,8.63e-07
1.22305,1185.67,0.132527
1.22305,1185.67,8.63e-07
1.22309,1185.8,0.132527
1.22323,1185.86,0.0616428
1.22325,1185.88,0.012401
1.22325,1185.88,1.2945e-06
1.22327,1185.94,0.0662636
1.22327,1185.94,8.63e-07
1.2233,1186.08,0.132527
1.22348,1186.15,0.0770534
1.2235,1186.17,0.012401
1.2235,1186.17,1.2945e-06
1.22352,1186.23,0.0662636
1.22373,1186.32,0.092464
1.22375,1186.34,0.012401
1.22375,1186.34,1.2945e-06
1.22377,1186.4,0.0662636
1.22377,1186.4,8.63e-07
1.2238,1186.54,0.132527
1.22398,1186.61,0.0770534
1.224,1186.63,0.012401
1.224,1186.63,1.2945e-06
1.22402,1186.69,0.0662636
1.22402,1186.69,8.63e-07
1.22405,1186.82,0.132527
1.22405,1186.82,8.63e-07
1.22409,1186.96,0.132527
1.22423,1187.02,0.0616428
1.22425,1187.03,0.012401
1.22425,1187.03,1.2945e-06
1.22427,1187.1,0.0662636
1.22427,1187.1,8.63e-07
1.2243,1187.23,0.132527
1.22448,1187.31,0.0770534
1.2245,1187.32,0.012401
1.2245,1187.32,1.2945e-06
1.22452,1187.38,0.0662636
1.22452,1187.38,8.63e-07
1.22455,1187.52,0.132527
1.22455,1187.52,8.63e-07
1.22459,1187.65,0.132527
1.22473,1187.71,0.0616428
1.22475,1187.72,0.012401
1.22475,1187.72,1.2945e-06
1.22477,1187.79,0.0662636
1.22477,1187.79,8.63e-07
1.2248,1187.92,0.132527
1.22498,1188,0.0770534
1.225,1188.01,0.012401
1.225,1188.01,1.2945e-06
1.22502,1188.08,0.0662636
1.22523,1188.17,0.092464
1.22525,1188.18,0.012401
1.22525,1188.18,1.2945e-06
1.22527,1188.25,0.0662636
1.22527,1188.25,8.63e-07
1.2253,1188.38,0.132527
1.22548,1188.46,0.0770534
1.2255,1188.47,0.012401
1.2255,1188.47,1.2945e-06
1.22552,1188.54,0.0662636
1.22552,1188.54,8.63e-07
1.22555,1188.67,0.132527
1.22555,1188.67,8.63e-07
1.22559,1188.8,0.132527
1.22573,1188.86,0.0616428
1.22575,1188.88,0.012401
1.22575,1188.88,1.2945e-06
1.22577,1188.94,0.0662636
1.22577,1188.94,8.63e-07
1.2258,1189.08,0.132527
1.22598,1189.15,0.0770534
1.226,1189.17,0.012401
1.226,1189.17,1.2945e-06
1.22602,1189.23,0.0662636
1.22602,1189.23,8.63e-07
1.22605,1189.36,0.132527
1.22605,1189.36,8.63e-07
1.22609,1189.5,0.132527
1.22623,1189.56,0.0616428
1.22625,1189.57,0.012401
1.22625,1189.57,1.2945e-06
1.22627,1189.64,0.0662636
1.22627,1189.64,8.63e-07
1.2263,1189.77,0.132527
1.22648,1189.85,0.0770534
1.2265,1189.86,0.012401
1.2265,1189.86,1.2945e-06
1.22652,1189.93,0.0662636
1.22673,1190.02,0.092464
1.22675,1190.03,0.012401
1.22675,1190.03,1.2945e-06
1.22677,1190.1,0.0662636
1.22677,1190.1,8.63e-07
1.2268,1190.23,0.132527
1.22698,1190.31,0.0770534
1.227,1190.32,0.012401
1.227,1190.32,1.2945e-06
1.22702,1190.38,0.0662636
1.22702,1190.38,8.63e-07
1.22705,1190.52,0.132527
1.22705,1190.52,8.63e-07
1.22709,1190.65,0.132527
1.22723,1190.71,0.0616428
1.22725,1190.72,0.012401
1.22725,1190.72,1.2945e-06
1.22727,1190.79,0.0662636
1.22727,1190.79,8.63e-07
1.2273,1190.92,0.132527
1.22748,1191,0.0770534
1.2275,1191.01,0.012401
1.2275,1191.01,1.2945e-06
1.22752,1191.08,0.0662636
1.22752,1191.08,8.63e-07
1.22755,1191.21,0.132527
1.22755,1191.21,8.63e-07
1.22759,1191.34,0.132527
1.22773,1191.4,0.0616428
1.22775,1191.42,0.012401
1.22775,1191.42,1.2945e-06
1.22777,1191.48,0.0662636
1.22777,1191.48,8.63e-07
1.2278,1191.62,0.132527
1.22798,1191.69,0.0770534
1.228,1191.71,0.012401
1.228,1191.71,1.2945e-06
1.22802,1191.77,0.0662636
1.22823,1191.86,0.092464
1.22825,1191.88,0.012401
1.22825,1191.88,1.2945e-06
1.22827,1191.94,0.0662636
1.22827,1191.94,8.63e-07
1.2283,1192.08,0.132527
1.22848,1192.15,0.0770534
1.2285,1192.16,0.012401
1.2285,1192.16,1.2945e-06
1.22852,1192.23,0.0662636
1.22852,1192.23,8.63e-07
1.22855,1192.36,0.132527
1.22855,1192.36,8.63e-07
1.22859,1192.5,0.132527
1.22873,1192.56,0.0616428
1.22875,1192.57,0.012401
1.22875,1192.57,1.2945e-06
1.22877,1192.64,0.0662636
1.22877,1192.64,8.63e-07
1.2288,1192.77,0.132527
1.22898,1192.85,0.0770534
1.229,1192.86,0.012401
1.229,1192.86,1.2945e-06
1.22902,1192.92,0.0662636
1.22902,1192.92,8.63e-07
1.22905,1193.06,0.132527
1.22905,1193.06,8.63e-07
1.22909,1193.19,0.132527
1.22923,1193.25,0.0616428
1.22925,1193.26,0.012401
1.22925,1193.26,1.2945e-06
1.22927,1193.33,0.0662636
1.22927,1193.33,8.63e-07
1.2293,1193.46,0.132527
1.22948,1193.54,0.0770534
1.2295,1193.55,0.012401
1.2295,1193.55,1.2945e-06
1.22952,1193.62,0.0662636
1.22973,1193.71,0.092464
1.22975,1193.72,0.012401
1.22975,1193.72,1.2945e-06
1.22977,1193.79,0.0662636
1.22977,1193.79,8.63e-07
1.2298,1193.92,0.132527
1.22998,1194,0.0770534
1.23,1194.01,0.012401
1.23,1194.01,1.2945e-06
1.23002,1194.08,0.0662636
1.23002,1194.08,8.63e-07
1.23005,1194.21,0.132527
1.23005,1194.21,8.63e-07
1.23009,1194.34,0.132527
1.23023,1194.4,0.0616428
1.23025,1194.42,0.012401
1.23025,1194.42,1.2945e-06
1.23027,1194.48,0.0662636
1.23027,1194.48,8.63e-07
1.2303,1194.62,0.132527
1.23048,1194.69,0.0770534
1.2305,1194.71,0.012401
1.2305,1194.71,1.2945e-06
1.23052,1194.77,0.0662636
1.23052,1194.77,8.63e-07
1.23055,1194.9,0.132527
1.23055,1194.9,8.63e-07
1.23059,1195.04,0.132527
1.23073,1195.1,0.0616428
1.23075,1195.11,0.012401
1.23075,1195.11,1.2945e-06
1.23077,1195.18,0.0662636
1.23077,1195.18,8.63e-07
1.2308,1195.31,0.132527
1.23098,1195.39,0.0770534
1.231,1195.4,0.012401
1.231,1195.4,1.2945e-06
1.23102,1195.46,0.0662636
1.23123,1195.56,0.092464
1.23125,1195.57,0.012401
1.23125,1195.57,1.2945e-06
1.23127,1195.64,0.0662636
1.23127,1195.64,8.63e-07
1.2313,1195.77,0.132527
1.23148,1195.85,0.0770534
1.2315,1195.86,0.012401
1.2315,1195.86,1.2945e-06
1.23152,1195.92,0.0662636
1.23173,1196.02,0.092464
1.23175,1196.03,0.012401
1.23175,1196.03,1.2945e-06
1.23177,1196.1,0.0662636
1.23177,1196.1,8.63e-07
1.2318,1196.23,0.132527
1.23198,1196.3,0.0770534
1.232,1196.32,0.012401
1.232,1196.32,1.2945e-06
1.23202,1196.38,0.0662636
1.23202,1196.38,8.63e-07
1.23205,1196.52,0.132527
1.23205,1196.52,8.63e-07
1.23209,1196.65,0.132527
1.23223,1196.71,0.0616428
1.23225,1196.72,0.012401
1.23225,1196.72,1.2945e-06
1.23227,1196.79,0.0662636
1.23227,1196.79,8.63e-07
1.2323,1196.92,0.132527
1.23248,1197,0.0770534
1.2325,1197.01,0.012401
1.2325,1197.01,1.2945e-06
1.23252,1197.08,0.0662636
1.23273,1197.17,0.092464
1.23275,1197.18,0.012401
1.23275,1197.18,1.2945e-06
1.23277,1197.25,0.0662636
1.23277,1197.25,8.63e-07
1.2328,1197.38,0.132527
1.23298,1197.46,0.0770534
1.233,1197.47,0.012401
1.233,1197.47,1.2945e-06
1.23302,1197.54,0.0662636
1.23323,1197.63,0.092464
1.23325,1197.64,0.012401
1.23325,1197.64,1.2945e-06
1.23327,1197.71,0.0662636
1.23327,1197.71,8.63e-07
1.2333,1197.84,0.132527
1.23348,1197.92,0.0770534
1.2335,1197.93,0.012401
1.2335,1197.93,1.2945e-06
1.23352,1198,0.0662636
1.23352,1198,8.63e-07
1.23355,1198.13,0.132527
1.23355,1198.13,8.63e-07
1.23359,1198.26,0.132527
1.23373,1198.32,0.0616428
1.23375,1198.34,0.012401
1.23375,1198.34,1.2945e-06
1.23377,1198.4,0.0662636
1.23377,1198.4,8.63e-07
1.2338,1198.53,0.132527
1.23398,1198.61,0.0770534
1.234,1198.62,0.012401
1.234,1198.62,1.2945e-06
1.23402,1198.69,0.0662636
1.23423,1198.78,0.092464
1.23425,1198.79,0.012401
1.23425,1198.79,1.2945e-06
1.23427,1198.86,0.0662636
1.23427,1198.86,8.63e-07
1.2343,1198.99,0.132527
1.23448,1199.07,0.0770534
1.2345,1199.08,0.012401
1.2345,1199.08,1.2945e-06
1.23452,1199.15,0.0662636
1.23473,1199.24,0.092464
1.23475,1199.25,0.012401
1.23475,1199.25,1.2945e-06
1.23477,1199.32,0.0662636
1.23477,1199.32,8.63e-07
1.2348,1199.45,0.132527
1.23498,1199.53,0.0770534
1.235,1199.54,0.012401
1.235,1199.54,1.2945e-06
1.23502,1199.61,0.0662636
1.23502,1199.61,8.63e-07
1.23505,1199.74,0.132527
1.23505,1199.74,8.63e-07
1.23509,1199.87,0.132527
1.23523,1199.94,0.0616428
1.23525,1199.95,0.012401
1.23525,1199.95,1.2945e-06
1.23527,1200.01,0.0662636
1.23527,1200.01,8.63e-07
1.2353,1200.15,0.132527
1.23548,1200.22,0.0770534
1.2355,1200.24,0.012401
1.2355,1200.24,1.2945e-06
1.23552,1200.3,0.0662636
1.23573,1200.39,0.092464
1.23575,1200.41,0.012401
1.23575,1200.41,1.2945e-06
1.23577,1200.47,0.0662636
1.23577,1200.47,8.63e-07
1.2358,1200.61,0.132527
1.23598,1200.68,0.0770534
1.236,1200.7,0.012401
1.236,1200.7,1.2945e-06
1.23602,1200.76,0.0662636
1.23623,1200.85,0.092464
1.23625,1200.87,0.012401
1.23625,1200.87,1.2945e-06
1.23627,1200.93,0.0662636
1.23627,1200.93,8.63e-07
1.2363,1201.07,0.132527
1.23648,1201.14,0.0770534
1.2365,1201.15,0.012401
1.2365,1201.15,1.2945e-06
1.23652,1201.22,0.0662636
1.23673,1201.31,0.092464
1.23675,1201.33,0.012401
1.23675,1201.33,1.2945e-06
1.23677,1201.39,0.0662636
1.23677,1201.39,8.63e-07
1.2368,1201.52,0.132527
1.23698,1201.6,0.0770534
1.237,1201.61,0.012401
1.237,1201.61,1.2945e-06
1.23702,1201.68,0.0662636
1.23723,1201.77,0.092464
1.23725,1201.79,0.012401
1.23725,1201.79,1.2945e-06
1.23727,1201.85,0.0662636
1.23727,1201.85,8.63e-07
1.2373,1201.98,0.132527
1.23748,1202.06,0.0770534
1.2375,1202.07,0.012401
1.2375,1202.07,1.2945e-06
1.23752,1202.14,0.0662636
1.23773,1202.23,0.092464
1.23775,1202.24,0.012401
1.23775,1202.24,1.2945e-06
1.23777,1202.31,0.0662636
1.23777,1202.31,8.63e-07
1.2378,1202.44,0.132527
1.23798,1202.52,0.0770534
1.238,1202.53,0.012401
1.238,1202.53,1.2945e-06
1.23802,1202.6,0.0662636
1.23823,1202.69,0.092464
1.23825,1202.7,0.012401
1.23825,1202.7,1.2945e-06
1.23827,1202.77,0.0662636
1.23827,1202.77,8.63e-07
1.2383,1202.9,0.132527
1.23848,1202.98,0.0770534
1.2385,1202.99,0.012401
1.2385,1202.99,1.2945e-06
1.23852,1203.06,0.0662636
1.23852,1203.06,8.63e-07
1.23855,1203.19,0.132527
1.23855,1203.19,8.63e-07
1.23859,1203.32,0.132527
1.23873,1203.38,0.0616428
1.23875,1203.4,0.012401
1.23875,1203.4,1.2945e-06
1.23877,1203.46,0.0662636
1.23877,1203.46,8.63e-07
1.2388,1203.6,0.132527
1.23898,1203.67,0.0770534
1.239,1203.69,0.012401
1.239,1203.69,1.2945e-06
1.23902,1203.75,0.0662636
1.23902,1203.75,8.63e-07
1.23905,1203.88,0.132527
1.23905,1203.88,8.63e-07
1.23909,1204.02,0.132527
1.23923,1204.08,0.0616428
1.23925,1204.09,0.012401
1.23925,1204.09,1.2945e-06
1.23927,1204.16,0.0662636
1.23927,1204.16,8.63e-07
1.2393,1204.29,0.132527
1.23948,1204.37,0.0770534
1.2395,1204.38,0.012401
1.2395,1204.38,1.2945e-06
1.23952,1204.45,0.0662636
1.23973,1204.54,0.092464
1.23975,1204.55,0.012401
1.23975,1204.55,1.2945e-06
1.23977,1204.62,0.0662636
1.23977,1204.62,8.63e-07
1.2398,1204.75,0.132527
1.23998,1204.83,0.0770534
1.24,1204.84,0.012401
1.24,1204.84,1.2945e-06
1.24002,1204.9,0.0662636
1.24023,1205,0.092464
1.24025,1205.01,0.012401
1.24025,1205.01,1.2945e-06
1.24027,1205.08,0.0662636
1.24027,1205.08,8.63e-07
1.2403,1205.21,0.132527
1.24048,1205.29,0.0770534
1.2405,1205.3,0.012401
1.2405,1205.3,1.2945e-06
1.24052,1205.36,0.0662636
1.24073,1205.46,0.092464
1.24075,1205.47,0.012401
1.24075,1205.47,1.2945e-06
1.24077,1205.54,0.0662636
1.24077,1205.54,8.63e-07
1.2408,1205.67,0.132527
1.24098,1205.74,0.0770534
1.241,1205.76,0.012401
1.241,1205.76,1.2945e-06
1.24102,1205.82,0.0662636
1.24123,1205.92,0.092464
1.24125,1205.93,0.012401
1.24125,1205.93,1.2945e-06
1.24127,1205.99,0.0662636
1.24127,1205.99,8.63e-07
1.2413,1206.13,0.132527
1.24148,1206.2,0.0770534
1.2415,1206.22,0.012401
1.2415,1206.22,1.2945e-06
1.24152,1206.28,0.0662636
1.24173,1206.38,0.092464
1.24175,1206.39,0.012401
1.24175,1206.39,1.2945e-06
1.24177,1206.45,0.0662636
1.24177,1206.45,8.63e-07
1.2418,1206.59,0.132527
1.24198,1206.66,0.0770534
1.242,1206.68,0.012401
1.242,1206.68,1.2945e-06
1.24202,1206.74,0.0662636
1.24223,1206.83,0.092464
1.24225,1206.85,0.012401
1.24225,1206.85,1.2945e-06
1.24227,1206.91,0.0662636
1.24227,1206.91,8.63e-07
1.2423,1207.05,0.132527
1.24248,1207.12,0.0770534
1.2425,1207.14,0.012401
1.2425,1207.14,1.2945e-06
1.24252,1207.2,0.0662636
1.24273,1207.29,0.092464
1.24275,1207.31,0.012401
1.24275,1207.31,1.2945e-06
1.24277,1207.37,0.0662636
1.24277,1207.37,8.63e-07
1.2428,1207.51,0.132527
1.24298,1207.58,0.0770534
1.243,1207.59,0.012401
1.243,1207.59,1.2945e-06
1.24302,1207.66,0.0662636
1.24302,1207.66,8.63e-07
1.24305,1207.79,0.132527
1.24305,1207.79,8.63e-07
1.24309,1207.93,0.132527
1.24323,1207.99,0.0616428
1.24325,1208,0.012401
1.24325,1208,1.2945e-06
1.24327,1208.07,0.0662636
1.24327,1208.07,8.63e-07
1.2433,1208.2,0.132527
1.24348,1208.28,0.0770534
1.2435,1208.29,0.012401
1.2435,1208.29,1.2945e-06
1.24352,1208.35,0.0662636
1.24352,1208.35,8.63e-07
1.24355,1208.49,0.132527
1.24355,1208.49,8.63e-07
1.24359,1208.62,0.132527
1.24373,1208.68,0.0616428
1.24375,1208.69,0.012401
1.24375,1208.69,1.2945e-06
1.24377,1208.76,0.0662636
1.24377,1208.76,8.63e-07
1.2438,1208.89,0.132527
1.24398,1208.97,0.0770534
1.244,1208.98,0.012401
1.244,1208.98,1.2945e-06
1.24402,1209.05,0.0662636
1.24423,1209.14,0.092464
1.24425,1209.15,0.012401
1.24425,1209.15,1.2945e-06
1.24427,1209.22,0.0662636
1.24427,1209.22,8.63e-07
1.2443,1209.35,0.132527
1.24448,1209.43,0.0770534
1.2445,1209.44,0.012401
1.2445,1209.44,1.2945e-06
1.24452,1209.51,0.0662636
1.24452,1209.51,8.63e-07
1.24455,1209.64,0.132527
1.24455,1209.64,8.63e-07
1.24459,1209.77,0.132527
1.24473,1209.83,0.0616428
1.24475,1209.85,0.012401
1.24475,1209.85,1.2945e-06
1.24477,1209.91,0.0662636
1.24477,1209.91,8.63e-07
1.2448,1210.05,0.132527
1.24498,1210.12,0.0770534
1.245,1210.14,0.012401
1.245,1210.14,1.2945e-06
1.24502,1210.2,0.0662636
1.24502,1210.2,8.63e-07
1.24505,1210.33,0.132527
1.24505,1210.33,8.63e-07
1.24509,1210.47,0.132527
1.24523,1210.53,0.0616428
1.24525,1210.54,0.012401
1.24525,1210.54,1.2945e-06
1.24527,1210.61,0.0662636
1.24527,1210.61,8.63e-07
1.2453,1210.74,0.132527
1.24548,1210.82,0.0770534
1.2455,1210.83,0.012401
1.2455,1210.83,1.2945e-06
1.24552,1210.89,0.0662636
1.24573,1210.99,0.092464
1.24575,1211,0.012401
1.24575,1211,1.2945e-06
1.24577,1211.07,0.0662636
1.24577,1211.07,8.63e-07
1.2458,1211.2,0.132527
1.24598,1211.28,0.0770534
1.246,1211.29,0.012401
1.246,1211.29,1.2945e-06
1.24602,1211.35,0.0662636
1.24602,1211.35,8.63e-07
1.24605,1211.49,0.132527
1.24605,1211.49,8.63e-07
1.24609,1211.62,0.132527
1.24623,1211.68,0.0616428
1.24625,1211.69,0.012401
1.24625,1211.69,1.2945e-06
1.24627,1211.76,0.0662636
1.24627,1211.76,8.63e-07
1.2463,1211.89,0.132527
1.24648,1211.97,0.0770534
1.2465,1211.98,0.012401
1.2465,1211.98,1.2945e-06
1.24652,1212.05,0.0662636
1.24652,1212.05,8.63e-07
1.24655,1212.18,0.132527
1.24655,1212.18,8.63e-07
1.24659,1212.31,0.132527
1.24673,1212.37,0.0616428
1.24675,1212.39,0.012401
1.24675,1212.39,1.2945e-06
1.24677,1212.45,0.0662636
1.24677,1212.45,8.63e-07
1.2468,1212.59,0.132527
1.24698,1212.66,0.0770534
1.247,1212.68,0.012401
1.247,1212.68,1.2945e-06
1.24702,1212.74,0.0662636
1.24723,1212.83,0.092464
1.24725,1212.85,0.012401
1.24725,1212.85,1.2945e-06
1.24727,1212.91,0.0662636
1.24727,1212.91,8.63e-07
1.2473,1213.05,0.132527
1.24748,1213.12,0.0770534
1.2475,1213.13,0.012401
1.2475,1213.13,1.2945e-06
1.24752,1213.2,0.0662636
1.24752,1213.2,8.63e-07
1.24755,1213.33,0.132527
1.24755,1213.33,8.63e-07
1.24759,1213.47,0.132527
1.24773,1213.53,0.0616428
1.24775,1213.54,0.012401
1.24775,1213.54,1.2945e-06
1.24777,1213.61,0.0662636
1.24777,1213.61,8.63e-07
1.2478,1213.74,0.132527
1.24798,1213.82,0.0770534
1.248,1213.83,0.012401
1.248,1213.83,1.2945e-06
1.24802,1213.89,0.0662636
1.24802,1213.89,8.63e-07
1.24805,1214.03,0.132527
1.24805,1214.03,8.63e-07
1.24809,1214.16,0.132527
1.24823,1214.22,0.0616428
1.24825,1214.23,0.012401
1.24825,1214.23,1.2945e-06
1.24827,1214.3,0.0662636
1.24827,1214.3,8.63e-07
1.2483,1214.43,0.132527
1.24848,1214.51,0.0770534
1.2485,1214.52,0.012401
1.2485,1214.52,1.2945e-06
1.24852,1214.59,0.0662636
1.24873,1214.68,0.092464
1.24875,1214.69,0.012401
1.24875,1214.69,1.2945e-06
1.24877,1214.76,0.0662636
1.24877,1214.76,8.63e-07
1.2488,1214.89,0.132527
1.24898,1214.97,0.0770534
1.249,1214.98,0.012401
1.249,1214.98,1.2945e-06
1.24902,1215.05,0.0662636
1.24902,1215.05,8.63e-07
1.24905,1215.18,0.132527
1.24905,1215.18,8.63e-07
1.24909,1215.31,0.132527
1.24923,1215.37,0.0616428
1.24925,1215.39,0.012401
1.24925,1215.39,1.2945e-06
1.24927,1215.45,0.0662636
1.24927,1215.45,8.63e-07
1.2493,1215.59,0.132527
1.24948,1215.66,0.0770534
1.2495,1215.67,0.012401
1.2495,1215.67,1.2945e-06
1.24952,1215.74,0.0662636
1.24952,1215.74,8.63e-07
1.24955,1215.87,0.132527
1.24955,1215.87,8.63e-07
1.24959,1216.01,0.132527
1.24973,1216.07,0.0616428
1.24975,1216.08,0.012401
1.24975,1216.08,1.2945e-06
1.24977,1216.15,0.0662636
1.24977,1216.15,8.63e-07
1.2498,1216.28,0.132527
1.24998,1216.36,0.0770534
1.25,1216.37,0.012401
1.25,1216.37,1.2945e-06
1.25002,1216.43,0.0662636
1.25023,1216.53,0.092464
1.25025,1216.54,0.012401
1.25025,1216.54,1.2945e-06
1.25027,1216.61,0.0662636
1.25027,1216.61,8.63e-07
1.2503,1216.74,0.132527
1.25048,1216.82,0.0770534
1.2505,1216.83,0.012401
1.2505,1216.83,1.2945e-06
1.25052,1216.89,0.0662636
1.25073,1216.99,0.092464
1.25075,1217,0.012401
1.25075,1217,1.2945e-06
1.25077,1217.07,0.0662636
1.25077,1217.07,8.63e-07
1.2508,1217.2,0.132527
1.25098,1217.27,0.0770534
1.251,1217.29,0.012401
1.251,1217.29,1.2945e-06
1.25102,1217.35,0.0662636
1.25102,1217.35,8.63e-07
1.25105,1217.49,0.132527
1.25105,1217.49,8.63e-07
1.25109,1217.62,0.132527
1.25123,1217.68,0.0616428
1.25125,1217.69,0.012401
1.25125,1217.69,1.2945e-06
1.25127,1217.76,0.0662636
1.25127,1217.76,8.63e-07
1.2513,1217.89,0.132527
1.25148,1217.97,0.0770534
1.2515,1217.98,0.012401
1.2515,1217.98,1.2945e-06
1.25152,1218.05,0.0662636
1.25173,1218.14,0.092464
1.25175,1218.15,0.012401
1.25175,1218.15,1.2945e-06
1.25177,1218.22,0.0662636
1.25177,1218.22,8.63e-07
1.2518,1218.35,0.132527
1.25198,1218.43,0.0770534
1.252,1218.44,0.012401
1.252,1218.44,1.2945e-06
1.25202,1218.51,0.0662636
1.25223,1218.6,0.092464
1.25225,1218.61,0.012401
1.25225,1218.61,1.2945e-06
1.25227,1218.68,0.0662636
1.25227,1218.68,8.63e-07
1.2523,1218.81,0.132527
1.25248,1218.89,0.0770534
1.2525,1218.9,0.012401
1.2525,1218.9,1.2945e-06
1.25252,1218.97,0.0662636
1.25252,1218.97,8.63e-07
1.25255,1219.1,0.132527
1.25255,1219.1,8.63e-07
1.25259,1219.23,0.132527
1.25273,1219.29,0.0616428
1.25275,1219.3,0.012401
1.25275,1219.3,1.2945e-06
1.25277,1219.37,0.0662636
1.25277,1219.37,8.63e-07
1.2528,1219.5,0.132527
1.25298,1219.58,0.0770534
1.253,1219.59,0.012401
1.253,1219.59,1.2945e-06
1.25302,1219.66,0.0662636
1.25323,1219.75,0.092464
1.25325,1219.76,0.012401
1.25325,1219.76,1.2945e-06
1.25327,1219.83,0.0662636
1.25327,1219.83,8.63e-07
1.2533,1219.96,0.132527
1.25348,1220.04,0.0770534
1.2535,1220.05,0.012401
1.2535,1220.05,1.2945e-06
1.25352,1220.12,0.0662636
1.25373,1220.21,0.092464
1.25375,1220.22,0.012401
1.25375,1220.22,1.2945e-06
1.25377,1220.29,0.0662636
1.25377,1220.29,8.63e-07
1.2538,1220.42,0.132527
1.25398,1220.5,0.0770534
1.254,1220.51,0.012401
1.254,1220.51,1.2945e-06
1.25402,1220.58,0.0662636
1.25402,1220.58,8.63e-07
1.25405,1220.71,0.132527
1.25405,1220.71,8.63e-07
1.25409,1220.84,0.132527
1.25423,1220.9,0.0616428
1.25425,1220.92,0.012401
1.25425,1220.92,1.2945e-06
1.25427,1220.98,0.0662636
1.25427,1220.98,8.63e-07
1.2543,1221.12,0.132527
1.25448,1221.19,0.0770534
1.2545,1221.21,0.012401
1.2545,1221.21,1.2945e-06
1.25452,1221.27,0.0662636
1.25473,1221.36,0.092464
1.25475,1221.38,0.012401
1.25475,1221.38,1.2945e-06
1.25477,1221.44,0.0662636
1.25477,1221.44,8.63e-07
1.2548,1221.58,0.132527
1.25498,1221.65,0.0770534
1.255,1221.66,0.012401
1.255,1221.66,1.2945e-06
1.25502,1221.73,0.0662636
1.25523,1221.82,0.092464
1.25525,1221.84,0.012401
1.25525,1221.84,1.2945e-06
1.25527,1221.9,0.0662636
1.25527,1221.9,8.63e-07
1.2553,1222.03,0.132527
1.25548,1222.11,0.0770534
1.2555,1222.12,0.012401
1.2555,1222.12,1.2945e-06
1.25552,1222.19,0.0662636
1.25552,1222.19,8.63e-07
1.25555,1222.32,0.132527
1.25555,1222.32,8.63e-07
1.25559,1222.46,0.132527
1.25573,1222.52,0.0616428
1.25575,1222.53,0.012401
1.25575,1222.53,1.2945e-06
1.25577,1222.6,0.0662636
1.25577,1222.6,8.63e-07
1.2558,1222.73,0.132527
1.25598,1222.81,0.0770534
1.256,1222.82,0.012401
1.256,1222.82,1.2945e-06
1.25602,1222.88,0.0662636
1.25623,1222.98,0.092464
1.25625,1222.99,0.012401
1.25625,1222.99,1.2945e-06
1.25627,1223.06,0.0662636
1.25627,1223.06,8.63e-07
1.2563,1223.19,0.132527
1.25648,1223.26,0.0770534
1.2565,1223.28,0.012401
1.2565,1223.28,1.2945e-06
1.25652,1223.34,0.0662636
1.25673,1223.44,0.092464
1.25675,1223.45,0.012401
1.25675,1223.45,1.2945e-06
1.25677,1223.51,0.0662636
1.25677,1223.51,8.63e-07
1.2568,1223.65,0.132527
1.25698,1223.72,0.0770534
1.257,1223.74,0.012401
1.257,1223.74,1.2945e-06
1.25702,1223.8,0.0662636
1.25702,1223.8,8.63e-07
1.25705,1223.94,0.132527
1.25705,1223.94,8.63e-07
1.25709,1224.07,0.132527
1.25723,1224.13,0.0616428
1.25725,1224.14,0.012401
1.25725,1224.14,1.2945e-06
1.25727,1224.21,0.0662636
1.25727,1224.21,8.63e-07
1.2573,1224.34,0.132527
1.25748,1224.42,0.0770534
1.2575,1224.43,0.012401
1.2575,1224.43,1.2945e-06
1.25752,1224.5,0.0662636
1.25773,1224.59,0.092464
1.25775,1224.6,0.012401
1.25775,1224.6,1.2945e-06
1.25777,1224.67,0.0662636
1.25777,1224.67,8.63e-07
1.2578,1224.8,0.132527
1.25798,1224.88,0.0770534
1.258,1224.89,0.012401
1.258,1224.89,1.2945e-06
1.25802,1224.96,0.0662636
1.25823,1225.05,0.092464
1.25825,1225.06,0.012401
1.25825,1225.06,1.2945e-06
1.25827,1225.13,0.0662636
1.25827,1225.13,8.63e-07
1.2583,1225.26,0.132527
1.25848,1225.34,0.0770534
1.2585,1225.35,0.012401
1.2585,1225.35,1.2945e-06
1.25852,1225.42,0.0662636
1.25852,1225.42,8.63e-07
1.25855,1225.55,0.132527
1.25855,1225.55,8.63e-07
1.25859,1225.68,0.132527
1.25873,1225.74,0.0616428
1.25875,1225.75,0.012401
1.25875,1225.75,1.2945e-06
1.25877,1225.82,0.0662636
1.25877,1225.82,8.63e-07
1.2588,1225.95,0.132527
1.25898,1226.03,0.0770534
1.259,1226.04,0.012401
1.259,1226.04,1.2945e-06
1.25902,1226.11,0.0662636
1.25923,1226.2,0.092464
1.25925,1226.21,0.012401
1.25925,1226.21,1.2945e-06
1.25927,1226.28,0.0662636
1.25927,1226.28,8.63e-07
1.2593,1226.41,0.132527
1.25948,1226.49,0.0770534
1.2595,1226.5,0.012401
1.2595,1226.5,1.2945e-06
1.25952,1226.57,0.0662636
1.25973,1226.66,0.092464
1.25975,1226.67,0.012401
1.25975,1226.67,1.2945e-06
1.25977,1226.74,0.0662636
1.25977,1226.74,8.63e-07
1.2598,1226.87,0.132527
1.25998,1226.95,0.0770534
1.26,1226.96,0.012401
1.26,1226.96,1.2945e-06
1.26002,1227.03,0.0662636
1.26023,1227.12,0.092464
1.26025,1227.13,0.012401
1.26025,1227.13,1.2945e-06
1.26027,1227.2,0.0662636
1.26027,1227.2,8.63e-07
1.2603,1227.33,0.132527
1.26048,1227.41,0.0770534
1.2605,1227.42,0.012401
1.2605,1227.42,1.2945e-06
1.26052,1227.49,0.0662636
1.26073,1227.58,0.092464
1.26075,1227.59,0.012401
1.26075,1227.59,1.2945e-06
1.26077,1227.66,0.0662636
1.26077,1227.66,8.63e-07
1.2608,1227.79,0.132527
1.26098,1227.87,0.0770534
1.261,1227.88,0.012401
1.261,1227.88,1.2945e-06
1.26102,1227.95,0.0662636
1.26123,1228.04,0.092464
1.26125,1228.05,0.012401
1.26125,1228.05,1.2945e-06
1.26127,1228.12,0.0662636
1.26127,1228.12,8.63e-07
1.2613,1228.25,0.132527
1.26148,1228.33,0.0770534
1.2615,1228.34,0.012401
1.2615,1228.34,1.2945e-06
1.26152,1228.41,0.0662636
1.26173,1228.5,0.092464
1.26175,1228.51,0.012401
1.26175,1228.51,1.2945e-06
1.26177,1228.58,0.0662636
1.26177,1228.58,8.63e-07
1.2618,1228.71,0.132527
1.26198,1228.79,0.0770534
1.262,1228.8,0.012401
1.262,1228.8,1.2945e-06
1.26202,1228.87,0.0662636
1.26223,1228.96,0.092464
1.26225,1228.97,0.012401
1.26225,1228.97,1.2945e-06
1.26227,1229.04,0.0662636
1.26227,1229.04,8.63e-07
1.2623,1229.17,0.132527
1.26248,1229.25,0.0770534
1.2625,1229.26,0.012401
1.2625,1229.26,1.2945e-06
1.26252,1229.32,0.0662636
1.26273,1229.42,0.092464
1.26275,1229.43,0.012401
1.26275,1229.43,1.2945e-06
1.26277,1229.5,0.0662636
1.26277,1229.5,8.63e-07
1.2628,1229.63,0.132527
1.26298,1229.71,0.0770534
1.263,1229.72,0.012401
1.263,1229.72,1.2945e-06
1.26302,1229.78,0.0662636
1.26323,1229.88,0.092464
1.26325,1229.89,0.012401
1.26325,1229.89,1.2945e-06
1.26327,1229.96,0.0662636
1.26327,1229.96,8.63e-07
1.2633,1230.09,0.132527
1.26348,1230.16,0.0770534
1.2635,1230.18,0.012401
1.2635,1230.18,1.2945e-06
1.26352,1230.24,0.0662636
1.26373,1230.34,0.092464
1.26375,1230.35,0.012401
1.26375,1230.35,1.2945e-06
1.26377,1230.41,0.0662636
1.26377,1230.41,8.63e-07
1.2638,1230.55,0.132527
1.26398,1230.62,0.0770534
1.264,1230.64,0.012401
1.264,1230.64,1.2945e-06
1.26402,1230.7,0.0662636
1.26423,1230.8,0.092464
1.26425,1230.81,0.012401
1.26425,1230.81,1.2945e-06
1.26427,1230.87,0.0662636
1.26427,1230.87,8.63e-07
1.2643,1231.01,0.132527
1.26448,1231.08,0.0770534
1.2645,1231.1,0.012401
1.2645,1231.1,1.2945e-06
1.26452,1231.16,0.0662636
1.26473,1231.25,0.092464
1.26475,1231.27,0.012401
1.26475,1231.27,1.2945e-06
1.26477,1231.33,0.0662636
1.26477,1231.33,8.63e-07
1.2648,1231.47,0.132527
1.26498,1231.54,0.0770534
1.265,1231.56,0.012401
1.265,1231.56,1.2945e-06
1.26502,1231.62,0.0662636
1.26523,1231.71,0.092464
1.26525,1231.73,0.012401
1.26525,1231.73,1.2945e-06
1.26527,1231.79,0.0662636
1.26527,1231.79,8.63e-07
1.2653,1231.93,0.132527
1.26548,1232,0.0770534
1.2655,1232.01,0.012401
1.2655,1232.01,1.2945e-06
1.26552,1232.08,0.0662636
1.26573,1232.17,0.092464
1.26575,1232.19,0.012401
1.26575,1232.19,1.2945e-06
1.26577,1232.25,0.0662636
1.26577,1232.25,8.63e-07
1.2658,1232.38,0.132527
1.26598,1232.46,0.0770534
1.266,1232.47,0.012401
1.266,1232.47,1.2945e-06
1.26602,1232.54,0.0662636
1.26623,1232.63,0.092464
1.26625,1232.65,0.012401
1.26625,1232.65,1.2945e-06
1.26627,1232.71,0.0662636
1.26627,1232.71,8.63e-07
1.2663,1232.84,0.132527
1.26648,1232.92,0.0770534
1.2665,1232.93,0.012401
1.2665,1232.93,1.2945e-06
1.26652,1233,0.0662636
1.26673,1233.09,0.092464
1.26675,1233.1,0.012401
1.26675,1233.1,1.2945e-06
1.26677,1233.17,0.0662636
1.26677,1233.17,8.63e-07
1.2668,1233.3,0.132527
1.26698,1233.38,0.0770534
1.267,1233.39,0.012401
1.267,1233.39,1.2945e-06
1.26702,1233.46,0.0662636
1.26723,1233.55,0.092464
1.26725,1233.56,0.012401
1.26725,1233.56,1.2945e-06
1.26727,1233.63,0.0662636
1.26727,1233.63,8.63e-07
1.2673,1233.76,0.132527
1.26748,1233.84,0.0770534
1.2675,1233.85,0.012401
1.2675,1233.85,1.2945e-06
1.26752,1233.92,0.0662636
1.26773,1234.01,0.092464
1.26775,1234.02,0.012401
1.26775,1234.02,1.2945e-06
1.26777,1234.09,0.0662636
1.26777,1234.09,8.63e-07
1.2678,1234.22,0.132527
1.26798,1234.3,0.0770534
1.268,1234.31,0.012401
1.268,1234.31,1.2945e-06
1.26802,1234.38,0.0662636
1.26823,1234.47,0.092464
1.26825,1234.48,0.012401
1.26825,1234.48,1.2945e-06
1.26827,1234.55,0.0662636
1.26827,1234.55,8.63e-07
1.2683,1234.68,0.132527
1.26848,1234.76,0.0770534
1.2685,1234.77,0.012401
1.2685,1234.77,1.2945e-06
1.26852,1234.84,0.0662636
1.26852,1234.84,8.63e-07
1.26855,1234.97,0.132527
1.26855,1234.97,8.63e-07
1.26859,1235.1,0.132527
1.26873,1235.16,0.0616428
1.26875,1235.18,0.012401
1.26875,1235.18,1.2945e-06
1.26877,1235.24,0.0662636
1.26877,1235.24,8.63e-07
1.2688,1235.38,0.132527
1.26898,1235.45,0.0770534
1.269,1235.46,0.012401
1.269,1235.46,1.2945e-06
1.26902,1235.53,0.0662636
1.26923,1235.62,0.092464
1.26925,1235.64,0.012401
1.26925,1235.64,1.2945e-06
1.26927,1235.7,0.0662636
1.26927,1235.7,8.63e-07
1.2693,1235.83,0.132527
1.26948,1235.91,0.0770534
1.2695,1235.92,0.012401
1.2695,1235.92,1.2945e-06
1.26952,1235.99,0.0662636
1.26973,1236.08,0.092464
1.26975,1236.09,0.012401
1.26975,1236.09,1.2945e-06
1.26977,1236.16,0.0662636
1.26977,1236.16,8.63e-07
1.2698,1236.29,0.132527
1.26998,1236.37,0.0770534
1.27,1236.38,0.012401
1.27,1236.38,1.2945e-06
1.27002,1236.45,0.0662636
1.27002,1236.45,8.63e-07
1.27005,1236.58,0.132527
1.27005,1236.58,8.63e-07
1.27009,1236.71,0.132527
1.27023,1236.78,0.0616428
1.27025,1236.79,0.012401
1.27025,1236.79,1.2945e-06
1.27027,1236.85,0.0662636
1.27027,1236.85,8.63e-07
1.2703,1236.99,0.132527
1.27048,1237.06,0.0770534
1.2705,1237.08,0.012401
1.2705,1237.08,1.2945e-06
1.27052,1237.14,0.0662636
1.27073,1237.24,0.092464
1.27075,1237.25,0.012401
1.27075,1237.25,1.2945e-06
1.27077,1237.31,0.0662636
1.27077,1237.31,8.63e-07
1.2708,1237.45,0.132527
1.27098,1237.52,0.0770534
1.271,1237.54,0.012401
1.271,1237.54,1.2945e-06
1.27102,1237.6,0.0662636
1.27123,1237.69,0.092464
1.27125,1237.71,0.012401
1.27125,1237.71,1.2945e-06
1.27127,1237.77,0.0662636
1.27127,1237.77,8.63e-07
1.2713,1237.91,0.132527
1.27148,1237.98,0.0770534
1.2715,1238,0.012401
1.2715,1238,1.2945e-06
1.27152,1238.06,0.0662636
1.27152,1238.06,8.63e-07
1.27155,1238.19,0.132527
1.27155,1238.19,8.63e-07
1.27159,1238.33,0.132527
1.27173,1238.39,0.0616428
1.27175,1238.4,0.012401
1.27175,1238.4,1.2945e-06
1.27177,1238.47,0.0662636
1.27177,1238.47,8.63e-07
1.2718,1238.6,0.132527
1.27198,1238.68,0.0770534
1.272,1238.69,0.012401
1.272,1238.69,1.2945e-06
1.27202,1238.76,0.0662636
1.27223,1238.85,0.092464
1.27225,1238.86,0.012401
1.27225,1238.86,1.2945e-06
1.27227,1238.93,0.0662636
1.27227,1238.93,8.63e-07
1.2723,1239.06,0.132527
1.27248,1239.14,0.0770534
1.2725,1239.15,0.012401
1.2725,1239.15,1.2945e-06
1.27252,1239.21,0.0662636
1.27273,1239.31,0.092464
1.27275,1239.32,0.012401
1.27275,1239.32,1.2945e-06
1.27277,1239.39,0.0662636
1.27277,1239.39,8.63e-07
1.2728,1239.52,0.132527
1.27298,1239.6,0.0770534
1.273,1239.61,0.012401
1.273,1239.61,1.2945e-06
1.27302,1239.67,0.0662636
1.27302,1239.67,8.63e-07
1.27305,1239.81,0.132527
1.27305,1239.81,8.63e-07
1.27309,1239.94,0.132527
1.27323,1240,0.0616428
1.27325,1240.01,0.012401
1.27325,1240.01,1.2945e-06
1.27327,1240.08,0.0662636
1.27327,1240.08,8.63e-07
1.2733,1240.21,0.132527
1.27348,1240.29,0.0770534
1.2735,1240.3,0.012401
1.2735,1240.3,1.2945e-06
1.27352,1240.37,0.0662636
1.27373,1240.46,0.092464
1.27375,1240.47,0.012401
1.27375,1240.47,1.2945e-06
1.27377,1240.54,0.0662636
1.27377,1240.54,8.63e-07
1.2738,1240.67,0.132527
1.27398,1240.75,0.0770534
1.274,1240.76,0.012401
1.274,1240.76,1.2945e-06
1.27402,1240.83,0.0662636
1.27423,1240.92,0.092464
1.27425,1240.93,0.012401
1.27425,1240.93,1.2945e-06
1.27427,1241,0.0662636
1.27427,1241,8.63e-07
1.2743,1241.13,0.132527
1.27448,1241.21,0.0770534
1.2745,1241.22,0.012401
1.2745,1241.22,1.2945e-06
1.27452,1241.29,0.0662636
1.27452,1241.29,8.63e-07
1.27455,1241.42,0.132527
1.27455,1241.42,8.63e-07
1.27459,1241.55,0.132527
1.27473,1241.61,0.0616428
1.27475,1241.63,0.012401
1.27475,1241.63,1.2945e-06
1.27477,1241.69,0.0662636
1.27477,1241.69,8.63e-07
1.2748,1241.82,0.132527
1.27498,1241.9,0.0770534
1.275,1241.91,0.012401
1.275,1241.91,1.2945e-06
1.27502,1241.98,0.0662636
1.27523,1242.07,0.092464
1.27525,1242.09,0.012401
1.27525,1242.09,1.2945e-06
1.27527,1242.15,0.0662636
1.27527,1242.15,8.63e-07
1.2753,1242.28,0.132527
1.27548,1242.36,0.0770534
1.2755,1242.37,0.012401
1.2755,1242.37,1.2945e-06
1.27552,1242.44,0.0662636
1.27573,1242.53,0.092464
1.27575,1242.54,0.012401
1.27575,1242.54,1.2945e-06
1.27577,1242.61,0.0662636
1.27577,1242.61,8.63e-07
1.2758,1242.74,0.132527
1.27598,1242.82,0.0770534
1.276,1242.83,0.012401
1.276,1242.83,1.2945e-06
1.27602,1242.9,0.0662636
1.27602,1242.9,8.63e-07
1.27605,1243.03,0.132527
1.27605,1243.03,8.63e-07
1.27609,1243.16,0.132527
1.27623,1243.23,0.0616428
1.27625,1243.24,0.012401
1.27625,1243.24,1.2945e-06
1.27627,1243.3,0.0662636
1.27627,1243.3,8.63e-07
1.2763,1243.44,0.132527
1.27648,1243.51,0.0770534
1.2765,1243.53,0.012401
1.2765,1243.53,1.2945e-06
1.27652,1243.59,0.0662636
1.27673,1243.69,0.092464
1.27675,1243.7,0.012401
1.27675,1243.7,1.2945e-06
1.27677,1243.76,0.0662636
1.27677,1243.76,8.63e-07
1.2768,1243.9,0.132527
1.27698,1243.97,0.0770534
1.277,1243.99,0.012401
1.277,1243.99,1.2945e-06
1.27702,1244.05,0.0662636
1.27723,1244.14,0.092464
1.27725,1244.16,0.012401
1.27725,1244.16,1.2945e-06
1.27727,1244.22,0.0662636
1.27727,1244.22,8.63e-07
1.2773,1244.36,0.132527
1.27748,1244.43,0.0770534
1.2775,1244.45,0.012401
1.2775,1244.45,1.2945e-06
1.27752,1244.51,0.0662636
1.27752,1244.51,8.63e-07
1.27755,1244.64,0.132527
1.27755,1244.64,8.63e-07
1.27759,1244.78,0.132527
1.27773,1244.84,0.0616428
1.27775,1244.85,0.012401
1.27775,1244.85,1.2945e-06
1.27777,1244.92,0.0662636
1.27777,1244.92,8.63e-07
1.2778,1245.05,0.132527
1.27798,1245.13,0.0770534
1.278,1245.14,0.012401
1.278,1245.14,1.2945e-06
1.27802,1245.2,0.0662636
1.27823,1245.3,0.092464
1.27825,1245.31,0.012401
1.27825,1245.31,1.2945e-06
1.27827,1245.38,0.0662636
1.27827,1245.38,8.63e-07
1.2783,1245.51,0.132527
1.27848,1245.59,0.0770534
1.2785,1245.6,0.012401
1.2785,1245.6,1.2945e-06
1.27852,1245.66,0.0662636
1.27873,1245.76,0.092464
1.27875,1245.77,0.012401
1.27875,1245.77,1.2945e-06
1.27877,1245.84,0.0662636
1.27877,1245.84,8.63e-07
1.2788,1245.97,0.132527
1.27898,1246.05,0.0770534
1.279,1246.06,0.012401
1.279,1246.06,1.2945e-06
1.27902,1246.12,0.0662636
1.27902,1246.12,8.63e-07
1.27905,1246.26,0.132527
1.27905,1246.26,8.63e-07
1.27909,1246.39,0.132527
1.27923,1246.45,0.0616428
1.27925,1246.46,0.012401
1.27925,1246.46,1.2945e-06
1.27927,1246.53,0.0662636
1.27927,1246.53,8.63e-07
1.2793,1246.66,0.132527
1.27948,1246.74,0.0770534
1.2795,1246.75,0.012401
1.2795,1246.75,1.2945e-06
1.27952,1246.82,0.0662636
1.27973,1246.91,0.092464
1.27975,1246.92,0.012401
1.27975,1246.92,1.2945e-06
1.27977,1246.99,0.0662636
1.27977,1246.99,8.63e-07
1.2798,1247.12,0.132527
1.27998,1247.2,0.0770534
1.28,1247.21,0.012401
1.28,1247.21,1.2945e-06
1.28002,1247.28,0.0662636
1.28023,1247.37,0.092464
1.28025,1247.38,0.012401
1.28025,1247.38,1.2945e-06
1.28027,1247.45,0.0662636
1.28027,1247.45,8.63e-07
1.2803,1247.58,0.132527
1.28048,1247.66,0.0770534
1.2805,1247.67,0.012401
1.2805,1247.67,1.2945e-06
1.28052,1247.74,0.0662636
1.28052,1247.74,8.63e-07
1.28055,1247.87,0.132527
1.28055,1247.87,8.63e-07
1.28059,1248,0.132527
1.28073,1248.06,0.0616428
1.28075,1248.08,0.012401
1.28075,1248.08,1.2945e-06
1.28077,1248.14,0.0662636
1.28077,1248.14,8.63e-07
1.2808,1248.27,0.132527
1.28098,1248.35,0.0770534
1.281,1248.36,0.012401
1.281,1248.36,1.2945e-06
1.28102,1248.43,0.0662636
1.28123,1248.52,0.092464
1.28125,1248.53,0.012401
1.28125,1248.53,1.2945e-06
1.28127,1248.6,0.0662636
1.28127,1248.6,8.63e-07
1.2813,1248.73,0.132527
1.28148,1248.81,0.0770534
1.2815,1248.82,0.012401
1.2815,1248.82,1.2945e-06
1.28152,1248.89,0.0662636
1.28173,1248.98,0.092464
1.28175,1248.99,0.012401
1.28175,1248.99,1.2945e-06
1.28177,1249.06,0.0662636
1.28177,1249.06,8.63e-07
1.2818,1249.19,0.132527
1.28198,1249.27,0.0770534
1.282,1249.28,0.012401
1.282,1249.28,1.2945e-06
1.28202,1249.35,0.0662636
1.28202,1249.35,8.63e-07
1.28205,1249.48,0.132527
1.28205,1249.48,8.63e-07
1.28209,1249.61,0.132527
1.28223,1249.68,0.0616428
1.28225,1249.69,0.012401
1.28225,1249.69,1.2945e-06
1.28227,1249.75,0.0662636
1.28227,1249.75,8.63e-07
1.2823,1249.89,0.132527
1.28248,1249.96,0.0770534
1.2825,1249.98,0.012401
1.2825,1249.98,1.2945e-06
1.28252,1250.04,0.0662636
1.28252,1250.04,8.63e-07
1.28255,1250.17,0.132527
1.28255,1250.17,8.63e-07
1.28259,1250.31,0.132527
1.28273,1250.37,0.0616428
1.28275,1250.38,0.012401
1.28275,1250.38,1.2945e-06
1.28277,1250.45,0.0662636
1.28277,1250.45,8.63e-07
1.2828,1250.58,0.132527
1.28298,1250.66,0.0770534
1.283,1250.67,0.012401
1.283,1250.67,1.2945e-06
1.28302,1250.74,0.0662636
1.28323,1250.83,0.092464
1.28325,1250.84,0.012401
1.28325,1250.84,1.2945e-06
1.28327,1250.91,0.0662636
1.28327,1250.91,8.63e-07
1.2833,1251.04,0.132527
1.28348,1251.12,0.0770534
1.2835,1251.13,0.012401
1.2835,1251.13,1.2945e-06
1.28352,1251.2,0.0662636
1.28352,1251.2,8.63e-07
1.28355,1251.33,0.132527
1.28355,1251.33,8.63e-07
1.28359,1251.46,0.132527
1.28373,1251.52,0.0616428
1.28375,1251.53,0.012401
1.28375,1251.53,1.2945e-06
1.28377,1251.6,0.0662636
1.28377,1251.6,8.63e-07
1.2838,1251.73,0.132527
1.28398,1251.81,0.0770534
1.284,1251.82,0.012401
1.284,1251.82,1.2945e-06
1.28402,1251.89,0.0662636
1.28402,1251.89,8.63e-07
1.28405,1252.02,0.132527
1.28405,1252.02,8.63e-07
1.28409,1252.15,0.132527
1.28423,1252.22,0.0616428
1.28425,1252.23,0.012401
1.28425,1252.23,1.2945e-06
1.28427,1252.29,0.0662636
1.28427,1252.29,8.63e-07
1.2843,1252.43,0.132527
1.28448,1252.5,0.0770534
1.2845,1252.52,0.012401
1.2845,1252.52,1.2945e-06
1.28452,1252.58,0.0662636
1.28473,1252.67,0.092464
1.28475,1252.69,0.012401
1.28475,1252.69,1.2945e-06
1.28477,1252.75,0.0662636
1.28477,1252.75,8.63e-07
1.2848,1252.89,0.132527
1.28498,1252.96,0.0770534
1.285,1252.98,0.012401
1.285,1252.98,1.2945e-06
1.28502,1253.04,0.0662636
1.28502,1253.04,8.63e-07
1.28505,1253.17,0.132527
1.28505,1253.17,8.63e-07
1.28509,1253.31,0.132527
1.28523,1253.37,0.0616428
1.28525,1253.38,0.012401
1.28525,1253.38,1.2945e-06
1.28527,1253.45,0.0662636
1.28527,1253.45,8.63e-07
1.2853,1253.58,0.132527
1.28548,1253.66,0.0770534
1.2855,1253.67,0.012401
1.2855,1253.67,1.2945e-06
1.28552,1253.74,0.0662636
1.28552,1253.74,8.63e-07
1.28555,1253.87,0.132527
1.28555,1253.87,8.63e-07
1.28559,1254,0.132527
1.28573,1254.06,0.0616428
1.28575,1254.07,0.012401
1.28575,1254.07,1.2945e-06
1.28577,1254.14,0.0662636
1.28577,1254.14,8.63e-07
1.2858,1254.27,0.132527
1.28598,1254.35,0.0770534
1.286,1254.36,0.012401
1.286,1254.36,1.2945e-06
1.28602,1254.43,0.0662636
1.28623,1254.52,0.092464
1.28625,1254.53,0.012401
1.28625,1254.53,1.2945e-06
1.28627,1254.6,0.0662636
1.28627,1254.6,8.63e-07
1.2863,1254.73,0.132527
1.28648,1254.81,0.0770534
1.2865,1254.82,0.012401
1.2865,1254.82,1.2945e-06
1.28652,1254.89,0.0662636
1.28652,1254.89,8.63e-07
1.28655,1255.02,0.132527
1.28655,1255.02,8.63e-07
1.28659,1255.15,0.132527
1.28673,1255.21,0.0616428
1.28675,1255.23,0.012401
1.28675,1255.23,1.2945e-06
1.28677,1255.29,0.0662636
1.28677,1255.29,8.63e-07
1.2868,1255.43,0.132527
1.28698,1255.5,0.0770534
1.287,1255.52,0.012401
1.287,1255.52,1.2945e-06
1.28702,1255.58,0.0662636
1.28702,1255.58,8.63e-07
1.28705,1255.71,0.132527
1.28705,1255.71,8.63e-07
1.28709,1255.85,0.132527
1.28723,1255.91,0.0616428
1.28725,1255.92,0.012401
1.28725,1255.92,1.2945e-06
1.28727,1255.99,0.0662636
1.28727,1255.99,8.63e-07
1.2873,1256.12,0.132527
1.28748,1256.2,0.0770534
1.2875,1256.21,0.012401
1.2875,1256.21,1.2945e-06
1.28752,1256.28,0.0662636
1.28773,1256.37,0.092464
1.28775,1256.38,0.012401
1.28775,1256.38,1.2945e-06
1.28777,1256.45,0.0662636
1.28777,1256.45,8.63e-07
1.2878,1256.58,0.132527
1.28798,1256.66,0.0770534
1.288,1256.67,0.012401
1.288,1256.67,1.2945e-06
1.28802,1256.73,0.0662636
1.28823,1256.83,0.092464
1.28825,1256.84,0.012401
1.28825,1256.84,1.2945e-06
1.28827,1256.91,0.0662636
1.28827,1256.91,8.63e-07
1.2883,1257.04,0.132527
1.28848,1257.12,0.0770534
1.2885,1257.13,0.012401
1.2885,1257.13,1.2945e-06
1.28852,1257.19,0.0662636
1.28852,1257.19,8.63e-07
1.28855,1257.33,0.132527
1.28855,1257.33,8.63e-07
1.28859,1257.46,0.132527
1.28873,1257.52,0.0616428
1.28875,1257.53,0.012401
1.28875,1257.53,1.2945e-06
1.28877,1257.6,0.0662636
1.28877,1257.6,8.63e-07
1.2888,1257.73,0.132527
1.28898,1257.81,0.0770534
1.289,1257.82,0.012401
1.289,1257.82,1.2945e-06
1.28902,1257.89,0.0662636
1.28923,1257.98,0.092464
1.28925,1257.99,0.012401
1.28925,1257.99,1.2945e-06
1.28927,1258.06,0.0662636
1.28927,1258.06,8.63e-07
1.2893,1258.19,0.132527
1.28948,1258.27,0.0770534
1.2895,1258.28,0.012401
1.2895,1258.28,1.2945e-06
1.28952,1258.35,0.0662636
1.28973,1258.44,0.092464
1.28975,1258.45,0.012401
1.28975,1258.45,1.2945e-06
1.28977,1258.52,0.0662636
1.28977,1258.52,8.63e-07
1.2898,1258.65,0.132527
1.28998,1258.73,0.0770534
1.29,1258.74,0.012401
1.29,1258.74,1.2945e-06
1.29002,1258.81,0.0662636
1.29002,1258.81,8.63e-07
1.29005,1258.94,0.132527
1.29005,1258.94,8.63e-07
1.29009,1259.07,0.132527
1.29023,1259.13,0.0616428
1.29025,1259.15,0.012401
1.29025,1259.15,1.2945e-06
1.29027,1259.21,0.0662636
1.29027,1259.21,8.63e-07
1.2903,1259.34,0.132527
1.29048,1259.42,0.0770534
1.2905,1259.43,0.012401
1.2905,1259.43,1.2945e-06
1.29052,1259.5,0.0662636
1.29073,1259.59,0.092464
1.29075,1259.61,0.012401
1.29075,1259.61,1.2945e-06
1.29077,1259.67,0.0662636
1.29077,1259.67,8.63e-07
1.2908,1259.8,0.132527
1.29098,1259.88,0.0770534
1.291,1259.89,0.012401
1.291,1259.89,1.2945e-06
1.29102,1259.96,0.0662636
1.29123,1260.05,0.092464
1.29125,1260.06,0.012401
1.29125,1260.06,1.2945e-06
1.29127,1260.13,0.0662636
1.29127,1260.13,8.63e-07
1.2913,1260.26,0.132527
1.29148,1260.34,0.0770534
1.2915,1260.35,0.012401
1.2915,1260.35,1.2945e-06
1.29152,1260.42,0.0662636
1.29152,1260.42,8.63e-07
1.29155,1260.55,0.132527
1.29155,1260.55,8.63e-07
1.29159,1260.68,0.132527
1.29173,1260.75,0.0616428
1.29175,1260.76,0.012401
1.29175,1260.76,1.2945e-06
1.29177,1260.82,0.0662636
1.29177,1260.82,8.63e-07
1.2918,1260.96,0.132527
1.29198,1261.03,0.0770534
1.292,1261.05,0.012401
1.292,1261.05,1.2945e-06
1.29202,1261.11,0.0662636
1.29223,1261.21,0.092464
1.29225,1261.22,0.012401
1.29225,1261.22,1.2945e-06
1.29227,1261.28,0.0662636
1.29227,1261.28,8.63e-07
1.2923,1261.42,0.132527
1.29248,1261.49,0.0770534
1.2925,1261.51,0.012401
1.2925,1261.51,1.2945e-06
1.29252,1261.57,0.0662636
1.29273,1261.66,0.092464
1.29275,1261.68,0.012401
1.29275,1261.68,1.2945e-06
1.29277,1261.74,0.0662636
1.29277,1261.74,8.63e-07
1.2928,1261.88,0.132527
1.29298,1261.95,0.0770534
1.293,1261.97,0.012401
1.293,1261.97,1.2945e-06
1.29302,1262.03,0.0662636
1.29323,1262.12,0.092464
1.29325,1262.14,0.012401
1.29325,1262.14,1.2945e-06
1.29327,1262.2,0.0662636
1.29327,1262.2,8.63e-07
1.2933,1262.33,0.132527
1.29348,1262.41,0.0770534
1.2935,1262.42,0.012401
1.2935,1262.42,1.2945e-06
1.29352,1262.49,0.0662636
1.29373,1262.58,0.092464
1.29375,1262.6,0.012401
1.29375,1262.6,1.2945e-06
1.29377,1262.66,0.0662636
1.29377,1262.66,8.63e-07
1.2938,1262.79,0.132527
1.29398,1262.87,0.0770534
1.294,1262.88,0.012401
1.294,1262.88,1.2945e-06
1.29402,1262.95,0.0662636
1.29423,1263.04,0.092464
1.29425,1263.05,0.012401
1.29425,1263.05,1.2945e-06
1.29427,1263.12,0.0662636
1.29427,1263.12,8.63e-07
1.2943,1263.25,0.132527
1.29448,1263.33,0.0770534
1.2945,1263.34,0.012401
1.2945,1263.34,1.2945e-06
1.29452,1263.41,0.0662636
1.29473,1263.5,0.092464
1.29475,1263.51,0.012401
1.29475,1263.51,1.2945e-06
1.29477,1263.58,0.0662636
1.29477,1263.58,8.63e-07
1.2948,1263.71,0.132527
1.29498,1263.79,0.0770534
1.295,1263.8,0.012401
1.295,1263.8,1.2945e-06
1.29502,1263.87,0.0662636
1.29523,1263.96,0.092464
1.29525,1263.97,0.012401
1.29525,1263.97,1.2945e-06
1.29527,1264.04,0.0662636
1.29527,1264.04,8.63e-07
1.2953,1264.17,0.132527
1.29548,1264.25,0.0770534
1.2955,1264.26,0.012401
1.2955,1264.26,1.2945e-06
1.29552,1264.33,0.0662636
1.29573,1264.42,0.092464
1.29575,1264.43,0.012401
1.29575,1264.43,1.2945e-06
1.29577,1264.5,0.0662636
1.29577,1264.5,8.63e-07
1.2958,1264.63,0.132527
1.29598,1264.71,0.0770534
1.296,1264.72,0.012401
1.296,1264.72,1.2945e-06
1.29602,1264.79,0.0662636
1.29623,1264.88,0.092464
1.29625,1264.89,0.012401
1.29625,1264.89,1.2945e-06
1.29627,1264.96,0.0662636
1.29627,1264.96,8.63e-07
1.2963,1265.09,0.132527
1.29648,1265.17,0.0770534
1.2965,1265.18,0.012401
1.2965,1265.18,1.2945e-06
1.29652,1265.25,0.0662636
1.29673,1265.34,0.092464
1.29675,1265.35,0.012401
1.29675,1265.35,1.2945e-06
1.29677,1265.42,0.0662636
1.29677,1265.42,8.63e-07
1.2968,1265.55,0.132527
1.29698,1265.63,0.0770534
1.297,1265.64,0.012401
1.297,1265.64,1.2945e-06
1.29702,1265.71,0.0662636
1.29723,1265.8,0.092464
1.29725,1265.81,0.012401
1.29725,1265.81,1.2945e-06
1.29727,1265.88,0.0662636
1.29727,1265.88,8.63e-07
1.2973,1266.01,0.132527
1.29748,1266.09,0.0770534
1.2975,1266.1,0.012401
1.2975,1266.1,1.2945e-06
1.29752,1266.17,0.0662636
1.29773,1266.26,0.092464
1.29775,1266.27,0.012401
1.29775,1266.27,1.2945e-06
1.29777,1266.34,0.0662636
1.29777,1266.34,8.63e-07
1.2978,1266.47,0.132527
1.29798,1266.55,0.0770534
1.298,1266.56,0.012401
1.298,1266.56,1.2945e-06
1.29802,1266.63,0.0662636
1.29802,1266.63,8.63e-07
1.29805,1266.76,0.132527
1.29805,1266.76,8.63e-07
1.29809,1266.89,0.132527
1.29823,1266.95,0.0616428
1.29825,1266.96,0.012401
1.29825,1266.96,1.2945e-06
1.29827,1267.03,0.0662636
1.29827,1267.03,8.63e-07
1.2983,1267.16,0.132527
1.29848,1267.24,0.0770534
1.2985,1267.25,0.012401
1.2985,1267.25,1.2945e-06
1.29852,1267.32,0.0662636
1.29852,1267.32,8.63e-07
1.29855,1267.45,0.132527
1.29855,1267.45,8.63e-07
1.29859,1267.58,0.132527
1.29873,1267.65,0.0616428
1.29875,1267.66,0.012401
1.29875,1267.66,1.2945e-06
1.29877,1267.72,0.0662636
1.29877,1267.72,8.63e-07
1.2988,1267.86,0.132527
1.29898,1267.93,0.0770534
1.299,1267.95,0.012401
1.299,1267.95,1.2945e-06
1.29902,1268.01,0.0662636
1.29923,1268.1,0.092464
1.29925,1268.12,0.012401
1.29925,1268.12,1.2945e-06
1.29927,1268.18,0.0662636
1.29927,1268.18,8.63e-07
1.2993,1268.32,0.132527
1.29948,1268.39,0.0770534
1.2995,1268.41,0.012401
1.2995,1268.41,1.2945e-06
1.29952,1268.47,0.0662636
1.29952,1268.47,8.63e-07
1.29955,1268.6,0.132527
1.29955,1268.6,8.63e-07
1.29959,1268.74,0.132527
1.29973,1268.8,0.0616428
1.29975,1268.81,0.012401
1.29975,1268.81,1.2945e-06
1.29977,1268.88,0.0662636
1.29977,1268.88,8.63e-07
1.2998,1269.01,0.132527
1.29998,1269.09,0.0770534
1.3,1269.1,0.012401
1.3,1269.1,1.2945e-06
1.30002,1269.17,0.0662636
1.30002,1269.17,8.63e-07
1.30005,1269.3,0.132527
1.30005,1269.3,8.63e-07
1.30009,1269.43,0.132527
1.30023,1269.49,0.0616428
1.30025,1269.5,0.012401
1.30025,1269.5,1.2945e-06
1.30027,1269.57,0.0662636
1.30027,1269.57,8.63e-07
1.3003,1269.7,0.132527
1.30048,1269.78,0.0770534
1.3005,1269.79,0.012401
1.3005,1269.79,1.2945e-06
1.30052,1269.86,0.0662636
1.30052,1269.86,8.63e-07
1.30055,1269.99,0.132527
1.30055,1269.99,8.63e-07
1.30059,1270.12,0.132527
1.30073,1270.19,0.0616428
1.30075,1270.2,0.012401
1.30075,1270.2,1.2945e-06
1.30077,1270.26,0.0662636
1.30077,1270.26,8.63e-07
1.3008,1270.4,0.132527
1.30098,1270.47,0.0770534
1.301,1270.49,0.012401
1.301,1270.49,1.2945e-06
1.30102,1270.55,0.0662636
1.30123,1270.64,0.092464
1.30125,1270.66,0.012401
1.30125,1270.66,1.2945e-06
1.30127,1270.72,0.0662636
1.30127,1270.72,8.63e-07
1.3013,1270.86,0.132527
1.30148,1270.93,0.0770534
1.3015,1270.95,0.012401
1.3015,1270.95,1.2945e-06
1.30152,1271.01,0.0662636
1.30173,1271.1,0.092464
1.30175,1271.12,0.012401
1.30175,1271.12,1.2945e-06
1.30177,1271.18,0.0662636
1.30177,1271.18,8.63e-07
1.3018,1271.32,0.132527
1.30198,1271.39,0.0770534
1.302,1271.41,0.012401
1.302,1271.41,1.2945e-06
1.30202,1271.47,0.0662636
1.30223,1271.56,0.092464
1.30225,1271.58,0.012401
1.30225,1271.58,1.2945e-06
1.30227,1271.64,0.0662636
1.30227,1271.64,8.63e-07
1.3023,1271.77,0.132527
1.30248,1271.85,0.0770534
1.3025,1271.86,0.012401
1.3025,1271.86,1.2945e-06
1.30252,1271.93,0.0662636
1.30273,1272.02,0.092464
1.30275,1272.04,0.012401
1.30275,1272.04,1.2945e-06
1.30277,1272.1,0.0662636
1.30277,1272.1,8.63e-07
1.3028,1272.23,0.132527
1.30298,1272.31,0.0770534
1.303,1272.32,0.012401
1.303,1272.32,1.2945e-06
1.30302,1272.39,0.0662636
1.30302,1272.39,8.63e-07
1.30305,1272.52,0.132527
1.30305,1272.52,8.63e-07
1.30309,1272.66,0.132527
1.30323,1272.72,0.0616428
1.30325,1272.73,0.012401
1.30325,1272.73,1.2945e-06
1.30327,1272.8,0.0662636
1.30327,1272.8,8.63e-07
1.3033,1272.93,0.132527
1.30348,1273,0.0770534
1.3035,1273.02,0.012401
1.3035,1273.02,1.2945e-06
1.30352,1273.08,0.0662636
1.30373,1273.18,0.092464
1.30375,1273.19,0.012401
1.30375,1273.19,1.2945e-06
1.30377,1273.25,0.0662636
1.30377,1273.25,8.63e-07
1.3038,1273.39,0.132527
1.30398,1273.46,0.0770534
1.304,1273.48,0.012401
1.304,1273.48,1.2945e-06
1.30402,1273.54,0.0662636
1.30423,1273.64,0.092464
1.30425,1273.65,0.012401
1.30425,1273.65,1.2945e-06
1.30427,1273.71,0.0662636
1.30427,1273.71,8.63e-07
1.3043,1273.85,0.132527
1.30448,1273.92,0.0770534
1.3045,1273.94,0.012401
1.3045,1273.94,1.2945e-06
1.30452,1274,0.0662636
1.30473,1274.09,0.092464
1.30475,1274.11,0.012401
1.30475,1274.11,1.2945e-06
1.30477,1274.17,0.0662636
1.30477,1274.17,8.63e-07
1.3048,1274.31,0.132527
1.30498,1274.38,0.0770534
1.305,1274.4,0.012401
1.305,1274.4,1.2945e-06
1.30502,1274.46,0.0662636
1.30523,1274.55,0.092464
1.30525,1274.57,0.012401
1.30525,1274.57,1.2945e-06
1.30527,1274.63,0.0662636
1.30527,1274.63,8.63e-07
1.3053,1274.77,0.132527
1.30548,1274.84,0.0770534
1.3055,1274.85,0.012401
1.3055,1274.85,1.2945e-06
1.30552,1274.92,0.0662636
1.30573,1275.01,0.092464
1.30575,1275.03,0.012401
1.30575,1275.03,1.2945e-06
1.30577,1275.09,0.0662636
1.30577,1275.09,8.63e-07
1.3058,1275.22,0.132527
1.30598,1275.3,0.0770534
1.306,1275.31,0.012401
1.306,1275.31,1.2945e-06
1.30602,1275.38,0.0662636
1.30623,1275.47,0.092464
1.30625,1275.49,0.012401
1.30625,1275.49,1.2945e-06
1.30627,1275.55,0.0662636
1.30627,1275.55,8.63e-07
1.3063,1275.68,0.132527
1.30648,1275.76,0.0770534
1.3065,1275.77,0.012401
1.3065,1275.77,1.2945e-06
1.30652,1275.84,0.0662636
1.30673,1275.93,0.092464
1.30675,1275.94,0.012401
1.30675,1275.94,1.2945e-06
1.30677,1276.01,0.0662636
1.30677,1276.01,8.63e-07
1.3068,1276.14,0.132527
1.30698,1276.22,0.0770534
1.307,1276.23,0.012401
1.307,1276.23,1.2945e-06
1.30702,1276.3,0.0662636
1.30723,1276.39,0.092464
1.30725,1276.4,0.012401
1.30725,1276.4,1.2945e-06
1.30727,1276.47,0.0662636
1.30727,1276.47,8.63e-07
1.3073,1276.6,0.132527
1.30748,1276.68,0.0770534
1.3075,1276.69,0.012401
1.3075,1276.69,1.2945e-06
1.30752,1276.76,0.0662636
1.30773,1276.85,0.092464
1.30775,1276.86,0.012401
1.30775,1276.86,1.2945e-06
1.30777,1276.93,0.0662636
1.30777,1276.93,8.63e-07
1.3078,1277.06,0.132527
1.30798,1277.14,0.0770534
1.308,1277.15,0.012401
1.308,1277.15,1.2945e-06
1.30802,1277.22,0.0662636
1.30823,1277.31,0.092464
1.30825,1277.32,0.012401
1.30825,1277.32,1.2945e-06
1.30827,1277.39,0.0662636
1.30827,1277.39,8.63e-07
1.3083,1277.52,0.132527
1.30848,1277.6,0.0770534
1.3085,1277.61,0.012401
1.3085,1277.61,1.2945e-06
1.30852,1277.68,0.0662636
1.30873,1277.77,0.092464
1.30875,1277.78,0.012401
1.30875,1277.78,1.2945e-06
1.30877,1277.85,0.0662636
1.30877,1277.85,8.63e-07
1.3088,1277.98,0.132527
1.30898,1278.06,0.0770534
1.309,1278.07,0.012401
1.309,1278.07,1.2945e-06
1.30902,1278.14,0.0662636
1.30902,1278.14,8.63e-07
1.30905,1278.27,0.132527
1.30905,1278.27,8.63e-07
1.30909,1278.4,0.132527
1.30923,1278.46,0.0616428
1.30925,1278.48,0.012401
1.30925,1278.48,1.2945e-06
1.30927,1278.54,0.0662636
1.30927,1278.54,8.63e-07
1.3093,1278.67,0.132527
1.30948,1278.75,0.0770534
1.3095,1278.76,0.012401
1.3095,1278.76,1.2945e-06
1.30952,1278.83,0.0662636
1.30973,1278.92,0.092464
1.30975,1278.94,0.012401
1.30975,1278.94,1.2945e-06
1.30977,1279,0.0662636
1.30977,1279,8.63e-07
1.3098,1279.13,0.132527
1.30998,1279.21,0.0770534
1.31,1279.22,0.012401
1.31,1279.22,1.2945e-06
1.31002,1279.29,0.0662636
1.31023,1279.38,0.092464
1.31025,1279.39,0.012401
1.31025,1279.39,1.2945e-06
1.31027,1279.46,0.0662636
1.31027,1279.46,8.63e-07
1.3103,1279.59,0.132527
1.31048,1279.67,0.0770534
1.3105,1279.68,0.012401
1.3105,1279.68,1.2945e-06
1.31052,1279.75,0.0662636
1.31073,1279.84,0.092464
1.31075,1279.85,0.012401
1.31075,1279.85,1.2945e-06
1.31077,1279.92,0.0662636
1.31077,1279.92,8.63e-07
1.3108,1280.05,0.132527
1.31098,1280.13,0.0770534
1.311,1280.14,0.012401
1.311,1280.14,1.2945e-06
1.31102,1280.21,0.0662636
1.31123,1280.3,0.092464
1.31125,1280.31,0.012401
1.31125,1280.31,1.2945e-06
1.31127,1280.38,0.0662636
1.31127,1280.38,8.63e-07
1.3113,1280.51,0.132527
1.31148,1280.59,0.0770534
1.3115,1280.6,0.012401
1.3115,1280.6,1.2945e-06
1.31152,1280.67,0.0662636
1.31173,1280.76,0.092464
1.31175,1280.77,0.012401
1.31175,1280.77,1.2945e-06
1.31177,1280.84,0.0662636
1.31177,1280.84,8.63e-07
1.3118,1280.97,0.132527
1.31198,1281.05,0.0770534
1.312,1281.06,0.012401
1.312,1281.06,1.2945e-06
1.31202,1281.13,0.0662636
1.31223,1281.22,0.092464
1.31225,1281.23,0.012401
1.31225,1281.23,1.2945e-06
1.31227,1281.3,0.0662636
1.31227,1281.3,8.63e-07
1.3123,1281.43,0.132527
1.31248,1281.51,0.0770534
1.3125,1281.52,0.012401
1.3125,1281.52,1.2945e-06
1.31252,1281.59,0.0662636
1.31273,1281.68,0.092464
1.31275,1281.69,0.012401
1.31275,1281.69,1.2945e-06
1.31277,1281.76,0.0662636
1.31277,1281.76,8.63e-07
1.3128,1281.89,0.132527
1.31298,1281.97,0.0770534
1.313,1281.98,0.012401
1.313,1281.98,1.2945e-06
1.31302,1282.05,0.0662636
1.31323,1282.14,0.092464
1.31325,1282.15,0.012401
1.31325,1282.15,1.2945e-06
1.31327,1282.22,0.0662636
1.31327,1282.22,8.63e-07
1.3133,1282.35,0.132527
1.31348,1282.43,0.0770534
1.3135,1282.44,0.012401
1.3135,1282.44,1.2945e-06
1.31352,1282.51,0.0662636
1.31373,1282.6,0.092464
1.31375,1282.61,0.012401
1.31375,1282.61,1.2945e-06
1.31377,1282.68,0.0662636
1.31377,1282.68,8.63e-07
1.3138,1282.81,0.132527
1.31398,1282.89,0.0770534
1.314,1282.9,0.012401
1.314,1282.9,1.2945e-06
1.31402,1282.96,0.0662636
1.31423,1283.06,0.092464
1.31425,1283.07,0.012401
1.31425,1283.07,1.2945e-06
1.31427,1283.14,0.0662636
1.31427,1283.14,8.63e-07
1.3143,1283.27,0.132527
1.31448,1283.35,0.0770534
1.3145,1283.36,0.012401
1.3145,1283.36,1.2945e-06
1.31452,1283.42,0.0662636
1.31473,1283.52,0.092464
1.31475,1283.53,0.012401
1.31475,1283.53,1.2945e-06
1.31477,1283.6,0.0662636
1.31477,1283.6,8.63e-07
1.3148,1283.73,0.132527
1.31498,1283.8,0.0770534
1.315,1283.82,0.012401
1.315,1283.82,1.2945e-06
1.31502,1283.88,0.0662636
1.31523,1283.98,0.092464
1.31525,1283.99,0.012401
1.31525,1283.99,1.2945e-06
1.31527,1284.05,0.0662636
1.31527,1284.05,8.63e-07
1.3153,1284.19,0.132527
1.31548,1284.26,0.0770534
1.3155,1284.28,0.012401
1.3155,1284.28,1.2945e-06
1.31552,1284.34,0.0662636
1.31573,1284.44,0.092464
1.31575,1284.45,0.012401
1.31575,1284.45,1.2945e-06
1.31577,1284.51,0.0662636
1.31577,1284.51,8.63e-07
1.3158,1284.65,0.132527
1.31598,1284.72,0.0770534
1.316,1284.74,0.012401
1.316,1284.74,1.2945e-06
1.31602,1284.8,0.0662636
1.31623,1284.89,0.092464
1.31625,1284.91,0.012401
1.31625,1284.91,1.2945e-06
1.31627,1284.97,0.0662636
1.31627,1284.97,8.63e-07
1.3163,1285.11,0.132527
1.31648,1285.18,0.0770534
1.3165,1285.2,0.012401
1.3165,1285.2,1.2945e-06
1.31652,1285.26,0.0662636
1.31673,1285.35,0.092464
1.31675,1285.37,0.012401
1.31675,1285.37,1.2945e-06
1.31677,1285.43,0.0662636
1.31677,1285.43,8.63e-07
1.3168,1285.57,0.132527
1.31698,1285.64,0.0770534
1.317,1285.65,0.012401
1.317,1285.65,1.2945e-06
1.31702,1285.72,0.0662636
1.31723,1285.81,0.092464
1.31725,1285.83,0.012401
1.31725,1285.83,1.2945e-06
1.31727,1285.89,0.0662636
1.31727,1285.89,8.63e-07
1.3173,1286.02,0.132527
1.31748,1286.1,0.0770534
1.3175,1286.11,0.012401
1.3175,1286.11,1.2945e-06
1.31752,1286.18,0.0662636
1.31773,1286.27,0.092464
1.31775,1286.29,0.012401
1.31775,1286.29,1.2945e-06
1.31777,1286.35,0.0662636
1.31777,1286.35,8.63e-07
1.3178,1286.48,0.132527
1.31798,1286.56,0.0770534
1.318,1286.57,0.012401
1.318,1286.57,1.2945e-06
1.31802,1286.64,0.0662636
1.31823,1286.73,0.092464
1.31825,1286.74,0.012401
1.31825,1286.74,1.2945e-06
1.31827,1286.81,0.0662636
1.31827,1286.81,8.63e-07
1.3183,1286.94,0.132527
1.31848,1287.02,0.0770534
1.3185,1287.03,0.012401
1.3185,1287.03,1.2945e-06
1.31852,1287.1,0.0662636
1.31873,1287.19,0.092464
1.31875,1287.2,0.012401
1.31875,1287.2,1.2945e-06
1.31877,1287.27,0.0662636
1.31877,1287.27,8.63e-07
1.3188,1287.4,0.132527
1.31898,1287.48,0.0770534
1.319,1287.49,0.012401
1.319,1287.49,1.2945e-06
1.31902,1287.56,0.0662636
1.31923,1287.65,0.092464
1.31925,1287.66,0.012401
1.31925,1287.66,1.2945e-06
1.31927,1287.73,0.0662636
1.31927,1287.73,8.63e-07
1.3193,1287.86,0.132527
1.31948,1287.94,0.0770534
1.3195,1287.95,0.012401
1.3195,1287.95,1.2945e-06
1.31952,1288.02,0.0662636
1.31973,1288.11,0.092464
1.31975,1288.12,0.012401
1.31975,1288.12,1.2945e-06
1.31977,1288.19,0.0662636
1.31977,1288.19,8.63e-07
1.3198,1288.32,0.132527
1.31998,1288.4,0.0770534
1.32,1288.41,0.012401
1.32,1288.41,1.2945e-06
1.32002,1288.48,0.0662636
1.32023,1288.57,0.092464
1.32025,1288.58,0.012401
1.32025,1288.58,1.2945e-06
1.32027,1288.65,0.0662636
1.32027,1288.65,8.63e-07
1.3203,1288.78,0.132527
1.32048,1288.86,0.0770534
1.3205,1288.87,0.012401
1.3205,1288.87,1.2945e-06
1.32052,1288.94,0.0662636
1.32073,1289.03,0.092464
1.32075,1289.04,0.012401
1.32075,1289.04,1.2945e-06
1.32077,1289.11,0.0662636
1.32077,1289.11,8.63e-07
1.3208,1289.24,0.132527
1.32098,1289.32,0.0770534
1.321,1289.33,0.012401
1.321,1289.33,1.2945e-06
1.32102,1289.4,0.0662636
1.32123,1289.49,0.092464
1.32125,1289.5,0.012401
1.32125,1289.5,1.2945e-06
1.32127,1289.57,0.0662636
1.32127,1289.57,8.63e-07
1.3213,1289.7,0.132527
1.32148,1289.78,0.0770534
1.3215,1289.79,0.012401
1.3215,1289.79,1.2945e-06
1.32152,1289.86,0.0662636
1.32173,1289.95,0.092464
1.32175,1289.96,0.012401
1.32175,1289.96,1.2945e-06
1.32177,1290.03,0.0662636
1.32177,1290.03,8.63e-07
1.3218,1290.16,0.132527
1.32198,1290.24,0.0770534
1.322,1290.25,0.012401
1.322,1290.25,1.2945e-06
1.32202,1290.31,0.0662636
1.32223,1290.41,0.092464
1.32225,1290.42,0.012401
1.32225,1290.42,1.2945e-06
1.32227,1290.49,0.0662636
1.32227,1290.49,8.63e-07
1.3223,1290.62,0.132527
1.32248,1290.7,0.0770534
1.3225,1290.71,0.012401
1.3225,1290.71,1.2945e-06
1.32252,1290.77,0.0662636
1.32273,1290.87,0.092464
1.32275,1290.88,0.012401
1.32275,1290.88,1.2945e-06
1.32277,1290.95,0.0662636
1.32277,1290.95,8.63e-07
1.3228,1291.08,0.132527
1.32298,1291.15,0.0770534
1.323,1291.17,0.012401
1.323,1291.17,1.2945e-06
1.32302,1291.23,0.0662636
1.32323,1291.33,0.092464
1.32325,1291.34,0.012401
1.32325,1291.34,1.2945e-06
1.32327,1291.4,0.0662636
1.32327,1291.4,8.63e-07
1.3233,1291.54,0.132527
1.32348,1291.61,0.0770534
1.3235,1291.63,0.012401
1.3235,1291.63,1.2945e-06
1.32352,1291.69,0.0662636
1.32373,1291.79,0.092464
1.32375,1291.8,0.012401
1.32375,1291.8,1.2945e-06
1.32377,1291.86,0.0662636
1.32377,1291.86,8.63e-07
1.3238,1292,0.132527
1.32398,1292.07,0.0770534
1.324,1292.09,0.012401
1.324,1292.09,1.2945e-06
1.32402,1292.15,0.0662636
1.32423,1292.24,0.092464
1.32425,1292.26,0.012401
1.32425,1292.26,1.2945e-06
1.32427,1292.32,0.0662636
1.32427,1292.32,8.63e-07
1.3243,1292.46,0.132527
1.32448,1292.53,0.0770534
1.3245,1292.55,0.012401
1.3245,1292.55,1.2945e-06
1.32452,1292.61,0.0662636
1.32473,1292.7,0.092464
1.32475,1292.72,0.012401
1.32475,1292.72,1.2945e-06
1.32477,1292.78,0.0662636
1.32477,1292.78,8.63e-07
1.3248,1292.92,0.132527
1.32498,1292.99,0.0770534
1.325,1293,0.012401
1.325,1293,1.2945e-06
1.32502,1293.07,0.0662636
1.32523,1293.16,0.092464
1.32525,1293.18,0.012401
1.32525,1293.18,1.2945e-06
1.32527,1293.24,0.0662636
1.32527,1293.24,8.63e-07
1.3253,1293.37,0.132527
1.32548,1293.45,0.0770534
1.3255,1293.46,0.012401
1.3255,1293.46,1.2945e-06
1.32552,1293.53,0.0662636
1.32573,1293.62,0.092464
1.32575,1293.64,0.012401
1.32575,1293.64,1.2945e-06
1.32577,1293.7,0.0662636
1.32577,1293.7,8.63e-07
1.3258,1293.83,0.132527
1.32598,1293.91,0.0770534
1.326,1293.92,0.012401
1.326,1293.92,1.2945e-06
1.32602,1293.99,0.0662636
1.32623,1294.08,0.092464
1.32625,1294.09,0.012401
1.32625,1294.09,1.2945e-06
1.32627,1294.16,0.0662636
1.32627,1294.16,8.63e-07
1.3263,1294.29,0.132527
1.32648,1294.37,0.0770534
1.3265,1294.38,0.012401
1.3265,1294.38,1.2945e-06
1.32652,1294.45,0.0662636
1.32673,1294.54,0.092464
1.32675,1294.55,0.012401
1.32675,1294.55,1.2945e-06
1.32677,1294.62,0.0662636
1.32677,1294.62,8.63e-07
1.3268,1294.75,0.132527
1.32698,1294.83,0.0770534
1.327,1294.84,0.012401
1.327,1294.84,1.2945e-06
1.32702,1294.91,0.0662636
1.32723,1295,0.092464
1.32725,1295.01,0.012401
1.32725,1295.01,1.2945e-06
1.32727,1295.08,0.0662636
1.32727,1295.08,8.63e-07
1.3273,1295.21,0.132527
1.32748,1295.29,0.0770534
1.3275,1295.3,0.012401
1.3275,1295.3,1.2945e-06
1.32752,1295.37,0.0662636
1.32752,1295.37,8.63e-07
1.32755,1295.5,0.132527
1.32755,1295.5,8.63e-07
1.32759,1295.63,0.132527
1.32773,1295.69,0.0616428
1.32775,1295.71,0.012401
1.32775,1295.71,1.2945e-06
1.32777,1295.77,0.0662636
1.32777,1295.77,8.63e-07
1.3278,1295.91,0.132527
1.32798,1295.98,0.0770534
1.328,1296,0.012401
1.328,1296,1.2945e-06
1.32802,1296.06,0.0662636
1.32802,1296.06,8.63e-07
1.32805,1296.19,0.132527
1.32805,1296.19,8.63e-07
1.32809,1296.33,0.132527
1.32823,1296.39,0.0616428
1.32825,1296.4,0.012401
1.32825,1296.4,1.2945e-06
1.32827,1296.47,0.0662636
1.32827,1296.47,8.63e-07
1.3283,1296.6,0.132527
1.32848,1296.68,0.0770534
1.3285,1296.69,0.012401
1.3285,1296.69,1.2945e-06
1.32852,1296.76,0.0662636
1.32873,1296.85,0.092464
1.32875,1296.86,0.012401
1.32875,1296.86,1.2945e-06
1.32877,1296.93,0.0662636
1.32877,1296.93,8.63e-07
1.3288,1297.06,0.132527
1.32898,1297.14,0.0770534
1.329,1297.15,0.012401
1.329,1297.15,1.2945e-06
1.32902,1297.21,0.0662636
1.32902,1297.21,8.63e-07
1.32905,1297.35,0.132527
1.32905,1297.35,8.63e-07
1.32909,1297.48,0.132527
1.32923,1297.54,0.0616428
1.32925,1297.55,0.012401
1.32925,1297.55,1.2945e-06
1.32927,1297.62,0.0662636
1.32927,1297.62,8.63e-07
1.3293,1297.75,0.132527
1.32948,1297.83,0.0770534
1.3295,1297.84,0.012401
1.3295,1297.84,1.2945e-06
1.32952,1297.91,0.0662636
1.32952,1297.91,8.63e-07
1.32955,1298.04,0.132527
1.32955,1298.04,8.63e-07
1.32959,1298.17,0.132527
1.32973,1298.23,0.0616428
1.32975,1298.25,0.012401
1.32975,1298.25,1.2945e-06
1.32977,1298.31,0.0662636
1.32977,1298.31,8.63e-07
1.3298,1298.45,0.132527
1.32998,1298.52,0.0770534
1.33,1298.54,0.012401
1.33,1298.54,1.2945e-06
1.33002,1298.6,0.0662636
1.33023,1298.69,0.092464
1.33025,1298.71,0.012401
1.33025,1298.71,1.2945e-06
1.33027,1298.77,0.0662636
1.33027,1298.77,8.63e-07
1.3303,1298.91,0.132527
1.33048,1298.98,0.0770534
1.3305,1298.99,0.012401
1.3305,1298.99,1.2945e-06
1.33052,1299.06,0.0662636
1.33073,1299.15,0.092464
1.33075,1299.17,0.012401
1.33075,1299.17,1.2945e-06
1.33077,1299.23,0.0662636
1.33077,1299.23,8.63e-07
1.3308,1299.36,0.132527
1.33098,1299.44,0.0770534
1.331,1299.45,0.012401
1.331,1299.45,1.2945e-06
1.33102,1299.52,0.0662636
1.33123,1299.61,0.092464
1.33125,1299.63,0.012401
1.33125,1299.63,1.2945e-06
1.33127,1299.69,0.0662636
1.33127,1299.69,8.63e-07
1.3313,1299.82,0.132527
1.33148,1299.9,0.0770534
1.3315,1299.91,0.012401
1.3315,1299.91,1.2945e-06
1.33152,1299.98,0.0662636
1.33173,1300.07,0.092464
1.33175,1300.08,0.012401
1.33175,1300.08,1.2945e-06
1.33177,1300.15,0.0662636
1.33177,1300.15,8.63e-07
1.3318,1300.28,0.132527
1.33198,1300.36,0.0770534
1.332,1300.37,0.012401
1.332,1300.37,1.2945e-06
1.33202,1300.44,0.0662636
1.33223,1300.53,0.092464
1.33225,1300.54,0.012401
1.33225,1300.54,1.2945e-06
1.33227,1300.61,0.0662636
1.33227,1300.61,8.63e-07
1.3323,1300.74,0.132527
1.33248,1300.82,0.0770534
1.3325,1300.83,0.012401
1.3325,1300.83,1.2945e-06
1.33252,1300.9,0.0662636
1.33273,1300.99,0.092464
1.33275,1301,0.012401
1.33275,1301,1.2945e-06
1.33277,1301.07,0.0662636
1.33277,1301.07,8.63e-07
1.3328,1301.2,0.132527
1.33298,1301.28,0.0770534
1.333,1301.29,0.012401
1.333,1301.29,1.2945e-06
1.33302,1301.36,0.0662636
1.33323,1301.45,0.092464
1.33325,1301.46,0.012401
1.33325,1301.46,1.2945e-06
1.33327,1301.53,0.0662636
1.33327,1301.53,8.63e-07
1.3333,1301.66,0.132527
1.33348,1301.74,0.0770534
1.3335,1301.75,0.012401
1.3335,1301.75,1.2945e-06
1.33352,1301.82,0.0662636
1.33373,1301.91,0.092464
1.33375,1301.92,0.012401
1.33375,1301.92,1.2945e-06
1.33377,1301.99,0.0662636
1.33377,1301.99,8.63e-07
1.3338,1302.12,0.132527
1.33398,1302.2,0.0770534
1.334,1302.21,0.012401
1.334,1302.21,1.2945e-06
1.33402,1302.28,0.0662636
1.33423,1302.37,0.092464
1.33425,1302.38,0.012401
1.33425,1302.38,1.2945e-06
1.33427,1302.45,0.0662636
1.33427,1302.45,8.63e-07
1.3343,1302.58,0.132527
1.33448,1302.66,0.0770534
1.3345,1302.67,0.012401
1.3345,1302.67,1.2945e-06
1.33452,1302.74,0.0662636
1.33473,1302.83,0.092464
1.33475,1302.84,0.012401
1.33475,1302.84,1.2945e-06
1.33477,1302.91,0.0662636
1.33477,1302.91,8.63e-07
1.3348,1303.04,0.132527
1.33498,1303.12,0.0770534
1.335,1303.13,0.012401
1.335,1303.13,1.2945e-06
1.33502,1303.2,0.0662636
1.33523,1303.29,0.092464
1.33525,1303.3,0.012401
1.33525,1303.3,1.2945e-06
1.33527,1303.37,0.0662636
1.33527,1303.37,8.63e-07
1.3353,1303.5,0.132527
1.33548,1303.58,0.0770534
1.3355,1303.59,0.012401
1.3355,1303.59,1.2945e-06
1.33552,1303.65,0.0662636
1.33573,1303.75,0.092464
1.33575,1303.76,0.012401
1.33575,1303.76,1.2945e-06
1.33577,1303.83,0.0662636
1.33577,1303.83,8.63e-07
1.3358,1303.96,0.132527
1.33598,1304.04,0.0770534
1.336,1304.05,0.012401
1.336,1304.05,1.2945e-06
1.33602,1304.11,0.0662636
1.33623,1304.21,0.092464
1.33625,1304.22,0.012401
1.33625,1304.22,1.2945e-06
1.33627,1304.29,0.0662636
1.33627,1304.29,8.63e-07
1.3363,1304.42,0.132527
1.33648,1304.5,0.0770534
1.3365,1304.51,0.012401
1.3365,1304.51,1.2945e-06
1.33652,1304.57,0.0662636
1.33673,1304.67,0.092464
1.33675,1304.68,0.012401
1.33675,1304.68,1.2945e-06
1.33677,1304.74,0.0662636
1.33677,1304.74,8.63e-07
1.3368,1304.88,0.132527
1.33698,1304.95,0.0770534
1.337,1304.97,0.012401
1.337,1304.97,1.2945e-06
1.33702,1305.03,0.0662636
1.33723,1305.13,0.092464
1.33725,1305.14,0.012401
1.33725,1305.14,1.2945e-06
1.33727,1305.2,0.0662636
1.33727,1305.2,8.63e-07
1.3373,1305.34,0.132527
1.33748,1305.41,0.0770534
1.3375,1305.43,0.012401
1.3375,1305.43,1.2945e-06
1.33752,1305.49,0.0662636
1.33773,1305.58,0.092464
1.33775,1305.6,0.012401
1.33775,1305.6,1.2945e-06
1.33777,1305.66,0.0662636
1.33777,1305.66,8.63e-07
1.3378,1305.8,0.132527
1.33798,1305.87,0.0770534
1.338,1305.89,0.012401
1.338,1305.89,1.2945e-06
1.33802,1305.95,0.0662636
1.33823,1306.04,0.092464
1.33825,1306.06,0.012401
1.33825,1306.06,1.2945e-06
1.33827,1306.12,0.0662636
1.33827,1306.12,8.63e-07
1.3383,1306.26,0.132527
1.33848,1306.33,0.0770534
1.3385,1306.34,0.012401
1.3385,1306.34,1.2945e-06
1.33852,1306.41,0.0662636
1.33873,1306.5,0.092464
1.33875,1306.52,0.012401
1.33875,1306.52,1.2945e-06
1.33877,1306.58,0.0662636
1.33877,1306.58,8.63e-07
1.3388,1306.71,0.132527
1.33898,1306.79,0.0770534
1.339,1306.8,0.012401
1.339,1306.8,1.2945e-06
1.33902,1306.87,0.0662636
1.33923,1306.96,0.092464
1.33925,1306.98,0.012401
1.33925,1306.98,1.2945e-06
1.33927,1307.04,0.0662636
1.33927,1307.04,8.63e-07
1.3393,1307.17,0.132527
1.33948,1307.25,0.0770534
1.3395,1307.26,0.012401
1.3395,1307.26,1.2945e-06
1.33952,1307.33,0.0662636
1.33973,1307.42,0.092464
1.33975,1307.43,0.012401
1.33975,1307.43,1.2945e-06
1.33977,1307.5,0.0662636
1.33977,1307.5,8.63e-07
1.3398,1307.63,0.132527
1.33998,1307.71,0.0770534
1.34,1307.72,0.012401
1.34,1307.72,1.2945e-06
1.34002,1307.79,0.0662636
1.34023,1307.88,0.092464
1.34025,1307.89,0.012401
1.34025,1307.89,1.2945e-06
1.34027,1307.96,0.0662636
1.34027,1307.96,8.63e-07
1.3403,1308.09,0.132527
1.34048,1308.17,0.0770534
1.3405,1308.18,0.012401
1.3405,1308.18,1.2945e-06
1.34052,1308.25,0.0662636
1.34073,1308.34,0.092464
1.34075,1308.35,0.012401
1.34075,1308.35,1.2945e-06
1.34077,1308.42,0.0662636
1.34077,1308.42,8.63e-07
1.3408,1308.55,0.132527
1.34098,1308.63,0.0770534
1.341,1308.64,0.012401
1.341,1308.64,1.2945e-06
1.34102,1308.71,0.0662636
1.34123,1308.8,0.092464
1.34125,1308.81,0.012401
1.34125,1308.81,1.2945e-06
1.34127,1308.88,0.0662636
1.34127,1308.88,8.63e-07
1.3413,1309.01,0.132527
1.34148,1309.09,0.0770534
1.3415,1309.1,0.012401
1.3415,1309.1,1.2945e-06
1.34152,1309.17,0.0662636
1.34173,1309.26,0.092464
1.34175,1309.27,0.012401
1.34175,1309.27,1.2945e-06
1.34177,1309.34,0.0662636
1.34177,1309.34,8.63e-07
1.3418,1309.47,0.132527
1.34198,1309.55,0.0770534
1.342,1309.56,0.012401
1.342,1309.56,1.2945e-06
1.34202,1309.63,0.0662636
1.34223,1309.72,0.092464
1.34225,1309.73,0.012401
1.34225,1309.73,1.2945e-06
1.34227,1309.8,0.0662636
1.34227,1309.8,8.63e-07
1.3423,1309.93,0.132527
1.34248,1310.01,0.0770534
1.3425,1310.02,0.012401
1.3425,1310.02,1.2945e-06
1.34252,1310.09,0.0662636
1.34273,1310.18,0.092464
1.34275,1310.19,0.012401
1.34275,1310.19,1.2945e-06
1.34277,1310.26,0.0662636
1.34277,1310.26,8.63e-07
1.3428,1310.39,0.132527
1.34298,1310.47,0.0770534
1.343,1310.48,0.012401
1.343,1310.48,1.2945e-06
1.34302,1310.55,0.0662636
1.34323,1310.64,0.092464
1.34325,1310.65,0.012401
1.34325,1310.65,1.2945e-06
1.34327,1310.72,0.0662636
1.34327,1310.72,8.63e-07
1.3433,1310.85,0.132527
1.34348,1310.93,0.0770534
1.3435,1310.94,0.012401
1.3435,1310.94,1.2945e-06
1.34352,1311.01,0.0662636
1.34373,1311.1,0.092464
1.34375,1311.11,0.012401
1.34375,1311.11,1.2945e-06
1.34377,1311.18,0.0662636
1.34377,1311.18,8.63e-07
1.3438,1311.31,0.132527
1.34398,1311.39,0.0770534
1.344,1311.4,0.012401
1.344,1311.4,1.2945e-06
1.34402,1311.46,0.0662636
1.34423,1311.56,0.092464
1.34425,1311.57,0.012401
1.34425,1311.57,1.2945e-06
1.34427,1311.64,0.0662636
1.34427,1311.64,8.63e-07
1.3443,1311.77,0.132527
1.34448,1311.85,0.0770534
1.3445,1311.86,0.012401
1.3445,1311.86,1.2945e-06
1.34452,1311.92,0.0662636
1.34473,1312.02,0.092464
1.34475,1312.03,0.012401
1.34475,1312.03,1.2945e-06
1.34477,1312.09,0.0662636
1.34477,1312.09,8.63e-07
1.3448,1312.23,0.132527
1.34498,1312.3,0.0770534
1.345,1312.32,0.012401
1.345,1312.32,1.2945e-06
1.34502,1312.38,0.0662636
1.34523,1312.48,0.092464
1.34525,1312.49,0.012401
1.34525,1312.49,1.2945e-06
1.34527,1312.55,0.0662636
1.34527,1312.55,8.63e-07
1.3453,1312.69,0.132527
1.34548,1312.76,0.0770534
1.3455,1312.78,0.012401
1.3455,1312.78,1.2945e-06
1.34552,1312.84,0.0662636
1.34573,1312.93,0.092464
1.34575,1312.95,0.012401
1.34575,1312.95,1.2945e-06
1.34577,1313.01,0.0662636
1.34577,1313.01,8.63e-07
1.3458,1313.15,0.132527
1.34598,1313.22,0.0770534
1.346,1313.24,0.012401
1.346,1313.24,1.2945e-06
1.34602,1313.3,0.0662636
1.34623,1313.39,0.092464
1.34625,1313.41,0.012401
1.34625,1313.41,1.2945e-06
1.34627,1313.47,0.0662636
1.34627,1313.47,8.63e-07
1.3463,1313.61,0.132527
1.34648,1313.68,0.0770534
1.3465,1313.7,0.012401
1.3465,1313.7,1.2945e-06
1.34652,1313.76,0.0662636
1.34673,1313.85,0.092464
1.34675,1313.87,0.012401
1.34675,1313.87,1.2945e-06
1.34677,1313.93,0.0662636
1.34677,1313.93,8.63e-07
1.3468,1314.06,0.132527
1.34698,1314.14,0.0770534
1.347,1314.15,0.012401
1.347,1314.15,1.2945e-06
1.34702,1314.22,0.0662636
1.34723,1314.31,0.092464
1.34725,1314.33,0.012401
1.34725,1314.33,1.2945e-06
1.34727,1314.39,0.0662636
1.34727,1314.39,8.63e-07
1.3473,1314.52,0.132527
1.34748,1314.6,0.0770534
1.3475,1314.61,0.012401
1.3475,1314.61,1.2945e-06
1.34752,1314.68,0.0662636
1.34773,1314.77,0.092464
1.34775,1314.78,0.012401
1.34775,1314.78,1.2945e-06
1.34777,1314.85,0.0662636
1.34777,1314.85,8.63e-07
1.3478,1314.98,0.132527
1.34798,1315.06,0.0770534
1.348,1315.07,0.012401
1.348,1315.07,1.2945e-06
1.34802,1315.14,0.0662636
1.34823,1315.23,0.092464
1.34825,1315.24,0.012401
1.34825,1315.24,1.2945e-06
1.34827,1315.31,0.0662636
1.34827,1315.31,8.63e-07
1.3483,1315.44,0.132527
1.34848,1315.52,0.0770534
1.3485,1315.53,0.012401
1.3485,1315.53,1.2945e-06
1.34852,1315.6,0.0662636
1.34873,1315.69,0.092464
1.34875,1315.7,0.012401
1.34875,1315.7,1.2945e-06
1.34877,1315.77,0.0662636
1.34877,1315.77,8.63e-07
1.3488,1315.9,0.132527
1.34898,1315.98,0.0770534
1.349,1315.99,0.012401
1.349,1315.99,1.2945e-06
1.34902,1316.06,0.0662636
1.34923,1316.15,0.092464
1.34925,1316.16,0.012401
1.34925,1316.16,1.2945e-06
1.34927,1316.23,0.0662636
1.34927,1316.23,8.63e-07
1.3493,1316.36,0.132527
1.34948,1316.44,0.0770534
1.3495,1316.45,0.012401
1.3495,1316.45,1.2945e-06
1.34952,1316.52,0.0662636
1.34973,1316.61,0.092464
1.34975,1316.62,0.012401
1.34975,1316.62,1.2945e-06
1.34977,1316.69,0.0662636
1.34977,1316.69,8.63e-07
1.3498,1316.82,0.132527
1.34998,1316.9,0.0770534
1.35,1316.91,0.012401
1.35,1316.91,1.2945e-06
1.35002,1316.98,0.0662636
1.35023,1317.07,0.092464
1.35025,1317.08,0.012401
1.35025,1317.08,1.2945e-06
1.35027,1317.15,0.0662636
1.35027,1317.15,8.63e-07
1.3503,1317.28,0.132527
1.35048,1317.36,0.0770534
1.3505,1317.37,0.012401
1.3505,1317.37,1.2945e-06
1.35052,1317.44,0.0662636
1.35073,1317.53,0.092464
1.35075,1317.54,0.012401
1.35075,1317.54,1.2945e-06
1.35077,1317.61,0.0662636
1.35077,1317.61,8.63e-07
1.3508,1317.74,0.132527
1.35098,1317.82,0.0770534
1.351,1317.83,0.012401
1.351,1317.83,1.2945e-06
1.35102,1317.9,0.0662636
1.35123,1317.99,0.092464
1.35125,1318,0.012401
1.35125,1318,1.2945e-06
1.35127,1318.07,0.0662636
1.35127,1318.07,8.63e-07
1.3513,1318.2,0.132527
1.35148,1318.28,0.0770534
1.3515,1318.29,0.012401
1.3515,1318.29,1.2945e-06
1.35152,1318.36,0.0662636
1.35173,1318.45,0.092464
1.35175,1318.46,0.012401
1.35175,1318.46,1.2945e-06
1.35177,1318.53,0.0662636
1.35177,1318.53,8.63e-07
1.3518,1318.66,0.132527
1.35198,1318.74,0.0770534
1.352,1318.75,0.012401
1.352,1318.75,1.2945e-06
1.35202,1318.81,0.0662636
1.35202,1318.81,8.63e-07
1.35205,1318.95,0.132527
1.35205,1318.95,8.63e-07
1.35209,1319.08,0.132527
1.35223,1319.14,0.0616428
1.35225,1319.15,0.012401
1.35225,1319.15,1.2945e-06
1.35227,1319.22,0.0662636
1.35227,1319.22,8.63e-07
1.3523,1319.35,0.132527
1.35248,1319.43,0.0770534
1.3525,1319.44,0.012401
1.3525,1319.44,1.2945e-06
1.35252,1319.51,0.0662636
1.35252,1319.51,8.63e-07
1.35255,1319.64,0.132527
1.35255,1319.64,8.63e-07
1.35259,1319.77,0.132527
1.35273,1319.83,0.0616428
1.35275,1319.85,0.012401
1.35275,1319.85,1.2945e-06
1.35277,1319.91,0.0662636
1.35277,1319.91,8.63e-07
1.3528,1320.05,0.132527
1.35298,1320.12,0.0770534
1.353,1320.14,0.012401
1.353,1320.14,1.2945e-06
1.35302,1320.2,0.0662636
1.35323,1320.29,0.092464
1.35325,1320.31,0.012401
1.35325,1320.31,1.2945e-06
1.35327,1320.37,0.0662636
1.35327,1320.37,8.63e-07
1.3533,1320.51,0.132527
1.35348,1320.58,0.0770534
1.3535,1320.59,0.012401
1.3535,1320.59,1.2945e-06
1.35352,1320.66,0.0662636
1.35373,1320.75,0.092464
1.35375,1320.77,0.012401
1.35375,1320.77,1.2945e-06
1.35377,1320.83,0.0662636
1.35377,1320.83,8.63e-07
1.3538,1320.96,0.132527
1.35398,1321.04,0.0770534
1.354,1321.05,0.012401
1.354,1321.05,1.2945e-06
1.35402,1321.12,0.0662636
1.35423,1321.21,0.092464
1.35425,1321.23,0.012401
1.35425,1321.23,1.2945e-06
1.35427,1321.29,0.0662636
1.35427,1321.29,8.63e-07
1.3543,1321.42,0.132527
1.35448,1321.5,0.0770534
1.3545,1321.51,0.012401
1.3545,1321.51,1.2945e-06
1.35452,1321.58,0.0662636
1.35473,1321.67,0.092464
1.35475,1321.68,0.012401
1.35475,1321.68,1.2945e-06
1.35477,1321.75,0.0662636
1.35477,1321.75,8.63e-07
1.3548,1321.88,0.132527
1.35498,1321.96,0.0770534
1.355,1321.97,0.012401
1.355,1321.97,1.2945e-06
1.35502,1322.04,0.0662636
1.35523,1322.13,0.092464
1.35525,1322.14,0.012401
1.35525,1322.14,1.2945e-06
1.35527,1322.21,0.0662636
1.35527,1322.21,8.63e-07
1.3553,1322.34,0.132527
1.35548,1322.42,0.0770534
1.3555,1322.43,0.012401
1.3555,1322.43,1.2945e-06
1.35552,1322.5,0.0662636
1.35573,1322.59,0.092464
1.35575,1322.6,0.012401
1.35575,1322.6,1.2945e-06
1.35577,1322.67,0.0662636
1.35577,1322.67,8.63e-07
1.3558,1322.8,0.132527
1.35598,1322.88,0.0770534
1.356,1322.89,0.012401
1.356,1322.89,1.2945e-06
1.35602,1322.96,0.0662636
1.35623,1323.05,0.092464
1.35625,1323.06,0.012401
1.35625,1323.06,1.2945e-06
1.35627,1323.13,0.0662636
1.35627,1323.13,8.63e-07
1.3563,1323.26,0.132527
1.35648,1323.34,0.0770534
1.3565,1323.35,0.012401
1.3565,1323.35,1.2945e-06
1.35652,1323.42,0.0662636
1.35673,1323.51,0.092464
1.35675,1323.52,0.012401
1.35675,1323.52,1.2945e-06
1.35677,1323.59,0.0662636
1.35677,1323.59,8.63e-07
1.3568,1323.72,0.132527
1.35698,1323.8,0.0770534
1.357,1323.81,0.012401
1.357,1323.81,1.2945e-06
1.35702,1323.88,0.0662636
1.35723,1323.97,0.092464
1.35725,1323.98,0.012401
1.35725,1323.98,1.2945e-06
1.35727,1324.05,0.0662636
1.35727,1324.05,8.63e-07
1.3573,1324.18,0.132527
1.35748,1324.26,0.0770534
1.3575,1324.27,0.012401
1.3575,1324.27,1.2945e-06
1.35752,1324.34,0.0662636
1.35752,1324.34,8.63e-07
1.35755,1324.47,0.132527
1.35755,1324.47,8.63e-07
1.35759,1324.6,0.132527
1.35773,1324.66,0.0616428
1.35775,1324.68,0.012401
1.35775,1324.68,1.2945e-06
1.35777,1324.74,0.0662636
1.35777,1324.74,8.63e-07
1.3578,1324.87,0.132527
1.35798,1324.95,0.0770534
1.358,1324.96,0.012401
1.358,1324.96,1.2945e-06
1.35802,1325.03,0.0662636
1.35802,1325.03,8.63e-07
1.35805,1325.16,0.132527
1.35805,1325.16,8.63e-07
1.35809,1325.29,0.132527
1.35823,1325.36,0.0616428
1.35825,1325.37,0.012401
1.35825,1325.37,1.2945e-06
1.35827,1325.44,0.0662636
1.35827,1325.44,8.63e-07
1.3583,1325.57,0.132527
1.35848,1325.64,0.0770534
1.3585,1325.66,0.012401
1.3585,1325.66,1.2945e-06
1.35852,1325.72,0.0662636
1.35873,1325.82,0.092464
1.35875,1325.83,0.012401
1.35875,1325.83,1.2945e-06
1.35877,1325.89,0.0662636
1.35877,1325.89,8.63e-07
1.3588,1326.03,0.132527
1.35898,1326.1,0.0770534
1.359,1326.12,0.012401
1.359,1326.12,1.2945e-06
1.35902,1326.18,0.0662636
1.35923,1326.28,0.092464
1.35925,1326.29,0.012401
1.35925,1326.29,1.2945e-06
1.35927,1326.35,0.0662636
1.35927,1326.35,8.63e-07
1.3593,1326.49,0.132527
1.35948,1326.56,0.0770534
1.3595,1326.58,0.012401
1.3595,1326.58,1.2945e-06
1.35952,1326.64,0.0662636
1.35973,1326.73,0.092464
1.35975,1326.75,0.012401
1.35975,1326.75,1.2945e-06
1.35977,1326.81,0.0662636
1.35977,1326.81,8.63e-07
1.3598,1326.95,0.132527
1.35998,1327.02,0.0770534
1.36,1327.04,0.012401
1.36,1327.04,1.2945e-06
1.36002,1327.1,0.0662636
1.36023,1327.19,0.092464
1.36025,1327.21,0.012401
1.36025,1327.21,1.2945e-06
1.36027,1327.27,0.0662636
1.36027,1327.27,8.63e-07
1.3603,1327.41,0.132527
1.36048,1327.48,0.0770534
1.3605,1327.49,0.012401
1.3605,1327.49,1.2945e-06
1.36052,1327.56,0.0662636
1.36073,1327.65,0.092464
1.36075,1327.67,0.012401
1.36075,1327.67,1.2945e-06
1.36077,1327.73,0.0662636
1.36077,1327.73,8.63e-07
1.3608,1327.86,0.132527
1.36098,1327.94,0.0770534
1.361,1327.95,0.012401
1.361,1327.95,1.2945e-06
1.36102,1328.02,0.0662636
1.36123,1328.11,0.092464
1.36125,1328.13,0.012401
1.36125,1328.13,1.2945e-06
1.36127,1328.19,0.0662636
1.36127,1328.19,8.63e-07
1.3613,1328.32,0.132527
1.36148,1328.4,0.0770534
1.3615,1328.41,0.012401
1.3615,1328.41,1.2945e-06
1.36152,1328.48,0.0662636
1.36173,1328.57,0.092464
1.36175,1328.58,0.012401
1.36175,1328.58,1.2945e-06
1.36177,1328.65,0.0662636
1.36177,1328.65,8.63e-07
1.3618,1328.78,0.132527
1.36198,1328.86,0.0770534
1.362,1328.87,0.012401
1.362,1328.87,1.2945e-06
1.36202,1328.94,0.0662636
1.36223,1329.03,0.092464
1.36225,1329.04,0.012401
1.36225,1329.04,1.2945e-06
1.36227,1329.11,0.0662636
1.36227,1329.11,8.63e-07
1.3623,1329.24,0.132527
1.36248,1329.32,0.0770534
1.3625,1329.33,0.012401
1.3625,1329.33,1.2945e-06
1.36252,1329.4,0.0662636
1.36273,1329.49,0.092464
1.36275,1329.5,0.012401
1.36275,1329.5,1.2945e-06
1.36277,1329.57,0.0662636
1.36277,1329.57,8.63e-07
1.3628,1329.7,0.132527
1.36298,1329.78,0.0770534
1.363,1329.79,0.012401
1.363,1329.79,1.2945e-06
1.36302,1329.86,0.0662636
1.36323,1329.95,0.092464
1.36325,1329.96,0.012401
1.36325,1329.96,1.2945e-06
1.36327,1330.03,0.0662636
1.36327,1330.03,8.63e-07
1.3633,1330.16,0.132527
1.36348,1330.24,0.0770534
1.3635,1330.25,0.012401
1.3635,1330.25,1.2945e-06
1.36352,1330.32,0.0662636
1.36373,1330.41,0.092464
1.36375,1330.42,0.012401
1.36375,1330.42,1.2945e-06
1.36377,1330.49,0.0662636
1.36377,1330.49,8.63e-07
1.3638,1330.62,0.132527
1.36398,1330.7,0.0770534
1.364,1330.71,0.012401
1.364,1330.71,1.2945e-06
1.36402,1330.78,0.0662636
1.36423,1330.87,0.092464
1.36425,1330.88,0.012401
1.36425,1330.88,1.2945e-06
1.36427,1330.95,0.0662636
1.36427,1330.95,8.63e-07
1.3643,1331.08,0.132527
1.36448,1331.16,0.0770534
1.3645,1331.17,0.012401
1.3645,1331.17,1.2945e-06
1.36452,1331.24,0.0662636
1.36473,1331.33,0.092464
1.36475,1331.34,0.012401
1.36475,1331.34,1.2945e-06
1.36477,1331.41,0.0662636
1.36477,1331.41,8.63e-07
1.3648,1331.54,0.132527
1.36498,1331.62,0.0770534
1.365,1331.63,0.012401
1.365,1331.63,1.2945e-06
1.36502,1331.7,0.0662636
1.36523,1331.79,0.092464
1.36525,1331.8,0.012401
1.36525,1331.8,1.2945e-06
1.36527,1331.87,0.0662636
1.36527,1331.87,8.63e-07
1.3653,1332,0.132527
1.36548,1332.08,0.0770534
1.3655,1332.09,0.012401
1.3655,1332.09,1.2945e-06
1.36552,1332.15,0.0662636
1.36573,1332.25,0.092464
1.36575,1332.26,0.012401
1.36575,1332.26,1.2945e-06
1.36577,1332.33,0.0662636
1.36577,1332.33,8.63e-07
1.3658,1332.46,0.132527
1.36598,1332.54,0.0770534
1.366,1332.55,0.012401
1.366,1332.55,1.2945e-06
1.36602,1332.61,0.0662636
1.36623,1332.71,0.092464
1.36625,1332.72,0.012401
1.36625,1332.72,1.2945e-06
1.36627,1332.79,0.0662636
1.36627,1332.79,8.63e-07
1.3663,1332.92,0.132527
1.36648,1332.99,0.0770534
1.3665,1333.01,0.012401
1.3665,1333.01,1.2945e-06
1.36652,1333.07,0.0662636
1.36673,1333.17,0.092464
1.36675,1333.18,0.012401
1.36675,1333.18,1.2945e-06
1.36677,1333.24,0.0662636
1.36677,1333.24,8.63e-07
1.3668,1333.38,0.132527
1.36698,1333.45,0.0770534
1.367,1333.47,0.012401
1.367,1333.47,1.2945e-06
1.36702,1333.53,0.0662636
1.36723,1333.63,0.092464
1.36725,1333.64,0.012401
1.36725,1333.64,1.2945e-06
1.36727,1333.7,0.0662636
1.36727,1333.7,8.63e-07
1.3673,1333.84,0.132527
1.36748,1333.91,0.0770534
1.3675,1333.93,0.012401
1.3675,1333.93,1.2945e-06
1.36752,1333.99,0.0662636
1.36773,1334.08,0.092464
1.36775,1334.1,0.012401
1.36775,1334.1,1.2945e-06
1.36777,1334.16,0.0662636
1.36777,1334.16,8.63e-07
1.3678,1334.3,0.132527
1.36798,1334.37,0.0770534
1.368,1334.39,0.012401
1.368,1334.39,1.2945e-06
1.36802,1334.45,0.0662636
1.36823,1334.54,0.092464
1.36825,1334.56,0.012401
1.36825,1334.56,1.2945e-06
1.36827,1334.62,0.0662636
1.36827,1334.62,8.63e-07
1.3683,1334.76,0.132527
1.36848,1334.83,0.0770534
1.3685,1334.84,0.012401
1.3685,1334.84,1.2945e-06
1.36852,1334.91,0.0662636
1.36873,1335,0.092464
1.36875,1335.02,0.012401
1.36875,1335.02,1.2945e-06
1.36877,1335.08,0.0662636
1.36877,1335.08,8.63e-07
1.3688,1335.21,0.132527
1.36898,1335.29,0.0770534
1.369,1335.3,0.012401
1.369,1335.3,1.2945e-06
1.36902,1335.37,0.0662636
1.36923,1335.46,0.092464
1.36925,1335.48,0.012401
1.36925,1335.48,1.2945e-06
1.36927,1335.54,0.0662636
1.36927,1335.54,8.63e-07
1.3693,1335.67,0.132527
1.36948,1335.75,0.0770534
1.3695,1335.76,0.012401
1.3695,1335.76,1.2945e-06
1.36952,1335.83,0.0662636
1.36973,1335.92,0.092464
1.36975,1335.93,0.012401
1.36975,1335.93,1.2945e-06
1.36977,1336,0.0662636
1.36977,1336,8.63e-07
1.3698,1336.13,0.132527
1.36998,1336.21,0.0770534
1.37,1336.22,0.012401
1.37,1336.22,1.2945e-06
1.37002,1336.29,0.0662636
1.37023,1336.38,0.092464
1.37025,1336.39,0.012401
1.37025,1336.39,1.2945e-06
1.37027,1336.46,0.0662636
1.37027,1336.46,8.63e-07
1.3703,1336.59,0.132527
1.37048,1336.67,0.0770534
1.3705,1336.68,0.012401
1.3705,1336.68,1.2945e-06
1.37052,1336.75,0.0662636
1.37073,1336.84,0.092464
1.37075,1336.85,0.012401
1.37075,1336.85,1.2945e-06
1.37077,1336.92,0.0662636
1.37077,1336.92,8.63e-07
1.3708,1337.05,0.132527
1.37098,1337.13,0.0770534
1.371,1337.14,0.012401
1.371,1337.14,1.2945e-06
1.37102,1337.21,0.0662636
1.37123,1337.3,0.092464
1.37125,1337.31,0.012401
1.37125,1337.31,1.2945e-06
1.37127,1337.38,0.0662636
1.37127,1337.38,8.63e-07
1.3713,1337.51,0.132527
1.37148,1337.59,0.0770534
1.3715,1337.6,0.012401
1.3715,1337.6,1.2945e-06
1.37152,1337.67,0.0662636
1.37173,1337.76,0.092464
1.37175,1337.77,0.012401
1.37175,1337.77,1.2945e-06
1.37177,1337.84,0.0662636
1.37177,1337.84,8.63e-07
1.3718,1337.97,0.132527
1.37198,1338.05,0.0770534
1.372,1338.06,0.012401
1.372,1338.06,1.2945e-06
1.37202,1338.13,0.0662636
1.37223,1338.22,0.092464
1.37225,1338.23,0.012401
1.37225,1338.23,1.2945e-06
1.37227,1338.3,0.0662636
1.37227,1338.3,8.63e-07
1.3723,1338.43,0.132527
1.37248,1338.51,0.0770534
1.3725,1338.52,0.012401
1.3725,1338.52,1.2945e-06
1.37252,1338.59,0.0662636
1.37273,1338.68,0.092464
1.37275,1338.69,0.012401
1.37275,1338.69,1.2945e-06
1.37277,1338.76,0.0662636
1.37277,1338.76,8.63e-07
1.3728,1338.89,0.132527
1.37298,1338.97,0.0770534
1.373,1338.98,0.012401
1.373,1338.98,1.2945e-06
1.37302,1339.05,0.0662636
1.37323,1339.14,0.092464
1.37325,1339.15,0.012401
1.37325,1339.15,1.2945e-06
1.37327,1339.22,0.0662636
1.37327,1339.22,8.63e-07
1.3733,1339.35,0.132527
1.37348,1339.43,0.0770534
1.3735,1339.44,0.012401
1.3735,1339.44,1.2945e-06
1.37352,1339.5,0.0662636
1.37373,1339.6,0.092464
1.37375,1339.61,0.012401
1.37375,1339.61,1.2945e-06
1.37377,1339.68,0.0662636
1.37377,1339.68,8.63e-07
1.3738,1339.81,0.132527
1.37398,1339.89,0.0770534
1.374,1339.9,0.012401
1.374,1339.9,1.2945e-06
1.37402,1339.96,0.0662636
1.37423,1340.06,0.092464
1.37425,1340.07,0.012401
1.37425,1340.07,1.2945e-06
1.37427,1340.14,0.0662636
1.37427,1340.14,8.63e-07
1.3743,1340.27,0.132527
1.37448,1340.34,0.0770534
1.3745,1340.36,0.012401
1.3745,1340.36,1.2945e-06
1.37452,1340.42,0.0662636
1.37473,1340.52,0.092464
1.37475,1340.53,0.012401
1.37475,1340.53,1.2945e-06
1.37477,1340.59,0.0662636
1.37477,1340.59,8.63e-07
1.3748,1340.73,0.132527
1.37498,1340.8,0.0770534
1.375,1340.82,0.012401
1.375,1340.82,1.2945e-06
1.37502,1340.88,0.0662636
1.37523,1340.98,0.092464
1.37525,1340.99,0.012401
1.37525,1340.99,1.2945e-06
1.37527,1341.05,0.0662636
1.37527,1341.05,8.63e-07
1.3753,1341.19,0.132527
1.37548,1341.26,0.0770534
1.3755,1341.28,0.012401
1.3755,1341.28,1.2945e-06
1.37552,1341.34,0.0662636
1.37573,1341.43,0.092464
1.37575,1341.45,0.012401
1.37575,1341.45,1.2945e-06
1.37577,1341.51,0.0662636
1.37577,1341.51,8.63e-07
1.3758,1341.65,0.132527
1.37598,1341.72,0.0770534
1.376,1341.74,0.012401
1.376,1341.74,1.2945e-06
1.37602,1341.8,0.0662636
1.37623,1341.89,0.092464
1.37625,1341.91,0.012401
1.37625,1341.91,1.2945e-06
1.37627,1341.97,0.0662636
1.37627,1341.97,8.63e-07
1.3763,1342.11,0.132527
1.37648,1342.18,0.0770534
1.3765,1342.19,0.012401
1.3765,1342.19,1.2945e-06
1.37652,1342.26,0.0662636
1.37673,1342.35,0.092464
1.37675,1342.37,0.012401
1.37675,1342.37,1.2945e-06
1.37677,1342.43,0.0662636
1.37677,1342.43,8.63e-07
1.3768,1342.56,0.132527
1.37698,1342.64,0.0770534
1.377,1342.65,0.012401
1.377,1342.65,1.2945e-06
1.37702,1342.72,0.0662636
1.37723,1342.81,0.092464
1.37725,1342.83,0.012401
1.37725,1342.83,1.2945e-06
1.37727,1342.89,0.0662636
1.37727,1342.89,8.63e-07
1.3773,1343.02,0.132527
1.37748,1343.1,0.0770534
1.3775,1343.11,0.012401
1.3775,1343.11,1.2945e-06
1.37752,1343.18,0.0662636
1.37773,1343.27,0.092464
1.37775,1343.28,0.012401
1.37775,1343.28,1.2945e-06
1.37777,1343.35,0.0662636
1.37777,1343.35,8.63e-07
1.3778,1343.48,0.132527
1.37798,1343.56,0.0770534
1.378,1343.57,0.012401
1.378,1343.57,1.2945e-06
1.37802,1343.64,0.0662636
1.37823,1343.73,0.092464
1.37825,1343.74,0.012401
1.37825,1343.74,1.2945e-06
1.37827,1343.81,0.0662636
1.37827,1343.81,8.63e-07
1.3783,1343.94,0.132527
1.37848,1344.02,0.0770534
1.3785,1344.03,0.012401
1.3785,1344.03,1.2945e-06
1.37852,1344.1,0.0662636
1.37873,1344.19,0.092464
1.37875,1344.2,0.012401
1.37875,1344.2,1.2945e-06
1.37877,1344.27,0.0662636
1.37877,1344.27,8.63e-07
1.3788,1344.4,0.132527
1.37898,1344.48,0.0770534
1.379,1344.49,0.012401
1.379,1344.49,1.2945e-06
1.37902,1344.56,0.0662636
1.37923,1344.65,0.092464
1.37925,1344.66,0.012401
1.37925,1344.66,1.2945e-06
1.37927,1344.73,0.0662636
1.37927,1344.73,8.63e-07
1.3793,1344.86,0.132527
1.37948,1344.94,0.0770534
1.3795,1344.95,0.012401
1.3795,1344.95,1.2945e-06
1.37952,1345.02,0.0662636
1.37973,1345.11,0.092464
1.37975,1345.12,0.012401
1.37975,1345.12,1.2945e-06
1.37977,1345.19,0.0662636
1.37977,1345.19,8.63e-07
1.3798,1345.32,0.132527
1.37998,1345.4,0.0770534
1.38,1345.41,0.012401
1.38,1345.41,1.2945e-06
1.38002,1345.48,0.0662636
1.38023,1345.57,0.092464
1.38025,1345.58,0.012401
1.38025,1345.58,1.2945e-06
1.38027,1345.65,0.0662636
1.38027,1345.65,8.63e-07
1.3803,1345.78,0.132527
1.38048,1345.86,0.0770534
1.3805,1345.87,0.012401
1.3805,1345.87,1.2945e-06
1.38052,1345.94,0.0662636
1.38073,1346.03,0.092464
1.38075,1346.04,0.012401
1.38075,1346.04,1.2945e-06
1.38077,1346.11,0.0662636
1.38077,1346.11,8.63e-07
1.3808,1346.24,0.132527
1.38098,1346.32,0.0770534
1.381,1346.33,0.012401
1.381,1346.33,1.2945e-06
1.38102,1346.4,0.0662636
1.38123,1346.49,0.092464
1.38125,1346.5,0.012401
1.38125,1346.5,1.2945e-06
1.38127,1346.57,0.0662636
1.38127,1346.57,8.63e-07
1.3813,1346.7,0.132527
1.38148,1346.78,0.0770534
1.3815,1346.79,0.012401
1.3815,1346.79,1.2945e-06
1.38152,1346.85,0.0662636
1.38173,1346.95,0.092464
1.38175,1346.96,0.012401
1.38175,1346.96,1.2945e-06
1.38177,1347.03,0.0662636
1.38177,1347.03,8.63e-07
1.3818,1347.16,0.132527
1.38198,1347.24,0.0770534
1.382,1347.25,0.012401
1.382,1347.25,1.2945e-06
1.38202,1347.31,0.0662636
1.38223,1347.41,0.092464
1.38225,1347.42,0.012401
1.38225,1347.42,1.2945e-06
1.38227,1347.49,0.0662636
1.38227,1347.49,8.63e-07
1.3823,1347.62,0.132527
1.38248,1347.69,0.0770534
1.3825,1347.71,0.012401
1.3825,1347.71,1.2945e-06
1.38252,1347.77,0.0662636
1.38273,1347.87,0.092464
1.38275,1347.88,0.012401
1.38275,1347.88,1.2945e-06
1.38277,1347.94,0.0662636
1.38277,1347.94,8.63e-07
1.3828,1348.08,0.132527
1.38298,1348.15,0.0770534
1.383,1348.17,0.012401
1.383,1348.17,1.2945e-06
1.38302,1348.23,0.0662636
1.38323,1348.33,0.092464
1.38325,1348.34,0.012401
1.38325,1348.34,1.2945e-06
1.38327,1348.4,0.0662636
1.38327,1348.4,8.63e-07
1.3833,1348.54,0.132527
1.38348,1348.61,0.0770534
1.3835,1348.63,0.012401
1.3835,1348.63,1.2945e-06
1.38352,1348.69,0.0662636
1.38373,1348.78,0.092464
1.38375,1348.8,0.012401
1.38375,1348.8,1.2945e-06
1.38377,1348.86,0.0662636
1.38377,1348.86,8.63e-07
1.3838,1349,0.132527
1.38398,1349.07,0.0770534
1.384,1349.09,0.012401
1.384,1349.09,1.2945e-06
1.38402,1349.15,0.0662636
1.38423,1349.24,0.092464
1.38425,1349.26,0.012401
1.38425,1349.26,1.2945e-06
1.38427,1349.32,0.0662636
1.38427,1349.32,8.63e-07
1.3843,1349.46,0.132527
1.38448,1349.53,0.0770534
1.3845,1349.54,0.012401
1.3845,1349.54,1.2945e-06
1.38452,1349.61,0.0662636
1.38473,1349.7,0.092464
1.38475,1349.72,0.012401
1.38475,1349.72,1.2945e-06
1.38477,1349.78,0.0662636
1.38477,1349.78,8.63e-07
1.3848,1349.91,0.132527
1.38498,1349.99,0.0770534
1.385,1350,0.012401
1.385,1350,1.2945e-06
1.38502,1350.07,0.0662636
1.38523,1350.16,0.092464
1.38525,1350.18,0.012401
1.38525,1350.18,1.2945e-06
1.38527,1350.24,0.0662636
1.38527,1350.24,8.63e-07
1.3853,1350.37,0.132527
1.38548,1350.45,0.0770534
1.3855,1350.46,0.012401
1.3855,1350.46,1.2945e-06
1.38552,1350.53,0.0662636
1.38573,1350.62,0.092464
1.38575,1350.63,0.012401
1.38575,1350.63,1.2945e-06
1.38577,1350.7,0.0662636
1.38577,1350.7,8.63e-07
1.3858,1350.83,0.132527
1.38598,1350.91,0.0770534
1.386,1350.92,0.012401
1.386,1350.92,1.2945e-06
1.38602,1350.99,0.0662636
1.38623,1351.08,0.092464
1.38625,1351.09,0.012401
1.38625,1351.09,1.2945e-06
1.38627,1351.16,0.0662636
1.38627,1351.16,8.63e-07
1.3863,1351.29,0.132527
1.38648,1351.37,0.0770534
1.3865,1351.38,0.012401
1.3865,1351.38,1.2945e-06
1.38652,1351.45,0.0662636
1.38673,1351.54,0.092464
1.38675,1351.55,0.012401
1.38675,1351.55,1.2945e-06
1.38677,1351.62,0.0662636
1.38677,1351.62,8.63e-07
1.3868,1351.75,0.132527
1.38698,1351.83,0.0770534
1.387,1351.84,0.012401
1.387,1351.84,1.2945e-06
1.38702,1351.91,0.0662636
1.38723,1352,0.092464
1.38725,1352.01,0.012401
1.38725,1352.01,1.2945e-06
1.38727,1352.08,0.0662636
1.38727,1352.08,8.63e-07
1.3873,1352.21,0.132527
1.38748,1352.29,0.0770534
1.3875,1352.3,0.012401
1.3875,1352.3,1.2945e-06
1.38752,1352.37,0.0662636
1.38773,1352.46,0.092464
1.38775,1352.47,0.012401
1.38775,1352.47,1.2945e-06
1.38777,1352.54,0.0662636
1.38777,1352.54,8.63e-07
1.3878,1352.67,0.132527
1.38798,1352.75,0.0770534
1.388,1352.76,0.012401
1.388,1352.76,1.2945e-06
1.38802,1352.83,0.0662636
1.38823,1352.92,0.092464
1.38825,1352.93,0.012401
1.38825,1352.93,1.2945e-06
1.38827,1353,0.0662636
1.38827,1353,8.63e-07
1.3883,1353.13,0.132527
1.38848,1353.21,0.0770534
1.3885,1353.22,0.012401
1.3885,1353.22,1.2945e-06
1.38852,1353.29,0.0662636
1.38873,1353.38,0.092464
1.38875,1353.39,0.012401
1.38875,1353.39,1.2945e-06
1.38877,1353.46,0.0662636
1.38877,1353.46,8.63e-07
1.3888,1353.59,0.132527
1.38898,1353.67,0.0770534
1.389,1353.68,0.012401
1.389,1353.68,1.2945e-06
1.38902,1353.75,0.0662636
1.38923,1353.84,0.092464
1.38925,1353.85,0.012401
1.38925,1353.85,1.2945e-06
1.38927,1353.92,0.0662636
1.38927,1353.92,8.63e-07
1.3893,1354.05,0.132527
1.38948,1354.13,0.0770534
1.3895,1354.14,0.012401
1.3895,1354.14,1.2945e-06
1.38952,1354.2,0.0662636
1.38973,1354.3,0.092464
1.38975,1354.31,0.012401
1.38975,1354.31,1.2945e-06
1.38977,1354.38,0.0662636
1.38977,1354.38,8.63e-07
1.3898,1354.51,0.132527
1.38998,1354.59,0.0770534
1.39,1354.6,0.012401
1.39,1354.6,1.2945e-06
1.39002,1354.66,0.0662636
1.39023,1354.76,0.092464
1.39025,1354.77,0.012401
1.39025,1354.77,1.2945e-06
1.39027,1354.84,0.0662636
1.39027,1354.84,8.63e-07
1.3903,1354.97,0.132527
1.39048,1355.04,0.0770534
1.3905,1355.06,0.012401
1.3905,1355.06,1.2945e-06
1.39052,1355.12,0.0662636
1.39073,1355.22,0.092464
1.39075,1355.23,0.012401
1.39075,1355.23,1.2945e-06
1.39077,1355.29,0.0662636
1.39077,1355.29,8.63e-07
1.3908,1355.43,0.132527
1.39098,1355.5,0.0770534
1.391,1355.52,0.012401
1.391,1355.52,1.2945e-06
1.39102,1355.58,0.0662636
1.39123,1355.68,0.092464
1.39125,1355.69,0.012401
1.39125,1355.69,1.2945e-06
1.39127,1355.75,0.0662636
1.39127,1355.75,8.63e-07
1.3913,1355.89,0.132527
1.39148,1355.96,0.0770534
1.3915,1355.98,0.012401
1.3915,1355.98,1.2945e-06
1.39152,1356.04,0.0662636
1.39173,1356.13,0.092464
1.39175,1356.15,0.012401
1.39175,1356.15,1.2945e-06
1.39177,1356.21,0.0662636
1.39177,1356.21,8.63e-07
1.3918,1356.35,0.132527
1.39198,1356.42,0.0770534
1.392,1356.44,0.012401
1.392,1356.44,1.2945e-06
1.39202,1356.5,0.0662636
1.39223,1356.59,0.092464
1.39225,1356.61,0.012401
1.39225,1356.61,1.2945e-06
1.39227,1356.67,0.0662636
1.39227,1356.67,8.63e-07
1.3923,1356.81,0.132527
1.39248,1356.88,0.0770534
1.3925,1356.89,0.012401
1.3925,1356.89,1.2945e-06
1.39252,1356.96,0.0662636
1.39273,1357.05,0.092464
1.39275,1357.07,0.012401
1.39275,1357.07,1.2945e-06
1.39277,1357.13,0.0662636
1.39277,1357.13,8.63e-07
1.3928,1357.26,0.132527
1.39298,1357.34,0.0770534
1.393,1357.35,0.012401
1.393,1357.35,1.2945e-06
1.39302,1357.42,0.0662636
1.39323,1357.51,0.092464
1.39325,1357.53,0.012401
1.39325,1357.53,1.2945e-06
1.39327,1357.59,0.0662636
1.39327,1357.59,8.63e-07
1.3933,1357.72,0.132527
1.39348,1357.8,0.0770534
1.3935,1357.81,0.012401
1.3935,1357.81,1.2945e-06
1.39352,1357.88,0.0662636
1.39373,1357.97,0.092464
1.39375,1357.98,0.012401
1.39375,1357.98,1.2945e-06
1.39377,1358.05,0.0662636
1.39377,1358.05,8.63e-07
1.3938,1358.18,0.132527
1.39398,1358.26,0.0770534
1.394,1358.27,0.012401
1.394,1358.27,1.2945e-06
1.39402,1358.34,0.0662636
1.39423,1358.43,0.092464
1.39425,1358.44,0.012401
1.39425,1358.44,1.2945e-06
1.39427,1358.51,0.0662636
1.39427,1358.51,8.63e-07
1.3943,1358.64,0.132527
1.39448,1358.72,0.0770534
1.3945,1358.73,0.012401
1.3945,1358.73,1.2945e-06
1.39452,1358.8,0.0662636
1.39473,1358.89,0.092464
1.39475,1358.9,0.012401
1.39475,1358.9,1.2945e-06
1.39477,1358.97,0.0662636
1.39477,1358.97,8.63e-07
1.3948,1359.1,0.132527
1.39498,1359.18,0.0770534
1.395,1359.19,0.012401
1.395,1359.19,1.2945e-06
1.39502,1359.26,0.0662636
1.39523,1359.35,0.092464
1.39525,1359.36,0.012401
1.39525,1359.36,1.2945e-06
1.39527,1359.43,0.0662636
1.39527,1359.43,8.63e-07
1.3953,1359.56,0.132527
1.39548,1359.64,0.0770534
1.3955,1359.65,0.012401
1.3955,1359.65,1.2945e-06
1.39552,1359.72,0.0662636
1.39573,1359.81,0.092464
1.39575,1359.82,0.012401
1.39575,1359.82,1.2945e-06
1.39577,1359.89,0.0662636
1.39577,1359.89,8.63e-07
1.3958,1360.02,0.132527
1.39598,1360.1,0.0770534
1.396,1360.11,0.012401
1.396,1360.11,1.2945e-06
1.39602,1360.18,0.0662636
1.39623,1360.27,0.092464
1.39625,1360.28,0.012401
1.39625,1360.28,1.2945e-06
1.39627,1360.35,0.0662636
1.39627,1360.35,8.63e-07
1.3963,1360.48,0.132527
1.39648,1360.56,0.0770534
1.3965,1360.57,0.012401
1.3965,1360.57,1.2945e-06
1.39652,1360.64,0.0662636
1.39673,1360.73,0.092464
1.39675,1360.74,0.012401
1.39675,1360.74,1.2945e-06
1.39677,1360.81,0.0662636
1.39677,1360.81,8.63e-07
1.3968,1360.94,0.132527
1.39698,1361.02,0.0770534
1.397,1361.03,0.012401
1.397,1361.03,1.2945e-06
1.39702,1361.1,0.0662636
1.39723,1361.19,0.092464
1.39725,1361.2,0.012401
1.39725,1361.2,1.2945e-06
1.39727,1361.27,0.0662636
1.39727,1361.27,8.63e-07
1.3973,1361.4,0.132527
1.39748,1361.48,0.0770534
1.3975,1361.49,0.012401
1.3975,1361.49,1.2945e-06
1.39752,1361.55,0.0662636
1.39773,1361.65,0.092464
1.39775,1361.66,0.012401
1.39775,1361.66,1.2945e-06
1.39777,1361.73,0.0662636
1.39777,1361.73,8.63e-07
1.3978,1361.86,0.132527
1.39798,1361.94,0.0770534
1.398,1361.95,0.012401
1.398,1361.95,1.2945e-06
1.39802,1362.01,0.0662636
1.39823,1362.11,0.092464
1.39825,1362.12,0.012401
1.39825,1362.12,1.2945e-06
1.39827,1362.19,0.0662636
1.39827,1362.19,8.63e-07
1.3983,1362.32,0.132527
1.39848,1362.39,0.0770534
1.3985,1362.41,0.012401
1.3985,1362.41,1.2945e-06
1.39852,1362.47,0.0662636
1.39873,1362.57,0.092464
1.39875,1362.58,0.012401
1.39875,1362.58,1.2945e-06
1.39877,1362.64,0.0662636
1.39877,1362.64,8.63e-07
1.3988,1362.78,0.132527
1.39898,1362.85,0.0770534
1.399,1362.87,0.012401
1.399,1362.87,1.2945e-06
1.39902,1362.93,0.0662636
1.39923,1363.03,0.092464
1.39925,1363.04,0.012401
1.39925,1363.04,1.2945e-06
1.39927,1363.1,0.0662636
1.39927,1363.1,8.63e-07
1.3993,1363.24,0.132527
1.39948,1363.31,0.0770534
1.3995,1363.33,0.012401
1.3995,1363.33,1.2945e-06
1.39952,1363.39,0.0662636
1.39973,1363.48,0.092464
1.39975,1363.5,0.012401
1.39975,1363.5,1.2945e-06
1.39977,1363.56,0.0662636
1.39977,1363.56,8.63e-07
1.3998,1363.7,0.132527
1.39998,1363.77,0.0770534
1.4,1363.79,0.012401
1.4,1363.79,1.2945e-06
1.40002,1363.85,0.0662636
1.40023,1363.94,0.092464
1.40025,1363.96,0.012401
1.40025,1363.96,1.2945e-06
1.40027,1364.02,0.0662636
1.40027,1364.02,8.63e-07
1.4003,1364.16,0.132527
1.40048,1364.23,0.0770534
1.4005,1364.24,0.012401
1.4005,1364.24,1.2945e-06
1.40052,1364.31,0.0662636
1.40073,1364.4,0.092464
1.40075,1364.42,0.012401
1.40075,1364.42,1.2945e-06
1.40077,1364.48,0.0662636
1.40077,1364.48,8.63e-07
1.4008,1364.61,0.132527
1.40098,1364.69,0.0770534
1.401,1364.7,0.012401
1.401,1364.7,1.2945e-06
1.40102,1364.77,0.0662636
1.40123,1364.86,0.092464
1.40125,1364.88,0.012401
1.40125,1364.88,1.2945e-06
1.40127,1364.94,0.0662636
1.40127,1364.94,8.63e-07
1.4013,1365.07,0.132527
1.40148,1365.15,0.0770534
1.4015,1365.16,0.012401
1.4015,1365.16,1.2945e-06
1.40152,1365.23,0.0662636
1.40173,1365.32,0.092464
1.40175,1365.33,0.012401
1.40175,1365.33,1.2945e-06
1.40177,1365.4,0.0662636
1.40177,1365.4,8.63e-07
1.4018,1365.53,0.132527
1.40198,1365.61,0.0770534
1.402,1365.62,0.012401
1.402,1365.62,1.2945e-06
1.40202,1365.69,0.0662636
1.40202,1365.69,8.63e-07
1.40205,1365.82,0.132527
1.40205,1365.82,8.63e-07
1.40209,1365.95,0.132527
1.40223,1366.02,0.0616428
1.40225,1366.03,0.012401
1.40225,1366.03,1.2945e-06
1.40227,1366.09,0.0662636
1.40227,1366.09,8.63e-07
1.4023,1366.23,0.132527
1.40248,1366.3,0.0770534
1.4025,1366.32,0.012401
1.4025,1366.32,1.2945e-06
1.40252,1366.38,0.0662636
1.40252,1366.38,8.63e-07
1.40255,1366.52,0.132527
1.40255,1366.52,8.63e-07
1.40259,1366.65,0.132527
1.40273,1366.71,0.0616428
1.40275,1366.72,0.012401
1.40275,1366.72,1.2945e-06
1.40277,1366.79,0.0662636
1.40277,1366.79,8.63e-07
1.4028,1366.92,0.132527
1.40298,1367,0.0770534
1.403,1367.01,0.012401
1.403,1367.01,1.2945e-06
1.40302,1367.08,0.0662636
1.40323,1367.17,0.092464
1.40325,1367.18,0.012401
1.40325,1367.18,1.2945e-06
1.40327,1367.25,0.0662636
1.40327,1367.25,8.63e-07
1.4033,1367.38,0.132527
1.40348,1367.46,0.0770534
1.4035,1367.47,0.012401
1.4035,1367.47,1.2945e-06
1.40352,1367.54,0.0662636
1.40352,1367.54,8.63e-07
1.40355,1367.67,0.132527
1.40355,1367.67,8.63e-07
1.40359,1367.8,0.132527
1.40373,1367.86,0.0616428
1.40375,1367.87,0.012401
1.40375,1367.87,1.2945e-06
1.40377,1367.94,0.0662636
1.40377,1367.94,8.63e-07
1.4038,1368.07,0.132527
1.40398,1368.15,0.0770534
1.404,1368.16,0.012401
1.404,1368.16,1.2945e-06
1.40402,1368.23,0.0662636
1.40423,1368.32,0.092464
1.40425,1368.33,0.012401
1.40425,1368.33,1.2945e-06
1.40427,1368.4,0.0662636
1.40427,1368.4,8.63e-07
1.4043,1368.53,0.132527
1.40448,1368.61,0.0770534
1.4045,1368.62,0.012401
1.4045,1368.62,1.2945e-06
1.40452,1368.69,0.0662636
1.40473,1368.78,0.092464
1.40475,1368.79,0.012401
1.40475,1368.79,1.2945e-06
1.40477,1368.86,0.0662636
1.40477,1368.86,8.63e-07
1.4048,1368.99,0.132527
1.40498,1369.07,0.0770534
1.405,1369.08,0.012401
1.405,1369.08,1.2945e-06
1.40502,1369.15,0.0662636
1.40523,1369.24,0.092464
1.40525,1369.25,0.012401
1.40525,1369.25,1.2945e-06
1.40527,1369.32,0.0662636
1.40527,1369.32,8.63e-07
1.4053,1369.45,0.132527
1.40548,1369.53,0.0770534
1.4055,1369.54,0.012401
1.4055,1369.54,1.2945e-06
1.40552,1369.61,0.0662636
1.40573,1369.7,0.092464
1.40575,1369.71,0.012401
1.40575,1369.71,1.2945e-06
1.40577,1369.78,0.0662636
1.40577,1369.78,8.63e-07
1.4058,1369.91,0.132527
1.40598,1369.99,0.0770534
1.406,1370,0.012401
1.406,1370,1.2945e-06
1.40602,1370.07,0.0662636
1.40623,1370.16,0.092464
1.40625,1370.17,0.012401
1.40625,1370.17,1.2945e-06
1.40627,1370.24,0.0662636
1.40627,1370.24,8.63e-07
1.4063,1370.37,0.132527
1.40648,1370.45,0.0770534
1.4065,1370.46,0.012401
1.4065,1370.46,1.2945e-06
1.40652,1370.53,0.0662636
1.40673,1370.62,0.092464
1.40675,1370.63,0.012401
1.40675,1370.63,1.2945e-06
1.40677,1370.7,0.0662636
1.40677,1370.7,8.63e-07
1.4068,1370.83,0.132527
1.40698,1370.91,0.0770534
1.407,1370.92,0.012401
1.407,1370.92,1.2945e-06
1.40702,1370.99,0.0662636
1.40723,1371.08,0.092464
1.40725,1371.09,0.012401
1.40725,1371.09,1.2945e-06
1.40727,1371.16,0.0662636
1.40727,1371.16,8.63e-07
1.4073,1371.29,0.132527
1.40748,1371.37,0.0770534
1.4075,1371.38,0.012401
1.4075,1371.38,1.2945e-06
1.40752,1371.44,0.0662636
1.40752,1371.44,8.63e-07
1.40755,1371.58,0.132527
1.40755,1371.58,8.63e-07
1.40759,1371.71,0.132527
1.40773,1371.77,0.0616428
1.40775,1371.78,0.012401
1.40775,1371.78,1.2945e-06
1.40777,1371.85,0.0662636
1.40777,1371.85,8.63e-07
1.4078,1371.98,0.132527
1.40798,1372.06,0.0770534
1.408,1372.07,0.012401
1.408,1372.07,1.2945e-06
1.40802,1372.14,0.0662636
1.40823,1372.23,0.092464
1.40825,1372.24,0.012401
1.40825,1372.24,1.2945e-06
1.40827,1372.31,0.0662636
1.40827,1372.31,8.63e-07
1.4083,1372.44,0.132527
1.40848,1372.52,0.0770534
1.4085,1372.53,0.012401
1.4085,1372.53,1.2945e-06
1.40852,1372.6,0.0662636
1.40873,1372.69,0.092464
1.40875,1372.7,0.012401
1.40875,1372.7,1.2945e-06
1.40877,1372.77,0.0662636
1.40877,1372.77,8.63e-07
1.4088,1372.9,0.132527
1.40898,1372.98,0.0770534
1.409,1372.99,0.012401
1.409,1372.99,1.2945e-06
1.40902,1373.06,0.0662636
1.40902,1373.06,8.63e-07
1.40905,1373.19,0.132527
1.40905,1373.19,8.63e-07
1.40909,1373.32,0.132527
1.40923,1373.38,0.0616428
1.40925,1373.4,0.012401
1.40925,1373.4,1.2945e-06
1.40927,1373.46,0.0662636
1.40927,1373.46,8.63e-07
1.4093,1373.6,0.132527
1.40948,1373.67,0.0770534
1.4095,1373.68,0.012401
1.4095,1373.68,1.2945e-06
1.40952,1373.75,0.0662636
1.40973,1373.84,0.092464
1.40975,1373.86,0.012401
1.40975,1373.86,1.2945e-06
1.40977,1373.92,0.0662636
1.40977,1373.92,8.63e-07
1.4098,1374.05,0.132527
1.40998,1374.13,0.0770534
1.41,1374.14,0.012401
1.41,1374.14,1.2945e-06
1.41002,1374.21,0.0662636
1.41023,1374.3,0.092464
1.41025,1374.32,0.012401
1.41025,1374.32,1.2945e-06
1.41027,1374.38,0.0662636
1.41027,1374.38,8.63e-07
1.4103,1374.51,0.132527
1.41048,1374.59,0.0770534
1.4105,1374.6,0.012401
1.4105,1374.6,1.2945e-06
1.41052,1374.67,0.0662636
1.41052,1374.67,8.63e-07
1.41055,1374.8,0.132527
1.41055,1374.8,8.63e-07
1.41059,1374.93,0.132527
1.41073,1375,0.0616428
1.41075,1375.01,0.012401
1.41075,1375.01,1.2945e-06
1.41077,1375.08,0.0662636
1.41077,1375.08,8.63e-07
1.4108,1375.21,0.132527
1.41098,1375.28,0.0770534
1.411,1375.3,0.012401
1.411,1375.3,1.2945e-06
1.41102,1375.36,0.0662636
1.41123,1375.46,0.092464
1.41125,1375.47,0.012401
1.41125,1375.47,1.2945e-06
1.41127,1375.53,0.0662636
1.41127,1375.53,8.63e-07
1.4113,1375.67,0.132527
1.41148,1375.74,0.0770534
1.4115,1375.76,0.012401
1.4115,1375.76,1.2945e-06
1.41152,1375.82,0.0662636
1.41173,1375.92,0.092464
1.41175,1375.93,0.012401
1.41175,1375.93,1.2945e-06
1.41177,1375.99,0.0662636
1.41177,1375.99,8.63e-07
1.4118,1376.13,0.132527
1.41198,1376.2,0.0770534
1.412,1376.22,0.012401
1.412,1376.22,1.2945e-06
1.41202,1376.28,0.0662636
1.41202,1376.28,8.63e-07
1.41205,1376.41,0.132527
1.41205,1376.41,8.63e-07
1.41209,1376.55,0.132527
1.41223,1376.61,0.0616428
1.41225,1376.62,0.012401
1.41225,1376.62,1.2945e-06
1.41227,1376.69,0.0662636
1.41227,1376.69,8.63e-07
1.4123,1376.82,0.132527
1.41248,1376.9,0.0770534
1.4125,1376.91,0.012401
1.4125,1376.91,1.2945e-06
1.41252,1376.98,0.0662636
1.41273,1377.07,0.092464
1.41275,1377.08,0.012401
1.41275,1377.08,1.2945e-06
1.41277,1377.15,0.0662636
1.41277,1377.15,8.63e-07
1.4128,1377.28,0.132527
1.41298,1377.36,0.0770534
1.413,1377.37,0.012401
1.413,1377.37,1.2945e-06
1.41302,1377.44,0.0662636
1.41323,1377.53,0.092464
1.41325,1377.54,0.012401
1.41325,1377.54,1.2945e-06
1.41327,1377.61,0.0662636
1.41327,1377.61,8.63e-07
1.4133,1377.74,0.132527
1.41348,1377.82,0.0770534
1.4135,1377.83,0.012401
1.4135,1377.83,1.2945e-06
1.41352,1377.89,0.0662636
1.41352,1377.89,8.63e-07
1.41355,1378.03,0.132527
1.41355,1378.03,8.63e-07
1.41359,1378.16,0.132527
1.41373,1378.22,0.0616428
1.41375,1378.23,0.012401
1.41375,1378.23,1.2945e-06
1.41377,1378.3,0.0662636
1.41377,1378.3,8.63e-07
1.4138,1378.43,0.132527
1.41398,1378.51,0.0770534
1.414,1378.52,0.012401
1.414,1378.52,1.2945e-06
1.41402,1378.59,0.0662636
1.41423,1378.68,0.092464
1.41425,1378.69,0.012401
1.41425,1378.69,1.2945e-06
1.41427,1378.76,0.0662636
1.41427,1378.76,8.63e-07
1.4143,1378.89,0.132527
1.41448,1378.97,0.0770534
1.4145,1378.98,0.012401
1.4145,1378.98,1.2945e-06
1.41452,1379.05,0.0662636
1.41473,1379.14,0.092464
1.41475,1379.15,0.012401
1.41475,1379.15,1.2945e-06
1.41477,1379.22,0.0662636
1.41477,1379.22,8.63e-07
1.4148,1379.35,0.132527
1.41498,1379.43,0.0770534
1.415,1379.44,0.012401
1.415,1379.44,1.2945e-06
1.41502,1379.51,0.0662636
1.41502,1379.51,8.63e-07
1.41505,1379.64,0.132527
1.41505,1379.64,8.63e-07
1.41509,1379.77,0.132527
1.41523,1379.83,0.0616428
1.41525,1379.85,0.012401
1.41525,1379.85,1.2945e-06
1.41527,1379.91,0.0662636
1.41527,1379.91,8.63e-07
1.4153,1380.04,0.132527
1.41548,1380.12,0.0770534
1.4155,1380.13,0.012401
1.4155,1380.13,1.2945e-06
1.41552,1380.2,0.0662636
1.41573,1380.29,0.092464
1.41575,1380.31,0.012401
1.41575,1380.31,1.2945e-06
1.41577,1380.37,0.0662636
1.41577,1380.37,8.63e-07
1.4158,1380.5,0.132527
1.41598,1380.58,0.0770534
1.416,1380.59,0.012401
1.416,1380.59,1.2945e-06
1.41602,1380.66,0.0662636
1.41623,1380.75,0.092464
1.41625,1380.76,0.012401
1.41625,1380.76,1.2945e-06
1.41627,1380.83,0.0662636
1.41627,1380.83,8.63e-07
1.4163,1380.96,0.132527
1.41648,1381.04,0.0770534
1.4165,1381.05,0.012401
1.4165,1381.05,1.2945e-06
1.41652,1381.12,0.0662636
1.41652,1381.12,8.63e-07
1.41655,1381.25,0.132527
1.41655,1381.25,8.63e-07
1.41659,1381.38,0.132527
1.41673,1381.45,0.0616428
1.41675,1381.46,0.012401
1.41675,1381.46,1.2945e-06
1.41677,1381.52,0.0662636
1.41677,1381.52,8.63e-07
1.4168,1381.66,0.132527
1.41698,1381.73,0.0770534
1.417,1381.75,0.012401
1.417,1381.75,1.2945e-06
1.41702,1381.81,0.0662636
1.41723,1381.91,0.092464
1.41725,1381.92,0.012401
1.41725,1381.92,1.2945e-06
1.41727,1381.98,0.0662636
1.41727,1381.98,8.63e-07
1.4173,1382.12,0.132527
1.41748,1382.19,0.0770534
1.4175,1382.21,0.012401
1.4175,1382.21,1.2945e-06
1.41752,1382.27,0.0662636
1.41773,1382.36,0.092464
1.41775,1382.38,0.012401
1.41775,1382.38,1.2945e-06
1.41777,1382.44,0.0662636
1.41777,1382.44,8.63e-07
1.4178,1382.58,0.132527
1.41798,1382.65,0.0770534
1.418,1382.67,0.012401
1.418,1382.67,1.2945e-06
1.41802,1382.73,0.0662636
1.41802,1382.73,8.63e-07
1.41805,1382.86,0.132527
1.41805,1382.86,8.63e-07
1.41809,1383,0.132527
1.41823,1383.06,0.0616428
1.41825,1383.07,0.012401
1.41825,1383.07,1.2945e-06
1.41827,1383.14,0.0662636
1.41827,1383.14,8.63e-07
1.4183,1383.27,0.132527
1.41848,1383.35,0.0770534
1.4185,1383.36,0.012401
1.4185,1383.36,1.2945e-06
1.41852,1383.43,0.0662636
1.41873,1383.52,0.092464
1.41875,1383.53,0.012401
1.41875,1383.53,1.2945e-06
1.41877,1383.6,0.0662636
1.41877,1383.6,8.63e-07
1.4188,1383.73,0.132527
1.41898,1383.81,0.0770534
1.419,1383.82,0.012401
1.419,1383.82,1.2945e-06
1.41902,1383.88,0.0662636
1.41923,1383.98,0.092464
1.41925,1383.99,0.012401
1.41925,1383.99,1.2945e-06
1.41927,1384.06,0.0662636
1.41927,1384.06,8.63e-07
1.4193,1384.19,0.132527
1.41948,1384.27,0.0770534
1.4195,1384.28,0.012401
1.4195,1384.28,1.2945e-06
1.41952,1384.34,0.0662636
1.41952,1384.34,8.63e-07
1.41955,1384.48,0.132527
1.41955,1384.48,8.63e-07
1.41959,1384.61,0.132527
1.41973,1384.67,0.0616428
1.41975,1384.68,0.012401
1.41975,1384.68,1.2945e-06
1.41977,1384.75,0.0662636
1.41977,1384.75,8.63e-07
1.4198,1384.88,0.132527
1.41998,1384.96,0.0770534
1.42,1384.97,0.012401
1.42,1384.97,1.2945e-06
1.42002,1385.04,0.0662636
1.42023,1385.13,0.092464
1.42025,1385.14,0.012401
1.42025,1385.14,1.2945e-06
1.42027,1385.21,0.0662636
1.42027,1385.21,8.63e-07
1.4203,1385.34,0.132527
1.42048,1385.42,0.0770534
1.4205,1385.43,0.012401
1.4205,1385.43,1.2945e-06
1.42052,1385.5,0.0662636
1.42073,1385.59,0.092464
1.42075,1385.6,0.012401
1.42075,1385.6,1.2945e-06
1.42077,1385.67,0.0662636
1.42077,1385.67,8.63e-07
1.4208,1385.8,0.132527
1.42098,1385.88,0.0770534
1.421,1385.89,0.012401
1.421,1385.89,1.2945e-06
1.42102,1385.96,0.0662636
1.42123,1386.05,0.092464
1.42125,1386.06,0.012401
1.42125,1386.06,1.2945e-06
1.42127,1386.13,0.0662636
1.42127,1386.13,8.63e-07
1.4213,1386.26,0.132527
1.42148,1386.34,0.0770534
1.4215,1386.35,0.012401
1.4215,1386.35,1.2945e-06
1.42152,1386.42,0.0662636
1.42173,1386.51,0.092464
1.42175,1386.52,0.012401
1.42175,1386.52,1.2945e-06
1.42177,1386.59,0.0662636
1.42177,1386.59,8.63e-07
1.4218,1386.72,0.132527
1.42198,1386.8,0.0770534
1.422,1386.81,0.012401
1.422,1386.81,1.2945e-06
1.42202,1386.88,0.0662636
1.42223,1386.97,0.092464
1.42225,1386.98,0.012401
1.42225,1386.98,1.2945e-06
1.42227,1387.05,0.0662636
1.42227,1387.05,8.63e-07
1.4223,1387.18,0.132527
1.42248,1387.26,0.0770534
1.4225,1387.27,0.012401
1.4225,1387.27,1.2945e-06
1.42252,1387.33,0.0662636
1.42273,1387.43,0.092464
1.42275,1387.44,0.012401
1.42275,1387.44,1.2945e-06
1.42277,1387.51,0.0662636
1.42277,1387.51,8.63e-07
1.4228,1387.64,0.132527
1.42298,1387.72,0.0770534
1.423,1387.73,0.012401
1.423,1387.73,1.2945e-06
1.42302,1387.79,0.0662636
1.42323,1387.89,0.092464
1.42325,1387.9,0.012401
1.42325,1387.9,1.2945e-06
1.42327,1387.96,0.0662636
1.42327,1387.96,8.63e-07
1.4233,1388.1,0.132527
1.42348,1388.17,0.0770534
1.4235,1388.19,0.012401
1.4235,1388.19,1.2945e-06
1.42352,1388.25,0.0662636
1.42373,1388.35,0.092464
1.42375,1388.36,0.012401
1.42375,1388.36,1.2945e-06
1.42377,1388.42,0.0662636
1.42377,1388.42,8.63e-07
1.4238,1388.56,0.132527
1.42398,1388.63,0.0770534
1.424,1388.65,0.012401
1.424,1388.65,1.2945e-06
1.42402,1388.71,0.0662636
1.42423,1388.8,0.092464
1.42425,1388.82,0.012401
1.42425,1388.82,1.2945e-06
1.42427,1388.88,0.0662636
1.42427,1388.88,8.63e-07
1.4243,1389.02,0.132527
1.42448,1389.09,0.0770534
1.4245,1389.11,0.012401
1.4245,1389.11,1.2945e-06
1.42452,1389.17,0.0662636
1.42452,1389.17,8.63e-07
1.42455,1389.3,0.132527
1.42455,1389.3,8.63e-07
1.42459,1389.44,0.132527
1.42473,1389.5,0.0616428
1.42475,1389.51,0.012401
1.42475,1389.51,1.2945e-06
1.42477,1389.58,0.0662636
1.42477,1389.58,8.63e-07
1.4248,1389.71,0.132527
1.42498,1389.79,0.0770534
1.425,1389.8,0.012401
1.425,1389.8,1.2945e-06
1.42502,1389.87,0.0662636
1.42523,1389.96,0.092464
1.42525,1389.97,0.012401
1.42525,1389.97,1.2945e-06
1.42527,1390.04,0.0662636
1.42527,1390.04,8.63e-07
1.4253,1390.17,0.132527
1.42548,1390.25,0.0770534
1.4255,1390.26,0.012401
1.4255,1390.26,1.2945e-06
1.42552,1390.32,0.0662636
1.42573,1390.42,0.092464
1.42575,1390.43,0.012401
1.42575,1390.43,1.2945e-06
1.42577,1390.5,0.0662636
1.42577,1390.5,8.63e-07
1.4258,1390.63,0.132527
1.42598,1390.71,0.0770534
1.426,1390.72,0.012401
1.426,1390.72,1.2945e-06
1.42602,1390.78,0.0662636
1.42602,1390.78,8.63e-07
1.42605,1390.92,0.132527
1.42605,1390.92,8.63e-07
1.42609,1391.05,0.132527
1.42623,1391.11,0.0616428
1.42625,1391.12,0.012401
1.42625,1391.12,1.2945e-06
1.42627,1391.19,0.0662636
1.42627,1391.19,8.63e-07
1.4263,1391.32,0.132527
1.42648,1391.4,0.0770534
1.4265,1391.41,0.012401
1.4265,1391.41,1.2945e-06
1.42652,1391.48,0.0662636
1.42673,1391.57,0.092464
1.42675,1391.58,0.012401
1.42675,1391.58,1.2945e-06
1.42677,1391.65,0.0662636
1.42677,1391.65,8.63e-07
1.4268,1391.78,0.132527
1.42698,1391.86,0.0770534
1.427,1391.87,0.012401
1.427,1391.87,1.2945e-06
1.42702,1391.94,0.0662636
1.42723,1392.03,0.092464
1.42725,1392.04,0.012401
1.42725,1392.04,1.2945e-06
1.42727,1392.11,0.0662636
1.42727,1392.11,8.63e-07
1.4273,1392.24,0.132527
1.42748,1392.32,0.0770534
1.4275,1392.33,0.012401
1.4275,1392.33,1.2945e-06
1.42752,1392.4,0.0662636
1.42752,1392.4,8.63e-07
1.42755,1392.53,0.132527
1.42755,1392.53,8.63e-07
1.42759,1392.66,0.132527
1.42773,1392.72,0.0616428
1.42775,1392.74,0.012401
1.42775,1392.74,1.2945e-06
1.42777,1392.8,0.0662636
1.42777,1392.8,8.63e-07
1.4278,1392.93,0.132527
1.42798,1393.01,0.0770534
1.428,1393.02,0.012401
1.428,1393.02,1.2945e-06
1.42802,1393.09,0.0662636
1.42823,1393.18,0.092464
1.42825,1393.2,0.012401
1.42825,1393.2,1.2945e-06
1.42827,1393.26,0.0662636
1.42827,1393.26,8.63e-07
1.4283,1393.39,0.132527
1.42848,1393.47,0.0770534
1.4285,1393.48,0.012401
1.4285,1393.48,1.2945e-06
1.42852,1393.55,0.0662636
1.42873,1393.64,0.092464
1.42875,1393.65,0.012401
1.42875,1393.65,1.2945e-06
1.42877,1393.72,0.0662636
1.42877,1393.72,8.63e-07
1.4288,1393.85,0.132527
1.42898,1393.93,0.0770534
1.429,1393.94,0.012401
1.429,1393.94,1.2945e-06
1.42902,1394.01,0.0662636
1.42902,1394.01,8.63e-07
1.42905,1394.14,0.132527
1.42905,1394.14,8.63e-07
1.42909,1394.27,0.132527
1.42923,1394.34,0.0616428
1.42925,1394.35,0.012401
1.42925,1394.35,1.2945e-06
1.42927,1394.41,0.0662636
1.42927,1394.41,8.63e-07
1.4293,1394.55,0.132527
1.42948,1394.62,0.0770534
1.4295,1394.64,0.012401
1.4295,1394.64,1.2945e-06
1.42952,1394.7,0.0662636
1.42973,1394.8,0.092464
1.42975,1394.81,0.012401
1.42975,1394.81,1.2945e-06
1.42977,1394.87,0.0662636
1.42977,1394.87,8.63e-07
1.4298,1395.01,0.132527
1.42998,1395.08,0.0770534
1.43,1395.1,0.012401
1.43,1395.1,1.2945e-06
1.43002,1395.16,0.0662636
1.43023,1395.25,0.092464
1.43025,1395.27,0.012401
1.43025,1395.27,1.2945e-06
1.43027,1395.33,0.0662636
1.43027,1395.33,8.63e-07
1.4303,1395.47,0.132527
1.43048,1395.54,0.0770534
1.4305,1395.56,0.012401
1.4305,1395.56,1.2945e-06
1.43052,1395.62,0.0662636
1.43052,1395.62,8.63e-07
1.43055,1395.75,0.132527
1.43055,1395.75,8.63e-07
1.43059,1395.89,0.132527
1.43073,1395.95,0.0616428
1.43075,1395.96,0.012401
1.43075,1395.96,1.2945e-06
1.43077,1396.03,0.0662636
1.43077,1396.03,8.63e-07
1.4308,1396.16,0.132527
1.43098,1396.24,0.0770534
1.431,1396.25,0.012401
1.431,1396.25,1.2945e-06
1.43102,1396.31,0.0662636
1.43123,1396.41,0.092464
1.43125,1396.42,0.012401
1.43125,1396.42,1.2945e-06
1.43127,1396.49,0.0662636
1.43127,1396.49,8.63e-07
1.4313,1396.62,0.132527
1.43148,1396.7,0.0770534
1.4315,1396.71,0.012401
1.4315,1396.71,1.2945e-06
1.43152,1396.77,0.0662636
1.43173,1396.87,0.092464
1.43175,1396.88,0.012401
1.43175,1396.88,1.2945e-06
1.43177,1396.95,0.0662636
1.43177,1396.95,8.63e-07
1.4318,1397.08,0.132527
1.43198,1397.16,0.0770534
1.432,1397.17,0.012401
1.432,1397.17,1.2945e-06
1.43202,1397.23,0.0662636
1.43202,1397.23,8.63e-07
1.43205,1397.37,0.132527
1.43205,1397.37,8.63e-07
1.43209,1397.5,0.132527
1.43223,1397.56,0.0616428
1.43225,1397.57,0.012401
1.43225,1397.57,1.2945e-06
1.43227,1397.64,0.0662636
1.43227,1397.64,8.63e-07
1.4323,1397.77,0.132527
1.43248,1397.85,0.0770534
1.4325,1397.86,0.012401
1.4325,1397.86,1.2945e-06
1.43252,1397.93,0.0662636
1.43273,1398.02,0.092464
1.43275,1398.03,0.012401
1.43275,1398.03,1.2945e-06
1.43277,1398.1,0.0662636
1.43277,1398.1,8.63e-07
1.4328,1398.23,0.132527
1.43298,1398.31,0.0770534
1.433,1398.32,0.012401
1.433,1398.32,1.2945e-06
1.43302,1398.39,0.0662636
1.43323,1398.48,0.092464
1.43325,1398.49,0.012401
1.43325,1398.49,1.2945e-06
1.43327,1398.56,0.0662636
1.43327,1398.56,8.63e-07
1.4333,1398.69,0.132527
1.43348,1398.77,0.0770534
1.4335,1398.78,0.012401
1.4335,1398.78,1.2945e-06
1.43352,1398.85,0.0662636
1.43352,1398.85,8.63e-07
1.43355,1398.98,0.132527
1.43355,1398.98,8.63e-07
1.43359,1399.11,0.132527
1.43373,1399.17,0.0616428
1.43375,1399.19,0.012401
1.43375,1399.19,1.2945e-06
1.43377,1399.25,0.0662636
1.43377,1399.25,8.63e-07
1.4338,1399.38,0.132527
1.43398,1399.46,0.0770534
1.434,1399.47,0.012401
1.434,1399.47,1.2945e-06
1.43402,1399.54,0.0662636
1.43423,1399.63,0.092464
1.43425,1399.64,0.012401
1.43425,1399.64,1.2945e-06
1.43427,1399.71,0.0662636
1.43427,1399.71,8.63e-07
1.4343,1399.84,0.132527
1.43448,1399.92,0.0770534
1.4345,1399.93,0.012401
1.4345,1399.93,1.2945e-06
1.43452,1400,0.0662636
1.43473,1400.09,0.092464
1.43475,1400.1,0.012401
1.43475,1400.1,1.2945e-06
1.43477,1400.17,0.0662636
1.43477,1400.17,8.63e-07
1.4348,1400.3,0.132527
1.43498,1400.38,0.0770534
1.435,1400.39,0.012401
1.435,1400.39,1.2945e-06
1.43502,1400.46,0.0662636
1.43502,1400.46,8.63e-07
1.43505,1400.59,0.132527
1.43505,1400.59,8.63e-07
1.43509,1400.72,0.132527
1.43523,1400.79,0.0616428
1.43525,1400.8,0.012401
1.43525,1400.8,1.2945e-06
1.43527,1400.86,0.0662636
1.43527,1400.86,8.63e-07
1.4353,1401,0.132527
1.43548,1401.07,0.0770534
1.4355,1401.09,0.012401
1.4355,1401.09,1.2945e-06
1.43552,1401.15,0.0662636
1.43573,1401.24,0.092464
1.43575,1401.26,0.012401
1.43575,1401.26,1.2945e-06
1.43577,1401.32,0.0662636
1.43577,1401.32,8.63e-07
1.4358,1401.46,0.132527
1.43598,1401.53,0.0770534
1.436,1401.55,0.012401
1.436,1401.55,1.2945e-06
1.43602,1401.61,0.0662636
1.43623,1401.7,0.092464
1.43625,1401.72,0.012401
1.43625,1401.72,1.2945e-06
1.43627,1401.78,0.0662636
1.43627,1401.78,8.63e-07
1.4363,1401.92,0.132527
1.43648,1401.99,0.0770534
1.4365,1402,0.012401
1.4365,1402,1.2945e-06
1.43652,1402.07,0.0662636
1.43673,1402.16,0.092464
1.43675,1402.18,0.012401
1.43675,1402.18,1.2945e-06
1.43677,1402.24,0.0662636
1.43677,1402.24,8.63e-07
1.4368,1402.37,0.132527
1.43698,1402.45,0.0770534
1.437,1402.46,0.012401
1.437,1402.46,1.2945e-06
1.43702,1402.53,0.0662636
1.43723,1402.62,0.092464
1.43725,1402.64,0.012401
1.43725,1402.64,1.2945e-06
1.43727,1402.7,0.0662636
1.43727,1402.7,8.63e-07
1.4373,1402.83,0.132527
1.43748,1402.91,0.0770534
1.4375,1402.92,0.012401
1.4375,1402.92,1.2945e-06
1.43752,1402.99,0.0662636
1.43773,1403.08,0.092464
1.43775,1403.09,0.012401
1.43775,1403.09,1.2945e-06
1.43777,1403.16,0.0662636
1.43777,1403.16,8.63e-07
1.4378,1403.29,0.132527
1.43798,1403.37,0.0770534
1.438,1403.38,0.012401
1.438,1403.38,1.2945e-06
1.43802,1403.45,0.0662636
1.43823,1403.54,0.092464
1.43825,1403.55,0.012401
1.43825,1403.55,1.2945e-06
1.43827,1403.62,0.0662636
1.43827,1403.62,8.63e-07
1.4383,1403.75,0.132527
1.43848,1403.83,0.0770534
1.4385,1403.84,0.012401
1.4385,1403.84,1.2945e-06
1.43852,1403.91,0.0662636
1.43873,1404,0.092464
1.43875,1404.01,0.012401
1.43875,1404.01,1.2945e-06
1.43877,1404.08,0.0662636
1.43877,1404.08,8.63e-07
1.4388,1404.21,0.132527
1.43898,1404.29,0.0770534
1.439,1404.3,0.012401
1.439,1404.3,1.2945e-06
1.43902,1404.37,0.0662636
1.43923,1404.46,0.092464
1.43925,1404.47,0.012401
1.43925,1404.47,1.2945e-06
1.43927,1404.54,0.0662636
1.43927,1404.54,8.63e-07
1.4393,1404.67,0.132527
1.43948,1404.75,0.0770534
1.4395,1404.76,0.012401
1.4395,1404.76,1.2945e-06
1.43952,1404.83,0.0662636
1.43973,1404.92,0.092464
1.43975,1404.93,0.012401
1.43975,1404.93,1.2945e-06
1.43977,1405,0.0662636
1.43977,1405,8.63e-07
1.4398,1405.13,0.132527
1.43998,1405.21,0.0770534
1.44,1405.22,0.012401
1.44,1405.22,1.2945e-06
1.44002,1405.29,0.0662636
1.44023,1405.38,0.092464
1.44025,1405.39,0.012401
1.44025,1405.39,1.2945e-06
1.44027,1405.46,0.0662636
1.44027,1405.46,8.63e-07
1.4403,1405.59,0.132527
1.44048,1405.67,0.0770534
1.4405,1405.68,0.012401
1.4405,1405.68,1.2945e-06
1.44052,1405.75,0.0662636
1.44073,1405.84,0.092464
1.44075,1405.85,0.012401
1.44075,1405.85,1.2945e-06
1.44077,1405.92,0.0662636
1.44077,1405.92,8.63e-07
1.4408,1406.05,0.132527
1.44098,1406.13,0.0770534
1.441,1406.14,0.012401
1.441,1406.14,1.2945e-06
1.44102,1406.21,0.0662636
1.44123,1406.3,0.092464
1.44125,1406.31,0.012401
1.44125,1406.31,1.2945e-06
1.44127,1406.38,0.0662636
1.44127,1406.38,8.63e-07
1.4413,1406.51,0.132527
1.44148,1406.59,0.0770534
1.4415,1406.6,0.012401
1.4415,1406.6,1.2945e-06
1.44152,1406.66,0.0662636
1.44173,1406.76,0.092464
1.44175,1406.77,0.012401
1.44175,1406.77,1.2945e-06
1.44177,1406.84,0.0662636
1.44177,1406.84,8.63e-07
1.4418,1406.97,0.132527
1.44198,1407.05,0.0770534
1.442,1407.06,0.012401
1.442,1407.06,1.2945e-06
1.44202,1407.12,0.0662636
1.44223,1407.22,0.092464
1.44225,1407.23,0.012401
1.44225,1407.23,1.2945e-06
1.44227,1407.3,0.0662636
1.44227,1407.3,8.63e-07
1.4423,1407.43,0.132527
1.44248,1407.5,0.0770534
1.4425,1407.52,0.012401
1.4425,1407.52,1.2945e-06
1.44252,1407.58,0.0662636
1.44273,1407.68,0.092464
1.44275,1407.69,0.012401
1.44275,1407.69,1.2945e-06
1.44277,1407.75,0.0662636
1.44277,1407.75,8.63e-07
1.4428,1407.89,0.132527
1.44298,1407.96,0.0770534
1.443,1407.98,0.012401
1.443,1407.98,1.2945e-06
1.44302,1408.04,0.0662636
1.44323,1408.14,0.092464
1.44325,1408.15,0.012401
1.44325,1408.15,1.2945e-06
1.44327,1408.21,0.0662636
1.44327,1408.21,8.63e-07
1.4433,1408.35,0.132527
1.44348,1408.42,0.0770534
1.4435,1408.44,0.012401
1.4435,1408.44,1.2945e-06
1.44352,1408.5,0.0662636
1.44373,1408.59,0.092464
1.44375,1408.61,0.012401
1.44375,1408.61,1.2945e-06
1.44377,1408.67,0.0662636
1.44377,1408.67,8.63e-07
1.4438,1408.81,0.132527
1.44398,1408.88,0.0770534
1.444,1408.9,0.012401
1.444,1408.9,1.2945e-06
1.44402,1408.96,0.0662636
1.44423,1409.05,0.092464
1.44425,1409.07,0.012401
1.44425,1409.07,1.2945e-06
1.44427,1409.13,0.0662636
1.44427,1409.13,8.63e-07
1.4443,1409.27,0.132527
1.44448,1409.34,0.0770534
1.4445,1409.35,0.012401
1.4445,1409.35,1.2945e-06
1.44452,1409.42,0.0662636
1.44473,1409.51,0.092464
1.44475,1409.53,0.012401
1.44475,1409.53,1.2945e-06
1.44477,1409.59,0.0662636
1.44477,1409.59,8.63e-07
1.4448,1409.72,0.132527
1.44498,1409.8,0.0770534
1.445,1409.81,0.012401
1.445,1409.81,1.2945e-06
1.44502,1409.88,0.0662636
1.44523,1409.97,0.092464
1.44525,1409.99,0.012401
1.44525,1409.99,1.2945e-06
1.44527,1410.05,0.0662636
1.44527,1410.05,8.63e-07
1.4453,1410.18,0.132527
1.44548,1410.26,0.0770534
1.4455,1410.27,0.012401
1.4455,1410.27,1.2945e-06
1.44552,1410.34,0.0662636
1.44573,1410.43,0.092464
1.44575,1410.44,0.012401
1.44575,1410.44,1.2945e-06
1.44577,1410.51,0.0662636
1.44577,1410.51,8.63e-07
1.4458,1410.64,0.132527
1.44598,1410.72,0.0770534
1.446,1410.73,0.012401
1.446,1410.73,1.2945e-06
1.44602,1410.8,0.0662636
1.44623,1410.89,0.092464
1.44625,1410.9,0.012401
1.44625,1410.9,1.2945e-06
1.44627,1410.97,0.0662636
1.44627,1410.97,8.63e-07
1.4463,1411.1,0.132527
1.44648,1411.18,0.0770534
1.4465,1411.19,0.012401
1.4465,1411.19,1.2945e-06
1.44652,1411.26,0.0662636
1.44673,1411.35,0.092464
1.44675,1411.36,0.012401
1.44675,1411.36,1.2945e-06
1.44677,1411.43,0.0662636
1.44677,1411.43,8.63e-07
1.4468,1411.56,0.132527
1.44698,1411.64,0.0770534
1.447,1411.65,0.012401
1.447,1411.65,1.2945e-06
1.44702,1411.72,0.0662636
1.44723,1411.81,0.092464
1.44725,1411.82,0.012401
1.44725,1411.82,1.2945e-06
1.44727,1411.89,0.0662636
1.44727,1411.89,8.63e-07
1.4473,1412.02,0.132527
1.44748,1412.1,0.0770534
1.4475,1412.11,0.012401
1.4475,1412.11,1.2945e-06
1.44752,1412.18,0.0662636
1.44773,1412.27,0.092464
1.44775,1412.28,0.012401
1.44775,1412.28,1.2945e-06
1.44777,1412.35,0.0662636
1.44777,1412.35,8.63e-07
1.4478,1412.48,0.132527
1.44798,1412.56,0.0770534
1.448,1412.57,0.012401
1.448,1412.57,1.2945e-06
1.44802,1412.64,0.0662636
1.44823,1412.73,0.092464
1.44825,1412.74,0.012401
1.44825,1412.74,1.2945e-06
1.44827,1412.81,0.0662636
1.44827,1412.81,8.63e-07
1.4483,1412.94,0.132527
1.44848,1413.02,0.0770534
1.4485,1413.03,0.012401
1.4485,1413.03,1.2945e-06
1.44852,1413.1,0.0662636
1.44873,1413.19,0.092464
1.44875,1413.2,0.012401
1.44875,1413.2,1.2945e-06
1.44877,1413.27,0.0662636
1.44877,1413.27,8.63e-07
1.4488,1413.4,0.132527
1.44898,1413.48,0.0770534
1.449,1413.49,0.012401
1.449,1413.49,1.2945e-06
1.44902,1413.56,0.0662636
1.44923,1413.65,0.092464
1.44925,1413.66,0.012401
1.44925,1413.66,1.2945e-06
1.44927,1413.73,0.0662636
1.44927,1413.73,8.63e-07
1.4493,1413.86,0.132527
1.44948,1413.94,0.0770534
1.4495,1413.95,0.012401
1.4495,1413.95,1.2945e-06
1.44952,1414.01,0.0662636
1.44973,1414.11,0.092464
1.44975,1414.12,0.012401
1.44975,1414.12,1.2945e-06
1.44977,1414.19,0.0662636
1.44977,1414.19,8.63e-07
1.4498,1414.32,0.132527
1.44998,1414.4,0.0770534
1.45,1414.41,0.012401
1.45,1414.41,1.2945e-06
1.45002,1414.47,0.0662636
1.45023,1414.57,0.092464
1.45025,1414.58,0.012401
1.45025,1414.58,1.2945e-06
1.45027,1414.65,0.0662636
1.45027,1414.65,8.63e-07
1.4503,1414.78,0.132527
1.45048,1414.85,0.0770534
1.4505,1414.87,0.012401
1.4505,1414.87,1.2945e-06
1.45052,1414.93,0.0662636
1.45073,1415.03,0.092464
1.45075,1415.04,0.012401
1.45075,1415.04,1.2945e-06
1.45077,1415.1,0.0662636
1.45077,1415.1,8.63e-07
1.4508,1415.24,0.132527
1.45098,1415.31,0.0770534
1.451,1415.33,0.012401
1.451,1415.33,1.2945e-06
1.45102,1415.39,0.0662636
1.45123,1415.49,0.092464
1.45125,1415.5,0.012401
1.45125,1415.5,1.2945e-06
1.45127,1415.56,0.0662636
1.45127,1415.56,8.63e-07
1.4513,1415.7,0.132527
1.45148,1415.77,0.0770534
1.4515,1415.79,0.012401
1.4515,1415.79,1.2945e-06
1.45152,1415.85,0.0662636
1.45173,1415.94,0.092464
1.45175,1415.96,0.012401
1.45175,1415.96,1.2945e-06
1.45177,1416.02,0.0662636
1.45177,1416.02,8.63e-07
1.4518,1416.16,0.132527
1.45198,1416.23,0.0770534
1.452,1416.25,0.012401
1.452,1416.25,1.2945e-06
1.45202,1416.31,0.0662636
1.45223,1416.4,0.092464
1.45225,1416.42,0.012401
1.45225,1416.42,1.2945e-06
1.45227,1416.48,0.0662636
1.45227,1416.48,8.63e-07
1.4523,1416.62,0.132527
1.45248,1416.69,0.0770534
1.4525,1416.7,0.012401
1.4525,1416.7,1.2945e-06
1.45252,1416.77,0.0662636
1.45273,1416.86,0.092464
1.45275,1416.88,0.012401
1.45275,1416.88,1.2945e-06
1.45277,1416.94,0.0662636
1.45277,1416.94,8.63e-07
1.4528,1417.07,0.132527
1.45298,1417.15,0.0770534
1.453,1417.16,0.012401
1.453,1417.16,1.2945e-06
1.45302,1417.23,0.0662636
1.45323,1417.32,0.092464
1.45325,1417.34,0.012401
1.45325,1417.34,1.2945e-06
1.45327,1417.4,0.0662636
1.45327,1417.4,8.63e-07
1.4533,1417.53,0.132527
1.45348,1417.61,0.0770534
1.4535,1417.62,0.012401
1.4535,1417.62,1.2945e-06
1.45352,1417.69,0.0662636
1.45373,1417.78,0.092464
1.45375,1417.79,0.012401
1.45375,1417.79,1.2945e-06
1.45377,1417.86,0.0662636
1.45377,1417.86,8.63e-07
1.4538,1417.99,0.132527
1.45398,1418.07,0.0770534
1.454,1418.08,0.012401
1.454,1418.08,1.2945e-06
1.45402,1418.15,0.0662636
1.45423,1418.24,0.092464
1.45425,1418.25,0.012401
1.45425,1418.25,1.2945e-06
1.45427,1418.32,0.0662636
1.45427,1418.32,8.63e-07
1.4543,1418.45,0.132527
1.45448,1418.53,0.0770534
1.4545,1418.54,0.012401
1.4545,1418.54,1.2945e-06
1.45452,1418.61,0.0662636
1.45473,1418.7,0.092464
1.45475,1418.71,0.012401
1.45475,1418.71,1.2945e-06
1.45477,1418.78,0.0662636
1.45477,1418.78,8.63e-07
1.4548,1418.91,0.132527
1.45498,1418.99,0.0770534
1.455,1419,0.012401
1.455,1419,1.2945e-06
1.45502,1419.07,0.0662636
1.45523,1419.16,0.092464
1.45525,1419.17,0.012401
1.45525,1419.17,1.2945e-06
1.45527,1419.24,0.0662636
1.45527,1419.24,8.63e-07
1.4553,1419.37,0.132527
1.45548,1419.45,0.0770534
1.4555,1419.46,0.012401
1.4555,1419.46,1.2945e-06
1.45552,1419.53,0.0662636
1.45573,1419.62,0.092464
1.45575,1419.63,0.012401
1.45575,1419.63,1.2945e-06
1.45577,1419.7,0.0662636
1.45577,1419.7,8.63e-07
1.4558,1419.83,0.132527
1.45598,1419.91,0.0770534
1.456,1419.92,0.012401
1.456,1419.92,1.2945e-06
1.45602,1419.99,0.0662636
1.45623,1420.08,0.092464
1.45625,1420.09,0.012401
1.45625,1420.09,1.2945e-06
1.45627,1420.16,0.0662636
1.45627,1420.16,8.63e-07
1.4563,1420.29,0.132527
1.45648,1420.37,0.0770534
1.4565,1420.38,0.012401
1.4565,1420.38,1.2945e-06
1.45652,1420.45,0.0662636
1.45673,1420.54,0.092464
1.45675,1420.55,0.012401
1.45675,1420.55,1.2945e-06
1.45677,1420.62,0.0662636
1.45677,1420.62,8.63e-07
1.4568,1420.75,0.132527
1.45698,1420.83,0.0770534
1.457,1420.84,0.012401
1.457,1420.84,1.2945e-06
1.45702,1420.91,0.0662636
1.45723,1421,0.092464
1.45725,1421.01,0.012401
1.45725,1421.01,1.2945e-06
1.45727,1421.08,0.0662636
1.45727,1421.08,8.63e-07
1.4573,1421.21,0.132527
1.45748,1421.29,0.0770534
1.4575,1421.3,0.012401
1.4575,1421.3,1.2945e-06
1.45752,1421.36,0.0662636
1.45752,1421.36,8.63e-07
1.45755,1421.5,0.132527
1.45755,1421.5,8.63e-07
1.45759,1421.63,0.132527
1.45773,1421.69,0.0616428
1.45775,1421.7,0.012401
1.45775,1421.7,1.2945e-06
1.45777,1421.77,0.0662636
1.45777,1421.77,8.63e-07
1.4578,1421.9,0.132527
1.45798,1421.98,0.0770534
1.458,1421.99,0.012401
1.458,1421.99,1.2945e-06
1.45802,1422.06,0.0662636
1.45823,1422.15,0.092464
1.45825,1422.16,0.012401
1.45825,1422.16,1.2945e-06
1.45827,1422.23,0.0662636
1.45827,1422.23,8.63e-07
1.4583,1422.36,0.132527
1.45848,1422.44,0.0770534
1.4585,1422.45,0.012401
1.4585,1422.45,1.2945e-06
1.45852,1422.52,0.0662636
1.45873,1422.61,0.092464
1.45875,1422.62,0.012401
1.45875,1422.62,1.2945e-06
1.45877,1422.69,0.0662636
1.45877,1422.69,8.63e-07
1.4588,1422.82,0.132527
1.45898,1422.9,0.0770534
1.459,1422.91,0.012401
1.459,1422.91,1.2945e-06
1.45902,1422.98,0.0662636
1.45902,1422.98,8.63e-07
1.45905,1423.11,0.132527
1.45905,1423.11,8.63e-07
1.45909,1423.24,0.132527
1.45923,1423.3,0.0616428
1.45925,1423.32,0.012401
1.45925,1423.32,1.2945e-06
1.45927,1423.38,0.0662636
1.45927,1423.38,8.63e-07
1.4593,1423.51,0.132527
1.45948,1423.59,0.0770534
1.4595,1423.6,0.012401
1.4595,1423.6,1.2945e-06
1.45952,1423.67,0.0662636
1.45973,1423.76,0.092464
1.45975,1423.78,0.012401
1.45975,1423.78,1.2945e-06
1.45977,1423.84,0.0662636
1.45977,1423.84,8.63e-07
1.4598,1423.97,0.132527
1.45998,1424.05,0.0770534
1.46,1424.06,0.012401
1.46,1424.06,1.2945e-06
1.46002,1424.13,0.0662636
1.46023,1424.22,0.092464
1.46025,1424.23,0.012401
1.46025,1424.23,1.2945e-06
1.46027,1424.3,0.0662636
1.46027,1424.3,8.63e-07
1.4603,1424.43,0.132527
1.46048,1424.51,0.0770534
1.4605,1424.52,0.012401
1.4605,1424.52,1.2945e-06
1.46052,1424.59,0.0662636
1.46052,1424.59,8.63e-07
1.46055,1424.72,0.132527
1.46055,1424.72,8.63e-07
1.46059,1424.85,0.132527
1.46073,1424.92,0.0616428
1.46075,1424.93,0.012401
1.46075,1424.93,1.2945e-06
1.46077,1424.99,0.0662636
1.46077,1424.99,8.63e-07
1.4608,1425.13,0.132527
1.46098,1425.2,0.0770534
1.461,1425.22,0.012401
1.461,1425.22,1.2945e-06
1.46102,1425.28,0.0662636
1.46123,1425.38,0.092464
1.46125,1425.39,0.012401
1.46125,1425.39,1.2945e-06
1.46127,1425.45,0.0662636
1.46127,1425.45,8.63e-07
1.4613,1425.59,0.132527
1.46148,1425.66,0.0770534
1.4615,1425.68,0.012401
1.4615,1425.68,1.2945e-06
1.46152,1425.74,0.0662636
1.46173,1425.83,0.092464
1.46175,1425.85,0.012401
1.46175,1425.85,1.2945e-06
1.46177,1425.91,0.0662636
1.46177,1425.91,8.63e-07
1.4618,1426.05,0.132527
1.46198,1426.12,0.0770534
1.462,1426.14,0.012401
1.462,1426.14,1.2945e-06
1.46202,1426.2,0.0662636
1.46202,1426.2,8.63e-07
1.46205,1426.33,0.132527
1.46205,1426.33,8.63e-07
1.46209,1426.47,0.132527
1.46223,1426.53,0.0616428
1.46225,1426.54,0.012401
1.46225,1426.54,1.2945e-06
1.46227,1426.61,0.0662636
1.46227,1426.61,8.63e-07
1.4623,1426.74,0.132527
1.46248,1426.82,0.0770534
1.4625,1426.83,0.012401
1.4625,1426.83,1.2945e-06
1.46252,1426.9,0.0662636
1.46273,1426.99,0.092464
1.46275,1427,0.012401
1.46275,1427,1.2945e-06
1.46277,1427.07,0.0662636
1.46277,1427.07,8.63e-07
1.4628,1427.2,0.132527
1.46298,1427.28,0.0770534
1.463,1427.29,0.012401
1.463,1427.29,1.2945e-06
1.46302,1427.35,0.0662636
1.46323,1427.45,0.092464
1.46325,1427.46,0.012401
1.46325,1427.46,1.2945e-06
1.46327,1427.53,0.0662636
1.46327,1427.53,8.63e-07
1.4633,1427.66,0.132527
1.46348,1427.74,0.0770534
1.4635,1427.75,0.012401
1.4635,1427.75,1.2945e-06
1.46352,1427.81,0.0662636
1.46352,1427.81,8.63e-07
1.46355,1427.95,0.132527
1.46355,1427.95,8.63e-07
1.46359,1428.08,0.132527
1.46373,1428.14,0.0616428
1.46375,1428.15,0.012401
1.46375,1428.15,1.2945e-06
1.46377,1428.22,0.0662636
1.46377,1428.22,8.63e-07
1.4638,1428.35,0.132527
1.46398,1428.43,0.0770534
1.464,1428.44,0.012401
1.464,1428.44,1.2945e-06
1.46402,1428.51,0.0662636
1.46423,1428.6,0.092464
1.46425,1428.61,0.012401
1.46425,1428.61,1.2945e-06
1.46427,1428.68,0.0662636
1.46427,1428.68,8.63e-07
1.4643,1428.81,0.132527
1.46448,1428.89,0.0770534
1.4645,1428.9,0.012401
1.4645,1428.9,1.2945e-06
1.46452,1428.97,0.0662636
1.46473,1429.06,0.092464
1.46475,1429.07,0.012401
1.46475,1429.07,1.2945e-06
1.46477,1429.14,0.0662636
1.46477,1429.14,8.63e-07
1.4648,1429.27,0.132527
1.46498,1429.35,0.0770534
1.465,1429.36,0.012401
1.465,1429.36,1.2945e-06
1.46502,1429.43,0.0662636
1.46502,1429.43,8.63e-07
1.46505,1429.56,0.132527
1.46505,1429.56,8.63e-07
1.46509,1429.69,0.132527
1.46523,1429.75,0.0616428
1.46525,1429.77,0.012401
1.46525,1429.77,1.2945e-06
1.46527,1429.83,0.0662636
1.46527,1429.83,8.63e-07
1.4653,1429.96,0.132527
1.46548,1430.04,0.0770534
1.4655,1430.05,0.012401
1.4655,1430.05,1.2945e-06
1.46552,1430.12,0.0662636
1.46573,1430.21,0.092464
1.46575,1430.22,0.012401
1.46575,1430.22,1.2945e-06
1.46577,1430.29,0.0662636
1.46577,1430.29,8.63e-07
1.4658,1430.42,0.132527
1.46598,1430.5,0.0770534
1.466,1430.51,0.012401
1.466,1430.51,1.2945e-06
1.46602,1430.58,0.0662636
1.46623,1430.67,0.092464
1.46625,1430.68,0.012401
1.46625,1430.68,1.2945e-06
1.46627,1430.75,0.0662636
1.46627,1430.75,8.63e-07
1.4663,1430.88,0.132527
1.46648,1430.96,0.0770534
1.4665,1430.97,0.012401
1.4665,1430.97,1.2945e-06
1.46652,1431.04,0.0662636
1.46652,1431.04,8.63e-07
1.46655,1431.17,0.132527
1.46655,1431.17,8.63e-07
1.46659,1431.3,0.132527
1.46673,1431.37,0.0616428
1.46675,1431.38,0.012401
1.46675,1431.38,1.2945e-06
1.46677,1431.44,0.0662636
1.46677,1431.44,8.63e-07
1.4668,1431.58,0.132527
1.46698,1431.65,0.0770534
1.467,1431.67,0.012401
1.467,1431.67,1.2945e-06
1.46702,1431.73,0.0662636
1.46723,1431.82,0.092464
1.46725,1431.84,0.012401
1.46725,1431.84,1.2945e-06
1.46727,1431.9,0.0662636
1.46727,1431.9,8.63e-07
1.4673,1432.04,0.132527
1.46748,1432.11,0.0770534
1.4675,1432.13,0.012401
1.4675,1432.13,1.2945e-06
1.46752,1432.19,0.0662636
1.46773,1432.28,0.092464
1.46775,1432.3,0.012401
1.46775,1432.3,1.2945e-06
1.46777,1432.36,0.0662636
1.46777,1432.36,8.63e-07
1.4678,1432.5,0.132527
1.46798,1432.57,0.0770534
1.468,1432.58,0.012401
1.468,1432.58,1.2945e-06
1.46802,1432.65,0.0662636
1.46802,1432.65,8.63e-07
1.46805,1432.78,0.132527
1.46805,1432.78,8.63e-07
1.46809,1432.92,0.132527
1.46823,1432.98,0.0616428
1.46825,1432.99,0.012401
1.46825,1432.99,1.2945e-06
1.46827,1433.06,0.0662636
1.46827,1433.06,8.63e-07
1.4683,1433.19,0.132527
1.46848,1433.27,0.0770534
1.4685,1433.28,0.012401
1.4685,1433.28,1.2945e-06
1.46852,1433.34,0.0662636
1.46873,1433.44,0.092464
1.46875,1433.45,0.012401
1.46875,1433.45,1.2945e-06
1.46877,1433.52,0.0662636
1.46877,1433.52,8.63e-07
1.4688,1433.65,0.132527
1.46898,1433.73,0.0770534
1.469,1433.74,0.012401
1.469,1433.74,1.2945e-06
1.46902,1433.8,0.0662636
1.46923,1433.9,0.092464
1.46925,1433.91,0.012401
1.46925,1433.91,1.2945e-06
1.46927,1433.98,0.0662636
1.46927,1433.98,8.63e-07
1.4693,1434.11,0.132527
1.46948,1434.18,0.0770534
1.4695,1434.2,0.012401
1.4695,1434.2,1.2945e-06
1.46952,1434.26,0.0662636
1.46952,1434.26,8.63e-07
1.46955,1434.4,0.132527
1.46955,1434.4,8.63e-07
1.46959,1434.53,0.132527
1.46973,1434.59,0.0616428
1.46975,1434.6,0.012401
1.46975,1434.6,1.2945e-06
1.46977,1434.67,0.0662636
1.46977,1434.67,8.63e-07
1.4698,1434.8,0.132527
1.46998,1434.88,0.0770534
1.47,1434.89,0.012401
1.47,1434.89,1.2945e-06
1.47002,1434.96,0.0662636
1.47023,1435.05,0.092464
1.47025,1435.06,0.012401
1.47025,1435.06,1.2945e-06
1.47027,1435.13,0.0662636
1.47027,1435.13,8.63e-07
1.4703,1435.26,0.132527
1.47048,1435.34,0.0770534
1.4705,1435.35,0.012401
1.4705,1435.35,1.2945e-06
1.47052,1435.42,0.0662636
1.47073,1435.51,0.092464
1.47075,1435.52,0.012401
1.47075,1435.52,1.2945e-06
1.47077,1435.59,0.0662636
1.47077,1435.59,8.63e-07
1.4708,1435.72,0.132527
1.47098,1435.8,0.0770534
1.471,1435.81,0.012401
1.471,1435.81,1.2945e-06
1.47102,1435.88,0.0662636
1.47102,1435.88,8.63e-07
1.47105,1436.01,0.132527
1.47105,1436.01,8.63e-07
1.47109,1436.14,0.132527
1.47123,1436.2,0.0616428
1.47125,1436.22,0.012401
1.47125,1436.22,1.2945e-06
1.47127,1436.28,0.0662636
1.47127,1436.28,8.63e-07
1.4713,1436.41,0.132527
1.47148,1436.49,0.0770534
1.4715,1436.5,0.012401
1.4715,1436.5,1.2945e-06
1.47152,1436.57,0.0662636
1.47173,1436.66,0.092464
1.47175,1436.67,0.012401
1.47175,1436.67,1.2945e-06
1.47177,1436.74,0.0662636
1.47177,1436.74,8.63e-07
1.4718,1436.87,0.132527
1.47198,1436.95,0.0770534
1.472,1436.96,0.012401
1.472,1436.96,1.2945e-06
1.47202,1437.03,0.0662636
1.47223,1437.12,0.092464
1.47225,1437.13,0.012401
1.47225,1437.13,1.2945e-06
1.47227,1437.2,0.0662636
1.47227,1437.2,8.63e-07
1.4723,1437.33,0.132527
1.47248,1437.41,0.0770534
1.4725,1437.42,0.012401
1.4725,1437.42,1.2945e-06
1.47252,1437.49,0.0662636
1.47252,1437.49,8.63e-07
1.47255,1437.62,0.132527
1.47255,1437.62,8.63e-07
1.47259,1437.75,0.132527
1.47273,1437.82,0.0616428
1.47275,1437.83,0.012401
1.47275,1437.83,1.2945e-06
1.47277,1437.89,0.0662636
1.47277,1437.89,8.63e-07
1.4728,1438.03,0.132527
1.47298,1438.1,0.0770534
1.473,1438.12,0.012401
1.473,1438.12,1.2945e-06
1.47302,1438.18,0.0662636
1.47323,1438.27,0.092464
1.47325,1438.29,0.012401
1.47325,1438.29,1.2945e-06
1.47327,1438.35,0.0662636
1.47327,1438.35,8.63e-07
1.4733,1438.49,0.132527
1.47348,1438.56,0.0770534
1.4735,1438.58,0.012401
1.4735,1438.58,1.2945e-06
1.47352,1438.64,0.0662636
1.47352,1438.64,8.63e-07
1.47355,1438.77,0.132527
1.47355,1438.77,8.63e-07
1.47359,1438.91,0.132527
1.47373,1438.97,0.0616428
1.47375,1438.98,0.012401
1.47375,1438.98,1.2945e-06
1.47377,1439.05,0.0662636
1.47377,1439.05,8.63e-07
1.4738,1439.18,0.132527
1.47398,1439.26,0.0770534
1.474,1439.27,0.012401
1.474,1439.27,1.2945e-06
1.47402,1439.33,0.0662636
1.47402,1439.33,8.63e-07
1.47405,1439.47,0.132527
1.47405,1439.47,8.63e-07
1.47409,1439.6,0.132527
1.47423,1439.66,0.0616428
1.47425,1439.67,0.012401
1.47425,1439.67,1.2945e-06
1.47427,1439.74,0.0662636
1.47427,1439.74,8.63e-07
1.4743,1439.87,0.132527
1.47448,1439.95,0.0770534
1.4745,1439.96,0.012401
1.4745,1439.96,1.2945e-06
1.47452,1440.03,0.0662636
1.47473,1440.12,0.092464
1.47475,1440.13,0.012401
1.47475,1440.13,1.2945e-06
1.47477,1440.2,0.0662636
1.47477,1440.2,8.63e-07
1.4748,1440.33,0.132527
1.47498,1440.41,0.0770534
1.475,1440.42,0.012401
1.475,1440.42,1.2945e-06
1.47502,1440.49,0.0662636
1.47502,1440.49,8.63e-07
1.47505,1440.62,0.132527
1.47505,1440.62,8.63e-07
1.47509,1440.75,0.132527
1.47523,1440.81,0.0616428
1.47525,1440.83,0.012401
1.47525,1440.83,1.2945e-06
1.47527,1440.89,0.0662636
1.47527,1440.89,8.63e-07
1.4753,1441.03,0.132527
1.47548,1441.1,0.0770534
1.4755,1441.12,0.012401
1.4755,1441.12,1.2945e-06
1.47552,1441.18,0.0662636
1.47552,1441.18,8.63e-07
1.47555,1441.31,0.132527
1.47555,1441.31,8.63e-07
1.47559,1441.45,0.132527
1.47573,1441.51,0.0616428
1.47575,1441.52,0.012401
1.47575,1441.52,1.2945e-06
1.47577,1441.59,0.0662636
1.47577,1441.59,8.63e-07
1.4758,1441.72,0.132527
1.47598,1441.8,0.0770534
1.476,1441.81,0.012401
1.476,1441.81,1.2945e-06
1.47602,1441.88,0.0662636
1.47623,1441.97,0.092464
1.47625,1441.98,0.012401
1.47625,1441.98,1.2945e-06
1.47627,1442.05,0.0662636
1.47627,1442.05,8.63e-07
1.4763,1442.18,0.132527
1.47648,1442.26,0.0770534
1.4765,1442.27,0.012401
1.4765,1442.27,1.2945e-06
1.47652,1442.33,0.0662636
1.47652,1442.33,8.63e-07
1.47655,1442.47,0.132527
1.47655,1442.47,8.63e-07
1.47659,1442.6,0.132527
1.47673,1442.66,0.0616428
1.47675,1442.67,0.012401
1.47675,1442.67,1.2945e-06
1.47677,1442.74,0.0662636
1.47677,1442.74,8.63e-07
1.4768,1442.87,0.132527
1.47698,1442.95,0.0770534
1.477,1442.96,0.012401
1.477,1442.96,1.2945e-06
1.47702,1443.03,0.0662636
1.47702,1443.03,8.63e-07
1.47705,1443.16,0.132527
1.47705,1443.16,8.63e-07
1.47709,1443.29,0.132527
1.47723,1443.35,0.0616428
1.47725,1443.37,0.012401
1.47725,1443.37,1.2945e-06
1.47727,1443.43,0.0662636
1.47727,1443.43,8.63e-07
1.4773,1443.57,0.132527
1.47748,1443.64,0.0770534
1.4775,1443.66,0.012401
1.4775,1443.66,1.2945e-06
1.47752,1443.72,0.0662636
1.47773,1443.81,0.092464
1.47775,1443.83,0.012401
1.47775,1443.83,1.2945e-06
1.47777,1443.89,0.0662636
1.47777,1443.89,8.63e-07
1.4778,1444.03,0.132527
1.47798,1444.1,0.0770534
1.478,1444.11,0.012401
1.478,1444.11,1.2945e-06
1.47802,1444.18,0.0662636
1.47802,1444.18,8.63e-07
1.47805,1444.31,0.132527
1.47805,1444.31,8.63e-07
1.47809,1444.45,0.132527
1.47823,1444.51,0.0616428
1.47825,1444.52,0.012401
1.47825,1444.52,1.2945e-06
1.47827,1444.59,0.0662636
1.47827,1444.59,8.63e-07
1.4783,1444.72,0.132527
1.47848,1444.8,0.0770534
1.4785,1444.81,0.012401
1.4785,1444.81,1.2945e-06
1.47852,1444.87,0.0662636
1.47852,1444.87,8.63e-07
1.47855,1445.01,0.132527
1.47855,1445.01,8.63e-07
1.47859,1445.14,0.132527
1.47873,1445.2,0.0616428
1.47875,1445.21,0.012401
1.47875,1445.21,1.2945e-06
1.47877,1445.28,0.0662636
1.47877,1445.28,8.63e-07
1.4788,1445.41,0.132527
1.47898,1445.49,0.0770534
1.479,1445.5,0.012401
1.479,1445.5,1.2945e-06
1.47902,1445.57,0.0662636
1.47923,1445.66,0.092464
1.47925,1445.67,0.012401
1.47925,1445.67,1.2945e-06
1.47927,1445.74,0.0662636
1.47927,1445.74,8.63e-07
1.4793,1445.87,0.132527
1.47948,1445.95,0.0770534
1.4795,1445.96,0.012401
1.4795,1445.96,1.2945e-06
1.47952,1446.03,0.0662636
1.47952,1446.03,8.63e-07
1.47955,1446.16,0.132527
1.47955,1446.16,8.63e-07
1.47959,1446.29,0.132527
1.47973,1446.35,0.0616428
1.47975,1446.37,0.012401
1.47975,1446.37,1.2945e-06
1.47977,1446.43,0.0662636
1.47977,1446.43,8.63e-07
1.4798,1446.57,0.132527
1.47998,1446.64,0.0770534
1.48,1446.66,0.012401
1.48,1446.66,1.2945e-06
1.48002,1446.72,0.0662636
1.48002,1446.72,8.63e-07
1.48005,1446.85,0.132527
1.48005,1446.85,8.63e-07
1.48009,1446.99,0.132527
1.48023,1447.05,0.0616428
1.48025,1447.06,0.012401
1.48025,1447.06,1.2945e-06
1.48027,1447.13,0.0662636
1.48027,1447.13,8.63e-07
1.4803,1447.26,0.132527
1.48048,1447.34,0.0770534
1.4805,1447.35,0.012401
1.4805,1447.35,1.2945e-06
1.48052,1447.41,0.0662636
1.48073,1447.51,0.092464
1.48075,1447.52,0.012401
1.48075,1447.52,1.2945e-06
1.48077,1447.59,0.0662636
1.48077,1447.59,8.63e-07
1.4808,1447.72,0.132527
1.48098,1447.8,0.0770534
1.481,1447.81,0.012401
1.481,1447.81,1.2945e-06
1.48102,1447.87,0.0662636
1.48102,1447.87,8.63e-07
1.48105,1448.01,0.132527
1.48105,1448.01,8.63e-07
1.48109,1448.14,0.132527
1.48123,1448.2,0.0616428
1.48125,1448.21,0.012401
1.48125,1448.21,1.2945e-06
1.48127,1448.28,0.0662636
1.48127,1448.28,8.63e-07
1.4813,1448.41,0.132527
1.48148,1448.49,0.0770534
1.4815,1448.5,0.012401
1.4815,1448.5,1.2945e-06
1.48152,1448.57,0.0662636
1.48152,1448.57,8.63e-07
1.48155,1448.7,0.132527
1.48155,1448.7,8.63e-07
1.48159,1448.83,0.132527
1.48173,1448.89,0.0616428
1.48175,1448.91,0.012401
1.48175,1448.91,1.2945e-06
1.48177,1448.97,0.0662636
1.48177,1448.97,8.63e-07
1.4818,1449.11,0.132527
1.48198,1449.18,0.0770534
1.482,1449.2,0.012401
1.482,1449.2,1.2945e-06
1.48202,1449.26,0.0662636
1.48223,1449.35,0.092464
1.48225,1449.37,0.012401
1.48225,1449.37,1.2945e-06
1.48227,1449.43,0.0662636
1.48227,1449.43,8.63e-07
1.4823,1449.57,0.132527
1.48248,1449.64,0.0770534
1.4825,1449.65,0.012401
1.4825,1449.65,1.2945e-06
1.48252,1449.72,0.0662636
1.48252,1449.72,8.63e-07
1.48255,1449.85,0.132527
1.48255,1449.85,8.63e-07
1.48259,1449.99,0.132527
1.48273,1450.05,0.0616428
1.48275,1450.06,0.012401
1.48275,1450.06,1.2945e-06
1.48277,1450.13,0.0662636
1.48277,1450.13,8.63e-07
1.4828,1450.26,0.132527
1.48298,1450.34,0.0770534
1.483,1450.35,0.012401
1.483,1450.35,1.2945e-06
1.48302,1450.41,0.0662636
1.48302,1450.41,8.63e-07
1.48305,1450.55,0.132527
1.48305,1450.55,8.63e-07
1.48309,1450.68,0.132527
1.48323,1450.74,0.0616428
1.48325,1450.75,0.012401
1.48325,1450.75,1.2945e-06
1.48327,1450.82,0.0662636
1.48327,1450.82,8.63e-07
1.4833,1450.95,0.132527
1.48348,1451.03,0.0770534
1.4835,1451.04,0.012401
1.4835,1451.04,1.2945e-06
1.48352,1451.11,0.0662636
1.48373,1451.2,0.092464
1.48375,1451.21,0.012401
1.48375,1451.21,1.2945e-06
1.48377,1451.28,0.0662636
1.48377,1451.28,8.63e-07
1.4838,1451.41,0.132527
1.48398,1451.49,0.0770534
1.484,1451.5,0.012401
1.484,1451.5,1.2945e-06
1.48402,1451.57,0.0662636
1.48402,1451.57,8.63e-07
1.48405,1451.7,0.132527
1.48405,1451.7,8.63e-07
1.48409,1451.83,0.132527
1.48423,1451.89,0.0616428
1.48425,1451.91,0.012401
1.48425,1451.91,1.2945e-06
1.48427,1451.97,0.0662636
1.48427,1451.97,8.63e-07
1.4843,1452.11,0.132527
1.48448,1452.18,0.0770534
1.4845,1452.19,0.012401
1.4845,1452.19,1.2945e-06
1.48452,1452.26,0.0662636
1.48452,1452.26,8.63e-07
1.48455,1452.39,0.132527
1.48455,1452.39,8.63e-07
1.48459,1452.53,0.132527
1.48473,1452.59,0.0616428
1.48475,1452.6,0.012401
1.48475,1452.6,1.2945e-06
1.48477,1452.67,0.0662636
1.48477,1452.67,8.63e-07
1.4848,1452.8,0.132527
1.48498,1452.88,0.0770534
1.485,1452.89,0.012401
1.485,1452.89,1.2945e-06
1.48502,1452.95,0.0662636
1.48523,1453.05,0.092464
1.48525,1453.06,0.012401
1.48525,1453.06,1.2945e-06
1.48527,1453.13,0.0662636
1.48527,1453.13,8.63e-07
1.4853,1453.26,0.132527
1.48548,1453.34,0.0770534
1.4855,1453.35,0.012401
1.4855,1453.35,1.2945e-06
1.48552,1453.41,0.0662636
1.48552,1453.41,8.63e-07
1.48555,1453.55,0.132527
1.48555,1453.55,8.63e-07
1.48559,1453.68,0.132527
1.48573,1453.74,0.0616428
1.48575,1453.75,0.012401
1.48575,1453.75,1.2945e-06
1.48577,1453.82,0.0662636
1.48577,1453.82,8.63e-07
1.4858,1453.95,0.132527
1.48598,1454.03,0.0770534
1.486,1454.04,0.012401
1.486,1454.04,1.2945e-06
1.48602,1454.11,0.0662636
1.48602,1454.11,8.63e-07
1.48605,1454.24,0.132527
1.48605,1454.24,8.63e-07
1.48609,1454.37,0.132527
1.48623,1454.43,0.0616428
1.48625,1454.45,0.012401
1.48625,1454.45,1.2945e-06
1.48627,1454.51,0.0662636
1.48627,1454.51,8.63e-07
1.4863,1454.65,0.132527
1.48648,1454.72,0.0770534
1.4865,1454.74,0.012401
1.4865,1454.74,1.2945e-06
1.48652,1454.8,0.0662636
1.48673,1454.89,0.092464
1.48675,1454.91,0.012401
1.48675,1454.91,1.2945e-06
1.48677,1454.97,0.0662636
1.48677,1454.97,8.63e-07
1.4868,1455.11,0.132527
1.48698,1455.18,0.0770534
1.487,1455.19,0.012401
1.487,1455.19,1.2945e-06
1.48702,1455.26,0.0662636
1.48702,1455.26,8.63e-07
1.48705,1455.39,0.132527
1.48705,1455.39,8.63e-07
1.48709,1455.53,0.132527
1.48723,1455.59,0.0616428
1.48725,1455.6,0.012401
1.48725,1455.6,1.2945e-06
1.48727,1455.67,0.0662636
1.48727,1455.67,8.63e-07
1.4873,1455.8,0.132527
1.48748,1455.88,0.0770534
1.4875,1455.89,0.012401
1.4875,1455.89,1.2945e-06
1.48752,1455.95,0.0662636
1.48752,1455.95,8.63e-07
1.48755,1456.09,0.132527
1.48755,1456.09,8.63e-07
1.48759,1456.22,0.132527
1.48773,1456.28,0.0616428
1.48775,1456.29,0.012401
1.48775,1456.29,1.2945e-06
1.48777,1456.36,0.0662636
1.48777,1456.36,8.63e-07
1.4878,1456.49,0.132527
1.48798,1456.57,0.0770534
1.488,1456.58,0.012401
1.488,1456.58,1.2945e-06
1.48802,1456.65,0.0662636
1.48823,1456.74,0.092464
1.48825,1456.75,0.012401
1.48825,1456.75,1.2945e-06
1.48827,1456.82,0.0662636
1.48827,1456.82,8.63e-07
1.4883,1456.95,0.132527
1.48848,1457.03,0.0770534
1.4885,1457.04,0.012401
1.4885,1457.04,1.2945e-06
1.48852,1457.11,0.0662636
1.48852,1457.11,8.63e-07
1.48855,1457.24,0.132527
1.48855,1457.24,8.63e-07
1.48859,1457.37,0.132527
1.48873,1457.43,0.0616428
1.48875,1457.45,0.012401
1.48875,1457.45,1.2945e-06
1.48877,1457.51,0.0662636
1.48877,1457.51,8.63e-07
1.4888,1457.65,0.132527
1.48898,1457.72,0.0770534
1.489,1457.73,0.012401
1.489,1457.73,1.2945e-06
1.48902,1457.8,0.0662636
1.48902,1457.8,8.63e-07
1.48905,1457.93,0.132527
1.48905,1457.93,8.63e-07
1.48909,1458.07,0.132527
1.48923,1458.13,0.0616428
1.48925,1458.14,0.012401
1.48925,1458.14,1.2945e-06
1.48927,1458.21,0.0662636
1.48927,1458.21,8.63e-07
1.4893,1458.34,0.132527
1.48948,1458.42,0.0770534
1.4895,1458.43,0.012401
1.4895,1458.43,1.2945e-06
1.48952,1458.49,0.0662636
1.48973,1458.59,0.092464
1.48975,1458.6,0.012401
1.48975,1458.6,1.2945e-06
1.48977,1458.67,0.0662636
1.48977,1458.67,8.63e-07
1.4898,1458.8,0.132527
1.48998,1458.88,0.0770534
1.49,1458.89,0.012401
1.49,1458.89,1.2945e-06
1.49002,1458.95,0.0662636
1.49002,1458.95,8.63e-07
1.49005,1459.09,0.132527
1.49005,1459.09,8.63e-07
1.49009,1459.22,0.132527
1.49023,1459.28,0.0616428
1.49025,1459.29,0.012401
1.49025,1459.29,1.2945e-06
1.49027,1459.36,0.0662636
1.49027,1459.36,8.63e-07
1.4903,1459.49,0.132527
1.49048,1459.57,0.0770534
1.4905,1459.58,0.012401
1.4905,1459.58,1.2945e-06
1.49052,1459.65,0.0662636
1.49052,1459.65,8.63e-07
1.49055,1459.78,0.132527
1.49055,1459.78,8.63e-07
1.49059,1459.91,0.132527
1.49073,1459.97,0.0616428
1.49075,1459.99,0.012401
1.49075,1459.99,1.2945e-06
1.49077,1460.05,0.0662636
1.49077,1460.05,8.63e-07
1.4908,1460.19,0.132527
1.49098,1460.26,0.0770534
1.491,1460.27,0.012401
1.491,1460.27,1.2945e-06
1.49102,1460.34,0.0662636
1.49123,1460.43,0.092464
1.49125,1460.45,0.012401
1.49125,1460.45,1.2945e-06
1.49127,1460.51,0.0662636
1.49127,1460.51,8.63e-07
1.4913,1460.64,0.132527
1.49148,1460.72,0.0770534
1.4915,1460.73,0.012401
1.4915,1460.73,1.2945e-06
1.49152,1460.8,0.0662636
1.49152,1460.8,8.63e-07
1.49155,1460.93,0.132527
1.49155,1460.93,8.63e-07
1.49159,1461.07,0.132527
1.49173,1461.13,0.0616428
1.49175,1461.14,0.012401
1.49175,1461.14,1.2945e-06
1.49177,1461.21,0.0662636
1.49177,1461.21,8.63e-07
1.4918,1461.34,0.132527
1.49198,1461.42,0.0770534
1.492,1461.43,0.012401
1.492,1461.43,1.2945e-06
1.49202,1461.49,0.0662636
1.49202,1461.49,8.63e-07
1.49205,1461.63,0.132527
1.49205,1461.63,8.63e-07
1.49209,1461.76,0.132527
1.49223,1461.82,0.0616428
1.49225,1461.83,0.012401
1.49225,1461.83,1.2945e-06
1.49227,1461.9,0.0662636
1.49227,1461.9,8.63e-07
1.4923,1462.03,0.132527
1.49248,1462.11,0.0770534
1.4925,1462.12,0.012401
1.4925,1462.12,1.2945e-06
1.49252,1462.19,0.0662636
1.49273,1462.28,0.092464
1.49275,1462.29,0.012401
1.49275,1462.29,1.2945e-06
1.49277,1462.36,0.0662636
1.49277,1462.36,8.63e-07
1.4928,1462.49,0.132527
1.49298,1462.57,0.0770534
1.493,1462.58,0.012401
1.493,1462.58,1.2945e-06
1.49302,1462.65,0.0662636
1.49302,1462.65,8.63e-07
1.49305,1462.78,0.132527
1.49305,1462.78,8.63e-07
1.49309,1462.91,0.132527
1.49323,1462.97,0.0616428
1.49325,1462.99,0.012401
1.49325,1462.99,1.2945e-06
1.49327,1463.05,0.0662636
1.49327,1463.05,8.63e-07
1.4933,1463.19,0.132527
1.49348,1463.26,0.0770534
1.4935,1463.27,0.012401
1.4935,1463.27,1.2945e-06
1.49352,1463.34,0.0662636
1.49352,1463.34,8.63e-07
1.49355,1463.47,0.132527
1.49355,1463.47,8.63e-07
1.49359,1463.61,0.132527
1.49373,1463.67,0.0616428
1.49375,1463.68,0.012401
1.49375,1463.68,1.2945e-06
1.49377,1463.75,0.0662636
1.49377,1463.75,8.63e-07
1.4938,1463.88,0.132527
1.49398,1463.96,0.0770534
1.494,1463.97,0.012401
1.494,1463.97,1.2945e-06
1.49402,1464.03,0.0662636
1.49423,1464.13,0.092464
1.49425,1464.14,0.012401
1.49425,1464.14,1.2945e-06
1.49427,1464.21,0.0662636
1.49427,1464.21,8.63e-07
1.4943,1464.34,0.132527
1.49448,1464.42,0.0770534
1.4945,1464.43,0.012401
1.4945,1464.43,1.2945e-06
1.49452,1464.49,0.0662636
1.49452,1464.49,8.63e-07
1.49455,1464.63,0.132527
1.49455,1464.63,8.63e-07
1.49459,1464.76,0.132527
1.49473,1464.82,0.0616428
1.49475,1464.83,0.012401
1.49475,1464.83,1.2945e-06
1.49477,1464.9,0.0662636
1.49477,1464.9,8.63e-07
1.4948,1465.03,0.132527
1.49498,1465.11,0.0770534
1.495,1465.12,0.012401
1.495,1465.12,1.2945e-06
1.49502,1465.19,0.0662636
1.49523,1465.28,0.092464
1.49525,1465.29,0.012401
1.49525,1465.29,1.2945e-06
1.49527,1465.36,0.0662636
1.49527,1465.36,8.63e-07
1.4953,1465.49,0.132527
1.49548,1465.57,0.0770534
1.4955,1465.58,0.012401
1.4955,1465.58,1.2945e-06
1.49552,1465.65,0.0662636
1.49573,1465.74,0.092464
1.49575,1465.75,0.012401
1.49575,1465.75,1.2945e-06
1.49577,1465.82,0.0662636
1.49577,1465.82,8.63e-07
1.4958,1465.95,0.132527
1.49598,1466.03,0.0770534
1.496,1466.04,0.012401
1.496,1466.04,1.2945e-06
1.49602,1466.11,0.0662636
1.49602,1466.11,8.63e-07
1.49605,1466.24,0.132527
1.49605,1466.24,8.63e-07
1.49609,1466.37,0.132527
1.49623,1466.43,0.0616428
1.49625,1466.45,0.012401
1.49625,1466.45,1.2945e-06
1.49627,1466.51,0.0662636
1.49627,1466.51,8.63e-07
1.4963,1466.64,0.132527
1.49648,1466.72,0.0770534
1.4965,1466.73,0.012401
1.4965,1466.73,1.2945e-06
1.49652,1466.8,0.0662636
1.49673,1466.89,0.092464
1.49675,1466.9,0.012401
1.49675,1466.9,1.2945e-06
1.49677,1466.97,0.0662636
1.49677,1466.97,8.63e-07
1.4968,1467.1,0.132527
1.49698,1467.18,0.0770534
1.497,1467.19,0.012401
1.497,1467.19,1.2945e-06
1.49702,1467.26,0.0662636
1.49723,1467.35,0.092464
1.49725,1467.36,0.012401
1.49725,1467.36,1.2945e-06
1.49727,1467.43,0.0662636
1.49727,1467.43,8.63e-07
1.4973,1467.56,0.132527
1.49748,1467.64,0.0770534
1.4975,1467.65,0.012401
1.4975,1467.65,1.2945e-06
1.49752,1467.72,0.0662636
1.49752,1467.72,8.63e-07
1.49755,1467.85,0.132527
1.49755,1467.85,8.63e-07
1.49759,1467.98,0.132527
1.49773,1468.05,0.0616428
1.49775,1468.06,0.012401
1.49775,1468.06,1.2945e-06
1.49777,1468.12,0.0662636
1.49777,1468.12,8.63e-07
1.4978,1468.26,0.132527
1.49798,1468.33,0.0770534
1.498,1468.35,0.012401
1.498,1468.35,1.2945e-06
1.49802,1468.41,0.0662636
1.49823,1468.5,0.092464
1.49825,1468.52,0.012401
1.49825,1468.52,1.2945e-06
1.49827,1468.58,0.0662636
1.49827,1468.58,8.63e-07
1.4983,1468.72,0.132527
1.49848,1468.79,0.0770534
1.4985,1468.81,0.012401
1.4985,1468.81,1.2945e-06
1.49852,1468.87,0.0662636
1.49873,1468.96,0.092464
1.49875,1468.98,0.012401
1.49875,1468.98,1.2945e-06
1.49877,1469.04,0.0662636
1.49877,1469.04,8.63e-07
1.4988,1469.18,0.132527
1.49898,1469.25,0.0770534
1.499,1469.26,0.012401
1.499,1469.26,1.2945e-06
1.49902,1469.33,0.0662636
1.49923,1469.42,0.092464
1.49925,1469.44,0.012401
1.49925,1469.44,1.2945e-06
1.49927,1469.5,0.0662636
1.49927,1469.5,8.63e-07
1.4993,1469.63,0.132527
1.49948,1469.71,0.0770534
1.4995,1469.72,0.012401
1.4995,1469.72,1.2945e-06
1.49952,1469.79,0.0662636
1.49973,1469.88,0.092464
1.49975,1469.9,0.012401
1.49975,1469.9,1.2945e-06
1.49977,1469.96,0.0662636
1.49977,1469.96,8.63e-07
1.4998,1470.09,0.132527
1.49998,1470.17,0.0770534
1.5,1470.18,0.012401
1.5,1470.18,1.2945e-06
1.50002,1470.25,0.0662636
1.50023,1470.34,0.092464
1.50025,1470.35,0.012401
1.50025,1470.35,1.2945e-06
1.50027,1470.42,0.0662636
1.50027,1470.42,8.63e-07
1.5003,1470.55,0.132527
1.50048,1470.63,0.0770534
1.5005,1470.64,0.012401
1.5005,1470.64,1.2945e-06
1.50052,1470.71,0.0662636
1.50073,1470.8,0.092464
1.50075,1470.81,0.012401
1.50075,1470.81,1.2945e-06
1.50077,1470.88,0.0662636
1.50077,1470.88,8.63e-07
1.5008,1471.01,0.132527
1.50098,1471.09,0.0770534
1.501,1471.1,0.012401
1.501,1471.1,1.2945e-06
1.50102,1471.17,0.0662636
1.50123,1471.26,0.092464
1.50125,1471.27,0.012401
1.50125,1471.27,1.2945e-06
1.50127,1471.34,0.0662636
1.50127,1471.34,8.63e-07
1.5013,1471.47,0.132527
1.50148,1471.55,0.0770534
1.5015,1471.56,0.012401
1.5015,1471.56,1.2945e-06
1.50152,1471.63,0.0662636
1.50173,1471.72,0.092464
1.50175,1471.73,0.012401
1.50175,1471.73,1.2945e-06
1.50177,1471.8,0.0662636
1.50177,1471.8,8.63e-07
1.5018,1471.93,0.132527
1.50198,1472.01,0.0770534
1.502,1472.02,0.012401
1.502,1472.02,1.2945e-06
1.50202,1472.09,0.0662636
1.50223,1472.18,0.092464
1.50225,1472.19,0.012401
1.50225,1472.19,1.2945e-06
1.50227,1472.26,0.0662636
1.50227,1472.26,8.63e-07
1.5023,1472.39,0.132527
1.50248,1472.47,0.0770534
1.5025,1472.48,0.012401
1.5025,1472.48,1.2945e-06
1.50252,1472.55,0.0662636
1.50273,1472.64,0.092464
1.50275,1472.65,0.012401
1.50275,1472.65,1.2945e-06
1.50277,1472.72,0.0662636
1.50277,1472.72,8.63e-07
1.5028,1472.85,0.132527
1.50298,1472.93,0.0770534
1.503,1472.94,0.012401
1.503,1472.94,1.2945e-06
1.50302,1473.01,0.0662636
1.50302,1473.01,8.63e-07
1.50305,1473.14,0.132527
1.50305,1473.14,8.63e-07
1.50309,1473.27,0.132527
1.50323,1473.33,0.0616428
1.50325,1473.34,0.012401
1.50325,1473.34,1.2945e-06
1.50327,1473.41,0.0662636
1.50327,1473.41,8.63e-07
1.5033,1473.54,0.132527
1.50348,1473.62,0.0770534
1.5035,1473.63,0.012401
1.5035,1473.63,1.2945e-06
1.50352,1473.7,0.0662636
1.50352,1473.7,8.63e-07
1.50355,1473.83,0.132527
1.50355,1473.83,8.63e-07
1.50359,1473.96,0.132527
1.50373,1474.03,0.0616428
1.50375,1474.04,0.012401
1.50375,1474.04,1.2945e-06
1.50377,1474.1,0.0662636
1.50377,1474.1,8.63e-07
1.5038,1474.24,0.132527
1.50398,1474.31,0.0770534
1.504,1474.33,0.012401
1.504,1474.33,1.2945e-06
1.50402,1474.39,0.0662636
1.50423,1474.49,0.092464
1.50425,1474.5,0.012401
1.50425,1474.5,1.2945e-06
1.50427,1474.56,0.0662636
1.50427,1474.56,8.63e-07
1.5043,1474.7,0.132527
1.50448,1474.77,0.0770534
1.5045,1474.79,0.012401
1.5045,1474.79,1.2945e-06
1.50452,1474.85,0.0662636
1.50473,1474.94,0.092464
1.50475,1474.96,0.012401
1.50475,1474.96,1.2945e-06
1.50477,1475.02,0.0662636
1.50477,1475.02,8.63e-07
1.5048,1475.16,0.132527
1.50498,1475.23,0.0770534
1.505,1475.25,0.012401
1.505,1475.25,1.2945e-06
1.50502,1475.31,0.0662636
1.50502,1475.31,8.63e-07
1.50505,1475.44,0.132527
1.50505,1475.44,8.63e-07
1.50509,1475.58,0.132527
1.50523,1475.64,0.0616428
1.50525,1475.65,0.012401
1.50525,1475.65,1.2945e-06
1.50527,1475.72,0.0662636
1.50527,1475.72,8.63e-07
1.5053,1475.85,0.132527
1.50548,1475.93,0.0770534
1.5055,1475.94,0.012401
1.5055,1475.94,1.2945e-06
1.50552,1476.01,0.0662636
1.50573,1476.1,0.092464
1.50575,1476.11,0.012401
1.50575,1476.11,1.2945e-06
1.50577,1476.18,0.0662636
1.50577,1476.18,8.63e-07
1.5058,1476.31,0.132527
1.50598,1476.39,0.0770534
1.506,1476.4,0.012401
1.506,1476.4,1.2945e-06
1.50602,1476.46,0.0662636
1.50623,1476.56,0.092464
1.50625,1476.57,0.012401
1.50625,1476.57,1.2945e-06
1.50627,1476.64,0.0662636
1.50627,1476.64,8.63e-07
1.5063,1476.77,0.132527
1.50648,1476.85,0.0770534
1.5065,1476.86,0.012401
1.5065,1476.86,1.2945e-06
1.50652,1476.92,0.0662636
1.50652,1476.92,8.63e-07
1.50655,1477.06,0.132527
1.50655,1477.06,8.63e-07
1.50659,1477.19,0.132527
1.50673,1477.25,0.0616428
1.50675,1477.26,0.012401
1.50675,1477.26,1.2945e-06
1.50677,1477.33,0.0662636
1.50677,1477.33,8.63e-07
1.5068,1477.46,0.132527
1.50698,1477.54,0.0770534
1.507,1477.55,0.012401
1.507,1477.55,1.2945e-06
1.50702,1477.62,0.0662636
1.50723,1477.71,0.092464
1.50725,1477.72,0.012401
1.50725,1477.72,1.2945e-06
1.50727,1477.79,0.0662636
1.50727,1477.79,8.63e-07
1.5073,1477.92,0.132527
1.50748,1478,0.0770534
1.5075,1478.01,0.012401
1.5075,1478.01,1.2945e-06
1.50752,1478.08,0.0662636
1.50773,1478.17,0.092464
1.50775,1478.18,0.012401
1.50775,1478.18,1.2945e-06
1.50777,1478.25,0.0662636
1.50777,1478.25,8.63e-07
1.5078,1478.38,0.132527
1.50798,1478.46,0.0770534
1.508,1478.47,0.012401
1.508,1478.47,1.2945e-06
1.50802,1478.54,0.0662636
1.50802,1478.54,8.63e-07
1.50805,1478.67,0.132527
1.50805,1478.67,8.63e-07
1.50809,1478.8,0.132527
1.50823,1478.86,0.0616428
1.50825,1478.88,0.012401
1.50825,1478.88,1.2945e-06
1.50827,1478.94,0.0662636
1.50827,1478.94,8.63e-07
1.5083,1479.07,0.132527
1.50848,1479.15,0.0770534
1.5085,1479.16,0.012401
1.5085,1479.16,1.2945e-06
1.50852,1479.23,0.0662636
1.50852,1479.23,8.63e-07
1.50855,1479.36,0.132527
1.50855,1479.36,8.63e-07
1.50859,1479.5,0.132527
1.50873,1479.56,0.0616428
1.50875,1479.57,0.012401
1.50875,1479.57,1.2945e-06
1.50877,1479.64,0.0662636
1.50877,1479.64,8.63e-07
1.5088,1479.77,0.132527
1.50898,1479.85,0.0770534
1.509,1479.86,0.012401
1.509,1479.86,1.2945e-06
1.50902,1479.92,0.0662636
1.50902,1479.92,8.63e-07
1.50905,1480.06,0.132527
1.50905,1480.06,8.63e-07
1.50909,1480.19,0.132527
1.50923,1480.25,0.0616428
1.50925,1480.26,0.012401
1.50925,1480.26,1.2945e-06
1.50927,1480.33,0.0662636
1.50927,1480.33,8.63e-07
1.5093,1480.46,0.132527
1.50948,1480.54,0.0770534
1.5095,1480.55,0.012401
1.5095,1480.55,1.2945e-06
1.50952,1480.62,0.0662636
1.50973,1480.71,0.092464
1.50975,1480.72,0.012401
1.50975,1480.72,1.2945e-06
1.50977,1480.79,0.0662636
1.50977,1480.79,8.63e-07
1.5098,1480.92,0.132527
1.50998,1481,0.0770534
1.51,1481.01,0.012401
1.51,1481.01,1.2945e-06
1.51002,1481.08,0.0662636
1.51023,1481.17,0.092464
1.51025,1481.18,0.012401
1.51025,1481.18,1.2945e-06
1.51027,1481.25,0.0662636
1.51027,1481.25,8.63e-07
1.5103,1481.38,0.132527
1.51048,1481.46,0.0770534
1.5105,1481.47,0.012401
1.5105,1481.47,1.2945e-06
1.51052,1481.54,0.0662636
1.51052,1481.54,8.63e-07
1.51055,1481.67,0.132527
1.51055,1481.67,8.63e-07
1.51059,1481.8,0.132527
1.51073,1481.86,0.0616428
1.51075,1481.88,0.012401
1.51075,1481.88,1.2945e-06
1.51077,1481.94,0.0662636
1.51077,1481.94,8.63e-07
1.5108,1482.07,0.132527
1.51098,1482.15,0.0770534
1.511,1482.16,0.012401
1.511,1482.16,1.2945e-06
1.51102,1482.23,0.0662636
1.51123,1482.32,0.092464
1.51125,1482.33,0.012401
1.51125,1482.33,1.2945e-06
1.51127,1482.4,0.0662636
1.51127,1482.4,8.63e-07
1.5113,1482.53,0.132527
1.51148,1482.61,0.0770534
1.5115,1482.62,0.012401
1.5115,1482.62,1.2945e-06
1.51152,1482.69,0.0662636
1.51173,1482.78,0.092464
1.51175,1482.79,0.012401
1.51175,1482.79,1.2945e-06
1.51177,1482.86,0.0662636
1.51177,1482.86,8.63e-07
1.5118,1482.99,0.132527
1.51198,1483.07,0.0770534
1.512,1483.08,0.012401
1.512,1483.08,1.2945e-06
1.51202,1483.15,0.0662636
1.51202,1483.15,8.63e-07
1.51205,1483.28,0.132527
1.51205,1483.28,8.63e-07
1.51209,1483.41,0.132527
1.51223,1483.48,0.0616428
1.51225,1483.49,0.012401
1.51225,1483.49,1.2945e-06
1.51227,1483.55,0.0662636
1.51227,1483.55,8.63e-07
1.5123,1483.69,0.132527
1.51248,1483.76,0.0770534
1.5125,1483.78,0.012401
1.5125,1483.78,1.2945e-06
1.51252,1483.84,0.0662636
1.51273,1483.93,0.092464
1.51275,1483.95,0.012401
1.51275,1483.95,1.2945e-06
1.51277,1484.01,0.0662636
1.51277,1484.01,8.63e-07
1.5128,1484.15,0.132527
1.51298,1484.22,0.0770534
1.513,1484.24,0.012401
1.513,1484.24,1.2945e-06
1.51302,1484.3,0.0662636
1.51323,1484.39,0.092464
1.51325,1484.41,0.012401
1.51325,1484.41,1.2945e-06
1.51327,1484.47,0.0662636
1.51327,1484.47,8.63e-07
1.5133,1484.61,0.132527
1.51348,1484.68,0.0770534
1.5135,1484.69,0.012401
1.5135,1484.69,1.2945e-06
1.51352,1484.76,0.0662636
1.51352,1484.76,8.63e-07
1.51355,1484.89,0.132527
1.51355,1484.89,8.63e-07
1.51359,1485.03,0.132527
1.51373,1485.09,0.0616428
1.51375,1485.1,0.012401
1.51375,1485.1,1.2945e-06
1.51377,1485.17,0.0662636
1.51377,1485.17,8.63e-07
1.5138,1485.3,0.132527
1.51398,1485.38,0.0770534
1.514,1485.39,0.012401
1.514,1485.39,1.2945e-06
1.51402,1485.45,0.0662636
1.51423,1485.55,0.092464
1.51425,1485.56,0.012401
1.51425,1485.56,1.2945e-06
1.51427,1485.63,0.0662636
1.51427,1485.63,8.63e-07
1.5143,1485.76,0.132527
1.51448,1485.84,0.0770534
1.5145,1485.85,0.012401
1.5145,1485.85,1.2945e-06
1.51452,1485.91,0.0662636
1.51473,1486.01,0.092464
1.51475,1486.02,0.012401
1.51475,1486.02,1.2945e-06
1.51477,1486.09,0.0662636
1.51477,1486.09,8.63e-07
1.5148,1486.22,0.132527
1.51498,1486.29,0.0770534
1.515,1486.31,0.012401
1.515,1486.31,1.2945e-06
1.51502,1486.37,0.0662636
1.51502,1486.37,8.63e-07
1.51505,1486.51,0.132527
1.51505,1486.51,8.63e-07
1.51509,1486.64,0.132527
1.51523,1486.7,0.0616428
1.51525,1486.71,0.012401
1.51525,1486.71,1.2945e-06
1.51527,1486.78,0.0662636
1.51527,1486.78,8.63e-07
1.5153,1486.91,0.132527
1.51548,1486.99,0.0770534
1.5155,1487,0.012401
1.5155,1487,1.2945e-06
1.51552,1487.07,0.0662636
1.51552,1487.07,8.63e-07
1.51555,1487.2,0.132527
1.51555,1487.2,8.63e-07
1.51559,1487.33,0.132527
1.51573,1487.39,0.0616428
1.51575,1487.41,0.012401
1.51575,1487.41,1.2945e-06
1.51577,1487.47,0.0662636
1.51577,1487.47,8.63e-07
1.5158,1487.6,0.132527
1.51598,1487.68,0.0770534
1.516,1487.69,0.012401
1.516,1487.69,1.2945e-06
1.51602,1487.76,0.0662636
1.51623,1487.85,0.092464
1.51625,1487.87,0.012401
1.51625,1487.87,1.2945e-06
1.51627,1487.93,0.0662636
1.51627,1487.93,8.63e-07
1.5163,1488.06,0.132527
1.51648,1488.14,0.0770534
1.5165,1488.15,0.012401
1.5165,1488.15,1.2945e-06
1.51652,1488.22,0.0662636
1.51652,1488.22,8.63e-07
1.51655,1488.35,0.132527
1.51655,1488.35,8.63e-07
1.51659,1488.48,0.132527
1.51673,1488.55,0.0616428
1.51675,1488.56,0.012401
1.51675,1488.56,1.2945e-06
1.51677,1488.63,0.0662636
1.51677,1488.63,8.63e-07
1.5168,1488.76,0.132527
1.51698,1488.83,0.0770534
1.517,1488.85,0.012401
1.517,1488.85,1.2945e-06
1.51702,1488.91,0.0662636
1.51702,1488.91,8.63e-07
1.51705,1489.05,0.132527
1.51705,1489.05,8.63e-07
1.51709,1489.18,0.132527
1.51723,1489.24,0.0616428
1.51725,1489.25,0.012401
1.51725,1489.25,1.2945e-06
1.51727,1489.32,0.0662636
1.51727,1489.32,8.63e-07
1.5173,1489.45,0.132527
1.51748,1489.53,0.0770534
1.5175,1489.54,0.012401
1.5175,1489.54,1.2945e-06
1.51752,1489.61,0.0662636
1.51773,1489.7,0.092464
1.51775,1489.71,0.012401
1.51775,1489.71,1.2945e-06
1.51777,1489.78,0.0662636
1.51777,1489.78,8.63e-07
1.5178,1489.91,0.132527
1.51798,1489.99,0.0770534
1.518,1490,0.012401
1.518,1490,1.2945e-06
1.51802,1490.07,0.0662636
1.51802,1490.07,8.63e-07
1.51805,1490.2,0.132527
1.51805,1490.2,8.63e-07
1.51809,1490.33,0.132527
1.51823,1490.39,0.0616428
1.51825,1490.41,0.012401
1.51825,1490.41,1.2945e-06
1.51827,1490.47,0.0662636
1.51827,1490.47,8.63e-07
1.5183,1490.6,0.132527
1.51848,1490.68,0.0770534
1.5185,1490.69,0.012401
1.5185,1490.69,1.2945e-06
1.51852,1490.76,0.0662636
1.51852,1490.76,8.63e-07
1.51855,1490.89,0.132527
1.51855,1490.89,8.63e-07
1.51859,1491.03,0.132527
1.51873,1491.09,0.0616428
1.51875,1491.1,0.012401
1.51875,1491.1,1.2945e-06
1.51877,1491.17,0.0662636
1.51877,1491.17,8.63e-07
1.5188,1491.3,0.132527
1.51898,1491.38,0.0770534
1.519,1491.39,0.012401
1.519,1491.39,1.2945e-06
1.51902,1491.45,0.0662636
1.51923,1491.55,0.092464
1.51925,1491.56,0.012401
1.51925,1491.56,1.2945e-06
1.51927,1491.62,0.0662636
1.51927,1491.62,8.63e-07
1.5193,1491.76,0.132527
1.51948,1491.83,0.0770534
1.5195,1491.85,0.012401
1.5195,1491.85,1.2945e-06
1.51952,1491.91,0.0662636
1.51952,1491.91,8.63e-07
1.51955,1492.05,0.132527
1.51955,1492.05,8.63e-07
1.51959,1492.18,0.132527
1.51973,1492.24,0.0616428
1.51975,1492.25,0.012401
1.51975,1492.25,1.2945e-06
1.51977,1492.32,0.0662636
1.51977,1492.32,8.63e-07
1.5198,1492.45,0.132527
1.51998,1492.53,0.0770534
1.52,1492.54,0.012401
1.52,1492.54,1.2945e-06
1.52002,1492.61,0.0662636
1.52002,1492.61,8.63e-07
1.52005,1492.74,0.132527
1.52005,1492.74,8.63e-07
1.52009,1492.87,0.132527
1.52023,1492.93,0.0616428
1.52025,1492.95,0.012401
1.52025,1492.95,1.2945e-06
1.52027,1493.01,0.0662636
1.52027,1493.01,8.63e-07
1.5203,1493.14,0.132527
1.52048,1493.22,0.0770534
1.5205,1493.23,0.012401
1.5205,1493.23,1.2945e-06
1.52052,1493.3,0.0662636
1.52073,1493.39,0.092464
1.52075,1493.41,0.012401
1.52075,1493.41,1.2945e-06
1.52077,1493.47,0.0662636
1.52077,1493.47,8.63e-07
1.5208,1493.6,0.132527
1.52098,1493.68,0.0770534
1.521,1493.69,0.012401
1.521,1493.69,1.2945e-06
1.52102,1493.76,0.0662636
1.52102,1493.76,8.63e-07
1.52105,1493.89,0.132527
1.52105,1493.89,8.63e-07
1.52109,1494.02,0.132527
1.52123,1494.09,0.0616428
1.52125,1494.1,0.012401
1.52125,1494.1,1.2945e-06
1.52127,1494.17,0.0662636
1.52127,1494.17,8.63e-07
1.5213,1494.3,0.132527
1.52148,1494.37,0.0770534
1.5215,1494.39,0.012401
1.5215,1494.39,1.2945e-06
1.52152,1494.45,0.0662636
1.52152,1494.45,8.63e-07
1.52155,1494.59,0.132527
1.52155,1494.59,8.63e-07
1.52159,1494.72,0.132527
1.52173,1494.78,0.0616428
1.52175,1494.79,0.012401
1.52175,1494.79,1.2945e-06
1.52177,1494.86,0.0662636
1.52177,1494.86,8.63e-07
1.5218,1494.99,0.132527
1.52198,1495.07,0.0770534
1.522,1495.08,0.012401
1.522,1495.08,1.2945e-06
1.52202,1495.15,0.0662636
1.52223,1495.24,0.092464
1.52225,1495.25,0.012401
1.52225,1495.25,1.2945e-06
1.52227,1495.32,0.0662636
1.52227,1495.32,8.63e-07
1.5223,1495.45,0.132527
1.52248,1495.53,0.0770534
1.5225,1495.54,0.012401
1.5225,1495.54,1.2945e-06
1.52252,1495.61,0.0662636
1.52252,1495.61,8.63e-07
1.52255,1495.74,0.132527
1.52255,1495.74,8.63e-07
1.52259,1495.87,0.132527
1.52273,1495.93,0.0616428
1.52275,1495.95,0.012401
1.52275,1495.95,1.2945e-06
1.52277,1496.01,0.0662636
1.52277,1496.01,8.63e-07
1.5228,1496.14,0.132527
1.52298,1496.22,0.0770534
1.523,1496.23,0.012401
1.523,1496.23,1.2945e-06
1.52302,1496.3,0.0662636
1.52302,1496.3,8.63e-07
1.52305,1496.43,0.132527
1.52305,1496.43,8.63e-07
1.52309,1496.56,0.132527
1.52323,1496.63,0.0616428
1.52325,1496.64,0.012401
1.52325,1496.64,1.2945e-06
1.52327,1496.71,0.0662636
1.52327,1496.71,8.63e-07
1.5233,1496.84,0.132527
1.52348,1496.91,0.0770534
1.5235,1496.93,0.012401
1.5235,1496.93,1.2945e-06
1.52352,1496.99,0.0662636
1.52373,1497.09,0.092464
1.52375,1497.1,0.012401
1.52375,1497.1,1.2945e-06
1.52377,1497.16,0.0662636
1.52377,1497.16,8.63e-07
1.5238,1497.3,0.132527
1.52398,1497.37,0.0770534
1.524,1497.39,0.012401
1.524,1497.39,1.2945e-06
1.52402,1497.45,0.0662636
1.52402,1497.45,8.63e-07
1.52405,1497.59,0.132527
1.52405,1497.59,8.63e-07
1.52409,1497.72,0.132527
1.52423,1497.78,0.0616428
1.52425,1497.79,0.012401
1.52425,1497.79,1.2945e-06
1.52427,1497.86,0.0662636
1.52427,1497.86,8.63e-07
1.5243,1497.99,0.132527
1.52448,1498.07,0.0770534
1.5245,1498.08,0.012401
1.5245,1498.08,1.2945e-06
1.52452,1498.15,0.0662636
1.52452,1498.15,8.63e-07
1.52455,1498.28,0.132527
1.52455,1498.28,8.63e-07
1.52459,1498.41,0.132527
1.52473,1498.47,0.0616428
1.52475,1498.49,0.012401
1.52475,1498.49,1.2945e-06
1.52477,1498.55,0.0662636
1.52477,1498.55,8.63e-07
1.5248,1498.68,0.132527
1.52498,1498.76,0.0770534
1.525,1498.77,0.012401
1.525,1498.77,1.2945e-06
1.52502,1498.84,0.0662636
1.52523,1498.93,0.092464
1.52525,1498.94,0.012401
1.52525,1498.94,1.2945e-06
1.52527,1499.01,0.0662636
1.52527,1499.01,8.63e-07
1.5253,1499.14,0.132527
1.52548,1499.22,0.0770534
1.5255,1499.23,0.012401
1.5255,1499.23,1.2945e-06
1.52552,1499.3,0.0662636
1.52552,1499.3,8.63e-07
1.52555,1499.43,0.132527
1.52555,1499.43,8.63e-07
1.52559,1499.56,0.132527
1.52573,1499.63,0.0616428
1.52575,1499.64,0.012401
1.52575,1499.64,1.2945e-06
1.52577,1499.7,0.0662636
1.52577,1499.7,8.63e-07
1.5258,1499.84,0.132527
1.52598,1499.91,0.0770534
1.526,1499.93,0.012401
1.526,1499.93,1.2945e-06
1.52602,1499.99,0.0662636
1.52602,1499.99,8.63e-07
1.52605,1500.13,0.132527
1.52605,1500.13,8.63e-07
1.52609,1500.26,0.132527
1.52623,1500.32,0.0616428
1.52625,1500.33,0.012401
1.52625,1500.33,1.2945e-06
1.52627,1500.4,0.0662636
1.52627,1500.4,8.63e-07
1.5263,1500.53,0.132527
1.52648,1500.61,0.0770534
1.5265,1500.62,0.012401
1.5265,1500.62,1.2945e-06
1.52652,1500.69,0.0662636
1.52673,1500.78,0.092464
1.52675,1500.79,0.012401
1.52675,1500.79,1.2945e-06
1.52677,1500.86,0.0662636
1.52677,1500.86,8.63e-07
1.5268,1500.99,0.132527
1.52698,1501.07,0.0770534
1.527,1501.08,0.012401
1.527,1501.08,1.2945e-06
1.52702,1501.15,0.0662636
1.52702,1501.15,8.63e-07
1.52705,1501.28,0.132527
1.52705,1501.28,8.63e-07
1.52709,1501.41,0.132527
1.52723,1501.47,0.0616428
1.52725,1501.49,0.012401
1.52725,1501.49,1.2945e-06
1.52727,1501.55,0.0662636
1.52727,1501.55,8.63e-07
1.5273,1501.68,0.132527
1.52748,1501.76,0.0770534
1.5275,1501.77,0.012401
1.5275,1501.77,1.2945e-06
1.52752,1501.84,0.0662636
1.52752,1501.84,8.63e-07
1.52755,1501.97,0.132527
1.52755,1501.97,8.63e-07
1.52759,1502.1,0.132527
1.52773,1502.17,0.0616428
1.52775,1502.18,0.012401
1.52775,1502.18,1.2945e-06
1.52777,1502.25,0.0662636
1.52777,1502.25,8.63e-07
1.5278,1502.38,0.132527
1.52798,1502.45,0.0770534
1.528,1502.47,0.012401
1.528,1502.47,1.2945e-06
1.52802,1502.53,0.0662636
1.52823,1502.63,0.092464
1.52825,1502.64,0.012401
1.52825,1502.64,1.2945e-06
1.52827,1502.7,0.0662636
1.52827,1502.7,8.63e-07
1.5283,1502.84,0.132527
1.52848,1502.91,0.0770534
1.5285,1502.93,0.012401
1.5285,1502.93,1.2945e-06
1.52852,1502.99,0.0662636
1.52852,1502.99,8.63e-07
1.52855,1503.13,0.132527
1.52855,1503.13,8.63e-07
1.52859,1503.26,0.132527
1.52873,1503.32,0.0616428
1.52875,1503.33,0.012401
1.52875,1503.33,1.2945e-06
1.52877,1503.4,0.0662636
1.52877,1503.4,8.63e-07
1.5288,1503.53,0.132527
1.52898,1503.61,0.0770534
1.529,1503.62,0.012401
1.529,1503.62,1.2945e-06
1.52902,1503.69,0.0662636
1.52902,1503.69,8.63e-07
1.52905,1503.82,0.132527
1.52905,1503.82,8.63e-07
1.52909,1503.95,0.132527
1.52923,1504.01,0.0616428
1.52925,1504.03,0.012401
1.52925,1504.03,1.2945e-06
1.52927,1504.09,0.0662636
1.52927,1504.09,8.63e-07
1.5293,1504.22,0.132527
1.52948,1504.3,0.0770534
1.5295,1504.31,0.012401
1.5295,1504.31,1.2945e-06
1.52952,1504.38,0.0662636
1.52973,1504.47,0.092464
1.52975,1504.48,0.012401
1.52975,1504.48,1.2945e-06
1.52977,1504.55,0.0662636
1.52977,1504.55,8.63e-07
1.5298,1504.68,0.132527
1.52998,1504.76,0.0770534
1.53,1504.77,0.012401
1.53,1504.77,1.2945e-06
1.53002,1504.84,0.0662636
1.53002,1504.84,8.63e-07
1.53005,1504.97,0.132527
1.53005,1504.97,8.63e-07
1.53009,1505.1,0.132527
1.53023,1505.17,0.0616428
1.53025,1505.18,0.012401
1.53025,1505.18,1.2945e-06
1.53027,1505.24,0.0662636
1.53027,1505.24,8.63e-07
1.5303,1505.38,0.132527
1.53048,1505.45,0.0770534
1.5305,1505.47,0.012401
1.5305,1505.47,1.2945e-06
1.53052,1505.53,0.0662636
1.53052,1505.53,8.63e-07
1.53055,1505.67,0.132527
1.53055,1505.67,8.63e-07
1.53059,1505.8,0.132527
1.53073,1505.86,0.0616428
1.53075,1505.87,0.012401
1.53075,1505.87,1.2945e-06
1.53077,1505.94,0.0662636
1.53077,1505.94,8.63e-07
1.5308,1506.07,0.132527
1.53098,1506.15,0.0770534
1.531,1506.16,0.012401
1.531,1506.16,1.2945e-06
1.53102,1506.23,0.0662636
1.53123,1506.32,0.092464
1.53125,1506.33,0.012401
1.53125,1506.33,1.2945e-06
1.53127,1506.4,0.0662636
1.53127,1506.4,8.63e-07
1.5313,1506.53,0.132527
1.53148,1506.61,0.0770534
1.5315,1506.62,0.012401
1.5315,1506.62,1.2945e-06
1.53152,1506.69,0.0662636
1.53152,1506.69,8.63e-07
1.53155,1506.82,0.132527
1.53155,1506.82,8.63e-07
1.53159,1506.95,0.132527
1.53173,1507.01,0.0616428
1.53175,1507.02,0.012401
1.53175,1507.02,1.2945e-06
1.53177,1507.09,0.0662636
1.53177,1507.09,8.63e-07
1.5318,1507.22,0.132527
1.53198,1507.3,0.0770534
1.532,1507.31,0.012401
1.532,1507.31,1.2945e-06
1.53202,1507.38,0.0662636
1.53202,1507.38,8.63e-07
1.53205,1507.51,0.132527
1.53205,1507.51,8.63e-07
1.53209,1507.64,0.132527
1.53223,1507.71,0.0616428
1.53225,1507.72,0.012401
1.53225,1507.72,1.2945e-06
1.53227,1507.78,0.0662636
1.53227,1507.78,8.63e-07
1.5323,1507.92,0.132527
1.53248,1507.99,0.0770534
1.5325,1508.01,0.012401
1.5325,1508.01,1.2945e-06
1.53252,1508.07,0.0662636
1.53273,1508.17,0.092464
1.53275,1508.18,0.012401
1.53275,1508.18,1.2945e-06
1.53277,1508.24,0.0662636
1.53277,1508.24,8.63e-07
1.5328,1508.38,0.132527
1.53298,1508.45,0.0770534
1.533,1508.47,0.012401
1.533,1508.47,1.2945e-06
1.53302,1508.53,0.0662636
1.53302,1508.53,8.63e-07
1.53305,1508.67,0.132527
1.53305,1508.67,8.63e-07
1.53309,1508.8,0.132527
1.53323,1508.86,0.0616428
1.53325,1508.87,0.012401
1.53325,1508.87,1.2945e-06
1.53327,1508.94,0.0662636
1.53327,1508.94,8.63e-07
1.5333,1509.07,0.132527
1.53348,1509.15,0.0770534
1.5335,1509.16,0.012401
1.5335,1509.16,1.2945e-06
1.53352,1509.23,0.0662636
1.53352,1509.23,8.63e-07
1.53355,1509.36,0.132527
1.53355,1509.36,8.63e-07
1.53359,1509.49,0.132527
1.53373,1509.55,0.0616428
1.53375,1509.57,0.012401
1.53375,1509.57,1.2945e-06
1.53377,1509.63,0.0662636
1.53377,1509.63,8.63e-07
1.5338,1509.76,0.132527
1.53398,1509.84,0.0770534
1.534,1509.85,0.012401
1.534,1509.85,1.2945e-06
1.53402,1509.92,0.0662636
1.53423,1510.01,0.092464
1.53425,1510.02,0.012401
1.53425,1510.02,1.2945e-06
1.53427,1510.09,0.0662636
1.53427,1510.09,8.63e-07
1.5343,1510.22,0.132527
1.53448,1510.3,0.0770534
1.5345,1510.31,0.012401
1.5345,1510.31,1.2945e-06
1.53452,1510.38,0.0662636
1.53452,1510.38,8.63e-07
1.53455,1510.51,0.132527
1.53455,1510.51,8.63e-07
1.53459,1510.64,0.132527
1.53473,1510.71,0.0616428
1.53475,1510.72,0.012401
1.53475,1510.72,1.2945e-06
1.53477,1510.78,0.0662636
1.53477,1510.78,8.63e-07
1.5348,1510.92,0.132527
1.53498,1510.99,0.0770534
1.535,1511.01,0.012401
1.535,1511.01,1.2945e-06
1.53502,1511.07,0.0662636
1.53502,1511.07,8.63e-07
1.53505,1511.21,0.132527
1.53505,1511.21,8.63e-07
1.53509,1511.34,0.132527
1.53523,1511.4,0.0616428
1.53525,1511.41,0.012401
1.53525,1511.41,1.2945e-06
1.53527,1511.48,0.0662636
1.53527,1511.48,8.63e-07
1.5353,1511.61,0.132527
1.53548,1511.69,0.0770534
1.5355,1511.7,0.012401
1.5355,1511.7,1.2945e-06
1.53552,1511.77,0.0662636
1.53573,1511.86,0.092464
1.53575,1511.87,0.012401
1.53575,1511.87,1.2945e-06
1.53577,1511.94,0.0662636
1.53577,1511.94,8.63e-07
1.5358,1512.07,0.132527
1.53598,1512.15,0.0770534
1.536,1512.16,0.012401
1.536,1512.16,1.2945e-06
1.53602,1512.23,0.0662636
1.53602,1512.23,8.63e-07
1.53605,1512.36,0.132527
1.53605,1512.36,8.63e-07
1.53609,1512.49,0.132527
1.53623,1512.55,0.0616428
1.53625,1512.56,0.012401
1.53625,1512.56,1.2945e-06
1.53627,1512.63,0.0662636
1.53627,1512.63,8.63e-07
1.5363,1512.76,0.132527
1.53648,1512.84,0.0770534
1.5365,1512.85,0.012401
1.5365,1512.85,1.2945e-06
1.53652,1512.92,0.0662636
1.53652,1512.92,8.63e-07
1.53655,1513.05,0.132527
1.53655,1513.05,8.63e-07
1.53659,1513.18,0.132527
1.53673,1513.25,0.0616428
1.53675,1513.26,0.012401
1.53675,1513.26,1.2945e-06
1.53677,1513.32,0.0662636
1.53677,1513.32,8.63e-07
1.5368,1513.46,0.132527
1.53698,1513.53,0.0770534
1.537,1513.55,0.012401
1.537,1513.55,1.2945e-06
1.53702,1513.61,0.0662636
1.53723,1513.71,0.092464
1.53725,1513.72,0.012401
1.53725,1513.72,1.2945e-06
1.53727,1513.78,0.0662636
1.53727,1513.78,8.63e-07
1.5373,1513.92,0.132527
1.53748,1513.99,0.0770534
1.5375,1514.01,0.012401
1.5375,1514.01,1.2945e-06
1.53752,1514.07,0.0662636
1.53752,1514.07,8.63e-07
1.53755,1514.2,0.132527
1.53755,1514.2,8.63e-07
1.53759,1514.34,0.132527
1.53773,1514.4,0.0616428
1.53775,1514.41,0.012401
1.53775,1514.41,1.2945e-06
1.53777,1514.48,0.0662636
1.53777,1514.48,8.63e-07
1.5378,1514.61,0.132527
1.53798,1514.69,0.0770534
1.538,1514.7,0.012401
1.538,1514.7,1.2945e-06
1.53802,1514.77,0.0662636
1.53823,1514.86,0.092464
1.53825,1514.87,0.012401
1.53825,1514.87,1.2945e-06
1.53827,1514.94,0.0662636
1.53827,1514.94,8.63e-07
1.5383,1515.07,0.132527
1.53848,1515.15,0.0770534
1.5385,1515.16,0.012401
1.5385,1515.16,1.2945e-06
1.53852,1515.23,0.0662636
1.53873,1515.32,0.092464
1.53875,1515.33,0.012401
1.53875,1515.33,1.2945e-06
1.53877,1515.4,0.0662636
1.53877,1515.4,8.63e-07
1.5388,1515.53,0.132527
1.53898,1515.61,0.0770534
1.539,1515.62,0.012401
1.539,1515.62,1.2945e-06
1.53902,1515.68,0.0662636
1.53902,1515.68,8.63e-07
1.53905,1515.82,0.132527
1.53905,1515.82,8.63e-07
1.53909,1515.95,0.132527
1.53923,1516.01,0.0616428
1.53925,1516.02,0.012401
1.53925,1516.02,1.2945e-06
1.53927,1516.09,0.0662636
1.53927,1516.09,8.63e-07
1.5393,1516.22,0.132527
1.53948,1516.3,0.0770534
1.5395,1516.31,0.012401
1.5395,1516.31,1.2945e-06
1.53952,1516.38,0.0662636
1.53973,1516.47,0.092464
1.53975,1516.48,0.012401
1.53975,1516.48,1.2945e-06
1.53977,1516.55,0.0662636
1.53977,1516.55,8.63e-07
1.5398,1516.68,0.132527
1.53998,1516.76,0.0770534
1.54,1516.77,0.012401
1.54,1516.77,1.2945e-06
1.54002,1516.84,0.0662636
1.54023,1516.93,0.092464
1.54025,1516.94,0.012401
1.54025,1516.94,1.2945e-06
1.54027,1517.01,0.0662636
1.54027,1517.01,8.63e-07
1.5403,1517.14,0.132527
1.54048,1517.22,0.0770534
1.5405,1517.23,0.012401
1.5405,1517.23,1.2945e-06
1.54052,1517.3,0.0662636
1.54052,1517.3,8.63e-07
1.54055,1517.43,0.132527
1.54055,1517.43,8.63e-07
1.54059,1517.56,0.132527
1.54073,1517.62,0.0616428
1.54075,1517.64,0.012401
1.54075,1517.64,1.2945e-06
1.54077,1517.7,0.0662636
1.54077,1517.7,8.63e-07
1.5408,1517.83,0.132527
1.54098,1517.91,0.0770534
1.541,1517.92,0.012401
1.541,1517.92,1.2945e-06
1.54102,1517.99,0.0662636
1.54123,1518.08,0.092464
1.54125,1518.1,0.012401
1.54125,1518.1,1.2945e-06
1.54127,1518.16,0.0662636
1.54127,1518.16,8.63e-07
1.5413,1518.29,0.132527
1.54148,1518.37,0.0770534
1.5415,1518.38,0.012401
1.5415,1518.38,1.2945e-06
1.54152,1518.45,0.0662636
1.54173,1518.54,0.092464
1.54175,1518.55,0.012401
1.54175,1518.55,1.2945e-06
1.54177,1518.62,0.0662636
1.54177,1518.62,8.63e-07
1.5418,1518.75,0.132527
1.54198,1518.83,0.0770534
1.542,1518.84,0.012401
1.542,1518.84,1.2945e-06
1.54202,1518.91,0.0662636
1.54202,1518.91,8.63e-07
1.54205,1519.04,0.132527
1.54205,1519.04,8.63e-07
1.54209,1519.17,0.132527
1.54223,1519.24,0.0616428
1.54225,1519.25,0.012401
1.54225,1519.25,1.2945e-06
1.54227,1519.31,0.0662636
1.54227,1519.31,8.63e-07
1.5423,1519.45,0.132527
1.54248,1519.52,0.0770534
1.5425,1519.54,0.012401
1.5425,1519.54,1.2945e-06
1.54252,1519.6,0.0662636
1.54273,1519.7,0.092464
1.54275,1519.71,0.012401
1.54275,1519.71,1.2945e-06
1.54277,1519.77,0.0662636
1.54277,1519.77,8.63e-07
1.5428,1519.91,0.132527
1.54298,1519.98,0.0770534
1.543,1520,0.012401
1.543,1520,1.2945e-06
1.54302,1520.06,0.0662636
1.54323,1520.15,0.092464
1.54325,1520.17,0.012401
1.54325,1520.17,1.2945e-06
1.54327,1520.23,0.0662636
1.54327,1520.23,8.63e-07
1.5433,1520.37,0.132527
1.54348,1520.44,0.0770534
1.5435,1520.46,0.012401
1.5435,1520.46,1.2945e-06
1.54352,1520.52,0.0662636
1.54352,1520.52,8.63e-07
1.54355,1520.65,0.132527
1.54355,1520.65,8.63e-07
1.54359,1520.79,0.132527
1.54373,1520.85,0.0616428
1.54375,1520.86,0.012401
1.54375,1520.86,1.2945e-06
1.54377,1520.93,0.0662636
1.54377,1520.93,8.63e-07
1.5438,1521.06,0.132527
1.54398,1521.14,0.0770534
1.544,1521.15,0.012401
1.544,1521.15,1.2945e-06
1.54402,1521.22,0.0662636
1.54402,1521.22,8.63e-07
1.54405,1521.35,0.132527
1.54405,1521.35,8.63e-07
1.54409,1521.48,0.132527
1.54423,1521.54,0.0616428
1.54425,1521.55,0.012401
1.54425,1521.55,1.2945e-06
1.54427,1521.62,0.0662636
1.54427,1521.62,8.63e-07
1.5443,1521.75,0.132527
1.54448,1521.83,0.0770534
1.5445,1521.84,0.012401
1.5445,1521.84,1.2945e-06
1.54452,1521.91,0.0662636
1.54473,1522,0.092464
1.54475,1522.01,0.012401
1.54475,1522.01,1.2945e-06
1.54477,1522.08,0.0662636
1.54477,1522.08,8.63e-07
1.5448,1522.21,0.132527
1.54498,1522.29,0.0770534
1.545,1522.3,0.012401
1.545,1522.3,1.2945e-06
1.54502,1522.37,0.0662636
1.54523,1522.46,0.092464
1.54525,1522.47,0.012401
1.54525,1522.47,1.2945e-06
1.54527,1522.54,0.0662636
1.54527,1522.54,8.63e-07
1.5453,1522.67,0.132527
1.54548,1522.75,0.0770534
1.5455,1522.76,0.012401
1.5455,1522.76,1.2945e-06
1.54552,1522.83,0.0662636
1.54573,1522.92,0.092464
1.54575,1522.93,0.012401
1.54575,1522.93,1.2945e-06
1.54577,1523,0.0662636
1.54577,1523,8.63e-07
1.5458,1523.13,0.132527
1.54598,1523.21,0.0770534
1.546,1523.22,0.012401
1.546,1523.22,1.2945e-06
1.54602,1523.29,0.0662636
1.54623,1523.38,0.092464
1.54625,1523.39,0.012401
1.54625,1523.39,1.2945e-06
1.54627,1523.46,0.0662636
1.54627,1523.46,8.63e-07
1.5463,1523.59,0.132527
1.54648,1523.67,0.0770534
1.5465,1523.68,0.012401
1.5465,1523.68,1.2945e-06
1.54652,1523.75,0.0662636
1.54673,1523.84,0.092464
1.54675,1523.85,0.012401
1.54675,1523.85,1.2945e-06
1.54677,1523.92,0.0662636
1.54677,1523.92,8.63e-07
1.5468,1524.05,0.132527
1.54698,1524.13,0.0770534
1.547,1524.14,0.012401
1.547,1524.14,1.2945e-06
1.54702,1524.21,0.0662636
1.54723,1524.3,0.092464
1.54725,1524.31,0.012401
1.54725,1524.31,1.2945e-06
1.54727,1524.38,0.0662636
1.54727,1524.38,8.63e-07
1.5473,1524.51,0.132527
1.54748,1524.59,0.0770534
1.5475,1524.6,0.012401
1.5475,1524.6,1.2945e-06
1.54752,1524.67,0.0662636
1.54773,1524.76,0.092464
1.54775,1524.77,0.012401
1.54775,1524.77,1.2945e-06
1.54777,1524.84,0.0662636
1.54777,1524.84,8.63e-07
1.5478,1524.97,0.132527
1.54798,1525.05,0.0770534
1.548,1525.06,0.012401
1.548,1525.06,1.2945e-06
1.54802,1525.12,0.0662636
1.54823,1525.22,0.092464
1.54825,1525.23,0.012401
1.54825,1525.23,1.2945e-06
1.54827,1525.3,0.0662636
1.54827,1525.3,8.63e-07
1.5483,1525.43,0.132527
1.54848,1525.51,0.0770534
1.5485,1525.52,0.012401
1.5485,1525.52,1.2945e-06
1.54852,1525.58,0.0662636
1.54873,1525.68,0.092464
1.54875,1525.69,0.012401
1.54875,1525.69,1.2945e-06
1.54877,1525.76,0.0662636
1.54877,1525.76,8.63e-07
1.5488,1525.89,0.132527
1.54898,1525.96,0.0770534
1.549,1525.98,0.012401
1.549,1525.98,1.2945e-06
1.54902,1526.04,0.0662636
1.54923,1526.14,0.092464
1.54925,1526.15,0.012401
1.54925,1526.15,1.2945e-06
1.54927,1526.21,0.0662636
1.54927,1526.21,8.63e-07
1.5493,1526.35,0.132527
1.54948,1526.42,0.0770534
1.5495,1526.44,0.012401
1.5495,1526.44,1.2945e-06
1.54952,1526.5,0.0662636
1.54973,1526.6,0.092464
1.54975,1526.61,0.012401
1.54975,1526.61,1.2945e-06
1.54977,1526.67,0.0662636
1.54977,1526.67,8.63e-07
1.5498,1526.81,0.132527
1.54998,1526.88,0.0770534
1.55,1526.9,0.012401
1.55,1526.9,1.2945e-06
1.55002,1526.96,0.0662636
1.55023,1527.05,0.092464
1.55025,1527.07,0.012401
1.55025,1527.07,1.2945e-06
1.55027,1527.13,0.0662636
1.55027,1527.13,8.63e-07
1.5503,1527.27,0.132527
1.55048,1527.34,0.0770534
1.5505,1527.36,0.012401
1.5505,1527.36,1.2945e-06
1.55052,1527.42,0.0662636
1.55073,1527.51,0.092464
1.55075,1527.53,0.012401
1.55075,1527.53,1.2945e-06
1.55077,1527.59,0.0662636
1.55077,1527.59,8.63e-07
1.5508,1527.73,0.132527
1.55098,1527.8,0.0770534
1.551,1527.81,0.012401
1.551,1527.81,1.2945e-06
1.55102,1527.88,0.0662636
1.55123,1527.97,0.092464
1.55125,1527.99,0.012401
1.55125,1527.99,1.2945e-06
1.55127,1528.05,0.0662636
1.55127,1528.05,8.63e-07
1.5513,1528.18,0.132527
1.55148,1528.26,0.0770534
1.5515,1528.27,0.012401
1.5515,1528.27,1.2945e-06
1.55152,1528.34,0.0662636
1.55173,1528.43,0.092464
1.55175,1528.45,0.012401
1.55175,1528.45,1.2945e-06
1.55177,1528.51,0.0662636
1.55177,1528.51,8.63e-07
1.5518,1528.64,0.132527
1.55198,1528.72,0.0770534
1.552,1528.73,0.012401
1.552,1528.73,1.2945e-06
1.55202,1528.8,0.0662636
1.55223,1528.89,0.092464
1.55225,1528.9,0.012401
1.55225,1528.9,1.2945e-06
1.55227,1528.97,0.0662636
1.55227,1528.97,8.63e-07
1.5523,1529.1,0.132527
1.55248,1529.18,0.0770534
1.5525,1529.19,0.012401
1.5525,1529.19,1.2945e-06
1.55252,1529.26,0.0662636
1.55273,1529.35,0.092464
1.55275,1529.36,0.012401
1.55275,1529.36,1.2945e-06
1.55277,1529.43,0.0662636
1.55277,1529.43,8.63e-07
1.5528,1529.56,0.132527
1.55298,1529.64,0.0770534
1.553,1529.65,0.012401
1.553,1529.65,1.2945e-06
1.55302,1529.72,0.0662636
1.55323,1529.81,0.092464
1.55325,1529.82,0.012401
1.55325,1529.82,1.2945e-06
1.55327,1529.89,0.0662636
1.55327,1529.89,8.63e-07
1.5533,1530.02,0.132527
1.55348,1530.1,0.0770534
1.5535,1530.11,0.012401
1.5535,1530.11,1.2945e-06
1.55352,1530.18,0.0662636
1.55373,1530.27,0.092464
1.55375,1530.28,0.012401
1.55375,1530.28,1.2945e-06
1.55377,1530.35,0.0662636
1.55377,1530.35,8.63e-07
1.5538,1530.48,0.132527
1.55398,1530.56,0.0770534
1.554,1530.57,0.012401
1.554,1530.57,1.2945e-06
1.55402,1530.64,0.0662636
1.55423,1530.73,0.092464
1.55425,1530.74,0.012401
1.55425,1530.74,1.2945e-06
1.55427,1530.81,0.0662636
1.55427,1530.81,8.63e-07
1.5543,1530.94,0.132527
1.55448,1531.02,0.0770534
1.5545,1531.03,0.012401
1.5545,1531.03,1.2945e-06
1.55452,1531.1,0.0662636
1.55473,1531.19,0.092464
1.55475,1531.2,0.012401
1.55475,1531.2,1.2945e-06
1.55477,1531.27,0.0662636
1.55477,1531.27,8.63e-07
1.5548,1531.4,0.132527
1.55498,1531.48,0.0770534
1.555,1531.49,0.012401
1.555,1531.49,1.2945e-06
1.55502,1531.56,0.0662636
1.55523,1531.65,0.092464
1.55525,1531.66,0.012401
1.55525,1531.66,1.2945e-06
1.55527,1531.73,0.0662636
1.55527,1531.73,8.63e-07
1.5553,1531.86,0.132527
1.55548,1531.94,0.0770534
1.5555,1531.95,0.012401
1.5555,1531.95,1.2945e-06
1.55552,1532.02,0.0662636
1.55573,1532.11,0.092464
1.55575,1532.12,0.012401
1.55575,1532.12,1.2945e-06
1.55577,1532.19,0.0662636
1.55577,1532.19,8.63e-07
1.5558,1532.32,0.132527
1.55598,1532.4,0.0770534
1.556,1532.41,0.012401
1.556,1532.41,1.2945e-06
1.55602,1532.47,0.0662636
1.55623,1532.57,0.092464
1.55625,1532.58,0.012401
1.55625,1532.58,1.2945e-06
1.55627,1532.65,0.0662636
1.55627,1532.65,8.63e-07
1.5563,1532.78,0.132527
1.55648,1532.86,0.0770534
1.5565,1532.87,0.012401
1.5565,1532.87,1.2945e-06
1.55652,1532.93,0.0662636
1.55673,1533.03,0.092464
1.55675,1533.04,0.012401
1.55675,1533.04,1.2945e-06
1.55677,1533.11,0.0662636
1.55677,1533.11,8.63e-07
1.5568,1533.24,0.132527
1.55698,1533.31,0.0770534
1.557,1533.33,0.012401
1.557,1533.33,1.2945e-06
1.55702,1533.39,0.0662636
1.55723,1533.49,0.092464
1.55725,1533.5,0.012401
1.55725,1533.5,1.2945e-06
1.55727,1533.56,0.0662636
1.55727,1533.56,8.63e-07
1.5573,1533.7,0.132527
1.55748,1533.77,0.0770534
1.5575,1533.79,0.012401
1.5575,1533.79,1.2945e-06
1.55752,1533.85,0.0662636
1.55773,1533.95,0.092464
1.55775,1533.96,0.012401
1.55775,1533.96,1.2945e-06
1.55777,1534.02,0.0662636
1.55777,1534.02,8.63e-07
1.5578,1534.16,0.132527
1.55798,1534.23,0.0770534
1.558,1534.25,0.012401
1.558,1534.25,1.2945e-06
1.55802,1534.31,0.0662636
1.55823,1534.4,0.092464
1.55825,1534.42,0.012401
1.55825,1534.42,1.2945e-06
1.55827,1534.48,0.0662636
1.55827,1534.48,8.63e-07
1.5583,1534.62,0.132527
1.55848,1534.69,0.0770534
1.5585,1534.71,0.012401
1.5585,1534.71,1.2945e-06
1.55852,1534.77,0.0662636
1.55873,1534.86,0.092464
1.55875,1534.88,0.012401
1.55875,1534.88,1.2945e-06
1.55877,1534.94,0.0662636
1.55877,1534.94,8.63e-07
1.5588,1535.08,0.132527
1.55898,1535.15,0.0770534
1.559,1535.16,0.012401
1.559,1535.16,1.2945e-06
1.55902,1535.23,0.0662636
1.55923,1535.32,0.092464
1.55925,1535.34,0.012401
1.55925,1535.34,1.2945e-06
1.55927,1535.4,0.0662636
1.55927,1535.4,8.63e-07
1.5593,1535.53,0.132527
1.55948,1535.61,0.0770534
1.5595,1535.62,0.012401
1.5595,1535.62,1.2945e-06
1.55952,1535.69,0.0662636
1.55973,1535.78,0.092464
1.55975,1535.8,0.012401
1.55975,1535.8,1.2945e-06
1.55977,1535.86,0.0662636
1.55977,1535.86,8.63e-07
1.5598,1535.99,0.132527
1.55998,1536.07,0.0770534
1.56,1536.08,0.012401
1.56,1536.08,1.2945e-06
1.56002,1536.15,0.0662636
1.56023,1536.24,0.092464
1.56025,1536.25,0.012401
1.56025,1536.25,1.2945e-06
1.56027,1536.32,0.0662636
1.56027,1536.32,8.63e-07
1.5603,1536.45,0.132527
1.56048,1536.53,0.0770534
1.5605,1536.54,0.012401
1.5605,1536.54,1.2945e-06
1.56052,1536.61,0.0662636
1.56073,1536.7,0.092464
1.56075,1536.71,0.012401
1.56075,1536.71,1.2945e-06
1.56077,1536.78,0.0662636
1.56077,1536.78,8.63e-07
1.5608,1536.91,0.132527
1.56098,1536.99,0.0770534
1.561,1537,0.012401
1.561,1537,1.2945e-06
1.56102,1537.07,0.0662636
1.56123,1537.16,0.092464
1.56125,1537.17,0.012401
1.56125,1537.17,1.2945e-06
1.56127,1537.24,0.0662636
1.56127,1537.24,8.63e-07
1.5613,1537.37,0.132527
1.56148,1537.45,0.0770534
1.5615,1537.46,0.012401
1.5615,1537.46,1.2945e-06
1.56152,1537.53,0.0662636
1.56173,1537.62,0.092464
1.56175,1537.63,0.012401
1.56175,1537.63,1.2945e-06
1.56177,1537.7,0.0662636
1.56177,1537.7,8.63e-07
1.5618,1537.83,0.132527
1.56198,1537.91,0.0770534
1.562,1537.92,0.012401
1.562,1537.92,1.2945e-06
1.56202,1537.99,0.0662636
1.56223,1538.08,0.092464
1.56225,1538.09,0.012401
1.56225,1538.09,1.2945e-06
1.56227,1538.16,0.0662636
1.56227,1538.16,8.63e-07
1.5623,1538.29,0.132527
1.56248,1538.37,0.0770534
1.5625,1538.38,0.012401
1.5625,1538.38,1.2945e-06
1.56252,1538.45,0.0662636
1.56273,1538.54,0.092464
1.56275,1538.55,0.012401
1.56275,1538.55,1.2945e-06
1.56277,1538.62,0.0662636
1.56277,1538.62,8.63e-07
1.5628,1538.75,0.132527
1.56298,1538.83,0.0770534
1.563,1538.84,0.012401
1.563,1538.84,1.2945e-06
1.56302,1538.91,0.0662636
1.56323,1539,0.092464
1.56325,1539.01,0.012401
1.56325,1539.01,1.2945e-06
1.56327,1539.08,0.0662636
1.56327,1539.08,8.63e-07
1.5633,1539.21,0.132527
1.56348,1539.29,0.0770534
1.5635,1539.3,0.012401
1.5635,1539.3,1.2945e-06
1.56352,1539.37,0.0662636
1.56373,1539.46,0.092464
1.56375,1539.47,0.012401
1.56375,1539.47,1.2945e-06
1.56377,1539.54,0.0662636
1.56377,1539.54,8.63e-07
1.5638,1539.67,0.132527
1.56398,1539.75,0.0770534
1.564,1539.76,0.012401
1.564,1539.76,1.2945e-06
1.56402,1539.82,0.0662636
1.56423,1539.92,0.092464
1.56425,1539.93,0.012401
1.56425,1539.93,1.2945e-06
1.56427,1540,0.0662636
1.56427,1540,8.63e-07
1.5643,1540.13,0.132527
1.56448,1540.21,0.0770534
1.5645,1540.22,0.012401
1.5645,1540.22,1.2945e-06
1.56452,1540.28,0.0662636
1.56473,1540.38,0.092464
1.56475,1540.39,0.012401
1.56475,1540.39,1.2945e-06
1.56477,1540.46,0.0662636
1.56477,1540.46,8.63e-07
1.5648,1540.59,0.132527
1.56498,1540.66,0.0770534
1.565,1540.68,0.012401
1.565,1540.68,1.2945e-06
1.56502,1540.74,0.0662636
1.56523,1540.84,0.092464
1.56525,1540.85,0.012401
1.56525,1540.85,1.2945e-06
1.56527,1540.91,0.0662636
1.56527,1540.91,8.63e-07
1.5653,1541.05,0.132527
1.56548,1541.12,0.0770534
1.5655,1541.14,0.012401
1.5655,1541.14,1.2945e-06
1.56552,1541.2,0.0662636
1.56573,1541.3,0.092464
1.56575,1541.31,0.012401
1.56575,1541.31,1.2945e-06
1.56577,1541.37,0.0662636
1.56577,1541.37,8.63e-07
1.5658,1541.51,0.132527
1.56598,1541.58,0.0770534
1.566,1541.6,0.012401
1.566,1541.6,1.2945e-06
1.56602,1541.66,0.0662636
1.56623,1541.75,0.092464
1.56625,1541.77,0.012401
1.56625,1541.77,1.2945e-06
1.56627,1541.83,0.0662636
1.56627,1541.83,8.63e-07
1.5663,1541.97,0.132527
1.56648,1542.04,0.0770534
1.5665,1542.06,0.012401
1.5665,1542.06,1.2945e-06
1.56652,1542.12,0.0662636
1.56673,1542.21,0.092464
1.56675,1542.23,0.012401
1.56675,1542.23,1.2945e-06
1.56677,1542.29,0.0662636
1.56677,1542.29,8.63e-07
1.5668,1542.43,0.132527
1.56698,1542.5,0.0770534
1.567,1542.51,0.012401
1.567,1542.51,1.2945e-06
1.56702,1542.58,0.0662636
1.56723,1542.67,0.092464
1.56725,1542.69,0.012401
1.56725,1542.69,1.2945e-06
1.56727,1542.75,0.0662636
1.56727,1542.75,8.63e-07
1.5673,1542.88,0.132527
1.56748,1542.96,0.0770534
1.5675,1542.97,0.012401
1.5675,1542.97,1.2945e-06
1.56752,1543.04,0.0662636
1.56773,1543.13,0.092464
1.56775,1543.15,0.012401
1.56775,1543.15,1.2945e-06
1.56777,1543.21,0.0662636
1.56777,1543.21,8.63e-07
1.5678,1543.34,0.132527
1.56798,1543.42,0.0770534
1.568,1543.43,0.012401
1.568,1543.43,1.2945e-06
1.56802,1543.5,0.0662636
1.56823,1543.59,0.092464
1.56825,1543.6,0.012401
1.56825,1543.6,1.2945e-06
1.56827,1543.67,0.0662636
1.56827,1543.67,8.63e-07
1.5683,1543.8,0.132527
1.56848,1543.88,0.0770534
1.5685,1543.89,0.012401
1.5685,1543.89,1.2945e-06
1.56852,1543.96,0.0662636
1.56873,1544.05,0.092464
1.56875,1544.06,0.012401
1.56875,1544.06,1.2945e-06
1.56877,1544.13,0.0662636
1.56877,1544.13,8.63e-07
1.5688,1544.26,0.132527
1.56898,1544.34,0.0770534
1.569,1544.35,0.012401
1.569,1544.35,1.2945e-06
1.56902,1544.42,0.0662636
1.56923,1544.51,0.092464
1.56925,1544.52,0.012401
1.56925,1544.52,1.2945e-06
1.56927,1544.59,0.0662636
1.56927,1544.59,8.63e-07
1.5693,1544.72,0.132527
1.56948,1544.8,0.0770534
1.5695,1544.81,0.012401
1.5695,1544.81,1.2945e-06
1.56952,1544.88,0.0662636
1.56973,1544.97,0.092464
1.56975,1544.98,0.012401
1.56975,1544.98,1.2945e-06
1.56977,1545.05,0.0662636
1.56977,1545.05,8.63e-07
1.5698,1545.18,0.132527
1.56998,1545.26,0.0770534
1.57,1545.27,0.012401
1.57,1545.27,1.2945e-06
1.57002,1545.34,0.0662636
1.57023,1545.43,0.092464
1.57025,1545.44,0.012401
1.57025,1545.44,1.2945e-06
1.57027,1545.51,0.0662636
1.57027,1545.51,8.63e-07
1.5703,1545.64,0.132527
1.57048,1545.72,0.0770534
1.5705,1545.73,0.012401
1.5705,1545.73,1.2945e-06
1.57052,1545.8,0.0662636
1.57073,1545.89,0.092464
1.57075,1545.9,0.012401
1.57075,1545.9,1.2945e-06
1.57077,1545.97,0.0662636
1.57077,1545.97,8.63e-07
1.5708,1546.1,0.132527
1.57098,1546.18,0.0770534
1.571,1546.19,0.012401
1.571,1546.19,1.2945e-06
1.57102,1546.26,0.0662636
1.57123,1546.35,0.092464
1.57125,1546.36,0.012401
1.57125,1546.36,1.2945e-06
1.57127,1546.43,0.0662636
1.57127,1546.43,8.63e-07
1.5713,1546.56,0.132527
1.57148,1546.64,0.0770534
1.5715,1546.65,0.012401
1.5715,1546.65,1.2945e-06
1.57152,1546.72,0.0662636
1.57173,1546.81,0.092464
1.57175,1546.82,0.012401
1.57175,1546.82,1.2945e-06
1.57177,1546.89,0.0662636
1.57177,1546.89,8.63e-07
1.5718,1547.02,0.132527
1.57198,1547.1,0.0770534
1.572,1547.11,0.012401
1.572,1547.11,1.2945e-06
1.57202,1547.17,0.0662636
1.57223,1547.27,0.092464
1.57225,1547.28,0.012401
1.57225,1547.28,1.2945e-06
1.57227,1547.35,0.0662636
1.57227,1547.35,8.63e-07
1.5723,1547.48,0.132527
1.57248,1547.56,0.0770534
1.5725,1547.57,0.012401
1.5725,1547.57,1.2945e-06
1.57252,1547.63,0.0662636
1.57273,1547.73,0.092464
1.57275,1547.74,0.012401
1.57275,1547.74,1.2945e-06
1.57277,1547.81,0.0662636
1.57277,1547.81,8.63e-07
1.5728,1547.94,0.132527
1.57298,1548.01,0.0770534
1.573,1548.03,0.012401
1.573,1548.03,1.2945e-06
1.57302,1548.09,0.0662636
1.57323,1548.19,0.092464
1.57325,1548.2,0.012401
1.57325,1548.2,1.2945e-06
1.57327,1548.26,0.0662636
1.57327,1548.26,8.63e-07
1.5733,1548.4,0.132527
1.57348,1548.47,0.0770534
1.5735,1548.49,0.012401
1.5735,1548.49,1.2945e-06
1.57352,1548.55,0.0662636
1.57373,1548.65,0.092464
1.57375,1548.66,0.012401
1.57375,1548.66,1.2945e-06
1.57377,1548.72,0.0662636
1.57377,1548.72,8.63e-07
1.5738,1548.86,0.132527
1.57398,1548.93,0.0770534
1.574,1548.95,0.012401
1.574,1548.95,1.2945e-06
1.57402,1549.01,0.0662636
1.57423,1549.1,0.092464
1.57425,1549.12,0.012401
1.57425,1549.12,1.2945e-06
1.57427,1549.18,0.0662636
1.57427,1549.18,8.63e-07
1.5743,1549.32,0.132527
1.57448,1549.39,0.0770534
1.5745,1549.41,0.012401
1.5745,1549.41,1.2945e-06
1.57452,1549.47,0.0662636
1.57473,1549.56,0.092464
1.57475,1549.58,0.012401
1.57475,1549.58,1.2945e-06
1.57477,1549.64,0.0662636
1.57477,1549.64,8.63e-07
1.5748,1549.78,0.132527
1.57498,1549.85,0.0770534
1.575,1549.86,0.012401
1.575,1549.86,1.2945e-06
1.57502,1549.93,0.0662636
1.57523,1550.02,0.092464
1.57525,1550.04,0.012401
1.57525,1550.04,1.2945e-06
1.57527,1550.1,0.0662636
1.57527,1550.1,8.63e-07
1.5753,1550.23,0.132527
1.57548,1550.31,0.0770534
1.5755,1550.32,0.012401
1.5755,1550.32,1.2945e-06
1.57552,1550.39,0.0662636
1.57573,1550.48,0.092464
1.57575,1550.5,0.012401
1.57575,1550.5,1.2945e-06
1.57577,1550.56,0.0662636
1.57577,1550.56,8.63e-07
1.5758,1550.69,0.132527
1.57598,1550.77,0.0770534
1.576,1550.78,0.012401
1.576,1550.78,1.2945e-06
1.57602,1550.85,0.0662636
1.57623,1550.94,0.092464
1.57625,1550.95,0.012401
1.57625,1550.95,1.2945e-06
1.57627,1551.02,0.0662636
1.57627,1551.02,8.63e-07
1.5763,1551.15,0.132527
1.57648,1551.23,0.0770534
1.5765,1551.24,0.012401
1.5765,1551.24,1.2945e-06
1.57652,1551.31,0.0662636
1.57673,1551.4,0.092464
1.57675,1551.41,0.012401
1.57675,1551.41,1.2945e-06
1.57677,1551.48,0.0662636
1.57677,1551.48,8.63e-07
1.5768,1551.61,0.132527
1.57698,1551.69,0.0770534
1.577,1551.7,0.012401
1.577,1551.7,1.2945e-06
1.57702,1551.77,0.0662636
1.57723,1551.86,0.092464
1.57725,1551.87,0.012401
1.57725,1551.87,1.2945e-06
1.57727,1551.94,0.0662636
1.57727,1551.94,8.63e-07
1.5773,1552.07,0.132527
1.57748,1552.15,0.0770534
1.5775,1552.16,0.012401
1.5775,1552.16,1.2945e-06
1.57752,1552.23,0.0662636
1.57773,1552.32,0.092464
1.57775,1552.33,0.012401
1.57775,1552.33,1.2945e-06
1.57777,1552.4,0.0662636
1.57777,1552.4,8.63e-07
1.5778,1552.53,0.132527
1.57798,1552.61,0.0770534
1.578,1552.62,0.012401
1.578,1552.62,1.2945e-06
1.57802,1552.69,0.0662636
1.57823,1552.78,0.092464
1.57825,1552.79,0.012401
1.57825,1552.79,1.2945e-06
1.57827,1552.86,0.0662636
1.57827,1552.86,8.63e-07
1.5783,1552.99,0.132527
1.57848,1553.07,0.0770534
1.5785,1553.08,0.012401
1.5785,1553.08,1.2945e-06
1.57852,1553.15,0.0662636
1.57852,1553.15,8.63e-07
1.57855,1553.28,0.132527
1.57855,1553.28,8.63e-07
1.57859,1553.41,0.132527
1.57873,1553.47,0.0616428
1.57875,1553.49,0.012401
1.57875,1553.49,1.2945e-06
1.57877,1553.55,0.0662636
1.57877,1553.55,8.63e-07
1.5788,1553.68,0.132527
1.57898,1553.76,0.0770534
1.579,1553.77,0.012401
1.579,1553.77,1.2945e-06
1.57902,1553.84,0.0662636
1.57902,1553.84,8.63e-07
1.57905,1553.97,0.132527
1.57905,1553.97,8.63e-07
1.57909,1554.11,0.132527
1.57923,1554.17,0.0616428
1.57925,1554.18,0.012401
1.57925,1554.18,1.2945e-06
1.57927,1554.25,0.0662636
1.57927,1554.25,8.63e-07
1.5793,1554.38,0.132527
1.57948,1554.46,0.0770534
1.5795,1554.47,0.012401
1.5795,1554.47,1.2945e-06
1.57952,1554.53,0.0662636
1.57973,1554.63,0.092464
1.57975,1554.64,0.012401
1.57975,1554.64,1.2945e-06
1.57977,1554.71,0.0662636
1.57977,1554.71,8.63e-07
1.5798,1554.84,0.132527
1.57998,1554.91,0.0770534
1.58,1554.93,0.012401
1.58,1554.93,1.2945e-06
1.58002,1554.99,0.0662636
1.58023,1555.09,0.092464
1.58025,1555.1,0.012401
1.58025,1555.1,1.2945e-06
1.58027,1555.16,0.0662636
1.58027,1555.16,8.63e-07
1.5803,1555.3,0.132527
1.58048,1555.37,0.0770534
1.5805,1555.39,0.012401
1.5805,1555.39,1.2945e-06
1.58052,1555.45,0.0662636
1.58073,1555.55,0.092464
1.58075,1555.56,0.012401
1.58075,1555.56,1.2945e-06
1.58077,1555.62,0.0662636
1.58077,1555.62,8.63e-07
1.5808,1555.76,0.132527
1.58098,1555.83,0.0770534
1.581,1555.85,0.012401
1.581,1555.85,1.2945e-06
1.58102,1555.91,0.0662636
1.58123,1556,0.092464
1.58125,1556.02,0.012401
1.58125,1556.02,1.2945e-06
1.58127,1556.08,0.0662636
1.58127,1556.08,8.63e-07
1.5813,1556.22,0.132527
1.58148,1556.29,0.0770534
1.5815,1556.31,0.012401
1.5815,1556.31,1.2945e-06
1.58152,1556.37,0.0662636
1.58173,1556.46,0.092464
1.58175,1556.48,0.012401
1.58175,1556.48,1.2945e-06
1.58177,1556.54,0.0662636
1.58177,1556.54,8.63e-07
1.5818,1556.68,0.132527
1.58198,1556.75,0.0770534
1.582,1556.76,0.012401
1.582,1556.76,1.2945e-06
1.58202,1556.83,0.0662636
1.58223,1556.92,0.092464
1.58225,1556.94,0.012401
1.58225,1556.94,1.2945e-06
1.58227,1557,0.0662636
1.58227,1557,8.63e-07
1.5823,1557.13,0.132527
1.58248,1557.21,0.0770534
1.5825,1557.22,0.012401
1.5825,1557.22,1.2945e-06
1.58252,1557.29,0.0662636
1.58273,1557.38,0.092464
1.58275,1557.4,0.012401
1.58275,1557.4,1.2945e-06
1.58277,1557.46,0.0662636
1.58277,1557.46,8.63e-07
1.5828,1557.59,0.132527
1.58298,1557.67,0.0770534
1.583,1557.68,0.012401
1.583,1557.68,1.2945e-06
1.58302,1557.75,0.0662636
1.58302,1557.75,8.63e-07
1.58305,1557.88,0.132527
1.58305,1557.88,8.63e-07
1.58309,1558.01,0.132527
1.58323,1558.08,0.0616428
1.58325,1558.09,0.012401
1.58325,1558.09,1.2945e-06
1.58327,1558.15,0.0662636
1.58327,1558.15,8.63e-07
1.5833,1558.29,0.132527
1.58348,1558.36,0.0770534
1.5835,1558.38,0.012401
1.5835,1558.38,1.2945e-06
1.58352,1558.44,0.0662636
1.58352,1558.44,8.63e-07
1.58355,1558.58,0.132527
1.58355,1558.58,8.63e-07
1.58359,1558.71,0.132527
1.58373,1558.77,0.0616428
1.58375,1558.78,0.012401
1.58375,1558.78,1.2945e-06
1.58377,1558.85,0.0662636
1.58377,1558.85,8.63e-07
1.5838,1558.98,0.132527
1.58398,1559.06,0.0770534
1.584,1559.07,0.012401
1.584,1559.07,1.2945e-06
1.58402,1559.14,0.0662636
1.58423,1559.23,0.092464
1.58425,1559.24,0.012401
1.58425,1559.24,1.2945e-06
1.58427,1559.31,0.0662636
1.58427,1559.31,8.63e-07
1.5843,1559.44,0.132527
1.58448,1559.52,0.0770534
1.5845,1559.53,0.012401
1.5845,1559.53,1.2945e-06
1.58452,1559.6,0.0662636
1.58473,1559.69,0.092464
1.58475,1559.7,0.012401
1.58475,1559.7,1.2945e-06
1.58477,1559.77,0.0662636
1.58477,1559.77,8.63e-07
1.5848,1559.9,0.132527
1.58498,1559.98,0.0770534
1.585,1559.99,0.012401
1.585,1559.99,1.2945e-06
1.58502,1560.06,0.0662636
1.58523,1560.15,0.092464
1.58525,1560.16,0.012401
1.58525,1560.16,1.2945e-06
1.58527,1560.23,0.0662636
1.58527,1560.23,8.63e-07
1.5853,1560.36,0.132527
1.58548,1560.44,0.0770534
1.5855,1560.45,0.012401
1.5855,1560.45,1.2945e-06
1.58552,1560.51,0.0662636
1.58573,1560.61,0.092464
1.58575,1560.62,0.012401
1.58575,1560.62,1.2945e-06
1.58577,1560.69,0.0662636
1.58577,1560.69,8.63e-07
1.5858,1560.82,0.132527
1.58598,1560.9,0.0770534
1.586,1560.91,0.012401
1.586,1560.91,1.2945e-06
1.58602,1560.97,0.0662636
1.58623,1561.07,0.092464
1.58625,1561.08,0.012401
1.58625,1561.08,1.2945e-06
1.58627,1561.15,0.0662636
1.58627,1561.15,8.63e-07
1.5863,1561.28,0.132527
1.58648,1561.35,0.0770534
1.5865,1561.37,0.012401
1.5865,1561.37,1.2945e-06
1.58652,1561.43,0.0662636
1.58673,1561.53,0.092464
1.58675,1561.54,0.012401
1.58675,1561.54,1.2945e-06
1.58677,1561.6,0.0662636
1.58677,1561.6,8.63e-07
1.5868,1561.74,0.132527
1.58698,1561.81,0.0770534
1.587,1561.83,0.012401
1.587,1561.83,1.2945e-06
1.58702,1561.89,0.0662636
1.58723,1561.99,0.092464
1.58725,1562,0.012401
1.58725,1562,1.2945e-06
1.58727,1562.06,0.0662636
1.58727,1562.06,8.63e-07
1.5873,1562.2,0.132527
1.58748,1562.27,0.0770534
1.5875,1562.29,0.012401
1.5875,1562.29,1.2945e-06
1.58752,1562.35,0.0662636
1.58773,1562.44,0.092464
1.58775,1562.46,0.012401
1.58775,1562.46,1.2945e-06
1.58777,1562.52,0.0662636
1.58777,1562.52,8.63e-07
1.5878,1562.66,0.132527
1.58798,1562.73,0.0770534
1.588,1562.75,0.012401
1.588,1562.75,1.2945e-06
1.58802,1562.81,0.0662636
1.58823,1562.9,0.092464
1.58825,1562.92,0.012401
1.58825,1562.92,1.2945e-06
1.58827,1562.98,0.0662636
1.58827,1562.98,8.63e-07
1.5883,1563.12,0.132527
1.58848,1563.19,0.0770534
1.5885,1563.2,0.012401
1.5885,1563.2,1.2945e-06
1.58852,1563.27,0.0662636
1.58873,1563.36,0.092464
1.58875,1563.38,0.012401
1.58875,1563.38,1.2945e-06
1.58877,1563.44,0.0662636
1.58877,1563.44,8.63e-07
1.5888,1563.57,0.132527
1.58898,1563.65,0.0770534
1.589,1563.66,0.012401
1.589,1563.66,1.2945e-06
1.58902,1563.73,0.0662636
1.58923,1563.82,0.092464
1.58925,1563.84,0.012401
1.58925,1563.84,1.2945e-06
1.58927,1563.9,0.0662636
1.58927,1563.9,8.63e-07
1.5893,1564.03,0.132527
1.58948,1564.11,0.0770534
1.5895,1564.12,0.012401
1.5895,1564.12,1.2945e-06
1.58952,1564.19,0.0662636
1.58973,1564.28,0.092464
1.58975,1564.29,0.012401
1.58975,1564.29,1.2945e-06
1.58977,1564.36,0.0662636
1.58977,1564.36,8.63e-07
1.5898,1564.49,0.132527
1.58998,1564.57,0.0770534
1.59,1564.58,0.012401
1.59,1564.58,1.2945e-06
1.59002,1564.65,0.0662636
1.59023,1564.74,0.092464
1.59025,1564.75,0.012401
1.59025,1564.75,1.2945e-06
1.59027,1564.82,0.0662636
1.59027,1564.82,8.63e-07
1.5903,1564.95,0.132527
1.59048,1565.03,0.0770534
1.5905,1565.04,0.012401
1.5905,1565.04,1.2945e-06
1.59052,1565.11,0.0662636
1.59073,1565.2,0.092464
1.59075,1565.21,0.012401
1.59075,1565.21,1.2945e-06
1.59077,1565.28,0.0662636
1.59077,1565.28,8.63e-07
1.5908,1565.41,0.132527
1.59098,1565.49,0.0770534
1.591,1565.5,0.012401
1.591,1565.5,1.2945e-06
1.59102,1565.57,0.0662636
1.59123,1565.66,0.092464
1.59125,1565.67,0.012401
1.59125,1565.67,1.2945e-06
1.59127,1565.74,0.0662636
1.59127,1565.74,8.63e-07
1.5913,1565.87,0.132527
1.59148,1565.95,0.0770534
1.5915,1565.96,0.012401
1.5915,1565.96,1.2945e-06
1.59152,1566.03,0.0662636
1.59173,1566.12,0.092464
1.59175,1566.13,0.012401
1.59175,1566.13,1.2945e-06
1.59177,1566.2,0.0662636
1.59177,1566.2,8.63e-07
1.5918,1566.33,0.132527
1.59198,1566.41,0.0770534
1.592,1566.42,0.012401
1.592,1566.42,1.2945e-06
1.59202,1566.49,0.0662636
1.59223,1566.58,0.092464
1.59225,1566.59,0.012401
1.59225,1566.59,1.2945e-06
1.59227,1566.66,0.0662636
1.59227,1566.66,8.63e-07
1.5923,1566.79,0.132527
1.59248,1566.87,0.0770534
1.5925,1566.88,0.012401
1.5925,1566.88,1.2945e-06
1.59252,1566.95,0.0662636
1.59273,1567.04,0.092464
1.59275,1567.05,0.012401
1.59275,1567.05,1.2945e-06
1.59277,1567.12,0.0662636
1.59277,1567.12,8.63e-07
1.5928,1567.25,0.132527
1.59298,1567.33,0.0770534
1.593,1567.34,0.012401
1.593,1567.34,1.2945e-06
1.59302,1567.41,0.0662636
1.59323,1567.5,0.092464
1.59325,1567.51,0.012401
1.59325,1567.51,1.2945e-06
1.59327,1567.58,0.0662636
1.59327,1567.58,8.63e-07
1.5933,1567.71,0.132527
1.59348,1567.79,0.0770534
1.5935,1567.8,0.012401
1.5935,1567.8,1.2945e-06
1.59352,1567.86,0.0662636
1.59373,1567.96,0.092464
1.59375,1567.97,0.012401
1.59375,1567.97,1.2945e-06
1.59377,1568.04,0.0662636
1.59377,1568.04,8.63e-07
1.5938,1568.17,0.132527
1.59398,1568.25,0.0770534
1.594,1568.26,0.012401
1.594,1568.26,1.2945e-06
1.59402,1568.32,0.0662636
1.59423,1568.42,0.092464
1.59425,1568.43,0.012401
1.59425,1568.43,1.2945e-06
1.59427,1568.5,0.0662636
1.59427,1568.5,8.63e-07
1.5943,1568.63,0.132527
1.59448,1568.7,0.0770534
1.5945,1568.72,0.012401
1.5945,1568.72,1.2945e-06
1.59452,1568.78,0.0662636
1.59473,1568.88,0.092464
1.59475,1568.89,0.012401
1.59475,1568.89,1.2945e-06
1.59477,1568.95,0.0662636
1.59477,1568.95,8.63e-07
1.5948,1569.09,0.132527
1.59498,1569.16,0.0770534
1.595,1569.18,0.012401
1.595,1569.18,1.2945e-06
1.59502,1569.24,0.0662636
1.59523,1569.34,0.092464
1.59525,1569.35,0.012401
1.59525,1569.35,1.2945e-06
1.59527,1569.41,0.0662636
1.59527,1569.41,8.63e-07
1.5953,1569.55,0.132527
1.59548,1569.62,0.0770534
1.5955,1569.64,0.012401
1.5955,1569.64,1.2945e-06
1.59552,1569.7,0.0662636
1.59573,1569.79,0.092464
1.59575,1569.81,0.012401
1.59575,1569.81,1.2945e-06
1.59577,1569.87,0.0662636
1.59577,1569.87,8.63e-07
1.5958,1570.01,0.132527
1.59598,1570.08,0.0770534
1.596,1570.1,0.012401
1.596,1570.1,1.2945e-06
1.59602,1570.16,0.0662636
1.59623,1570.25,0.092464
1.59625,1570.27,0.012401
1.59625,1570.27,1.2945e-06
1.59627,1570.33,0.0662636
1.59627,1570.33,8.63e-07
1.5963,1570.47,0.132527
1.59648,1570.54,0.0770534
1.5965,1570.55,0.012401
1.5965,1570.55,1.2945e-06
1.59652,1570.62,0.0662636
1.59673,1570.71,0.092464
1.59675,1570.73,0.012401
1.59675,1570.73,1.2945e-06
1.59677,1570.79,0.0662636
1.59677,1570.79,8.63e-07
1.5968,1570.92,0.132527
1.59698,1571,0.0770534
1.597,1571.01,0.012401
1.597,1571.01,1.2945e-06
1.59702,1571.08,0.0662636
1.59723,1571.17,0.092464
1.59725,1571.19,0.012401
1.59725,1571.19,1.2945e-06
1.59727,1571.25,0.0662636
1.59727,1571.25,8.63e-07
1.5973,1571.38,0.132527
1.59748,1571.46,0.0770534
1.5975,1571.47,0.012401
1.5975,1571.47,1.2945e-06
1.59752,1571.54,0.0662636
1.59773,1571.63,0.092464
1.59775,1571.64,0.012401
1.59775,1571.64,1.2945e-06
1.59777,1571.71,0.0662636
1.59777,1571.71,8.63e-07
1.5978,1571.84,0.132527
1.59798,1571.92,0.0770534
1.598,1571.93,0.012401
1.598,1571.93,1.2945e-06
1.59802,1572,0.0662636
1.59823,1572.09,0.092464
1.59825,1572.1,0.012401
1.59825,1572.1,1.2945e-06
1.59827,1572.17,0.0662636
1.59827,1572.17,8.63e-07
1.5983,1572.3,0.132527
1.59848,1572.38,0.0770534
1.5985,1572.39,0.012401
1.5985,1572.39,1.2945e-06
1.59852,1572.46,0.0662636
1.59852,1572.46,8.63e-07
1.59855,1572.59,0.132527
1.59855,1572.59,8.63e-07
1.59859,1572.72,0.132527
1.59873,1572.79,0.0616428
1.59875,1572.8,0.012401
1.59875,1572.8,1.2945e-06
1.59877,1572.86,0.0662636
1.59877,1572.86,8.63e-07
1.5988,1573,0.132527
1.59898,1573.07,0.0770534
1.599,1573.09,0.012401
1.599,1573.09,1.2945e-06
1.59902,1573.15,0.0662636
1.59902,1573.15,8.63e-07
1.59905,1573.28,0.132527
1.59905,1573.28,8.63e-07
1.59909,1573.42,0.132527
1.59923,1573.48,0.0616428
1.59925,1573.49,0.012401
1.59925,1573.49,1.2945e-06
1.59927,1573.56,0.0662636
1.59927,1573.56,8.63e-07
1.5993,1573.69,0.132527
1.59948,1573.77,0.0770534
1.5995,1573.78,0.012401
1.5995,1573.78,1.2945e-06
1.59952,1573.85,0.0662636
1.59973,1573.94,0.092464
1.59975,1573.95,0.012401
1.59975,1573.95,1.2945e-06
1.59977,1574.02,0.0662636
1.59977,1574.02,8.63e-07
1.5998,1574.15,0.132527
1.59998,1574.23,0.0770534
1.6,1574.24,0.012401
1.6,1574.24,1.2945e-06
1.60002,1574.31,0.0662636
1.60023,1574.4,0.092464
1.60025,1574.41,0.012401
1.60025,1574.41,1.2945e-06
1.60027,1574.48,0.0662636
1.60027,1574.48,8.63e-07
1.6003,1574.61,0.132527
1.60048,1574.69,0.0770534
1.6005,1574.7,0.012401
1.6005,1574.7,1.2945e-06
1.60052,1574.76,0.0662636
1.60073,1574.86,0.092464
1.60075,1574.87,0.012401
1.60075,1574.87,1.2945e-06
1.60077,1574.94,0.0662636
1.60077,1574.94,8.63e-07
1.6008,1575.07,0.132527
1.60098,1575.15,0.0770534
1.601,1575.16,0.012401
1.601,1575.16,1.2945e-06
1.60102,1575.22,0.0662636
1.60123,1575.32,0.092464
1.60125,1575.33,0.012401
1.60125,1575.33,1.2945e-06
1.60127,1575.4,0.0662636
1.60127,1575.4,8.63e-07
1.6013,1575.53,0.132527
1.60148,1575.6,0.0770534
1.6015,1575.62,0.012401
1.6015,1575.62,1.2945e-06
1.60152,1575.68,0.0662636
1.60173,1575.78,0.092464
1.60175,1575.79,0.012401
1.60175,1575.79,1.2945e-06
1.60177,1575.85,0.0662636
1.60177,1575.85,8.63e-07
1.6018,1575.99,0.132527
1.60198,1576.06,0.0770534
1.602,1576.08,0.012401
1.602,1576.08,1.2945e-06
1.60202,1576.14,0.0662636
1.60223,1576.24,0.092464
1.60225,1576.25,0.012401
1.60225,1576.25,1.2945e-06
1.60227,1576.31,0.0662636
1.60227,1576.31,8.63e-07
1.6023,1576.45,0.132527
1.60248,1576.52,0.0770534
1.6025,1576.54,0.012401
1.6025,1576.54,1.2945e-06
1.60252,1576.6,0.0662636
1.60273,1576.69,0.092464
1.60275,1576.71,0.012401
1.60275,1576.71,1.2945e-06
1.60277,1576.77,0.0662636
1.60277,1576.77,8.63e-07
1.6028,1576.91,0.132527
1.60298,1576.98,0.0770534
1.603,1577,0.012401
1.603,1577,1.2945e-06
1.60302,1577.06,0.0662636
1.60323,1577.15,0.092464
1.60325,1577.17,0.012401
1.60325,1577.17,1.2945e-06
1.60327,1577.23,0.0662636
1.60327,1577.23,8.63e-07
1.6033,1577.37,0.132527
1.60348,1577.44,0.0770534
1.6035,1577.45,0.012401
1.6035,1577.45,1.2945e-06
1.60352,1577.52,0.0662636
1.60373,1577.61,0.092464
1.60375,1577.63,0.012401
1.60375,1577.63,1.2945e-06
1.60377,1577.69,0.0662636
1.60377,1577.69,8.63e-07
1.6038,1577.82,0.132527
1.60398,1577.9,0.0770534
1.604,1577.91,0.012401
1.604,1577.91,1.2945e-06
1.60402,1577.98,0.0662636
1.60423,1578.07,0.092464
1.60425,1578.09,0.012401
1.60425,1578.09,1.2945e-06
1.60427,1578.15,0.0662636
1.60427,1578.15,8.63e-07
1.6043,1578.28,0.132527
1.60448,1578.36,0.0770534
1.6045,1578.37,0.012401
1.6045,1578.37,1.2945e-06
1.60452,1578.44,0.0662636
1.60473,1578.53,0.092464
1.60475,1578.54,0.012401
1.60475,1578.54,1.2945e-06
1.60477,1578.61,0.0662636
1.60477,1578.61,8.63e-07
1.6048,1578.74,0.132527
1.60498,1578.82,0.0770534
1.605,1578.83,0.012401
1.605,1578.83,1.2945e-06
1.60502,1578.9,0.0662636
1.60523,1578.99,0.092464
1.60525,1579,0.012401
1.60525,1579,1.2945e-06
1.60527,1579.07,0.0662636
1.60527,1579.07,8.63e-07
1.6053,1579.2,0.132527
1.60548,1579.28,0.0770534
1.6055,1579.29,0.012401
1.6055,1579.29,1.2945e-06
1.60552,1579.36,0.0662636
1.60573,1579.45,0.092464
1.60575,1579.46,0.012401
1.60575,1579.46,1.2945e-06
1.60577,1579.53,0.0662636
1.60577,1579.53,8.63e-07
1.6058,1579.66,0.132527
1.60598,1579.74,0.0770534
1.606,1579.75,0.012401
1.606,1579.75,1.2945e-06
1.60602,1579.82,0.0662636
1.60623,1579.91,0.092464
1.60625,1579.92,0.012401
1.60625,1579.92,1.2945e-06
1.60627,1579.99,0.0662636
1.60627,1579.99,8.63e-07
1.6063,1580.12,0.132527
1.60648,1580.2,0.0770534
1.6065,1580.21,0.012401
1.6065,1580.21,1.2945e-06
1.60652,1580.28,0.0662636
1.60673,1580.37,0.092464
1.60675,1580.38,0.012401
1.60675,1580.38,1.2945e-06
1.60677,1580.45,0.0662636
1.60677,1580.45,8.63e-07
1.6068,1580.58,0.132527
1.60698,1580.66,0.0770534
1.607,1580.67,0.012401
1.607,1580.67,1.2945e-06
1.60702,1580.74,0.0662636
1.60723,1580.83,0.092464
1.60725,1580.84,0.012401
1.60725,1580.84,1.2945e-06
1.60727,1580.91,0.0662636
1.60727,1580.91,8.63e-07
1.6073,1581.04,0.132527
1.60748,1581.12,0.0770534
1.6075,1581.13,0.012401
1.6075,1581.13,1.2945e-06
1.60752,1581.2,0.0662636
1.60752,1581.2,8.63e-07
1.60755,1581.33,0.132527
1.60755,1581.33,8.63e-07
1.60759,1581.46,0.132527
1.60773,1581.52,0.0616428
1.60775,1581.54,0.012401
1.60775,1581.54,1.2945e-06
1.60777,1581.6,0.0662636
1.60777,1581.6,8.63e-07
1.6078,1581.73,0.132527
1.60798,1581.81,0.0770534
1.608,1581.82,0.012401
1.608,1581.82,1.2945e-06
1.60802,1581.89,0.0662636
1.60823,1581.98,0.092464
1.60825,1581.99,0.012401
1.60825,1581.99,1.2945e-06
1.60827,1582.06,0.0662636
1.60827,1582.06,8.63e-07
1.6083,1582.19,0.132527
1.60848,1582.27,0.0770534
1.6085,1582.28,0.012401
1.6085,1582.28,1.2945e-06
1.60852,1582.35,0.0662636
1.60873,1582.44,0.092464
1.60875,1582.45,0.012401
1.60875,1582.45,1.2945e-06
1.60877,1582.52,0.0662636
1.60877,1582.52,8.63e-07
1.6088,1582.65,0.132527
1.60898,1582.73,0.0770534
1.609,1582.74,0.012401
1.609,1582.74,1.2945e-06
1.60902,1582.81,0.0662636
1.60923,1582.9,0.092464
1.60925,1582.91,0.012401
1.60925,1582.91,1.2945e-06
1.60927,1582.98,0.0662636
1.60927,1582.98,8.63e-07
1.6093,1583.11,0.132527
1.60948,1583.19,0.0770534
1.6095,1583.2,0.012401
1.6095,1583.2,1.2945e-06
1.60952,1583.27,0.0662636
1.60952,1583.27,8.63e-07
1.60955,1583.4,0.132527
1.60955,1583.4,8.63e-07
1.60959,1583.53,0.132527
1.60973,1583.59,0.0616428
1.60975,1583.61,0.012401
1.60975,1583.61,1.2945e-06
1.60977,1583.67,0.0662636
1.60977,1583.67,8.63e-07
1.6098,1583.81,0.132527
1.60998,1583.88,0.0770534
1.61,1583.9,0.012401
1.61,1583.9,1.2945e-06
1.61002,1583.96,0.0662636
1.61023,1584.05,0.092464
1.61025,1584.07,0.012401
1.61025,1584.07,1.2945e-06
1.61027,1584.13,0.0662636
1.61027,1584.13,8.63e-07
1.6103,1584.26,0.132527
1.61048,1584.34,0.0770534
1.6105,1584.35,0.012401
1.6105,1584.35,1.2945e-06
1.61052,1584.42,0.0662636
1.61073,1584.51,0.092464
1.61075,1584.53,0.012401
1.61075,1584.53,1.2945e-06
1.61077,1584.59,0.0662636
1.61077,1584.59,8.63e-07
1.6108,1584.72,0.132527
1.61098,1584.8,0.0770534
1.611,1584.81,0.012401
1.611,1584.81,1.2945e-06
1.61102,1584.88,0.0662636
1.61123,1584.97,0.092464
1.61125,1584.98,0.012401
1.61125,1584.98,1.2945e-06
1.61127,1585.05,0.0662636
1.61127,1585.05,8.63e-07
1.6113,1585.18,0.132527
1.61148,1585.26,0.0770534
1.6115,1585.27,0.012401
1.6115,1585.27,1.2945e-06
1.61152,1585.34,0.0662636
1.61173,1585.43,0.092464
1.61175,1585.44,0.012401
1.61175,1585.44,1.2945e-06
1.61177,1585.51,0.0662636
1.61177,1585.51,8.63e-07
1.6118,1585.64,0.132527
1.61198,1585.72,0.0770534
1.612,1585.73,0.012401
1.612,1585.73,1.2945e-06
1.61202,1585.8,0.0662636
1.61223,1585.89,0.092464
1.61225,1585.9,0.012401
1.61225,1585.9,1.2945e-06
1.61227,1585.97,0.0662636
1.61227,1585.97,8.63e-07
1.6123,1586.1,0.132527
1.61248,1586.18,0.0770534
1.6125,1586.19,0.012401
1.6125,1586.19,1.2945e-06
1.61252,1586.26,0.0662636
1.61273,1586.35,0.092464
1.61275,1586.36,0.012401
1.61275,1586.36,1.2945e-06
1.61277,1586.43,0.0662636
1.61277,1586.43,8.63e-07
1.6128,1586.56,0.132527
1.61298,1586.64,0.0770534
1.613,1586.65,0.012401
1.613,1586.65,1.2945e-06
1.61302,1586.72,0.0662636
1.61323,1586.81,0.092464
1.61325,1586.82,0.012401
1.61325,1586.82,1.2945e-06
1.61327,1586.89,0.0662636
1.61327,1586.89,8.63e-07
1.6133,1587.02,0.132527
1.61348,1587.1,0.0770534
1.6135,1587.11,0.012401
1.6135,1587.11,1.2945e-06
1.61352,1587.18,0.0662636
1.61373,1587.27,0.092464
1.61375,1587.28,0.012401
1.61375,1587.28,1.2945e-06
1.61377,1587.35,0.0662636
1.61377,1587.35,8.63e-07
1.6138,1587.48,0.132527
1.61398,1587.56,0.0770534
1.614,1587.57,0.012401
1.614,1587.57,1.2945e-06
1.61402,1587.64,0.0662636
1.61423,1587.73,0.092464
1.61425,1587.74,0.012401
1.61425,1587.74,1.2945e-06
1.61427,1587.81,0.0662636
1.61427,1587.81,8.63e-07
1.6143,1587.94,0.132527
1.61448,1588.02,0.0770534
1.6145,1588.03,0.012401
1.6145,1588.03,1.2945e-06
1.61452,1588.1,0.0662636
1.61473,1588.19,0.092464
1.61475,1588.2,0.012401
1.61475,1588.2,1.2945e-06
1.61477,1588.27,0.0662636
1.61477,1588.27,8.63e-07
1.6148,1588.4,0.132527
1.61498,1588.48,0.0770534
1.615,1588.49,0.012401
1.615,1588.49,1.2945e-06
1.61502,1588.56,0.0662636
1.61523,1588.65,0.092464
1.61525,1588.66,0.012401
1.61525,1588.66,1.2945e-06
1.61527,1588.73,0.0662636
1.61527,1588.73,8.63e-07
1.6153,1588.86,0.132527
1.61548,1588.94,0.0770534
1.6155,1588.95,0.012401
1.6155,1588.95,1.2945e-06
1.61552,1589.01,0.0662636
1.61573,1589.11,0.092464
1.61575,1589.12,0.012401
1.61575,1589.12,1.2945e-06
1.61577,1589.19,0.0662636
1.61577,1589.19,8.63e-07
1.6158,1589.32,0.132527
1.61598,1589.4,0.0770534
1.616,1589.41,0.012401
1.616,1589.41,1.2945e-06
1.61602,1589.47,0.0662636
1.61623,1589.57,0.092464
1.61625,1589.58,0.012401
1.61625,1589.58,1.2945e-06
1.61627,1589.64,0.0662636
1.61627,1589.64,8.63e-07
1.6163,1589.78,0.132527
1.61648,1589.85,0.0770534
1.6165,1589.87,0.012401
1.6165,1589.87,1.2945e-06
1.61652,1589.93,0.0662636
1.61673,1590.03,0.092464
1.61675,1590.04,0.012401
1.61675,1590.04,1.2945e-06
1.61677,1590.1,0.0662636
1.61677,1590.1,8.63e-07
1.6168,1590.24,0.132527
1.61698,1590.31,0.0770534
1.617,1590.33,0.012401
1.617,1590.33,1.2945e-06
1.61702,1590.39,0.0662636
1.61723,1590.49,0.092464
1.61725,1590.5,0.012401
1.61725,1590.5,1.2945e-06
1.61727,1590.56,0.0662636
1.61727,1590.56,8.63e-07
1.6173,1590.7,0.132527
1.61748,1590.77,0.0770534
1.6175,1590.79,0.012401
1.6175,1590.79,1.2945e-06
1.61752,1590.85,0.0662636
1.61752,1590.85,8.63e-07
1.61755,1590.98,0.132527
1.61755,1590.98,8.63e-07
1.61759,1591.12,0.132527
1.61773,1591.18,0.0616428
1.61775,1591.19,0.012401
1.61775,1591.19,1.2945e-06
1.61777,1591.26,0.0662636
1.61777,1591.26,8.63e-07
1.6178,1591.39,0.132527
1.61798,1591.47,0.0770534
1.618,1591.48,0.012401
1.618,1591.48,1.2945e-06
1.61802,1591.55,0.0662636
1.61802,1591.55,8.63e-07
1.61805,1591.68,0.132527
1.61805,1591.68,8.63e-07
1.61809,1591.81,0.132527
1.61823,1591.87,0.0616428
1.61825,1591.88,0.012401
1.61825,1591.88,1.2945e-06
1.61827,1591.95,0.0662636
1.61827,1591.95,8.63e-07
1.6183,1592.08,0.132527
1.61848,1592.16,0.0770534
1.6185,1592.17,0.012401
1.6185,1592.17,1.2945e-06
1.61852,1592.24,0.0662636
1.61873,1592.33,0.092464
1.61875,1592.34,0.012401
1.61875,1592.34,1.2945e-06
1.61877,1592.41,0.0662636
1.61877,1592.41,8.63e-07
1.6188,1592.54,0.132527
1.61898,1592.62,0.0770534
1.619,1592.63,0.012401
1.619,1592.63,1.2945e-06
1.61902,1592.7,0.0662636
1.61902,1592.7,8.63e-07
1.61905,1592.83,0.132527
1.61905,1592.83,8.63e-07
1.61909,1592.96,0.132527
1.61923,1593.03,0.0616428
1.61925,1593.04,0.012401
1.61925,1593.04,1.2945e-06
1.61927,1593.1,0.0662636
1.61927,1593.1,8.63e-07
1.6193,1593.24,0.132527
1.61948,1593.31,0.0770534
1.6195,1593.33,0.012401
1.6195,1593.33,1.2945e-06
1.61952,1593.39,0.0662636
1.61973,1593.48,0.092464
1.61975,1593.5,0.012401
1.61975,1593.5,1.2945e-06
1.61977,1593.56,0.0662636
1.61977,1593.56,8.63e-07
1.6198,1593.7,0.132527
1.61998,1593.77,0.0770534
1.62,1593.79,0.012401
1.62,1593.79,1.2945e-06
1.62002,1593.85,0.0662636
1.62023,1593.94,0.092464
1.62025,1593.96,0.012401
1.62025,1593.96,1.2945e-06
1.62027,1594.02,0.0662636
1.62027,1594.02,8.63e-07
1.6203,1594.16,0.132527
1.62048,1594.23,0.0770534
1.6205,1594.24,0.012401
1.6205,1594.24,1.2945e-06
1.62052,1594.31,0.0662636
1.62052,1594.31,8.63e-07
1.62055,1594.44,0.132527
1.62055,1594.44,8.63e-07
1.62059,1594.58,0.132527
1.62073,1594.64,0.0616428
1.62075,1594.65,0.012401
1.62075,1594.65,1.2945e-06
1.62077,1594.72,0.0662636
1.62077,1594.72,8.63e-07
1.6208,1594.85,0.132527
1.62098,1594.93,0.0770534
1.621,1594.94,0.012401
1.621,1594.94,1.2945e-06
1.62102,1595,0.0662636
1.62123,1595.1,0.092464
1.62125,1595.11,0.012401
1.62125,1595.11,1.2945e-06
1.62127,1595.18,0.0662636
1.62127,1595.18,8.63e-07
1.6213,1595.31,0.132527
1.62148,1595.39,0.0770534
1.6215,1595.4,0.012401
1.6215,1595.4,1.2945e-06
1.62152,1595.46,0.0662636
1.62173,1595.56,0.092464
1.62175,1595.57,0.012401
1.62175,1595.57,1.2945e-06
1.62177,1595.64,0.0662636
1.62177,1595.64,8.63e-07
1.6218,1595.77,0.132527
1.62198,1595.84,0.0770534
1.622,1595.86,0.012401
1.622,1595.86,1.2945e-06
1.62202,1595.92,0.0662636
1.62202,1595.92,8.63e-07
1.62205,1596.06,0.132527
1.62205,1596.06,8.63e-07
1.62209,1596.19,0.132527
1.62223,1596.25,0.0616428
1.62225,1596.26,0.012401
1.62225,1596.26,1.2945e-06
1.62227,1596.33,0.0662636
1.62227,1596.33,8.63e-07
1.6223,1596.46,0.132527
1.62248,1596.54,0.0770534
1.6225,1596.55,0.012401
1.6225,1596.55,1.2945e-06
1.62252,1596.62,0.0662636
1.62273,1596.71,0.092464
1.62275,1596.72,0.012401
1.62275,1596.72,1.2945e-06
1.62277,1596.79,0.0662636
1.62277,1596.79,8.63e-07
1.6228,1596.92,0.132527
1.62298,1597,0.0770534
1.623,1597.01,0.012401
1.623,1597.01,1.2945e-06
1.62302,1597.08,0.0662636
1.62323,1597.17,0.092464
1.62325,1597.18,0.012401
1.62325,1597.18,1.2945e-06
1.62327,1597.25,0.0662636
1.62327,1597.25,8.63e-07
1.6233,1597.38,0.132527
1.62348,1597.46,0.0770534
1.6235,1597.47,0.012401
1.6235,1597.47,1.2945e-06
1.62352,1597.54,0.0662636
1.62373,1597.63,0.092464
1.62375,1597.64,0.012401
1.62375,1597.64,1.2945e-06
1.62377,1597.71,0.0662636
1.62377,1597.71,8.63e-07
1.6238,1597.84,0.132527
1.62398,1597.92,0.0770534
1.624,1597.93,0.012401
1.624,1597.93,1.2945e-06
1.62402,1598,0.0662636
1.62423,1598.09,0.092464
1.62425,1598.1,0.012401
1.62425,1598.1,1.2945e-06
1.62427,1598.17,0.0662636
1.62427,1598.17,8.63e-07
1.6243,1598.3,0.132527
1.62448,1598.38,0.0770534
1.6245,1598.39,0.012401
1.6245,1598.39,1.2945e-06
1.62452,1598.45,0.0662636
1.62473,1598.55,0.092464
1.62475,1598.56,0.012401
1.62475,1598.56,1.2945e-06
1.62477,1598.63,0.0662636
1.62477,1598.63,8.63e-07
1.6248,1598.76,0.132527
1.62498,1598.84,0.0770534
1.625,1598.85,0.012401
1.625,1598.85,1.2945e-06
1.62502,1598.91,0.0662636
1.62523,1599.01,0.092464
1.62525,1599.02,0.012401
1.62525,1599.02,1.2945e-06
1.62527,1599.08,0.0662636
1.62527,1599.08,8.63e-07
1.6253,1599.22,0.132527
1.62548,1599.29,0.0770534
1.6255,1599.31,0.012401
1.6255,1599.31,1.2945e-06
1.62552,1599.37,0.0662636
1.62573,1599.47,0.092464
1.62575,1599.48,0.012401
1.62575,1599.48,1.2945e-06
1.62577,1599.54,0.0662636
1.62577,1599.54,8.63e-07
1.6258,1599.68,0.132527
1.62598,1599.75,0.0770534
1.626,1599.77,0.012401
1.626,1599.77,1.2945e-06
1.62602,1599.83,0.0662636
1.62623,1599.93,0.092464
1.62625,1599.94,0.012401
1.62625,1599.94,1.2945e-06
1.62627,1600,0.0662636
1.62627,1600,8.63e-07
1.6263,1600.14,0.132527
1.62648,1600.21,0.0770534
1.6265,1600.23,0.012401
1.6265,1600.23,1.2945e-06
1.62652,1600.29,0.0662636
1.62673,1600.38,0.092464
1.62675,1600.4,0.012401
1.62675,1600.4,1.2945e-06
1.62677,1600.46,0.0662636
1.62677,1600.46,8.63e-07
1.6268,1600.6,0.132527
1.62698,1600.67,0.0770534
1.627,1600.69,0.012401
1.627,1600.69,1.2945e-06
1.62702,1600.75,0.0662636
1.62702,1600.75,8.63e-07
1.62705,1600.88,0.132527
1.62705,1600.88,8.63e-07
1.62709,1601.02,0.132527
1.62723,1601.08,0.0616428
1.62725,1601.09,0.012401
1.62725,1601.09,1.2945e-06
1.62727,1601.16,0.0662636
1.62727,1601.16,8.63e-07
1.6273,1601.29,0.132527
1.62748,1601.37,0.0770534
1.6275,1601.38,0.012401
1.6275,1601.38,1.2945e-06
1.62752,1601.44,0.0662636
1.62752,1601.44,8.63e-07
1.62755,1601.58,0.132527
1.62755,1601.58,8.63e-07
1.62759,1601.71,0.132527
1.62773,1601.77,0.0616428
1.62775,1601.78,0.012401
1.62775,1601.78,1.2945e-06
1.62777,1601.85,0.0662636
1.62777,1601.85,8.63e-07
1.6278,1601.98,0.132527
1.62798,1602.06,0.0770534
1.628,1602.07,0.012401
1.628,1602.07,1.2945e-06
1.62802,1602.14,0.0662636
1.62823,1602.23,0.092464
1.62825,1602.24,0.012401
1.62825,1602.24,1.2945e-06
1.62827,1602.31,0.0662636
1.62827,1602.31,8.63e-07
1.6283,1602.44,0.132527
1.62848,1602.52,0.0770534
1.6285,1602.53,0.012401
1.6285,1602.53,1.2945e-06
1.62852,1602.6,0.0662636
1.62873,1602.69,0.092464
1.62875,1602.7,0.012401
1.62875,1602.7,1.2945e-06
1.62877,1602.77,0.0662636
1.62877,1602.77,8.63e-07
1.6288,1602.9,0.132527
1.62898,1602.98,0.0770534
1.629,1602.99,0.012401
1.629,1602.99,1.2945e-06
1.62902,1603.06,0.0662636
1.62923,1603.15,0.092464
1.62925,1603.16,0.012401
1.62925,1603.16,1.2945e-06
1.62927,1603.23,0.0662636
1.62927,1603.23,8.63e-07
1.6293,1603.36,0.132527
1.62948,1603.44,0.0770534
1.6295,1603.45,0.012401
1.6295,1603.45,1.2945e-06
1.62952,1603.52,0.0662636
1.62952,1603.52,8.63e-07
1.62955,1603.65,0.132527
1.62955,1603.65,8.63e-07
1.62959,1603.78,0.132527
1.62973,1603.84,0.0616428
1.62975,1603.86,0.012401
1.62975,1603.86,1.2945e-06
1.62977,1603.92,0.0662636
1.62977,1603.92,8.63e-07
1.6298,1604.05,0.132527
1.62998,1604.13,0.0770534
1.63,1604.14,0.012401
1.63,1604.14,1.2945e-06
1.63002,1604.21,0.0662636
1.63023,1604.3,0.092464
1.63025,1604.32,0.012401
1.63025,1604.32,1.2945e-06
1.63027,1604.38,0.0662636
1.63027,1604.38,8.63e-07
1.6303,1604.51,0.132527
1.63048,1604.59,0.0770534
1.6305,1604.6,0.012401
1.6305,1604.6,1.2945e-06
1.63052,1604.67,0.0662636
1.63073,1604.76,0.092464
1.63075,1604.77,0.012401
1.63075,1604.77,1.2945e-06
1.63077,1604.84,0.0662636
1.63077,1604.84,8.63e-07
1.6308,1604.97,0.132527
1.63098,1605.05,0.0770534
1.631,1605.06,0.012401
1.631,1605.06,1.2945e-06
1.63102,1605.13,0.0662636
1.63123,1605.22,0.092464
1.63125,1605.23,0.012401
1.63125,1605.23,1.2945e-06
1.63127,1605.3,0.0662636
1.63127,1605.3,8.63e-07
1.6313,1605.43,0.132527
1.63148,1605.51,0.0770534
1.6315,1605.52,0.012401
1.6315,1605.52,1.2945e-06
1.63152,1605.59,0.0662636
1.63173,1605.68,0.092464
1.63175,1605.69,0.012401
1.63175,1605.69,1.2945e-06
1.63177,1605.76,0.0662636
1.63177,1605.76,8.63e-07
1.6318,1605.89,0.132527
1.63198,1605.97,0.0770534
1.632,1605.98,0.012401
1.632,1605.98,1.2945e-06
1.63202,1606.05,0.0662636
1.63223,1606.14,0.092464
1.63225,1606.15,0.012401
1.63225,1606.15,1.2945e-06
1.63227,1606.22,0.0662636
1.63227,1606.22,8.63e-07
1.6323,1606.35,0.132527
1.63248,1606.43,0.0770534
1.6325,1606.44,0.012401
1.6325,1606.44,1.2945e-06
1.63252,1606.51,0.0662636
1.63273,1606.6,0.092464
1.63275,1606.61,0.012401
1.63275,1606.61,1.2945e-06
1.63277,1606.68,0.0662636
1.63277,1606.68,8.63e-07
1.6328,1606.81,0.132527
1.63298,1606.89,0.0770534
1.633,1606.9,0.012401
1.633,1606.9,1.2945e-06
1.63302,1606.97,0.0662636
1.63323,1607.06,0.092464
1.63325,1607.07,0.012401
1.63325,1607.07,1.2945e-06
1.63327,1607.14,0.0662636
1.63327,1607.14,8.63e-07
1.6333,1607.27,0.132527
1.63348,1607.35,0.0770534
1.6335,1607.36,0.012401
1.6335,1607.36,1.2945e-06
1.63352,1607.43,0.0662636
1.63373,1607.52,0.092464
1.63375,1607.53,0.012401
1.63375,1607.53,1.2945e-06
1.63377,1607.6,0.0662636
1.63377,1607.6,8.63e-07
1.6338,1607.73,0.132527
1.63398,1607.81,0.0770534
1.634,1607.82,0.012401
1.634,1607.82,1.2945e-06
1.63402,1607.89,0.0662636
1.63423,1607.98,0.092464
1.63425,1607.99,0.012401
1.63425,1607.99,1.2945e-06
1.63427,1608.06,0.0662636
1.63427,1608.06,8.63e-07
1.6343,1608.19,0.132527
1.63448,1608.27,0.0770534
1.6345,1608.28,0.012401
1.6345,1608.28,1.2945e-06
1.63452,1608.34,0.0662636
1.63473,1608.44,0.092464
1.63475,1608.45,0.012401
1.63475,1608.45,1.2945e-06
1.63477,1608.52,0.0662636
1.63477,1608.52,8.63e-07
1.6348,1608.65,0.132527
1.63498,1608.73,0.0770534
1.635,1608.74,0.012401
1.635,1608.74,1.2945e-06
1.63502,1608.8,0.0662636
1.63523,1608.9,0.092464
1.63525,1608.91,0.012401
1.63525,1608.91,1.2945e-06
1.63527,1608.98,0.0662636
1.63527,1608.98,8.63e-07
1.6353,1609.11,0.132527
1.63548,1609.18,0.0770534
1.6355,1609.2,0.012401
1.6355,1609.2,1.2945e-06
1.63552,1609.26,0.0662636
1.63573,1609.36,0.092464
1.63575,1609.37,0.012401
1.63575,1609.37,1.2945e-06
1.63577,1609.43,0.0662636
1.63577,1609.43,8.63e-07
1.6358,1609.57,0.132527
1.63598,1609.64,0.0770534
1.636,1609.66,0.012401
1.636,1609.66,1.2945e-06
1.63602,1609.72,0.0662636
1.63623,1609.82,0.092464
1.63625,1609.83,0.012401
1.63625,1609.83,1.2945e-06
1.63627,1609.89,0.0662636
1.63627,1609.89,8.63e-07
1.6363,1610.03,0.132527
1.63648,1610.1,0.0770534
1.6365,1610.12,0.012401
1.6365,1610.12,1.2945e-06
1.63652,1610.18,0.0662636
1.63673,1610.27,0.092464
1.63675,1610.29,0.012401
1.63675,1610.29,1.2945e-06
1.63677,1610.35,0.0662636
1.63677,1610.35,8.63e-07
1.6368,1610.49,0.132527
1.63698,1610.56,0.0770534
1.637,1610.58,0.012401
1.637,1610.58,1.2945e-06
1.63702,1610.64,0.0662636
1.63702,1610.64,8.63e-07
1.63705,1610.77,0.132527
1.63705,1610.77,8.63e-07
1.63709,1610.91,0.132527
1.63723,1610.97,0.0616428
1.63725,1610.98,0.012401
1.63725,1610.98,1.2945e-06
1.63727,1611.05,0.0662636
1.63727,1611.05,8.63e-07
1.6373,1611.18,0.132527
1.63748,1611.26,0.0770534
1.6375,1611.27,0.012401
1.6375,1611.27,1.2945e-06
1.63752,1611.34,0.0662636
1.63773,1611.43,0.092464
1.63775,1611.44,0.012401
1.63775,1611.44,1.2945e-06
1.63777,1611.51,0.0662636
1.63777,1611.51,8.63e-07
1.6378,1611.64,0.132527
1.63798,1611.72,0.0770534
1.638,1611.73,0.012401
1.638,1611.73,1.2945e-06
1.63802,1611.79,0.0662636
1.63823,1611.89,0.092464
1.63825,1611.9,0.012401
1.63825,1611.9,1.2945e-06
1.63827,1611.97,0.0662636
1.63827,1611.97,8.63e-07
1.6383,1612.1,0.132527
1.63848,1612.18,0.0770534
1.6385,1612.19,0.012401
1.6385,1612.19,1.2945e-06
1.63852,1612.25,0.0662636
1.63873,1612.35,0.092464
1.63875,1612.36,0.012401
1.63875,1612.36,1.2945e-06
1.63877,1612.43,0.0662636
1.63877,1612.43,8.63e-07
1.6388,1612.56,0.132527
1.63898,1612.63,0.0770534
1.639,1612.65,0.012401
1.639,1612.65,1.2945e-06
1.63902,1612.71,0.0662636
1.63923,1612.81,0.092464
1.63925,1612.82,0.012401
1.63925,1612.82,1.2945e-06
1.63927,1612.88,0.0662636
1.63927,1612.88,8.63e-07
1.6393,1613.02,0.132527
1.63948,1613.09,0.0770534
1.6395,1613.11,0.012401
1.6395,1613.11,1.2945e-06
1.63952,1613.17,0.0662636
1.63973,1613.27,0.092464
1.63975,1613.28,0.012401
1.63975,1613.28,1.2945e-06
1.63977,1613.34,0.0662636
1.63977,1613.34,8.63e-07
1.6398,1613.48,0.132527
1.63998,1613.55,0.0770534
1.64,1613.57,0.012401
1.64,1613.57,1.2945e-06
1.64002,1613.63,0.0662636
1.64023,1613.72,0.092464
1.64025,1613.74,0.012401
1.64025,1613.74,1.2945e-06
1.64027,1613.8,0.0662636
1.64027,1613.8,8.63e-07
1.6403,1613.94,0.132527
1.64048,1614.01,0.0770534
1.6405,1614.03,0.012401
1.6405,1614.03,1.2945e-06
1.64052,1614.09,0.0662636
1.64073,1614.18,0.092464
1.64075,1614.2,0.012401
1.64075,1614.2,1.2945e-06
1.64077,1614.26,0.0662636
1.64077,1614.26,8.63e-07
1.6408,1614.4,0.132527
1.64098,1614.47,0.0770534
1.641,1614.48,0.012401
1.641,1614.48,1.2945e-06
1.64102,1614.55,0.0662636
1.64123,1614.64,0.092464
1.64125,1614.66,0.012401
1.64125,1614.66,1.2945e-06
1.64127,1614.72,0.0662636
1.64127,1614.72,8.63e-07
1.6413,1614.85,0.132527
1.64148,1614.93,0.0770534
1.6415,1614.94,0.012401
1.6415,1614.94,1.2945e-06
1.64152,1615.01,0.0662636
1.64173,1615.1,0.092464
1.64175,1615.12,0.012401
1.64175,1615.12,1.2945e-06
1.64177,1615.18,0.0662636
1.64177,1615.18,8.63e-07
1.6418,1615.31,0.132527
1.64198,1615.39,0.0770534
1.642,1615.4,0.012401
1.642,1615.4,1.2945e-06
1.64202,1615.47,0.0662636
1.64223,1615.56,0.092464
1.64225,1615.57,0.012401
1.64225,1615.57,1.2945e-06
1.64227,1615.64,0.0662636
1.64227,1615.64,8.63e-07
1.6423,1615.77,0.132527
1.64248,1615.85,0.0770534
1.6425,1615.86,0.012401
1.6425,1615.86,1.2945e-06
1.64252,1615.93,0.0662636
1.64273,1616.02,0.092464
1.64275,1616.03,0.012401
1.64275,1616.03,1.2945e-06
1.64277,1616.1,0.0662636
1.64277,1616.1,8.63e-07
1.6428,1616.23,0.132527
1.64298,1616.31,0.0770534
1.643,1616.32,0.012401
1.643,1616.32,1.2945e-06
1.64302,1616.39,0.0662636
1.64302,1616.39,8.63e-07
1.64305,1616.52,0.132527
1.64305,1616.52,8.63e-07
1.64309,1616.65,0.132527
1.64323,1616.72,0.0616428
1.64325,1616.73,0.012401
1.64325,1616.73,1.2945e-06
1.64327,1616.79,0.0662636
1.64327,1616.79,8.63e-07
1.6433,1616.93,0.132527
1.64348,1617,0.0770534
1.6435,1617.02,0.012401
1.6435,1617.02,1.2945e-06
1.64352,1617.08,0.0662636
1.64352,1617.08,8.63e-07
1.64355,1617.21,0.132527
1.64355,1617.21,8.63e-07
1.64359,1617.35,0.132527
1.64373,1617.41,0.0616428
1.64375,1617.42,0.012401
1.64375,1617.42,1.2945e-06
1.64377,1617.49,0.0662636
1.64377,1617.49,8.63e-07
1.6438,1617.62,0.132527
1.64398,1617.7,0.0770534
1.644,1617.71,0.012401
1.644,1617.71,1.2945e-06
1.64402,1617.78,0.0662636
1.64423,1617.87,0.092464
1.64425,1617.88,0.012401
1.64425,1617.88,1.2945e-06
1.64427,1617.95,0.0662636
1.64427,1617.95,8.63e-07
1.6443,1618.08,0.132527
1.64448,1618.16,0.0770534
1.6445,1618.17,0.012401
1.6445,1618.17,1.2945e-06
1.64452,1618.23,0.0662636
1.64473,1618.33,0.092464
1.64475,1618.34,0.012401
1.64475,1618.34,1.2945e-06
1.64477,1618.41,0.0662636
1.64477,1618.41,8.63e-07
1.6448,1618.54,0.132527
1.64498,1618.62,0.0770534
1.645,1618.63,0.012401
1.645,1618.63,1.2945e-06
1.64502,1618.69,0.0662636
1.64523,1618.79,0.092464
1.64525,1618.8,0.012401
1.64525,1618.8,1.2945e-06
1.64527,1618.87,0.0662636
1.64527,1618.87,8.63e-07
1.6453,1619,0.132527
1.64548,1619.08,0.0770534
1.6455,1619.09,0.012401
1.6455,1619.09,1.2945e-06
1.64552,1619.15,0.0662636
1.64573,1619.25,0.092464
1.64575,1619.26,0.012401
1.64575,1619.26,1.2945e-06
1.64577,1619.32,0.0662636
1.64577,1619.32,8.63e-07
1.6458,1619.46,0.132527
1.64598,1619.53,0.0770534
1.646,1619.55,0.012401
1.646,1619.55,1.2945e-06
1.64602,1619.61,0.0662636
1.64623,1619.71,0.092464
1.64625,1619.72,0.012401
1.64625,1619.72,1.2945e-06
1.64627,1619.78,0.0662636
1.64627,1619.78,8.63e-07
1.6463,1619.92,0.132527
1.64648,1619.99,0.0770534
1.6465,1620.01,0.012401
1.6465,1620.01,1.2945e-06
1.64652,1620.07,0.0662636
1.64673,1620.16,0.092464
1.64675,1620.18,0.012401
1.64675,1620.18,1.2945e-06
1.64677,1620.24,0.0662636
1.64677,1620.24,8.63e-07
1.6468,1620.38,0.132527
1.64698,1620.45,0.0770534
1.647,1620.47,0.012401
1.647,1620.47,1.2945e-06
1.64702,1620.53,0.0662636
1.64723,1620.62,0.092464
1.64725,1620.64,0.012401
1.64725,1620.64,1.2945e-06
1.64727,1620.7,0.0662636
1.64727,1620.7,8.63e-07
1.6473,1620.84,0.132527
1.64748,1620.91,0.0770534
1.6475,1620.92,0.012401
1.6475,1620.92,1.2945e-06
1.64752,1620.99,0.0662636
1.64773,1621.08,0.092464
1.64775,1621.1,0.012401
1.64775,1621.1,1.2945e-06
1.64777,1621.16,0.0662636
1.64777,1621.16,8.63e-07
1.6478,1621.29,0.132527
1.64798,1621.37,0.0770534
1.648,1621.38,0.012401
1.648,1621.38,1.2945e-06
1.64802,1621.45,0.0662636
1.64823,1621.54,0.092464
1.64825,1621.56,0.012401
1.64825,1621.56,1.2945e-06
1.64827,1621.62,0.0662636
1.64827,1621.62,8.63e-07
1.6483,1621.75,0.132527
1.64848,1621.83,0.0770534
1.6485,1621.84,0.012401
1.6485,1621.84,1.2945e-06
1.64852,1621.91,0.0662636
1.64873,1622,0.092464
1.64875,1622.01,0.012401
1.64875,1622.01,1.2945e-06
1.64877,1622.08,0.0662636
1.64877,1622.08,8.63e-07
1.6488,1622.21,0.132527
1.64898,1622.29,0.0770534
1.649,1622.3,0.012401
1.649,1622.3,1.2945e-06
1.64902,1622.37,0.0662636
1.64923,1622.46,0.092464
1.64925,1622.47,0.012401
1.64925,1622.47,1.2945e-06
1.64927,1622.54,0.0662636
1.64927,1622.54,8.63e-07
1.6493,1622.67,0.132527
1.64948,1622.75,0.0770534
1.6495,1622.76,0.012401
1.6495,1622.76,1.2945e-06
1.64952,1622.83,0.0662636
1.64973,1622.92,0.092464
1.64975,1622.93,0.012401
1.64975,1622.93,1.2945e-06
1.64977,1623,0.0662636
1.64977,1623,8.63e-07
1.6498,1623.13,0.132527
1.64998,1623.21,0.0770534
1.65,1623.22,0.012401
1.65,1623.22,1.2945e-06
1.65002,1623.29,0.0662636
1.65002,1623.29,8.63e-07
1.65005,1623.42,0.132527
1.65005,1623.42,8.63e-07
1.65009,1623.55,0.132527
1.65023,1623.61,0.0616428
1.65025,1623.63,0.012401
1.65025,1623.63,1.2945e-06
1.65027,1623.69,0.0662636
1.65027,1623.69,8.63e-07
1.6503,1623.83,0.132527
1.65048,1623.9,0.0770534
1.6505,1623.92,0.012401
1.6505,1623.92,1.2945e-06
1.65052,1623.98,0.0662636
1.65073,1624.07,0.092464
1.65075,1624.09,0.012401
1.65075,1624.09,1.2945e-06
1.65077,1624.15,0.0662636
1.65077,1624.15,8.63e-07
1.6508,1624.29,0.132527
1.65098,1624.36,0.0770534
1.651,1624.37,0.012401
1.651,1624.37,1.2945e-06
1.65102,1624.44,0.0662636
1.65123,1624.53,0.092464
1.65125,1624.55,0.012401
1.65125,1624.55,1.2945e-06
1.65127,1624.61,0.0662636
